238.08219	4.17771e-19
238.08766	4.11430e-19
238.09313	4.05209e-19
238.09859	3.99187e-19
238.10406	3.93435e-19
238.10953	3.88022e-19
238.11500	3.83004e-19
238.12047	3.78434e-19
238.12594	3.74350e-19
238.13141	3.70785e-19
238.13688	3.67760e-19
238.14235	3.65289e-19
238.14782	3.63374e-19
238.15329	3.62013e-19
238.15876	3.61197e-19
238.16423	3.60912e-19
238.16970	3.61140e-19
238.17517	3.61861e-19
238.18065	3.63054e-19
238.18612	3.64699e-19
238.19159	3.66775e-19
238.19706	3.69264e-19
238.20254	3.72148e-19
238.20801	3.75409e-19
238.21348	3.79033e-19
238.21896	3.83001e-19
238.22443	3.87295e-19
238.22990	3.91893e-19
238.23538	3.96770e-19
238.24085	4.01893e-19
238.24633	4.07223e-19
238.25180	4.12713e-19
238.25728	4.18305e-19
238.26275	4.23934e-19
238.26823	4.29522e-19
238.27371	4.34984e-19
238.27918	4.40226e-19
238.28466	4.45149e-19
238.29014	4.49646e-19
238.29561	4.53611e-19
238.30109	4.56938e-19
238.30657	4.59526e-19
238.31205	4.61282e-19
238.31752	4.62125e-19
238.32300	4.61987e-19
238.32848	4.60820e-19
238.33396	4.58600e-19
238.33944	4.55322e-19
238.34492	4.51010e-19
238.35040	4.45713e-19
238.35588	4.39508e-19
238.36136	4.32498e-19
238.36684	4.24808e-19
238.37232	4.16588e-19
238.37780	4.08004e-19
238.38328	3.99236e-19
238.38876	3.90474e-19
238.39425	3.81912e-19
238.39973	3.73741e-19
238.40521	3.66144e-19
238.41069	3.59291e-19
238.41617	3.53332e-19
238.42166	3.48395e-19
238.42714	3.44577e-19
238.43262	3.41943e-19
238.43811	3.40525e-19
238.44359	3.40319e-19
238.44908	3.41283e-19
238.45456	3.43343e-19
238.46005	3.46389e-19
238.46553	3.50283e-19
238.47102	3.54862e-19
238.47650	3.59941e-19
238.48199	3.65324e-19
238.48747	3.70805e-19
238.49296	3.76178e-19
238.49845	3.81242e-19
238.50393	3.85810e-19
238.50942	3.89711e-19
238.51491	3.92800e-19
238.52039	3.94959e-19
238.52588	3.96102e-19
238.53137	3.96178e-19
238.53686	3.95170e-19
238.54235	3.93098e-19
238.54784	3.90013e-19
238.55332	3.86000e-19
238.55881	3.81167e-19
238.56430	3.75648e-19
238.56979	3.69592e-19
238.57528	3.63158e-19
238.58077	3.56512e-19
238.58626	3.49815e-19
238.59176	3.43219e-19
238.59725	3.36863e-19
238.60274	3.30865e-19
238.60823	3.25319e-19
238.61372	3.20292e-19
238.61921	3.15817e-19
238.62471	3.11901e-19
238.63020	3.08516e-19
238.63569	3.05607e-19
238.64118	3.03088e-19
238.64668	3.00854e-19
238.65217	2.98780e-19
238.65766	2.96726e-19
238.66316	2.94546e-19
238.66865	2.92093e-19
238.67415	2.89224e-19
238.67964	2.85808e-19
238.68514	2.81730e-19
238.69063	2.76898e-19
238.69613	2.71244e-19
238.70162	2.64730e-19
238.70712	2.57350e-19
238.71262	2.49129e-19
238.71811	2.40123e-19
238.72361	2.30420e-19
238.72911	2.20132e-19
238.73460	2.09399e-19
238.74010	1.98377e-19
238.74560	1.87237e-19
238.75110	1.76156e-19
238.75660	1.65318e-19
238.76210	1.54897e-19
238.76759	1.45061e-19
238.77309	1.35962e-19
238.77859	1.27731e-19
238.78409	1.20476e-19
238.78959	1.14276e-19
238.79509	1.09184e-19
238.80059	1.05219e-19
238.80609	1.02371e-19
238.81159	1.00601e-19
238.81710	9.98428e-20
238.82260	1.00007e-19
238.82810	1.00982e-19
238.83360	1.02642e-19
238.83910	1.04851e-19
238.84461	1.07465e-19
238.85011	1.10340e-19
238.85561	1.13337e-19
238.86111	1.16324e-19
238.86662	1.19181e-19
238.87212	1.21807e-19
238.87763	1.24116e-19
238.88313	1.26042e-19
238.88863	1.27543e-19
238.89414	1.28596e-19
238.89964	1.29196e-19
238.90515	1.29360e-19
238.91065	1.29120e-19
238.91616	1.28519e-19
238.92167	1.27614e-19
238.92717	1.26466e-19
238.93268	1.25139e-19
238.93819	1.23700e-19
238.94369	1.22210e-19
238.94920	1.20723e-19
238.95471	1.19289e-19
238.96022	1.17943e-19
238.96572	1.16711e-19
238.97123	1.15609e-19
238.97674	1.14638e-19
238.98225	1.13792e-19
238.98776	1.13053e-19
238.99327	1.12396e-19
238.99878	1.11792e-19
239.00429	1.11208e-19
239.00980	1.10612e-19
239.01531	1.09973e-19
239.02082	1.09265e-19
239.02633	1.08467e-19
239.03184	1.07571e-19
239.03735	1.06572e-19
239.04286	1.05481e-19
239.04837	1.04315e-19
239.05389	1.03104e-19
239.05940	1.01885e-19
239.06491	1.00704e-19
239.07042	9.96102e-20
239.07594	9.86579e-20
239.08145	9.79016e-20
239.08696	9.73941e-20
239.09248	9.71837e-20
239.09799	9.73118e-20
239.10351	9.78108e-20
239.10902	9.87025e-20
239.11454	9.99962e-20
239.12005	1.01688e-19
239.12557	1.03761e-19
239.13108	1.06186e-19
239.13660	1.08919e-19
239.14211	1.11908e-19
239.14763	1.15091e-19
239.15315	1.18398e-19
239.15866	1.21756e-19
239.16418	1.25092e-19
239.16970	1.28332e-19
239.17522	1.31407e-19
239.18073	1.34255e-19
239.18625	1.36822e-19
239.19177	1.39067e-19
239.19729	1.40958e-19
239.20281	1.42479e-19
239.20833	1.43625e-19
239.21385	1.44405e-19
239.21937	1.44842e-19
239.22489	1.44966e-19
239.23041	1.44820e-19
239.23593	1.44450e-19
239.24145	1.43910e-19
239.24697	1.43252e-19
239.25249	1.42531e-19
239.25801	1.41795e-19
239.26353	1.41089e-19
239.26906	1.40449e-19
239.27458	1.39902e-19
239.28010	1.39464e-19
239.28562	1.39142e-19
239.29115	1.38931e-19
239.29667	1.38814e-19
239.30219	1.38768e-19
239.30772	1.38760e-19
239.31324	1.38752e-19
239.31877	1.38702e-19
239.32429	1.38569e-19
239.32982	1.38311e-19
239.33534	1.37891e-19
239.34087	1.37279e-19
239.34639	1.36453e-19
239.35192	1.35398e-19
239.35744	1.34115e-19
239.36297	1.32612e-19
239.36850	1.30911e-19
239.37402	1.29045e-19
239.37955	1.27054e-19
239.38508	1.24988e-19
239.39061	1.22905e-19
239.39613	1.20861e-19
239.40166	1.18918e-19
239.40719	1.17132e-19
239.41272	1.15555e-19
239.41825	1.14232e-19
239.42378	1.13196e-19
239.42931	1.12469e-19
239.43484	1.12058e-19
239.44037	1.11956e-19
239.44590	1.12141e-19
239.45143	1.12574e-19
239.45696	1.13206e-19
239.46249	1.13974e-19
239.46802	1.14805e-19
239.47355	1.15620e-19
239.47908	1.16337e-19
239.48461	1.16874e-19
239.49015	1.17153e-19
239.49568	1.17100e-19
239.50121	1.16657e-19
239.50674	1.15776e-19
239.51228	1.14426e-19
239.51781	1.12595e-19
239.52335	1.10288e-19
239.52888	1.07532e-19
239.53441	1.04373e-19
239.53995	1.00874e-19
239.54548	9.71149e-20
239.55102	9.31889e-20
239.55655	8.91990e-20
239.56209	8.52544e-20
239.56762	8.14663e-20
239.57316	7.79435e-20
239.57870	7.47878e-20
239.58423	7.20901e-20
239.58977	6.99265e-20
239.59531	6.83549e-20
239.60084	6.74122e-20
239.60638	6.71127e-20
239.61192	6.74469e-20
239.61746	6.83816e-20
239.62300	6.98605e-20
239.62854	7.18064e-20
239.63407	7.41235e-20
239.63961	7.67010e-20
239.64515	7.94172e-20
239.65069	8.21441e-20
239.65623	8.47521e-20
239.66177	8.71154e-20
239.66731	8.91165e-20
239.67285	9.06511e-20
239.67839	9.16321e-20
239.68394	9.19933e-20
239.68948	9.16922e-20
239.69502	9.07118e-20
239.70056	8.90614e-20
239.70610	8.67766e-20
239.71165	8.39180e-20
239.71719	8.05695e-20
239.72273	7.68346e-20
239.72827	7.28332e-20
239.73382	6.86967e-20
239.73936	6.45634e-20
239.74491	6.05733e-20
239.75045	5.68624e-20
239.75599	5.35583e-20
239.76154	5.07749e-20
239.76708	4.86083e-20
239.77263	4.71333e-20
239.77817	4.64008e-20
239.78372	4.64356e-20
239.78927	4.72362e-20
239.79481	4.87746e-20
239.80036	5.09979e-20
239.80591	5.38302e-20
239.81145	5.71760e-20
239.81700	6.09237e-20
239.82255	6.49506e-20
239.82810	6.91268e-20
239.83364	7.33211e-20
239.83919	7.74052e-20
239.84474	8.12591e-20
239.85029	8.47751e-20
239.85584	8.78618e-20
239.86139	9.04470e-20
239.86694	9.24803e-20
239.87249	9.39339e-20
239.87804	9.48035e-20
239.88359	9.51073e-20
239.88914	9.48848e-20
239.89469	9.41942e-20
239.90024	9.31092e-20
239.90579	9.17154e-20
239.91134	9.01064e-20
239.91690	8.83788e-20
239.92245	8.66281e-20
239.92800	8.49443e-20
239.93355	8.34078e-20
239.93911	8.20860e-20
239.94466	8.10302e-20
239.95021	8.02734e-20
239.95577	7.98295e-20
239.96132	7.96921e-20
239.96688	7.98357e-20
239.97243	8.02167e-20
239.97799	8.07757e-20
239.98354	8.14404e-20
239.98910	8.21290e-20
239.99465	8.27544e-20
240.00021	8.32279e-20
240.00576	8.34640e-20
240.01132	8.33838e-20
240.01688	8.29197e-20
240.02243	8.20178e-20
240.02799	8.06413e-20
240.03355	7.87722e-20
240.03911	7.64127e-20
240.04466	7.35849e-20
240.05022	7.03309e-20
240.05578	6.67109e-20
240.06134	6.28008e-20
240.06690	5.86895e-20
240.07246	5.44751e-20
240.07802	5.02609e-20
240.08358	4.61512e-20
240.08914	4.22467e-20
240.09470	3.86405e-20
240.10026	3.54140e-20
240.10582	3.26333e-20
240.11138	3.03468e-20
240.11694	2.85824e-20
240.12250	2.73466e-20
240.12806	2.66244e-20
240.13362	2.63792e-20
240.13919	2.65546e-20
240.14475	2.70769e-20
240.15031	2.78577e-20
240.15587	2.87981e-20
240.16144	2.97922e-20
240.16700	3.07324e-20
240.17257	3.15134e-20
240.17813	3.20368e-20
240.18369	3.22157e-20
240.18926	3.19782e-20
240.19482	3.12707e-20
240.20039	3.00606e-20
240.20595	2.83375e-20
240.21152	2.61144e-20
240.21708	2.34273e-20
240.22265	2.03337e-20
240.22822	1.69110e-20
240.23378	1.32534e-20
240.23935	9.46813e-21
240.24492	5.67155e-21
240.25049	1.98435e-21
240.25605	0.00000e+00
240.26162	0.00000e+00
240.26719	0.00000e+00
240.27276	0.00000e+00
240.27833	0.00000e+00
240.28390	0.00000e+00
240.28946	0.00000e+00
240.29503	0.00000e+00
240.30060	0.00000e+00
240.30617	0.00000e+00
240.31174	0.00000e+00
240.31731	0.00000e+00
240.32289	7.42067e-22
240.32846	4.40482e-21
240.33403	8.22910e-21
240.33960	1.20895e-20
240.34517	1.58618e-20
240.35074	1.94274e-20
240.35632	2.26782e-20
240.36189	2.55202e-20
240.36746	2.78773e-20
240.37303	2.96935e-20
240.37861	3.09352e-20
240.38418	3.15920e-20
240.38975	3.16767e-20
240.39533	3.12243e-20
240.40090	3.02903e-20
240.40648	2.89480e-20
240.41205	2.72854e-20
240.41763	2.54012e-20
240.42320	2.34006e-20
240.42878	2.13909e-20
240.43435	1.94770e-20
240.43993	1.77570e-20
240.44551	1.63185e-20
240.45108	1.52348e-20
240.45666	1.45622e-20
240.46224	1.43378e-20
240.46782	1.45784e-20
240.47339	1.52800e-20
240.47897	1.64179e-20
240.48455	1.79485e-20
240.49013	1.98115e-20
240.49571	2.19319e-20
240.50129	2.42242e-20
240.50687	2.65957e-20
240.51245	2.89509e-20
240.51802	3.11952e-20
240.52361	3.32395e-20
240.52919	3.50034e-20
240.53477	3.64192e-20
240.54035	3.74345e-20
240.54593	3.80142e-20
240.55151	3.81422e-20
240.55709	3.78220e-20
240.56267	3.70764e-20
240.56825	3.59464e-20
240.57384	3.44899e-20
240.57942	3.27784e-20
240.58500	3.08947e-20
240.59059	2.89290e-20
240.59617	2.69751e-20
240.60175	2.51266e-20
240.60734	2.34727e-20
240.61292	2.20946e-20
240.61851	2.10620e-20
240.62409	2.04301e-20
240.62968	2.02374e-20
240.63526	2.05038e-20
240.64085	2.12298e-20
240.64643	2.23965e-20
240.65202	2.39659e-20
240.65760	2.58826e-20
240.66319	2.80759e-20
240.66878	3.04625e-20
240.67437	3.29496e-20
240.67995	3.54385e-20
240.68554	3.78286e-20
240.69113	4.00211e-20
240.69672	4.19228e-20
240.70230	4.34497e-20
240.70789	4.45299e-20
240.71348	4.51068e-20
240.71907	4.51405e-20
240.72466	4.46097e-20
240.73025	4.35122e-20
240.73584	4.18647e-20
240.74143	3.97024e-20
240.74702	3.70769e-20
240.75261	3.40548e-20
240.75820	3.07148e-20
240.76379	2.71444e-20
240.76939	2.34371e-20
240.77498	1.96888e-20
240.78057	1.59941e-20
240.78616	1.24433e-20
240.79175	9.11893e-21
240.79735	6.09356e-21
240.80294	3.42708e-21
240.80853	1.16522e-21
240.81413	0.00000e+00
240.81972	0.00000e+00
240.82531	0.00000e+00
240.83091	0.00000e+00
240.83650	0.00000e+00
240.84210	0.00000e+00
240.84769	0.00000e+00
240.85329	0.00000e+00
240.85888	0.00000e+00
240.86448	2.99969e-22
240.87008	1.51101e-21
240.87567	2.72399e-21
240.88127	3.88444e-21
240.88687	4.94544e-21
240.89246	5.86917e-21
240.89806	6.62793e-21
240.90366	7.20468e-21
240.90926	7.59313e-21
240.91485	7.79727e-21
240.92045	7.83052e-21
240.92605	7.71446e-21
240.93165	7.47731e-21
240.93725	7.15203e-21
240.94285	6.77448e-21
240.94845	6.38132e-21
240.95405	6.00814e-21
240.95965	5.68760e-21
240.96525	5.44786e-21
240.97085	5.31126e-21
240.97645	5.29334e-21
240.98205	5.40226e-21
240.98766	5.63860e-21
240.99326	5.99555e-21
240.99886	6.45948e-21
241.00446	7.01085e-21
241.01006	7.62540e-21
241.01567	8.27558e-21
241.02127	8.93208e-21
241.02687	9.56550e-21
241.03248	1.01479e-20
241.03808	1.06546e-20
241.04369	1.10649e-20
241.04929	1.13640e-20
241.05490	1.15432e-20
241.06050	1.16009e-20
241.06611	1.15421e-20
241.07171	1.13789e-20
241.07732	1.11297e-20
241.08292	1.08179e-20
241.08853	1.04714e-20
241.09414	1.01209e-20
241.09974	9.79825e-21
241.10535	9.53510e-21
241.11096	9.36113e-21
241.11657	9.30254e-21
241.12217	9.38066e-21
241.12778	9.61075e-21
241.13339	1.00011e-20
241.13900	1.05526e-20
241.14461	1.12580e-20
241.15022	1.21029e-20
241.15583	1.30654e-20
241.16144	1.41174e-20
241.16705	1.52257e-20
241.17266	1.63534e-20
241.17827	1.74612e-20
241.18388	1.85098e-20
241.18949	1.94610e-20
241.19510	2.02800e-20
241.20071	2.09368e-20
241.20632	2.14074e-20
241.21193	2.16755e-20
241.21755	2.17333e-20
241.22316	2.15815e-20
241.22877	2.12303e-20
241.23439	2.06984e-20
241.24000	2.00127e-20
241.24561	1.92073e-20
241.25123	1.83220e-20
241.25684	1.74008e-20
241.26245	1.64901e-20
241.26807	1.56364e-20
241.27368	1.48847e-20
241.27930	1.42762e-20
241.28492	1.38465e-20
241.29053	1.36240e-20
241.29615	1.36283e-20
241.30176	1.38694e-20
241.30738	1.43467e-20
241.31300	1.50490e-20
241.31861	1.59544e-20
241.32423	1.70311e-20
241.32985	1.82384e-20
241.33547	1.95281e-20
241.34108	2.08459e-20
241.34670	2.21339e-20
241.35232	2.33323e-20
241.35794	2.43821e-20
241.36356	2.52268e-20
241.36918	2.58152e-20
241.37480	2.61030e-20
241.38042	2.60548e-20
241.38604	2.56453e-20
241.39166	2.48610e-20
241.39728	2.36999e-20
241.40290	2.21728e-20
241.40852	2.03021e-20
241.41414	1.81219e-20
241.41976	1.56764e-20
241.42539	1.30186e-20
241.43101	1.02086e-20
241.43663	7.31131e-21
241.44225	4.39462e-21
241.44788	1.52671e-21
241.45350	0.00000e+00
241.45912	0.00000e+00
241.46475	0.00000e+00
241.47037	0.00000e+00
241.47600	0.00000e+00
241.48162	0.00000e+00
241.48725	0.00000e+00
241.49287	0.00000e+00
241.49850	0.00000e+00
241.50412	0.00000e+00
241.50975	0.00000e+00
241.51537	0.00000e+00
241.52100	0.00000e+00
241.52663	0.00000e+00
241.53225	0.00000e+00
241.53788	0.00000e+00
241.54351	0.00000e+00
241.54914	0.00000e+00
241.55476	0.00000e+00
241.56039	0.00000e+00
241.56602	0.00000e+00
241.57165	1.60456e-22
241.57728	9.86996e-22
241.58291	1.63727e-21
241.58854	2.11064e-21
241.59417	2.41421e-21
241.59980	2.56203e-21
241.60543	2.57402e-21
241.61106	2.47464e-21
241.61669	2.29151e-21
241.62232	2.05381e-21
241.62795	1.79079e-21
241.63358	1.53021e-21
241.63922	1.29700e-21
241.64485	1.11203e-21
241.65048	9.91093e-22
241.65611	9.44218e-22
241.66175	9.75187e-22
241.66738	1.08143e-21
241.67301	1.25417e-21
241.67865	1.47894e-21
241.68428	1.73630e-21
241.68992	2.00284e-21
241.69555	2.25236e-21
241.70119	2.45724e-21
241.70682	2.58982e-21
241.71246	2.62387e-21
241.71809	2.53603e-21
241.72373	2.30709e-21
241.72936	1.92320e-21
241.73500	1.37680e-21
241.74064	6.67406e-22
241.74627	0.00000e+00
241.75191	0.00000e+00
241.75755	0.00000e+00
241.76319	0.00000e+00
241.76882	0.00000e+00
241.77446	0.00000e+00
241.78010	0.00000e+00
241.78574	0.00000e+00
241.79138	0.00000e+00
241.79702	0.00000e+00
241.80266	0.00000e+00
241.80830	0.00000e+00
241.81394	0.00000e+00
241.81958	0.00000e+00
241.82522	0.00000e+00
241.83086	0.00000e+00
241.83650	0.00000e+00
241.84214	0.00000e+00
241.84778	0.00000e+00
241.85343	0.00000e+00
241.85907	1.22562e-21
241.86471	4.37736e-21
241.87035	7.77801e-21
241.87600	1.13793e-20
241.88164	1.51291e-20
241.88728	1.89725e-20
241.89293	2.28541e-20
241.89857	2.67188e-20
241.90422	3.05140e-20
241.90986	3.41907e-20
241.91550	3.77052e-20
241.92115	4.10196e-20
241.92680	4.41035e-20
241.93244	4.69343e-20
241.93809	4.94977e-20
241.94373	5.17881e-20
241.94938	5.38082e-20
241.95503	5.55691e-20
241.96067	5.70894e-20
241.96632	5.83947e-20
241.97197	5.95163e-20
241.97762	6.04904e-20
241.98326	6.13565e-20
241.98891	6.21566e-20
241.99456	6.29332e-20
242.00021	6.37283e-20
242.00586	6.45818e-20
242.01151	6.55308e-20
242.01716	6.66076e-20
242.02281	6.78396e-20
242.02846	6.92479e-20
242.03411	7.08469e-20
242.03976	7.26441e-20
242.04541	7.46395e-20
242.05106	7.68262e-20
242.05671	7.91905e-20
242.06236	8.17120e-20
242.06802	8.43652e-20
242.07367	8.71195e-20
242.07932	8.99409e-20
242.08497	9.27927e-20
242.09063	9.56370e-20
242.09628	9.84361e-20
242.10193	1.01153e-19
242.10759	1.03754e-19
242.11324	1.06209e-19
242.11889	1.08492e-19
242.12455	1.10582e-19
242.13020	1.12466e-19
242.13586	1.14137e-19
242.14151	1.15596e-19
242.14717	1.16848e-19
242.15283	1.17908e-19
242.15848	1.18796e-19
242.16414	1.19538e-19
242.16980	1.20165e-19
242.17545	1.20710e-19
242.18111	1.21211e-19
242.18677	1.21703e-19
242.19243	1.22225e-19
242.19808	1.22811e-19
242.20374	1.23491e-19
242.20940	1.24292e-19
242.21506	1.25232e-19
242.22072	1.26325e-19
242.22638	1.27574e-19
242.23204	1.28975e-19
242.23770	1.30513e-19
242.24336	1.32164e-19
242.24902	1.33898e-19
242.25468	1.35673e-19
242.26034	1.37444e-19
242.26600	1.39155e-19
242.27166	1.40752e-19
242.27732	1.42173e-19
242.28299	1.43361e-19
242.28865	1.44256e-19
242.29431	1.44805e-19
242.29997	1.44962e-19
242.30564	1.44686e-19
242.31130	1.43948e-19
242.31696	1.42731e-19
242.32263	1.41031e-19
242.32829	1.38856e-19
242.33396	1.36231e-19
242.33962	1.33192e-19
242.34529	1.29793e-19
242.35095	1.26098e-19
242.35662	1.22181e-19
242.36228	1.18129e-19
242.36795	1.14034e-19
242.37361	1.09992e-19
242.37928	1.06103e-19
242.38495	1.02462e-19
242.39061	9.91627e-20
242.39628	9.62885e-20
242.40195	9.39133e-20
242.40762	9.20976e-20
242.41328	9.08856e-20
242.41895	9.03042e-20
242.42462	9.03610e-20
242.43029	9.10436e-20
242.43596	9.23197e-20
242.44163	9.41372e-20
242.44730	9.64256e-20
242.45297	9.90976e-20
242.45864	1.02052e-19
242.46431	1.05175e-19
242.46998	1.08346e-19
242.47565	1.11439e-19
242.48132	1.14329e-19
242.48699	1.16893e-19
242.49267	1.19016e-19
242.49834	1.20594e-19
242.50401	1.21541e-19
242.50968	1.21784e-19
242.51536	1.21274e-19
242.52103	1.19984e-19
242.52670	1.17910e-19
242.53238	1.15073e-19
242.53805	1.11517e-19
242.54372	1.07310e-19
242.54940	1.02539e-19
242.55507	9.73112e-20
242.56075	9.17469e-20
242.56642	8.59790e-20
242.57210	8.01468e-20
242.57778	7.43926e-20
242.58345	6.88566e-20
242.58913	6.36724e-20
242.59480	5.89632e-20
242.60048	5.48371e-20
242.60616	5.13842e-20
242.61184	4.86733e-20
242.61751	4.67500e-20
242.62319	4.56349e-20
242.62887	4.53235e-20
242.63455	4.57859e-20
242.64023	4.69685e-20
242.64591	4.87953e-20
242.65158	5.11713e-20
242.65726	5.39850e-20
242.66294	5.71129e-20
242.66862	6.04235e-20
242.67430	6.37816e-20
242.67998	6.70532e-20
242.68567	7.01100e-20
242.69135	7.28335e-20
242.69703	7.51190e-20
242.70271	7.68790e-20
242.70839	7.80460e-20
242.71407	7.85746e-20
242.71976	7.84425e-20
242.72544	7.76515e-20
242.73112	7.62261e-20
242.73681	7.42134e-20
242.74249	7.16802e-20
242.74817	6.87107e-20
242.75386	6.54034e-20
242.75954	6.18668e-20
242.76523	5.82160e-20
242.77091	5.45678e-20
242.77660	5.10371e-20
242.78228	4.77324e-20
242.78797	4.47518e-20
242.79365	4.21802e-20
242.79934	4.00860e-20
242.80502	3.85190e-20
242.81071	3.75086e-20
242.81640	3.70639e-20
242.82209	3.71728e-20
242.82777	3.78032e-20
242.83346	3.89048e-20
242.83915	4.04107e-20
242.84484	4.22407e-20
242.85053	4.43042e-20
242.85621	4.65040e-20
242.86190	4.87397e-20
242.86759	5.09119e-20
242.87328	5.29255e-20
242.87897	5.46936e-20
242.88466	5.61403e-20
242.89035	5.72034e-20
242.89604	5.78367e-20
242.90173	5.80113e-20
242.90743	5.77163e-20
242.91312	5.69591e-20
242.91881	5.57648e-20
242.92450	5.41749e-20
242.93019	5.22453e-20
242.93589	5.00443e-20
242.94158	4.76496e-20
242.94727	4.51454e-20
242.95297	4.26188e-20
242.95866	4.01571e-20
242.96435	3.78440e-20
242.97005	3.57570e-20
242.97574	3.39642e-20
242.98144	3.25227e-20
242.98713	3.14758e-20
242.99283	3.08525e-20
242.99852	3.06665e-20
243.00422	3.09161e-20
243.00991	3.15844e-20
243.01561	3.26407e-20
243.02131	3.40420e-20
243.02700	3.57345e-20
243.03270	3.76564e-20
243.03840	3.97401e-20
243.04410	4.19151e-20
243.04979	4.41106e-20
243.05549	4.62580e-20
243.06119	4.82936e-20
243.06689	5.01608e-20
243.07259	5.18115e-20
243.07829	5.32083e-20
243.08399	5.43246e-20
243.08969	5.51457e-20
243.09539	5.56688e-20
243.10109	5.59020e-20
243.10679	5.58642e-20
243.11249	5.55830e-20
243.11819	5.50935e-20
243.12389	5.44367e-20
243.12959	5.36567e-20
243.13529	5.27994e-20
243.14100	5.19099e-20
243.14670	5.10306e-20
243.15240	5.01996e-20
243.15810	4.94490e-20
243.16381	4.88036e-20
243.16951	4.82801e-20
243.17522	4.78867e-20
243.18092	4.76229e-20
243.18662	4.74795e-20
243.19233	4.74400e-20
243.19803	4.74808e-20
243.20374	4.75727e-20
243.20944	4.76828e-20
243.21515	4.77755e-20
243.22086	4.78147e-20
243.22656	4.77651e-20
243.23227	4.75941e-20
243.23797	4.72734e-20
243.24368	4.67799e-20
243.24939	4.60971e-20
243.25510	4.52155e-20
243.26080	4.41334e-20
243.26651	4.28569e-20
243.27222	4.13994e-20
243.27793	3.97814e-20
243.28364	3.80294e-20
243.28935	3.61751e-20
243.29506	3.42539e-20
243.30077	3.23039e-20
243.30648	3.03639e-20
243.31219	2.84724e-20
243.31790	2.66659e-20
243.32361	2.49779e-20
243.32932	2.34374e-20
243.33503	2.20684e-20
243.34074	2.08887e-20
243.34645	1.99101e-20
243.35217	1.91376e-20
243.35788	1.85698e-20
243.36359	1.81996e-20
243.36930	1.80141e-20
243.37502	1.79960e-20
243.38073	1.81242e-20
243.38644	1.83750e-20
243.39216	1.87230e-20
243.39787	1.91427e-20
243.40359	1.96089e-20
243.40930	2.00982e-20
243.41502	2.05896e-20
243.42073	2.10653e-20
243.42645	2.15111e-20
243.43216	2.19165e-20
243.43788	2.22753e-20
243.44360	2.25850e-20
243.44931	2.28464e-20
243.45503	2.30636e-20
243.46075	2.32429e-20
243.46646	2.33925e-20
243.47218	2.35212e-20
243.47790	2.36383e-20
243.48362	2.37520e-20
243.48934	2.38694e-20
243.49505	2.39957e-20
243.50077	2.41336e-20
243.50649	2.42832e-20
243.51221	2.44416e-20
243.51793	2.46035e-20
243.52365	2.47606e-20
243.52937	2.49027e-20
243.53509	2.50181e-20
243.54081	2.50937e-20
243.54654	2.51165e-20
243.55226	2.50736e-20
243.55798	2.49534e-20
243.56370	2.47464e-20
243.56942	2.44452e-20
243.57515	2.40457e-20
243.58087	2.35471e-20
243.58659	2.29522e-20
243.59232	2.22673e-20
243.59804	2.15025e-20
243.60376	2.06706e-20
243.60949	1.97874e-20
243.61521	1.88705e-20
243.62094	1.79388e-20
243.62666	1.70117e-20
243.63239	1.61081e-20
243.63811	1.52455e-20
243.64384	1.44395e-20
243.64956	1.37026e-20
243.65529	1.30441e-20
243.66102	1.24693e-20
243.66674	1.19793e-20
243.67247	1.15710e-20
243.67820	1.12374e-20
243.68393	1.09677e-20
243.68965	1.07480e-20
243.69538	1.05620e-20
243.70111	1.03919e-20
243.70684	1.02194e-20
243.71257	1.00266e-20
243.71830	9.79723e-21
243.72403	9.51761e-21
243.72976	9.17747e-21
243.73549	8.77086e-21
243.74122	8.29669e-21
243.74695	7.75919e-21
243.75268	7.16801e-21
243.75841	6.53814e-21
243.76414	5.88956e-21
243.76987	5.24661e-21
243.77561	4.63713e-21
243.78134	4.09139e-21
243.78707	3.64088e-21
243.79280	3.31690e-21
243.79854	3.14917e-21
243.80427	3.16439e-21
243.81000	3.38481e-21
243.81574	3.82704e-21
243.82147	4.50089e-21
243.82721	5.40850e-21
243.83294	6.54379e-21
243.83868	7.89213e-21
243.84441	9.43037e-21
243.85015	1.11272e-20
243.85588	1.29440e-20
243.86162	1.48357e-20
243.86735	1.67521e-20
243.87309	1.86396e-20
243.87883	2.04427e-20
243.88456	2.21063e-20
243.89030	2.35771e-20
243.89604	2.48061e-20
243.90178	2.57499e-20
243.90752	2.63728e-20
243.91325	2.66481e-20
243.91899	2.65591e-20
243.92473	2.61004e-20
243.93047	2.52777e-20
243.93621	2.41085e-20
243.94195	2.26212e-20
243.94769	2.08547e-20
243.95343	1.88571e-20
243.95917	1.66844e-20
243.96491	1.43984e-20
243.97065	1.20649e-20
243.97639	9.75171e-21
243.98214	7.52599e-21
243.98788	5.45236e-21
243.99362	3.59057e-21
243.99936	1.99357e-21
244.00511	7.05711e-22
244.01085	0.00000e+00
244.01659	0.00000e+00
244.02234	0.00000e+00
244.02808	0.00000e+00
244.03382	0.00000e+00
244.03957	5.84038e-22
244.04531	1.77105e-21
244.05106	3.21968e-21
244.05680	4.87872e-21
244.06255	6.69139e-21
244.06829	8.59746e-21
244.07404	1.05354e-20
244.07979	1.24446e-20
244.08553	1.42674e-20
244.09128	1.59512e-20
244.09703	1.74503e-20
244.10277	1.87270e-20
244.10852	1.97531e-20
244.11427	2.05106e-20
244.12002	2.09917e-20
244.12577	2.11994e-20
244.13152	2.11465e-20
244.13726	2.08547e-20
244.14301	2.03541e-20
244.14876	1.96809e-20
244.15451	1.88761e-20
244.16026	1.79836e-20
244.16601	1.70484e-20
244.17176	1.61141e-20
244.17752	1.52216e-20
244.18327	1.44072e-20
244.18902	1.37008e-20
244.19477	1.31250e-20
244.20052	1.26940e-20
244.20627	1.24131e-20
244.21203	1.22786e-20
244.21778	1.22778e-20
244.22353	1.23897e-20
244.22929	1.25860e-20
244.23504	1.28323e-20
244.24079	1.30895e-20
244.24655	1.33154e-20
244.25230	1.34669e-20
244.25806	1.35017e-20
244.26381	1.33798e-20
244.26957	1.30660e-20
244.27532	1.25307e-20
244.28108	1.17519e-20
244.28683	1.07160e-20
244.29259	9.41845e-21
244.29835	7.86447e-21
244.30410	6.06888e-21
244.30986	4.05579e-21
244.31562	1.85796e-21
244.32138	0.00000e+00
244.32713	0.00000e+00
244.33289	0.00000e+00
244.33865	0.00000e+00
244.34441	0.00000e+00
244.35017	0.00000e+00
244.35593	0.00000e+00
244.36169	0.00000e+00
244.36745	0.00000e+00
244.37321	0.00000e+00
244.37897	0.00000e+00
244.38473	0.00000e+00
244.39049	0.00000e+00
244.39625	0.00000e+00
244.40201	0.00000e+00
244.40777	0.00000e+00
244.41354	0.00000e+00
244.41930	0.00000e+00
244.42506	0.00000e+00
244.43082	0.00000e+00
244.43659	0.00000e+00
244.44235	0.00000e+00
244.44811	0.00000e+00
244.45388	0.00000e+00
244.45964	0.00000e+00
244.46541	0.00000e+00
244.47117	0.00000e+00
244.47694	0.00000e+00
244.48270	0.00000e+00
244.48847	0.00000e+00
244.49423	0.00000e+00
244.50000	0.00000e+00
244.50577	0.00000e+00
244.51153	0.00000e+00
244.51730	0.00000e+00
244.52307	0.00000e+00
244.52883	0.00000e+00
244.53460	0.00000e+00
244.54037	0.00000e+00
244.54614	0.00000e+00
244.55191	0.00000e+00
244.55767	0.00000e+00
244.56344	0.00000e+00
244.56921	0.00000e+00
244.57498	0.00000e+00
244.58075	0.00000e+00
244.58652	0.00000e+00
244.59229	4.41831e-22
244.59806	1.56820e-21
244.60384	2.80668e-21
244.60961	4.13394e-21
244.61538	5.52405e-21
244.62115	6.94961e-21
244.62692	8.38279e-21
244.63269	9.79645e-21
244.63847	1.11652e-20
244.64424	1.24661e-20
244.65001	1.36797e-20
244.65579	1.47905e-20
244.66156	1.57874e-20
244.66733	1.66639e-20
244.67311	1.74181e-20
244.67888	1.80526e-20
244.68466	1.85741e-20
244.69043	1.89928e-20
244.69621	1.93220e-20
244.70198	1.95771e-20
244.70776	1.97751e-20
244.71354	1.99334e-20
244.71931	2.00692e-20
244.72509	2.01988e-20
244.73087	2.03367e-20
244.73664	2.04951e-20
244.74242	2.06834e-20
244.74820	2.09080e-20
244.75398	2.11721e-20
244.75976	2.14755e-20
244.76553	2.18151e-20
244.77131	2.21849e-20
244.77709	2.25767e-20
244.78287	2.29803e-20
244.78865	2.33845e-20
244.79443	2.37774e-20
244.80021	2.41474e-20
244.80599	2.44834e-20
244.81177	2.47759e-20
244.81755	2.50173e-20
244.82334	2.52024e-20
244.82912	2.53285e-20
244.83490	2.53957e-20
244.84068	2.54072e-20
244.84646	2.53688e-20
244.85225	2.52886e-20
244.85803	2.51770e-20
244.86381	2.50459e-20
244.86960	2.49084e-20
244.87538	2.47777e-20
244.88116	2.46669e-20
244.88695	2.45879e-20
244.89273	2.45513e-20
244.89852	2.45652e-20
244.90430	2.46351e-20
244.91009	2.47634e-20
244.91587	2.49492e-20
244.92166	2.51880e-20
244.92745	2.54722e-20
244.93323	2.57906e-20
244.93902	2.61294e-20
244.94481	2.64726e-20
244.95059	2.68021e-20
244.95638	2.70989e-20
244.96217	2.73439e-20
244.96796	2.75182e-20
244.97375	2.76047e-20
244.97954	2.75880e-20
244.98532	2.74560e-20
244.99111	2.71996e-20
244.99690	2.68140e-20
245.00269	2.62988e-20
245.00848	2.56579e-20
245.01427	2.49000e-20
245.02006	2.40379e-20
245.02585	2.30887e-20
245.03165	2.20730e-20
245.03744	2.10143e-20
245.04323	1.99382e-20
245.04902	1.88715e-20
245.05481	1.78415e-20
245.06061	1.68746e-20
245.06640	1.59958e-20
245.07219	1.52275e-20
245.07799	1.45886e-20
245.08378	1.40939e-20
245.08957	1.37537e-20
245.09537	1.35730e-20
245.10116	1.35515e-20
245.10696	1.36836e-20
245.11275	1.39584e-20
245.11855	1.43601e-20
245.12434	1.48688e-20
245.13014	1.54608e-20
245.13593	1.61098e-20
245.14173	1.67875e-20
245.14753	1.74651e-20
245.15332	1.81139e-20
245.15912	1.87066e-20
245.16492	1.92183e-20
245.17072	1.96273e-20
245.17652	1.99161e-20
245.18231	2.00717e-20
245.18811	2.00865e-20
245.19391	1.99582e-20
245.19971	1.96900e-20
245.20551	1.92905e-20
245.21131	1.87731e-20
245.21711	1.81559e-20
245.22291	1.74603e-20
245.22871	1.67107e-20
245.23451	1.59332e-20
245.24031	1.51544e-20
245.24611	1.44008e-20
245.25191	1.36970e-20
245.25772	1.30654e-20
245.26352	1.25244e-20
245.26932	1.20885e-20
245.27512	1.17669e-20
245.28093	1.15633e-20
245.28673	1.14758e-20
245.29253	1.14967e-20
245.29834	1.16127e-20
245.30414	1.18057e-20
245.30995	1.20528e-20
245.31575	1.23278e-20
245.32156	1.26016e-20
245.32736	1.28439e-20
245.33317	1.30240e-20
245.33897	1.31120e-20
245.34478	1.30804e-20
245.35058	1.29049e-20
245.35639	1.25655e-20
245.36220	1.20474e-20
245.36801	1.13419e-20
245.37381	1.04467e-20
245.37962	9.36600e-21
245.38543	8.11092e-21
245.39124	6.69888e-21
245.39704	5.15326e-21
245.40285	3.50262e-21
245.40866	1.77978e-21
245.41447	2.06836e-23
245.42028	0.00000e+00
245.42609	0.00000e+00
245.43190	0.00000e+00
245.43771	0.00000e+00
245.44352	0.00000e+00
245.44933	0.00000e+00
245.45514	0.00000e+00
245.46096	0.00000e+00
245.46677	0.00000e+00
245.47258	0.00000e+00
245.47839	0.00000e+00
245.48421	0.00000e+00
245.49002	0.00000e+00
245.49583	0.00000e+00
245.50164	0.00000e+00
245.50746	0.00000e+00
245.51327	0.00000e+00
245.51909	0.00000e+00
245.52490	0.00000e+00
245.53072	0.00000e+00
245.53653	0.00000e+00
245.54235	0.00000e+00
245.54816	0.00000e+00
245.55398	0.00000e+00
245.55979	0.00000e+00
245.56561	0.00000e+00
245.57143	0.00000e+00
245.57724	0.00000e+00
245.58306	0.00000e+00
245.58888	0.00000e+00
245.59470	0.00000e+00
245.60052	0.00000e+00
245.60633	0.00000e+00
245.61215	0.00000e+00
245.61797	0.00000e+00
245.62379	0.00000e+00
245.62961	0.00000e+00
245.63543	0.00000e+00
245.64125	0.00000e+00
245.64707	0.00000e+00
245.65289	0.00000e+00
245.65871	0.00000e+00
245.66453	0.00000e+00
245.67035	0.00000e+00
245.67618	4.00609e-22
245.68200	2.08875e-21
245.68782	3.76086e-21
245.69364	5.36149e-21
245.69947	6.83460e-21
245.70529	8.12565e-21
245.71111	9.18383e-21
245.71694	9.96405e-21
245.72276	1.04290e-20
245.72858	1.05507e-20
245.73441	1.03122e-20
245.74023	9.70841e-21
245.74606	8.74701e-21
245.75188	7.44856e-21
245.75771	5.84632e-21
245.76353	3.98564e-21
245.76936	1.92282e-21
245.77519	0.00000e+00
245.78101	0.00000e+00
245.78684	0.00000e+00
245.79267	0.00000e+00
245.79850	0.00000e+00
245.80432	0.00000e+00
245.81015	0.00000e+00
245.81598	0.00000e+00
245.82181	0.00000e+00
245.82764	0.00000e+00
245.83347	0.00000e+00
245.83930	0.00000e+00
245.84513	0.00000e+00
245.85096	0.00000e+00
245.85679	0.00000e+00
245.86262	0.00000e+00
245.86845	6.66055e-22
245.87428	4.40652e-21
245.88011	8.38134e-21
245.88594	1.25027e-20
245.89177	1.66785e-20
245.89761	2.08158e-20
245.90344	2.48230e-20
245.90927	2.86137e-20
245.91510	3.21084e-20
245.92094	3.52377e-20
245.92677	3.79443e-20
245.93260	4.01842e-20
245.93844	4.19287e-20
245.94427	4.31647e-20
245.95011	4.38945e-20
245.95594	4.41363e-20
245.96178	4.39222e-20
245.96761	4.32978e-20
245.97345	4.23195e-20
245.97929	4.10529e-20
245.98512	3.95698e-20
245.99096	3.79456e-20
245.99680	3.62568e-20
246.00263	3.45778e-20
246.00847	3.29783e-20
246.01431	3.15210e-20
246.02015	3.02592e-20
246.02598	2.92352e-20
246.03182	2.84788e-20
246.03766	2.80065e-20
246.04350	2.78212e-20
246.04934	2.79124e-20
246.05518	2.82567e-20
246.06102	2.88195e-20
246.06686	2.95560e-20
246.07270	3.04135e-20
246.07854	3.13340e-20
246.08438	3.22561e-20
246.09022	3.31179e-20
246.09607	3.38597e-20
246.10191	3.44262e-20
246.10775	3.47690e-20
246.11359	3.48487e-20
246.11943	3.46362e-20
246.12528	3.41144e-20
246.13112	3.32784e-20
246.13696	3.21362e-20
246.14281	3.07084e-20
246.14865	2.90273e-20
246.15450	2.71358e-20
246.16034	2.50856e-20
246.16619	2.29356e-20
246.17203	2.07494e-20
246.17788	1.85929e-20
246.18372	1.65318e-20
246.18957	1.46292e-20
246.19542	1.29430e-20
246.20126	1.15239e-20
246.20711	1.04133e-20
246.21296	9.64181e-21
246.21880	9.22813e-21
246.22465	9.17824e-21
246.23050	9.48525e-21
246.23635	1.01296e-20
246.24220	1.10799e-20
246.24805	1.22939e-20
246.25389	1.37202e-20
246.25974	1.53003e-20
246.26559	1.69705e-20
246.27144	1.86642e-20
246.27729	2.03147e-20
246.28314	2.18570e-20
246.28899	2.32307e-20
246.29485	2.43818e-20
246.30070	2.52645e-20
246.30655	2.58431e-20
246.31240	2.60926e-20
246.31825	2.59996e-20
246.32411	2.55629e-20
246.32996	2.47928e-20
246.33581	2.37108e-20
246.34166	2.23484e-20
246.34752	2.07459e-20
246.35337	1.89506e-20
246.35923	1.70149e-20
246.36508	1.49940e-20
246.37094	1.29444e-20
246.37679	1.09213e-20
246.38265	8.97656e-21
246.38850	7.15715e-21
246.39436	5.50343e-21
246.40021	4.04787e-21
246.40607	2.81410e-21
246.41193	1.81639e-21
246.41778	1.05947e-21
246.42364	5.38742e-22
246.42950	2.40855e-22
246.43535	1.44653e-22
246.44121	2.22381e-22
246.44707	4.41132e-22
246.45293	7.64464e-22
246.45879	1.15412e-21
246.46465	1.57174e-21
246.47051	1.98058e-21
246.47637	2.34706e-21
246.48223	2.64212e-21
246.48809	2.84240e-21
246.49395	2.93104e-21
246.49981	2.89829e-21
246.50567	2.74167e-21
246.51153	2.46584e-21
246.51739	2.08220e-21
246.52325	1.60812e-21
246.52912	1.06594e-21
246.53498	4.81744e-22
246.54084	0.00000e+00
246.54671	0.00000e+00
246.55257	0.00000e+00
246.55843	0.00000e+00
246.56430	0.00000e+00
246.57016	0.00000e+00
246.57602	0.00000e+00
246.58189	0.00000e+00
246.58775	0.00000e+00
246.59362	0.00000e+00
246.59949	0.00000e+00
246.60535	0.00000e+00
246.61122	0.00000e+00
246.61708	1.20624e-22
246.62295	7.82749e-22
246.62882	1.43698e-21
246.63468	2.05159e-21
246.64055	2.59606e-21
246.64642	3.04244e-21
246.65229	3.36661e-21
246.65816	3.54940e-21
246.66402	3.57746e-21
246.66989	3.44394e-21
246.67576	3.14883e-21
246.68163	2.69904e-21
246.68750	2.10818e-21
246.69337	1.39601e-21
246.69924	5.87741e-22
246.70511	0.00000e+00
246.71098	0.00000e+00
246.71685	0.00000e+00
246.72273	0.00000e+00
246.72860	0.00000e+00
246.73447	0.00000e+00
246.74034	0.00000e+00
246.74621	0.00000e+00
246.75209	0.00000e+00
246.75796	0.00000e+00
246.76383	0.00000e+00
246.76971	0.00000e+00
246.77558	0.00000e+00
246.78146	0.00000e+00
246.78733	0.00000e+00
246.79320	0.00000e+00
246.79908	0.00000e+00
246.80496	0.00000e+00
246.81083	1.64501e-22
246.81671	1.10004e-21
246.82258	1.97213e-21
246.82846	2.75118e-21
246.83434	3.41181e-21
246.84021	3.93380e-21
246.84609	4.30290e-21
246.85197	4.51126e-21
246.85785	4.55769e-21
246.86372	4.44756e-21
246.86960	4.19254e-21
246.87548	3.80991e-21
246.88136	3.32179e-21
246.88724	2.75409e-21
246.89312	2.13534e-21
246.89900	1.49545e-21
246.90488	8.64341e-22
246.91076	2.70697e-22
246.91664	0.00000e+00
246.92252	0.00000e+00
246.92840	0.00000e+00
246.93428	0.00000e+00
246.94017	0.00000e+00
246.94605	0.00000e+00
246.95193	0.00000e+00
246.95781	0.00000e+00
246.96369	0.00000e+00
246.96958	0.00000e+00
246.97546	3.45495e-22
246.98135	8.57150e-22
246.98723	1.37031e-21
246.99311	1.85893e-21
246.99900	2.29835e-21
247.00488	2.66640e-21
247.01077	2.94445e-21
247.01665	3.11823e-21
247.02254	3.17848e-21
247.02843	3.12138e-21
247.03431	2.94869e-21
247.04020	2.66768e-21
247.04608	2.29077e-21
247.05197	1.83498e-21
247.05786	1.32110e-21
247.06375	7.72772e-22
247.06963	2.15371e-22
247.07552	0.00000e+00
247.08141	0.00000e+00
247.08730	0.00000e+00
247.09319	0.00000e+00
247.09908	0.00000e+00
247.10497	0.00000e+00
247.11086	0.00000e+00
247.11675	0.00000e+00
247.12264	0.00000e+00
247.12853	0.00000e+00
247.13442	0.00000e+00
247.14031	0.00000e+00
247.14620	2.09933e-22
247.15210	7.88325e-22
247.15799	1.36118e-21
247.16388	1.90029e-21
247.16977	2.37837e-21
247.17567	2.77034e-21
247.18156	3.05440e-21
247.18745	3.21309e-21
247.19335	3.23410e-21
247.19924	3.11085e-21
247.20513	2.84287e-21
247.21103	2.43594e-21
247.21692	1.90183e-21
247.22282	1.25796e-21
247.22872	5.26655e-22
247.23461	0.00000e+00
247.24051	0.00000e+00
247.24640	0.00000e+00
247.25230	0.00000e+00
247.25820	0.00000e+00
247.26409	0.00000e+00
247.26999	0.00000e+00
247.27589	0.00000e+00
247.28179	0.00000e+00
247.28769	0.00000e+00
247.29358	0.00000e+00
247.29948	0.00000e+00
247.30538	0.00000e+00
247.31128	0.00000e+00
247.31718	0.00000e+00
247.32308	0.00000e+00
247.32898	0.00000e+00
247.33488	0.00000e+00
247.34078	0.00000e+00
247.34668	0.00000e+00
247.35259	4.48251e-22
247.35849	8.89398e-22
247.36439	1.18967e-21
247.37029	1.33108e-21
247.37619	1.30211e-21
247.38210	1.09829e-21
247.38800	7.22471e-22
247.39390	1.84832e-22
247.39981	0.00000e+00
247.40571	0.00000e+00
247.41162	0.00000e+00
247.41752	0.00000e+00
247.42343	0.00000e+00
247.42933	0.00000e+00
247.43524	0.00000e+00
247.44114	0.00000e+00
247.44705	0.00000e+00
247.45295	0.00000e+00
247.45886	0.00000e+00
247.46477	0.00000e+00
247.47067	0.00000e+00
247.47658	0.00000e+00
247.48249	0.00000e+00
247.48840	0.00000e+00
247.49431	0.00000e+00
247.50021	0.00000e+00
247.50612	0.00000e+00
247.51203	0.00000e+00
247.51794	0.00000e+00
247.52385	0.00000e+00
247.52976	1.18618e-21
247.53567	2.34681e-21
247.54158	3.38594e-21
247.54749	4.26873e-21
247.55340	4.96565e-21
247.55931	5.45347e-21
247.56523	5.71603e-21
247.57114	5.74483e-21
247.57705	5.53921e-21
247.58296	5.10635e-21
247.58887	4.46092e-21
247.59479	3.62451e-21
247.60070	2.62480e-21
247.60661	1.49452e-21
247.61253	2.70268e-22
247.61844	0.00000e+00
247.62436	0.00000e+00
247.63027	0.00000e+00
247.63619	0.00000e+00
247.64210	0.00000e+00
247.64802	0.00000e+00
247.65393	0.00000e+00
247.65985	0.00000e+00
247.66577	0.00000e+00
247.67168	0.00000e+00
247.67760	0.00000e+00
247.68352	0.00000e+00
247.68943	0.00000e+00
247.69535	0.00000e+00
247.70127	0.00000e+00
247.70719	0.00000e+00
247.71311	0.00000e+00
247.71903	0.00000e+00
247.72495	0.00000e+00
247.73086	0.00000e+00
247.73678	0.00000e+00
247.74270	3.29402e-22
247.74862	1.39132e-21
247.75455	2.37897e-21
247.76047	3.27392e-21
247.76639	4.06112e-21
247.77231	4.72896e-21
247.77823	5.26921e-21
247.78415	5.67689e-21
247.79008	5.94997e-21
247.79600	6.08907e-21
247.80192	6.09701e-21
247.80784	5.97850e-21
247.81377	5.73967e-21
247.81969	5.38773e-21
247.82561	4.93065e-21
247.83154	4.37688e-21
247.83746	3.73517e-21
247.84339	3.01448e-21
247.84931	2.22389e-21
247.85524	1.37266e-21
247.86117	4.70341e-22
247.86709	0.00000e+00
247.87302	0.00000e+00
247.87894	0.00000e+00
247.88487	0.00000e+00
247.89080	0.00000e+00
247.89673	0.00000e+00
247.90265	0.00000e+00
247.90858	0.00000e+00
247.91451	0.00000e+00
247.92044	0.00000e+00
247.92637	0.00000e+00
247.93230	0.00000e+00
247.93823	0.00000e+00
247.94415	0.00000e+00
247.95008	0.00000e+00
247.95602	0.00000e+00
247.96195	0.00000e+00
247.96788	0.00000e+00
247.97381	0.00000e+00
247.97974	0.00000e+00
247.98567	0.00000e+00
247.99160	0.00000e+00
247.99753	0.00000e+00
248.00347	0.00000e+00
248.00940	0.00000e+00
248.01533	0.00000e+00
248.02127	0.00000e+00
248.02720	1.02468e-22
248.03313	1.20925e-21
248.03907	2.20811e-21
248.04500	3.07025e-21
248.05094	3.77045e-21
248.05687	4.28797e-21
248.06281	4.60741e-21
248.06874	4.71933e-21
248.07468	4.62075e-21
248.08062	4.31533e-21
248.08655	3.81342e-21
248.09249	3.13182e-21
248.09843	2.29327e-21
248.10436	1.32577e-21
248.11030	2.61663e-22
248.11624	0.00000e+00
248.12218	0.00000e+00
248.12812	0.00000e+00
248.13405	0.00000e+00
248.13999	0.00000e+00
248.14593	0.00000e+00
248.15187	0.00000e+00
248.15781	0.00000e+00
248.16375	0.00000e+00
248.16969	0.00000e+00
248.17563	0.00000e+00
248.18158	0.00000e+00
248.18752	0.00000e+00
248.19346	0.00000e+00
248.19940	0.00000e+00
248.20534	0.00000e+00
248.21128	0.00000e+00
248.21723	0.00000e+00
248.22317	0.00000e+00
248.22911	0.00000e+00
248.23506	0.00000e+00
248.24100	3.75230e-22
248.24695	1.03768e-21
248.25289	1.55889e-21
248.25883	1.92356e-21
248.26478	2.12303e-21
248.27073	2.15559e-21
248.27667	2.02647e-21
248.28262	1.74757e-21
248.28856	1.33690e-21
248.29451	8.17833e-22
248.30046	2.18067e-22
248.30640	0.00000e+00
248.31235	0.00000e+00
248.31830	0.00000e+00
248.32425	0.00000e+00
248.33019	0.00000e+00
248.33614	0.00000e+00
248.34209	0.00000e+00
248.34804	0.00000e+00
248.35399	0.00000e+00
248.35994	0.00000e+00
248.36589	0.00000e+00
248.37184	0.00000e+00
248.37779	0.00000e+00
248.38374	0.00000e+00
248.38969	0.00000e+00
248.39564	2.62765e-22
248.40159	1.15739e-21
248.40755	2.04692e-21
248.41350	2.89907e-21
248.41945	3.68301e-21
248.42540	4.37052e-21
248.43136	4.93712e-21
248.43731	5.36298e-21
248.44326	5.63365e-21
248.44922	5.74054e-21
248.45517	5.68121e-21
248.46113	5.45931e-21
248.46708	5.08440e-21
248.47304	4.57140e-21
248.47899	3.93994e-21
248.48495	3.21348e-21
248.49090	2.41831e-21
248.49686	1.58245e-21
248.50282	7.34504e-22
248.50877	0.00000e+00
248.51473	0.00000e+00
248.52069	0.00000e+00
248.52664	0.00000e+00
248.53260	0.00000e+00
248.53856	0.00000e+00
248.54452	0.00000e+00
248.55048	0.00000e+00
248.55644	0.00000e+00
248.56240	0.00000e+00
248.56835	0.00000e+00
248.57431	0.00000e+00
248.58028	0.00000e+00
248.58624	0.00000e+00
248.59220	0.00000e+00
248.59816	0.00000e+00
248.60412	0.00000e+00
248.61008	0.00000e+00
248.61604	1.57408e-23
248.62200	4.93223e-22
248.62797	9.49041e-22
248.63393	1.38132e-21
248.63989	1.79095e-21
248.64586	2.18120e-21
248.65182	2.55717e-21
248.65778	2.92516e-21
248.66375	3.29193e-21
248.66971	3.66390e-21
248.67568	4.04638e-21
248.68164	4.44284e-21
248.68761	4.85428e-21
248.69357	5.27868e-21
248.69954	5.71073e-21
248.70550	6.14160e-21
248.71147	6.55909e-21
248.71744	6.94783e-21
248.72340	7.28987e-21
248.72937	7.56527e-21
248.73534	7.75309e-21
248.74131	7.83229e-21
248.74728	7.78292e-21
248.75324	7.58722e-21
248.75921	7.23077e-21
248.76518	6.70354e-21
248.77115	6.00087e-21
248.77712	5.12420e-21
248.78309	4.08161e-21
248.78906	2.88814e-21
248.79503	1.56570e-21
248.80100	1.42823e-22
248.80697	0.00000e+00
248.81294	0.00000e+00
248.81892	0.00000e+00
248.82489	0.00000e+00
248.83086	0.00000e+00
248.83683	0.00000e+00
248.84281	0.00000e+00
248.84878	0.00000e+00
248.85475	0.00000e+00
248.86073	0.00000e+00
248.86670	0.00000e+00
248.87267	0.00000e+00
248.87865	0.00000e+00
248.88462	0.00000e+00
248.89060	0.00000e+00
248.89657	0.00000e+00
248.90255	0.00000e+00
248.90852	0.00000e+00
248.91450	0.00000e+00
248.92048	1.56315e-21
248.92645	3.33318e-21
248.93243	4.96749e-21
248.93841	6.40568e-21
248.94439	7.59358e-21
248.95036	8.48563e-21
248.95634	9.04695e-21
248.96232	9.25512e-21
248.96830	9.10148e-21
248.97428	8.59209e-21
248.98026	7.74797e-21
248.98624	6.60497e-21
248.99222	5.21296e-21
248.99820	3.63453e-21
249.00418	1.94310e-21
249.01016	2.20721e-22
249.01614	0.00000e+00
249.02212	0.00000e+00
249.02810	0.00000e+00
249.03408	0.00000e+00
249.04007	0.00000e+00
249.04605	0.00000e+00
249.05203	0.00000e+00
249.05802	0.00000e+00
249.06400	0.00000e+00
249.06998	0.00000e+00
249.07597	2.47879e-21
249.08195	5.92434e-21
249.08794	9.89927e-21
249.09392	1.43397e-20
249.09991	1.91667e-20
249.10589	2.42885e-20
249.11188	2.96035e-20
249.11786	3.50033e-20
249.12385	4.03765e-20
249.12983	4.56122e-20
249.13582	5.06033e-20
249.14181	5.52505e-20
249.14780	5.94649e-20
249.15378	6.31716e-20
249.15977	6.63113e-20
249.16576	6.88426e-20
249.17175	7.07428e-20
249.17774	7.20087e-20
249.18373	7.26561e-20
249.18972	7.27190e-20
249.19571	7.22481e-20
249.20170	7.13087e-20
249.20769	6.99777e-20
249.21368	6.83411e-20
249.21967	6.64903e-20
249.22566	6.45186e-20
249.23165	6.25178e-20
249.23764	6.05747e-20
249.24363	5.87680e-20
249.24963	5.71655e-20
249.25562	5.58214e-20
249.26161	5.47751e-20
249.26760	5.40495e-20
249.27360	5.36504e-20
249.27959	5.35672e-20
249.28559	5.37732e-20
249.29158	5.42270e-20
249.29757	5.48749e-20
249.30357	5.56532e-20
249.30956	5.64908e-20
249.31556	5.73127e-20
249.32156	5.80432e-20
249.32755	5.86089e-20
249.33355	5.89425e-20
249.33955	5.89850e-20
249.34554	5.86888e-20
249.35154	5.80195e-20
249.35754	5.69579e-20
249.36353	5.55003e-20
249.36953	5.36594e-20
249.37553	5.14636e-20
249.38153	4.89564e-20
249.38753	4.61944e-20
249.39353	4.32454e-20
249.39953	4.01860e-20
249.40553	3.70983e-20
249.41153	3.40670e-20
249.41753	3.11764e-20
249.42353	2.85065e-20
249.42953	2.61305e-20
249.43553	2.41117e-20
249.44153	2.25011e-20
249.44753	2.13355e-20
249.45354	2.06361e-20
249.45954	2.04073e-20
249.46554	2.06371e-20
249.47154	2.12973e-20
249.47755	2.23444e-20
249.48355	2.37215e-20
249.48955	2.53603e-20
249.49556	2.71839e-20
249.50156	2.91096e-20
249.50757	3.10520e-20
249.51357	3.29263e-20
249.51958	3.46513e-20
249.52558	3.61526e-20
249.53159	3.73655e-20
249.53760	3.82367e-20
249.54360	3.87272e-20
249.54961	3.88126e-20
249.55562	3.84846e-20
249.56162	3.77509e-20
249.56763	3.66347e-20
249.57364	3.51736e-20
249.57965	3.34181e-20
249.58566	3.14296e-20
249.59166	2.92776e-20
249.59767	2.70371e-20
249.60368	2.47858e-20
249.60969	2.26008e-20
249.61570	2.05555e-20
249.62171	1.87173e-20
249.62772	1.71444e-20
249.63373	1.58841e-20
249.63974	1.49709e-20
249.64576	1.44251e-20
249.65177	1.42522e-20
249.65778	1.44433e-20
249.66379	1.49745e-20
249.66980	1.58092e-20
249.67582	1.68984e-20
249.68183	1.81838e-20
249.68784	1.95992e-20
249.69386	2.10735e-20
249.69987	2.25335e-20
249.70589	2.39065e-20
249.71190	2.51233e-20
249.71791	2.61205e-20
249.72393	2.68430e-20
249.72995	2.72459e-20
249.73596	2.72964e-20
249.74198	2.69743e-20
249.74799	2.62732e-20
249.75401	2.52003e-20
249.76003	2.37760e-20
249.76604	2.20331e-20
249.77206	2.00153e-20
249.77808	1.77756e-20
249.78410	1.53743e-20
249.79012	1.28765e-20
249.79613	1.03498e-20
249.80215	7.86201e-21
249.80817	5.47860e-21
249.81419	3.26045e-21
249.82021	1.26186e-21
249.82623	0.00000e+00
249.83225	0.00000e+00
249.83827	0.00000e+00
249.84429	0.00000e+00
249.85031	0.00000e+00
249.85634	0.00000e+00
249.86236	0.00000e+00
249.86838	0.00000e+00
249.87440	0.00000e+00
249.88042	0.00000e+00
249.88645	0.00000e+00
249.89247	7.85645e-22
249.89849	2.15807e-21
249.90452	3.55622e-21
249.91054	4.93538e-21
249.91657	6.25519e-21
249.92259	7.48096e-21
249.92862	8.58457e-21
249.93464	9.54511e-21
249.94067	1.03492e-20
249.94669	1.09910e-20
249.95272	1.14718e-20
249.95875	1.17992e-20
249.96477	1.19867e-20
249.97080	1.20523e-20
249.97683	1.20170e-20
249.98285	1.19041e-20
249.98888	1.17376e-20
249.99491	1.15406e-20
250.00094	1.13346e-20
250.00697	1.11382e-20
250.01300	1.09664e-20
250.01903	1.08298e-20
250.02506	1.07344e-20
250.03109	1.06816e-20
250.03712	1.06678e-20
250.04315	1.06856e-20
250.04918	1.07238e-20
250.05521	1.07685e-20
250.06124	1.08039e-20
250.06727	1.08133e-20
250.07330	1.07803e-20
250.07934	1.06897e-20
250.08537	1.05286e-20
250.09140	1.02872e-20
250.09743	9.95948e-21
250.10347	9.54372e-21
250.10950	9.04292e-21
250.11554	8.46471e-21
250.12157	7.82128e-21
250.12760	7.12895e-21
250.13364	6.40756e-21
250.13967	5.67971e-21
250.14571	4.96979e-21
250.15175	4.30297e-21
250.15778	3.70410e-21
250.16382	3.19657e-21
250.16985	2.80129e-21
250.17589	2.53570e-21
250.18193	2.41294e-21
250.18797	2.44116e-21
250.19400	2.62310e-21
250.20004	2.95584e-21
250.20608	3.43079e-21
250.21212	4.03395e-21
250.21816	4.74636e-21
250.22420	5.54479e-21
250.23024	6.40262e-21
250.23628	7.29081e-21
250.24232	8.17901e-21
250.24836	9.03675e-21
250.25440	9.83460e-21
250.26044	1.05453e-20
250.26648	1.11447e-20
250.27252	1.16128e-20
250.27856	1.19344e-20
250.28461	1.20997e-20
250.29065	1.21045e-20
250.29669	1.19503e-20
250.30273	1.16441e-20
250.30878	1.11983e-20
250.31482	1.06295e-20
250.32087	9.95848e-21
250.32691	9.20856e-21
250.33295	8.40511e-21
250.33900	7.57420e-21
250.34504	6.74159e-21
250.35109	5.93167e-21
250.35713	5.16645e-21
250.36318	4.46480e-21
250.36923	3.84166e-21
250.37527	3.30763e-21
250.38132	2.86863e-21
250.38737	2.52585e-21
250.39341	2.27587e-21
250.39946	2.11106e-21
250.40551	2.02011e-21
250.41156	1.98874e-21
250.41761	2.00053e-21
250.42366	2.03790e-21
250.42971	2.08304e-21
250.43575	2.11892e-21
250.44180	2.13022e-21
250.44785	2.10415e-21
250.45391	2.03122e-21
250.45996	1.90572e-21
250.46601	1.72614e-21
250.47206	1.49530e-21
250.47811	1.22029e-21
250.48416	9.12215e-22
250.49021	5.85667e-22
250.49627	2.58112e-22
250.50232	0.00000e+00
250.50837	0.00000e+00
250.51442	0.00000e+00
250.52048	0.00000e+00
250.52653	0.00000e+00
250.53259	0.00000e+00
250.53864	0.00000e+00
250.54470	0.00000e+00
250.55075	3.78598e-22
250.55681	9.67854e-22
250.56286	1.67480e-21
250.56892	2.48476e-21
250.57497	3.37816e-21
250.58103	4.33112e-21
250.58709	5.31624e-21
250.59314	6.30358e-21
250.59920	7.26181e-21
250.60526	8.15934e-21
250.61132	8.96559e-21
250.61737	9.65221e-21
250.62343	1.01942e-20
250.62949	1.05710e-20
250.63555	1.07675e-20
250.64161	1.07742e-20
250.64767	1.05886e-20
250.65373	1.02144e-20
250.65979	9.66220e-21
250.66585	8.94888e-21
250.67191	8.09701e-21
250.67797	7.13417e-21
250.68403	6.09189e-21
250.69010	5.00447e-21
250.69616	3.90772e-21
250.70222	2.83760e-21
250.70828	1.82881e-21
250.71435	9.13510e-22
250.72041	1.20015e-22
250.72647	0.00000e+00
250.73254	0.00000e+00
250.73860	0.00000e+00
250.74467	0.00000e+00
250.75073	0.00000e+00
250.75680	0.00000e+00
250.76286	0.00000e+00
250.76893	0.00000e+00
250.77499	1.97826e-22
250.78106	8.40745e-22
250.78712	1.51518e-21
250.79319	2.18536e-21
250.79926	2.81560e-21
250.80533	3.37172e-21
250.81139	3.82246e-21
250.81746	4.14072e-21
250.82353	4.30470e-21
250.82960	4.29878e-21
250.83567	4.11421e-21
250.84174	3.74953e-21
250.84781	3.21064e-21
250.85388	2.51071e-21
250.85995	1.66968e-21
250.86602	7.13549e-22
250.87209	0.00000e+00
250.87816	0.00000e+00
250.88423	0.00000e+00
250.89030	0.00000e+00
250.89637	0.00000e+00
250.90244	0.00000e+00
250.90852	0.00000e+00
250.91459	0.00000e+00
250.92066	0.00000e+00
250.92673	0.00000e+00
250.93281	0.00000e+00
250.93888	0.00000e+00
250.94496	0.00000e+00
250.95103	0.00000e+00
250.95710	0.00000e+00
250.96318	0.00000e+00
250.96925	0.00000e+00
250.97533	0.00000e+00
250.98141	0.00000e+00
250.98748	8.97489e-22
250.99356	2.19865e-21
250.99964	3.43624e-21
251.00571	4.57317e-21
251.01179	5.57608e-21
251.01787	6.41646e-21
251.02395	7.07159e-21
251.03002	7.52522e-21
251.03610	7.76803e-21
251.04218	7.79783e-21
251.04826	7.61952e-21
251.05434	7.24469e-21
251.06042	6.69116e-21
251.06650	5.98212e-21
251.07258	5.14518e-21
251.07866	4.21129e-21
251.08474	3.21352e-21
251.09082	2.18581e-21
251.09690	1.16168e-21
251.10299	1.73061e-22
251.10907	0.00000e+00
251.11515	0.00000e+00
251.12123	0.00000e+00
251.12732	0.00000e+00
251.13340	0.00000e+00
251.13948	0.00000e+00
251.14557	0.00000e+00
251.15165	0.00000e+00
251.15773	0.00000e+00
251.16382	0.00000e+00
251.16990	0.00000e+00
251.17599	0.00000e+00
251.18207	0.00000e+00
251.18816	0.00000e+00
251.19425	0.00000e+00
251.20033	0.00000e+00
251.20642	0.00000e+00
251.21251	0.00000e+00
251.21859	0.00000e+00
251.22468	0.00000e+00
251.23077	0.00000e+00
251.23686	0.00000e+00
251.24295	0.00000e+00
251.24904	0.00000e+00
251.25512	0.00000e+00
251.26121	0.00000e+00
251.26730	0.00000e+00
251.27339	0.00000e+00
251.27948	0.00000e+00
251.28557	0.00000e+00
251.29167	0.00000e+00
251.29776	0.00000e+00
251.30385	0.00000e+00
251.30994	0.00000e+00
251.31603	0.00000e+00
251.32212	0.00000e+00
251.32822	0.00000e+00
251.33431	0.00000e+00
251.34040	0.00000e+00
251.34650	0.00000e+00
251.35259	0.00000e+00
251.35868	2.08535e-23
251.36478	8.64784e-22
251.37087	1.70695e-21
251.37697	2.52095e-21
251.38306	3.28074e-21
251.38916	3.96161e-21
251.39526	4.54104e-21
251.40135	4.99953e-21
251.40745	5.32132e-21
251.41355	5.49496e-21
251.41964	5.51376e-21
251.42574	5.37604e-21
251.43184	5.08526e-21
251.43794	4.64987e-21
251.44403	4.08314e-21
251.45013	3.40270e-21
251.45623	2.62998e-21
251.46233	1.78952e-21
251.46843	9.08202e-22
251.47453	1.43421e-23
251.48063	0.00000e+00
251.48673	0.00000e+00
251.49283	0.00000e+00
251.49893	0.00000e+00
251.50503	0.00000e+00
251.51113	0.00000e+00
251.51724	0.00000e+00
251.52334	0.00000e+00
251.52944	0.00000e+00
251.53554	0.00000e+00
251.54165	0.00000e+00
251.54775	0.00000e+00
251.55385	0.00000e+00
251.55996	0.00000e+00
251.56606	0.00000e+00
251.57217	5.67889e-23
251.57827	1.02665e-21
251.58438	2.00325e-21
251.59048	2.95737e-21
251.59659	3.86036e-21
251.60269	4.68501e-21
251.60880	5.40634e-21
251.61491	6.00235e-21
251.62101	6.45460e-21
251.62712	6.74879e-21
251.63323	6.87514e-21
251.63933	6.82861e-21
251.64544	6.60909e-21
251.65155	6.22131e-21
251.65766	5.67471e-21
251.66377	4.98312e-21
251.66988	4.16437e-21
251.67599	3.23967e-21
251.68210	2.23308e-21
251.68821	1.17072e-21
251.69432	8.00540e-23
251.70043	0.00000e+00
251.70654	0.00000e+00
251.71265	0.00000e+00
251.71876	0.00000e+00
251.72487	0.00000e+00
251.73099	0.00000e+00
251.73710	0.00000e+00
251.74321	0.00000e+00
251.74932	0.00000e+00
251.75544	0.00000e+00
251.76155	0.00000e+00
251.76767	0.00000e+00
251.77378	0.00000e+00
251.77989	0.00000e+00
251.78601	0.00000e+00
251.79212	0.00000e+00
251.79824	0.00000e+00
251.80436	0.00000e+00
251.81047	0.00000e+00
251.81659	0.00000e+00
251.82271	0.00000e+00
251.82882	0.00000e+00
251.83494	5.74471e-22
251.84106	1.13845e-21
251.84717	1.60444e-21
251.85329	1.96269e-21
251.85941	2.20734e-21
251.86553	2.33659e-21
251.87165	2.35267e-21
251.87777	2.26177e-21
251.88389	2.07374e-21
251.89001	1.80173e-21
251.89613	1.46172e-21
251.90225	1.07192e-21
251.90837	6.52182e-22
251.91449	2.23230e-22
251.92061	0.00000e+00
251.92673	0.00000e+00
251.93286	0.00000e+00
251.93898	0.00000e+00
251.94510	0.00000e+00
251.95122	0.00000e+00
251.95735	0.00000e+00
251.96347	0.00000e+00
251.96959	0.00000e+00
251.97572	0.00000e+00
251.98184	0.00000e+00
251.98797	1.94668e-22
251.99409	7.82675e-22
252.00022	1.42597e-21
252.00634	2.10572e-21
252.01247	2.80168e-21
252.01860	3.49284e-21
252.02472	4.15821e-21
252.03085	4.77757e-21
252.03698	5.33215e-21
252.04310	5.80534e-21
252.04923	6.18326e-21
252.05536	6.45525e-21
252.06149	6.61429e-21
252.06762	6.65718e-21
252.07374	6.58470e-21
252.07987	6.40156e-21
252.08600	6.11621e-21
252.09213	5.74053e-21
252.09826	5.28938e-21
252.10439	4.78003e-21
252.11052	4.23152e-21
252.11665	3.66395e-21
252.12279	3.09772e-21
252.12892	2.55275e-21
252.13505	2.04773e-21
252.14118	1.59941e-21
252.14731	1.22197e-21
252.15345	9.26477e-22
252.15958	7.20460e-22
252.16571	6.07621e-22
252.17185	5.87698e-22
252.17798	6.56475e-22
252.18411	8.05952e-22
252.19025	1.02465e-21
252.19638	1.29809e-21
252.20252	1.60931e-21
252.20865	1.93962e-21
252.21479	2.26928e-21
252.22093	2.57833e-21
252.22706	2.84744e-21
252.23320	3.05861e-21
252.23934	3.19606e-21
252.24547	3.24679e-21
252.25161	3.20124e-21
252.25775	3.05371e-21
252.26389	2.80271e-21
252.27003	2.45106e-21
252.27616	2.00591e-21
252.28230	1.47860e-21
252.28844	8.84244e-22
252.29458	2.41321e-22
252.30072	0.00000e+00
252.30686	0.00000e+00
252.31300	0.00000e+00
252.31914	0.00000e+00
252.32528	0.00000e+00
252.33143	0.00000e+00
252.33757	0.00000e+00
252.34371	0.00000e+00
252.34985	0.00000e+00
252.35599	0.00000e+00
252.36214	0.00000e+00
252.36828	0.00000e+00
252.37442	0.00000e+00
252.38057	0.00000e+00
252.38671	0.00000e+00
252.39286	0.00000e+00
252.39900	5.51551e-22
252.40515	1.56489e-21
252.41129	2.60032e-21
252.41744	3.62865e-21
252.42358	4.62058e-21
252.42973	5.54772e-21
252.43587	6.38349e-21
252.44202	7.10401e-21
252.44817	7.68889e-21
252.45432	8.12192e-21
252.46046	8.39157e-21
252.46661	8.49135e-21
252.47276	8.42007e-21
252.47891	8.18178e-21
252.48506	7.78570e-21
252.49121	7.24581e-21
252.49736	6.58045e-21
252.50351	5.81164e-21
252.50966	4.96437e-21
252.51581	4.06576e-21
252.52196	3.14419e-21
252.52811	2.22836e-21
252.53426	1.34639e-21
252.54041	5.24952e-22
252.54656	0.00000e+00
252.55271	0.00000e+00
252.55887	0.00000e+00
252.56502	0.00000e+00
252.57117	0.00000e+00
252.57733	0.00000e+00
252.58348	0.00000e+00
252.58963	0.00000e+00
252.59579	0.00000e+00
252.60194	0.00000e+00
252.60810	0.00000e+00
252.61425	4.33551e-22
252.62041	1.18613e-21
252.62656	1.98312e-21
252.63272	2.80093e-21
252.63888	3.61596e-21
252.64503	4.40531e-21
252.65119	5.14743e-21
252.65735	5.82267e-21
252.66351	6.41381e-21
252.66966	6.90643e-21
252.67582	7.28923e-21
252.68198	7.55417e-21
252.68814	7.69659e-21
252.69430	7.71520e-21
252.70046	7.61190e-21
252.70662	7.39165e-21
252.71278	7.06214e-21
252.71894	6.63350e-21
252.72510	6.11792e-21
252.73126	5.52923e-21
252.73742	4.88253e-21
252.74358	4.19376e-21
252.74974	3.47931e-21
252.75590	2.75569e-21
252.76207	2.03916e-21
252.76823	1.34545e-21
252.77439	6.89550e-22
252.78056	8.54401e-23
252.78672	0.00000e+00
252.79288	0.00000e+00
252.79905	0.00000e+00
252.80521	0.00000e+00
252.81138	0.00000e+00
252.81754	0.00000e+00
252.82371	0.00000e+00
252.82987	0.00000e+00
252.83604	0.00000e+00
252.84221	0.00000e+00
252.84837	0.00000e+00
252.85454	1.37239e-22
252.86071	8.46549e-22
252.86687	1.64969e-21
252.87304	2.53668e-21
252.87921	3.49559e-21
252.88538	4.51258e-21
252.89155	5.57195e-21
252.89772	6.65624e-21
252.90388	7.74638e-21
252.91005	8.82188e-21
252.91622	9.86114e-21
252.92239	1.08417e-20
252.92856	1.17409e-20
252.93474	1.25358e-20
252.94091	1.32042e-20
252.94708	1.37249e-20
252.95325	1.40784e-20
252.95942	1.42473e-20
252.96559	1.42169e-20
252.97177	1.39757e-20
252.97794	1.35162e-20
252.98411	1.28348e-20
252.99029	1.19324e-20
252.99646	1.08146e-20
253.00263	9.49184e-21
253.00881	7.97928e-21
253.01498	6.29679e-21
253.02116	4.46860e-21
253.02733	2.52292e-21
253.03351	4.91391e-22
253.03969	0.00000e+00
253.04586	0.00000e+00
253.05204	0.00000e+00
253.05821	0.00000e+00
253.06439	0.00000e+00
253.07057	0.00000e+00
253.07675	0.00000e+00
253.08293	0.00000e+00
253.08910	0.00000e+00
253.09528	0.00000e+00
253.10146	0.00000e+00
253.10764	0.00000e+00
253.11382	0.00000e+00
253.12000	0.00000e+00
253.12618	0.00000e+00
253.13236	0.00000e+00
253.13854	0.00000e+00
253.14472	0.00000e+00
253.15090	0.00000e+00
253.15709	0.00000e+00
253.16327	0.00000e+00
253.16945	0.00000e+00
253.17563	0.00000e+00
253.18181	0.00000e+00
253.18800	0.00000e+00
253.19418	0.00000e+00
253.20037	0.00000e+00
253.20655	1.13940e-21
253.21273	2.41229e-21
253.21892	3.52179e-21
253.22510	4.45348e-21
253.23129	5.19803e-21
253.23747	5.75120e-21
253.24366	6.11378e-21
253.24985	6.29136e-21
253.25603	6.29395e-21
253.26222	6.13557e-21
253.26841	5.83367e-21
253.27459	5.40854e-21
253.28078	4.88261e-21
253.28697	4.27978e-21
253.29316	3.62474e-21
253.29935	2.94223e-21
253.30554	2.25642e-21
253.31172	1.59030e-21
253.31791	9.65151e-22
253.32410	4.00039e-22
253.33029	0.00000e+00
253.33648	0.00000e+00
253.34268	0.00000e+00
253.34887	0.00000e+00
253.35506	0.00000e+00
253.36125	0.00000e+00
253.36744	0.00000e+00
253.37363	0.00000e+00
253.37983	0.00000e+00
253.38602	1.71843e-22
253.39221	6.87231e-22
253.39841	1.26541e-21
253.40460	1.89149e-21
253.41079	2.54965e-21
253.41699	3.22355e-21
253.42318	3.89667e-21
253.42938	4.55265e-21
253.43557	5.17567e-21
253.44177	5.75072e-21
253.44796	6.26391e-21
253.45416	6.70276e-21
253.46036	7.05637e-21
253.46655	7.31572e-21
253.47275	7.47377e-21
253.47895	7.52565e-21
253.48515	7.46875e-21
253.49134	7.30282e-21
253.49754	7.03001e-21
253.50374	6.65482e-21
253.50994	6.18412e-21
253.51614	5.62701e-21
253.52234	4.99473e-21
253.52854	4.30043e-21
253.53474	3.55896e-21
253.54094	2.78657e-21
253.54714	2.00062e-21
253.55334	1.21917e-21
253.55954	4.60599e-22
253.56574	0.00000e+00
253.57194	0.00000e+00
253.57815	0.00000e+00
253.58435	0.00000e+00
253.59055	0.00000e+00
253.59676	0.00000e+00
253.60296	0.00000e+00
253.60916	0.00000e+00
253.61537	0.00000e+00
253.62157	0.00000e+00
253.62778	0.00000e+00
253.63398	0.00000e+00
253.64019	0.00000e+00
253.64639	0.00000e+00
253.65260	2.93169e-22
253.65880	1.06912e-21
253.66501	1.87167e-21
253.67122	2.67763e-21
253.67742	3.46334e-21
253.68363	4.20528e-21
253.68984	4.88088e-21
253.69605	5.46917e-21
253.70226	5.95150e-21
253.70846	6.31216e-21
253.71467	6.53893e-21
253.72088	6.62355e-21
253.72709	6.56206e-21
253.73330	6.35498e-21
253.73951	6.00743e-21
253.74572	5.52903e-21
253.75193	4.93365e-21
253.75814	4.23911e-21
253.76435	3.46657e-21
253.77057	2.64001e-21
253.77678	1.78545e-21
253.78299	9.30120e-22
253.78920	1.01668e-22
253.79542	0.00000e+00
253.80163	0.00000e+00
253.80784	0.00000e+00
253.81406	0.00000e+00
253.82027	0.00000e+00
253.82648	0.00000e+00
253.83270	0.00000e+00
253.83891	0.00000e+00
253.84513	0.00000e+00
253.85135	0.00000e+00
253.85756	0.00000e+00
253.86378	0.00000e+00
253.86999	2.06850e-22
253.87621	1.14286e-21
253.88243	2.13904e-21
253.88865	3.16871e-21
253.89486	4.20461e-21
253.90108	5.21981e-21
253.90730	6.18859e-21
253.91352	7.08732e-21
253.91974	7.89519e-21
253.92596	8.59485e-21
253.93218	9.17298e-21
253.93840	9.62059e-21
253.94462	9.93330e-21
253.95084	1.01113e-20
253.95706	1.01592e-20
253.96328	1.00860e-20
253.96950	9.90411e-21
253.97572	9.62932e-21
253.98194	9.27980e-21
253.98817	8.87540e-21
253.99439	8.43686e-21
254.00061	7.98495e-21
254.00683	7.53964e-21
254.01306	7.11935e-21
254.01928	6.74022e-21
254.02551	6.41553e-21
254.03173	6.15525e-21
254.03796	5.96564e-21
254.04418	5.84917e-21
254.05041	5.80443e-21
254.05663	5.82631e-21
254.06286	5.90630e-21
254.06908	6.03290e-21
254.07531	6.19219e-21
254.08154	6.36849e-21
254.08776	6.54504e-21
254.09399	6.70478e-21
254.10022	6.83113e-21
254.10645	6.90868e-21
254.11268	6.92392e-21
254.11890	6.86583e-21
254.12513	6.72636e-21
254.13136	6.50081e-21
254.13759	6.18807e-21
254.14382	5.79071e-21
254.15005	5.31484e-21
254.15628	4.77001e-21
254.16251	4.16872e-21
254.16875	3.52604e-21
254.17498	2.85897e-21
254.18121	2.18580e-21
254.18744	1.52535e-21
254.19367	8.96312e-22
254.19991	3.16438e-22
254.20614	0.00000e+00
254.21237	0.00000e+00
254.21861	0.00000e+00
254.22484	0.00000e+00
254.23107	0.00000e+00
254.23731	0.00000e+00
254.24354	0.00000e+00
254.24978	0.00000e+00
254.25601	0.00000e+00
254.26225	0.00000e+00
254.26849	0.00000e+00
254.27472	1.43672e-22
254.28096	5.78420e-22
254.28720	1.01831e-21
254.29343	1.44550e-21
254.29967	1.84310e-21
254.30591	2.19583e-21
254.31215	2.49057e-21
254.31838	2.71681e-21
254.32462	2.86703e-21
254.33086	2.93692e-21
254.33710	2.92546e-21
254.34334	2.83492e-21
254.34958	2.67064e-21
254.35582	2.44082e-21
254.36206	2.15602e-21
254.36830	1.82879e-21
254.37454	1.47302e-21
254.38079	1.10339e-21
254.38703	7.34772e-22
254.39327	3.81576e-22
254.39951	5.72180e-23
254.40576	0.00000e+00
254.41200	0.00000e+00
254.41824	0.00000e+00
254.42449	0.00000e+00
254.43073	0.00000e+00
254.43697	0.00000e+00
254.44322	0.00000e+00
254.44946	0.00000e+00
254.45571	0.00000e+00
254.46195	0.00000e+00
254.46820	1.41365e-22
254.47445	4.27488e-22
254.48069	7.24223e-22
254.48694	1.02120e-21
254.49319	1.30889e-21
254.49943	1.57898e-21
254.50568	1.82480e-21
254.51193	2.04151e-21
254.51818	2.22633e-21
254.52443	2.37858e-21
254.53068	2.49965e-21
254.53692	2.59285e-21
254.54317	2.66320e-21
254.54942	2.71710e-21
254.55567	2.76195e-21
254.56192	2.80570e-21
254.56818	2.85645e-21
254.57443	2.92193e-21
254.58068	3.00908e-21
254.58693	3.12365e-21
254.59318	3.26987e-21
254.59943	3.45012e-21
254.60569	3.66479e-21
254.61194	3.91222e-21
254.61819	4.18865e-21
254.62445	4.48838e-21
254.63070	4.80399e-21
254.63695	5.12664e-21
254.64321	5.44643e-21
254.64946	5.75288e-21
254.65572	6.03538e-21
254.66197	6.28370e-21
254.66823	6.48847e-21
254.67449	6.64164e-21
254.68074	6.73690e-21
254.68700	6.77004e-21
254.69326	6.73916e-21
254.69951	6.64488e-21
254.70577	6.49033e-21
254.71203	6.28116e-21
254.71829	6.02529e-21
254.72454	5.73270e-21
254.73080	5.41499e-21
254.73706	5.08499e-21
254.74332	4.75621e-21
254.74958	4.44228e-21
254.75584	4.15643e-21
254.76210	3.91085e-21
254.76836	3.71624e-21
254.77462	3.58130e-21
254.78088	3.51234e-21
254.78715	3.51296e-21
254.79341	3.58390e-21
254.79967	3.72295e-21
254.80593	3.92497e-21
254.81219	4.18212e-21
254.81846	4.48410e-21
254.82472	4.81859e-21
254.83098	5.17167e-21
254.83725	5.52847e-21
254.84351	5.87369e-21
254.84978	6.19226e-21
254.85604	6.46999e-21
254.86231	6.69413e-21
254.86857	6.85394e-21
254.87484	6.94113e-21
254.88111	6.95026e-21
254.88737	6.87897e-21
254.89364	6.72812e-21
254.89991	6.50180e-21
254.90617	6.20719e-21
254.91244	5.85429e-21
254.91871	5.45558e-21
254.92498	5.02550e-21
254.93125	4.57993e-21
254.93751	4.13553e-21
254.94378	3.70911e-21
254.95005	3.31695e-21
254.95632	2.97417e-21
254.96259	2.69411e-21
254.96886	2.48781e-21
254.97513	2.36356e-21
254.98141	2.32658e-21
254.98768	2.37882e-21
254.99395	2.51886e-21
255.00022	2.74199e-21
255.00649	3.04040e-21
255.01277	3.40350e-21
255.01904	3.81831e-21
255.02531	4.27005e-21
255.03158	4.74266e-21
255.03786	5.21949e-21
255.04413	5.68391e-21
255.05041	6.12004e-21
255.05668	6.51327e-21
255.06296	6.85091e-21
255.06923	7.12263e-21
255.07551	7.32082e-21
255.08178	7.44092e-21
255.08806	7.48147e-21
255.09434	7.44419e-21
255.10061	7.33385e-21
255.10689	7.15799e-21
255.11317	6.92658e-21
255.11945	6.65158e-21
255.12572	6.34641e-21
255.13200	6.02535e-21
255.13828	5.70294e-21
255.14456	5.39335e-21
255.15084	5.10985e-21
255.15712	4.86417e-21
255.16340	4.66614e-21
255.16968	4.52321e-21
255.17596	4.44024e-21
255.18224	4.41934e-21
255.18852	4.45979e-21
255.19480	4.55816e-21
255.20109	4.70851e-21
255.20737	4.90269e-21
255.21365	5.13074e-21
255.21993	5.38137e-21
255.22622	5.64248e-21
255.23250	5.90172e-21
255.23878	6.14707e-21
255.24507	6.36732e-21
255.25135	6.55262e-21
255.25764	6.69489e-21
255.26392	6.78817e-21
255.27021	6.82882e-21
255.27649	6.81574e-21
255.28278	6.75031e-21
255.28907	6.63634e-21
255.29535	6.47987e-21
255.30164	6.28885e-21
255.30793	6.07278e-21
255.31421	5.84224e-21
255.32050	5.60841e-21
255.32679	5.38256e-21
255.33308	5.17548e-21
255.33937	4.99707e-21
255.34566	4.85585e-21
255.35194	4.75857e-21
255.35823	4.70996e-21
255.36452	4.71254e-21
255.37081	4.76648e-21
255.37710	4.86970e-21
255.38340	5.01797e-21
255.38969	5.20513e-21
255.39598	5.42346e-21
255.40227	5.66407e-21
255.40856	5.91735e-21
255.41485	6.17352e-21
255.42115	6.42305e-21
255.42744	6.65725e-21
255.43373	6.86868e-21
255.44003	7.05155e-21
255.44632	7.20205e-21
255.45262	7.31857e-21
255.45891	7.40183e-21
255.46520	7.45486e-21
255.47150	7.48287e-21
255.47780	7.49306e-21
255.48409	7.49423e-21
255.49039	7.49640e-21
255.49668	7.51024e-21
255.50298	7.54659e-21
255.50928	7.61580e-21
255.51558	7.72722e-21
255.52187	7.88858e-21
255.52817	8.10551e-21
255.53447	8.38111e-21
255.54077	8.71564e-21
255.54707	9.10628e-21
255.55337	9.54708e-21
255.55967	1.00290e-20
255.56597	1.05401e-20
255.57227	1.10660e-20
255.57857	1.15901e-20
255.58487	1.20943e-20
255.59117	1.25598e-20
255.59747	1.29676e-20
255.60377	1.32992e-20
255.61007	1.35377e-20
255.61638	1.36684e-20
255.62268	1.36792e-20
255.62898	1.35615e-20
255.63528	1.33108e-20
255.64159	1.29266e-20
255.64789	1.24129e-20
255.65420	1.17782e-20
255.66050	1.10353e-20
255.66681	1.02010e-20
255.67311	9.29554e-21
255.67942	8.34218e-21
255.68572	7.36627e-21
255.69203	6.39451e-21
255.69833	5.45404e-21
255.70464	4.57149e-21
255.71095	3.77204e-21
255.71725	3.07858e-21
255.72356	2.51086e-21
255.72987	2.08477e-21
255.73618	1.81183e-21
255.74249	1.69870e-21
255.74880	1.74699e-21
255.75511	1.95317e-21
255.76141	2.30875e-21
255.76772	2.80055e-21
255.77403	3.41120e-21
255.78035	4.11979e-21
255.78666	4.90266e-21
255.79297	5.73422e-21
255.79928	6.58796e-21
255.80559	7.43734e-21
255.81190	8.25683e-21
255.81821	9.02276e-21
255.82453	9.71419e-21
255.83084	1.03136e-20
255.83715	1.08076e-20
255.84347	1.11872e-20
255.84978	1.14480e-20
255.85609	1.15905e-20
255.86241	1.16196e-20
255.86872	1.15448e-20
255.87504	1.13791e-20
255.88135	1.11389e-20
255.88767	1.08429e-20
255.89399	1.05114e-20
255.90030	1.01653e-20
255.90662	9.82534e-21
255.91294	9.51107e-21
255.91925	9.24003e-21
255.92557	9.02701e-21
255.93189	8.88341e-21
255.93821	8.81674e-21
255.94453	8.83031e-21
255.95084	8.92308e-21
255.95716	9.08972e-21
255.96348	9.32082e-21
255.96980	9.60329e-21
255.97612	9.92093e-21
255.98244	1.02551e-20
255.98876	1.05856e-20
255.99508	1.08914e-20
256.00141	1.11515e-20
256.00773	1.13464e-20
256.01405	1.14580e-20
256.02037	1.14714e-20
256.02669	1.13747e-20
256.03302	1.11605e-20
256.03934	1.08253e-20
256.04566	1.03706e-20
256.05199	9.80236e-21
256.05831	9.13120e-21
256.06464	8.37190e-21
256.07096	7.54299e-21
256.07729	6.66606e-21
256.08361	5.76504e-21
256.08994	4.86533e-21
256.09626	3.99286e-21
256.10259	3.17315e-21
256.10892	2.43042e-21
256.11524	1.78662e-21
256.12157	1.26073e-21
256.12790	8.68001e-22
256.13423	6.19437e-22
256.14055	5.21408e-22
256.14688	5.75441e-22
256.15321	7.78188e-22
256.15954	1.12159e-21
256.16587	1.59319e-21
256.17220	2.17666e-21
256.17853	2.85239e-21
256.18486	3.59826e-21
256.19119	4.39047e-21
256.19752	5.20441e-21
256.20385	6.01558e-21
256.21019	6.80043e-21
256.21652	7.53724e-21
256.22285	8.20681e-21
256.22918	8.79314e-21
256.23552	9.28387e-21
256.24185	9.67067e-21
256.24818	9.94936e-21
256.25452	1.01200e-20
256.26085	1.01866e-20
256.26718	1.01571e-20
256.27352	1.00424e-20
256.27985	9.85640e-21
256.28619	9.61483e-21
256.29253	9.33483e-21
256.29886	9.03404e-21
256.30520	8.72989e-21
256.31153	8.43885e-21
256.31787	8.17575e-21
256.32421	7.95320e-21
256.33055	7.78111e-21
256.33688	7.66637e-21
256.34322	7.61259e-21
256.34956	7.62009e-21
256.35590	7.68596e-21
256.36224	7.80430e-21
256.36858	7.96660e-21
256.37492	8.16216e-21
256.38126	8.37869e-21
256.38760	8.60291e-21
256.39394	8.82123e-21
256.40028	9.02039e-21
256.40662	9.18811e-21
256.41296	9.31369e-21
256.41931	9.38850e-21
256.42565	9.40641e-21
256.43199	9.36410e-21
256.43833	9.26118e-21
256.44468	9.10028e-21
256.45102	8.88691e-21
256.45736	8.62926e-21
256.46371	8.33778e-21
256.47005	8.02479e-21
256.47640	7.70391e-21
256.48274	7.38945e-21
256.48909	7.09574e-21
256.49543	6.83657e-21
256.50178	6.62449e-21
256.50813	6.47027e-21
256.51447	6.38238e-21
256.52082	6.36662e-21
256.52717	6.42582e-21
256.53352	6.55963e-21
256.53986	6.76459e-21
256.54621	7.03413e-21
256.55256	7.35888e-21
256.55891	7.72702e-21
256.56526	8.12472e-21
256.57161	8.53673e-21
256.57796	8.94697e-21
256.58431	9.33922e-21
256.59066	9.69778e-21
256.59701	1.00081e-20
256.60336	1.02575e-20
256.60971	1.04354e-20
256.61606	1.05343e-20
256.62242	1.05497e-20
256.62877	1.04802e-20
256.63512	1.03281e-20
256.64147	1.00989e-20
256.64783	9.80127e-21
256.65418	9.44665e-21
256.66053	9.04886e-21
256.66689	8.62355e-21
256.67324	8.18758e-21
256.67960	7.75830e-21
256.68595	7.35295e-21
256.69231	6.98786e-21
256.69866	6.67789e-21
256.70502	6.43574e-21
256.71138	6.27152e-21
256.71773	6.19225e-21
256.72409	6.20160e-21
256.73045	6.29976e-21
256.73681	6.48335e-21
256.74316	6.74558e-21
256.74952	7.07651e-21
256.75588	7.46337e-21
256.76224	7.89112e-21
256.76860	8.34297e-21
256.77496	8.80105e-21
256.78132	9.24712e-21
256.78768	9.66323e-21
256.79404	1.00325e-20
256.80040	1.03396e-20
256.80676	1.05715e-20
256.81312	1.07181e-20
256.81948	1.07721e-20
256.82585	1.07300e-20
256.83221	1.05916e-20
256.83857	1.03605e-20
256.84493	1.00435e-20
256.85130	9.65074e-21
256.85766	9.19512e-21
256.86403	8.69185e-21
256.87039	8.15786e-21
256.87675	7.61121e-21
256.88312	7.07036e-21
256.88949	6.55350e-21
256.89585	6.07791e-21
256.90222	5.65927e-21
256.90858	5.31111e-21
256.91495	5.04435e-21
256.92132	4.86687e-21
256.92768	4.78326e-21
256.93405	4.79466e-21
256.94042	4.89877e-21
256.94679	5.08991e-21
256.95316	5.35929e-21
256.95952	5.69534e-21
256.96589	6.08413e-21
256.97226	6.50993e-21
256.97863	6.95573e-21
256.98500	7.40392e-21
256.99137	7.83686e-21
256.99774	8.23755e-21
257.00411	8.59019e-21
257.01049	8.88072e-21
257.01686	9.09730e-21
257.02323	9.23066e-21
257.02960	9.27443e-21
257.03597	9.22524e-21
257.04235	9.08288e-21
257.04872	8.85017e-21
257.05509	8.53286e-21
257.06147	8.13936e-21
257.06784	7.68043e-21
257.07422	7.16876e-21
257.08059	6.61854e-21
257.08696	6.04492e-21
257.09334	5.46357e-21
257.09972	4.89010e-21
257.10609	4.33962e-21
257.11247	3.82629e-21
257.11884	3.36286e-21
257.12522	2.96041e-21
257.13160	2.62802e-21
257.13798	2.37258e-21
257.14435	2.19874e-21
257.15073	2.10880e-21
257.15711	2.10278e-21
257.16349	2.17858e-21
257.16987	2.33210e-21
257.17625	2.55748e-21
257.18263	2.84740e-21
257.18901	3.19335e-21
257.19539	3.58596e-21
257.20177	4.01530e-21
257.20815	4.47120e-21
257.21453	4.94353e-21
257.22091	5.42247e-21
257.22730	5.89870e-21
257.23368	6.36365e-21
257.24006	6.80957e-21
257.24644	7.22965e-21
257.25283	7.61811e-21
257.25921	7.97016e-21
257.26560	8.28201e-21
257.27198	8.55082e-21
257.27836	8.77461e-21
257.28475	8.95222e-21
257.29113	9.08315e-21
257.29752	9.16752e-21
257.30391	9.20596e-21
257.31029	9.19954e-21
257.31668	9.14967e-21
257.32306	9.05811e-21
257.32945	8.92689e-21
257.33584	8.75831e-21
257.34223	8.55496e-21
257.34861	8.31970e-21
257.35500	8.05571e-21
257.36139	7.76651e-21
257.36778	7.45598e-21
257.37417	7.12838e-21
257.38056	6.78837e-21
257.38695	6.44097e-21
257.39334	6.09159e-21
257.39973	5.74590e-21
257.40612	5.40987e-21
257.41251	5.08955e-21
257.41890	4.79106e-21
257.42530	4.52041e-21
257.43169	4.28336e-21
257.43808	4.08525e-21
257.44447	3.93088e-21
257.45087	3.82431e-21
257.45726	3.76877e-21
257.46365	3.76646e-21
257.47005	3.81851e-21
257.47644	3.92489e-21
257.48284	4.08433e-21
257.48923	4.29438e-21
257.49563	4.55139e-21
257.50202	4.85062e-21
257.50842	5.18631e-21
257.51482	5.55187e-21
257.52121	5.94003e-21
257.52761	6.34306e-21
257.53401	6.75295e-21
257.54040	7.16168e-21
257.54680	7.56143e-21
257.55320	7.94478e-21
257.55960	8.30495e-21
257.56600	8.63597e-21
257.57240	8.93284e-21
257.57880	9.19163e-21
257.58520	9.40957e-21
257.59160	9.58510e-21
257.59800	9.71784e-21
257.60440	9.80858e-21
257.61080	9.85914e-21
257.61720	9.87232e-21
257.62360	9.85170e-21
257.63000	9.80149e-21
257.63641	9.72634e-21
257.64281	9.63115e-21
257.64921	9.52090e-21
257.65561	9.40044e-21
257.66202	9.27434e-21
257.66842	9.14676e-21
257.67483	9.02134e-21
257.68123	8.90111e-21
257.68764	8.78844e-21
257.69404	8.68505e-21
257.70045	8.59202e-21
257.70685	8.50986e-21
257.71326	8.43858e-21
257.71966	8.37777e-21
257.72607	8.32675e-21
257.73248	8.28469e-21
257.73889	8.25071e-21
257.74529	8.22400e-21
257.75170	8.20395e-21
257.75811	8.19018e-21
257.76452	8.18265e-21
257.77093	8.18164e-21
257.77734	8.18778e-21
257.78375	8.20200e-21
257.79016	8.22547e-21
257.79657	8.25951e-21
257.80298	8.30549e-21
257.80939	8.36467e-21
257.81580	8.43810e-21
257.82221	8.52649e-21
257.82862	8.63005e-21
257.83504	8.74837e-21
257.84145	8.88038e-21
257.84786	9.02425e-21
257.85427	9.17737e-21
257.86069	9.33637e-21
257.86710	9.49715e-21
257.87352	9.65500e-21
257.87993	9.80474e-21
257.88634	9.94085e-21
257.89276	1.00577e-20
257.89918	1.01498e-20
257.90559	1.02119e-20
257.91201	1.02394e-20
257.91842	1.02286e-20
257.92484	1.01766e-20
257.93126	1.00818e-20
257.93767	9.94417e-21
257.94409	9.76480e-21
257.95051	9.54649e-21
257.95693	9.29349e-21
257.96335	9.01150e-21
257.96977	8.70748e-21
257.97619	8.38954e-21
257.98260	8.06665e-21
257.98902	7.74835e-21
257.99544	7.44445e-21
258.00187	7.16467e-21
258.00829	6.91828e-21
258.01471	6.71374e-21
258.02113	6.55837e-21
258.02755	6.45803e-21
258.03397	6.41684e-21
258.04039	6.43699e-21
258.04682	6.51858e-21
258.05324	6.65958e-21
258.05966	6.85576e-21
258.06609	7.10086e-21
258.07251	7.38673e-21
258.07894	7.70353e-21
258.08536	8.04010e-21
258.09179	8.38432e-21
258.09821	8.72349e-21
258.10464	9.04480e-21
258.11106	9.33580e-21
258.11749	9.58487e-21
258.12392	9.78160e-21
258.13034	9.91728e-21
258.13677	9.98519e-21
258.14320	9.98090e-21
258.14963	9.90249e-21
258.15605	9.75065e-21
258.16248	9.52873e-21
258.16891	9.24264e-21
258.17534	8.90071e-21
258.18177	8.51340e-21
258.18820	8.09302e-21
258.19463	7.65325e-21
258.20106	7.20872e-21
258.20749	6.77450e-21
258.21392	6.36557e-21
258.22035	5.99629e-21
258.22678	5.67987e-21
258.23322	5.42792e-21
258.23965	5.25005e-21
258.24608	5.15344e-21
258.25251	5.14265e-21
258.25895	5.21941e-21
258.26538	5.38254e-21
258.27182	5.62802e-21
258.27825	5.94905e-21
258.28468	6.33636e-21
258.29112	6.77848e-21
258.29755	7.26213e-21
258.30399	7.77276e-21
258.31043	8.29496e-21
258.31686	8.81306e-21
258.32330	9.31167e-21
258.32974	9.77621e-21
258.33617	1.01934e-20
258.34261	1.05517e-20
258.34905	1.08418e-20
258.35549	1.10568e-20
258.36192	1.11923e-20
258.36836	1.12471e-20
258.37480	1.12224e-20
258.38124	1.11223e-20
258.38768	1.09535e-20
258.39412	1.07247e-20
258.40056	1.04467e-20
258.40700	1.01318e-20
258.41344	9.79319e-21
258.41989	9.44457e-21
258.42633	9.09971e-21
258.43277	8.77182e-21
258.43921	8.47316e-21
258.44565	8.21452e-21
258.45210	8.00495e-21
258.45854	7.85137e-21
258.46498	7.75842e-21
258.47143	7.72829e-21
258.47787	7.76072e-21
258.48432	7.85305e-21
258.49076	8.00037e-21
258.49721	8.19577e-21
258.50365	8.43064e-21
258.51010	8.69504e-21
258.51654	8.97812e-21
258.52299	9.26852e-21
258.52944	9.55490e-21
258.53588	9.82628e-21
258.54233	1.00726e-20
258.54878	1.02848e-20
258.55523	1.04556e-20
258.56168	1.05793e-20
258.56812	1.06523e-20
258.57457	1.06729e-20
258.58102	1.06416e-20
258.58747	1.05608e-20
258.59392	1.04348e-20
258.60037	1.02696e-20
258.60682	1.00724e-20
258.61327	9.85168e-21
258.61973	9.61632e-21
258.62618	9.37567e-21
258.63263	9.13898e-21
258.63908	8.91503e-21
258.64553	8.71184e-21
258.65199	8.53633e-21
258.65844	8.39410e-21
258.66489	8.28923e-21
258.67135	8.22417e-21
258.67780	8.19969e-21
258.68426	8.21490e-21
258.69071	8.26736e-21
258.69717	8.35322e-21
258.70362	8.46744e-21
258.71008	8.60404e-21
258.71653	8.75644e-21
258.72299	8.91768e-21
258.72945	9.08084e-21
258.73590	9.23926e-21
258.74236	9.38691e-21
258.74882	9.51858e-21
258.75528	9.63013e-21
258.76174	9.71864e-21
258.76819	9.78249e-21
258.77465	9.82143e-21
258.78111	9.83653e-21
258.78757	9.83010e-21
258.79403	9.80553e-21
258.80049	9.76711e-21
258.80695	9.71979e-21
258.81341	9.66892e-21
258.81988	9.61997e-21
258.82634	9.57821e-21
258.83280	9.54848e-21
258.83926	9.53490e-21
258.84572	9.54068e-21
258.85219	9.56793e-21
258.85865	9.61750e-21
258.86511	9.68897e-21
258.87158	9.78061e-21
258.87804	9.88947e-21
258.88451	1.00115e-20
258.89097	1.01415e-20
258.89744	1.02739e-20
258.90390	1.04024e-20
258.91037	1.05206e-20
258.91683	1.06222e-20
258.92330	1.07015e-20
258.92977	1.07533e-20
258.93623	1.07736e-20
258.94270	1.07596e-20
258.94917	1.07099e-20
258.95564	1.06246e-20
258.96211	1.05056e-20
258.96857	1.03563e-20
258.97504	1.01818e-20
258.98151	9.98825e-21
258.98798	9.78344e-21
258.99445	9.57586e-21
259.00092	9.37468e-21
259.00739	9.18936e-21
259.01386	9.02929e-21
259.02034	8.90337e-21
259.02681	8.81969e-21
259.03328	8.78518e-21
259.03975	8.80525e-21
259.04622	8.88355e-21
259.05270	9.02180e-21
259.05917	9.21960e-21
259.06564	9.47439e-21
259.07212	9.78149e-21
259.07859	1.01342e-20
259.08507	1.05238e-20
259.09154	1.09403e-20
259.09802	1.13720e-20
259.10449	1.18066e-20
259.11097	1.22311e-20
259.11744	1.26323e-20
259.12392	1.29977e-20
259.13040	1.33153e-20
259.13687	1.35743e-20
259.14335	1.37656e-20
259.14983	1.38820e-20
259.15631	1.39183e-20
259.16279	1.38719e-20
259.16927	1.37425e-20
259.17574	1.35323e-20
259.18222	1.32461e-20
259.18870	1.28909e-20
259.19518	1.24757e-20
259.20166	1.20114e-20
259.20814	1.15103e-20
259.21463	1.09857e-20
259.22111	1.04517e-20
259.22759	9.92233e-21
259.23407	9.41139e-21
259.24055	8.93199e-21
259.24704	8.49609e-21
259.25352	8.11414e-21
259.26000	7.79478e-21
259.26649	7.54457e-21
259.27297	7.36786e-21
259.27945	7.26668e-21
259.28594	7.24074e-21
259.29242	7.28746e-21
259.29891	7.40218e-21
259.30539	7.57830e-21
259.31188	7.80763e-21
259.31837	8.08067e-21
259.32485	8.38697e-21
259.33134	8.71554e-21
259.33783	9.05523e-21
259.34431	9.39511e-21
259.35080	9.72484e-21
259.35729	1.00350e-20
259.36378	1.03175e-20
259.37027	1.05655e-20
259.37676	1.07739e-20
259.38325	1.09394e-20
259.38974	1.10604e-20
259.39623	1.11372e-20
259.40272	1.11714e-20
259.40921	1.11666e-20
259.41570	1.11274e-20
259.42219	1.10595e-20
259.42868	1.09695e-20
259.43517	1.08644e-20
259.44167	1.07515e-20
259.44816	1.06377e-20
259.45465	1.05300e-20
259.46114	1.04343e-20
259.46764	1.03559e-20
259.47413	1.02990e-20
259.48063	1.02665e-20
259.48712	1.02602e-20
259.49362	1.02806e-20
259.50011	1.03271e-20
259.50661	1.03977e-20
259.51310	1.04897e-20
259.51960	1.05993e-20
259.52610	1.07222e-20
259.53259	1.08538e-20
259.53909	1.09892e-20
259.54559	1.11236e-20
259.55209	1.12525e-20
259.55858	1.13718e-20
259.56508	1.14783e-20
259.57158	1.15693e-20
259.57808	1.16434e-20
259.58458	1.16998e-20
259.59108	1.17390e-20
259.59758	1.17623e-20
259.60408	1.17720e-20
259.61058	1.17710e-20
259.61708	1.17628e-20
259.62358	1.17516e-20
259.63009	1.17416e-20
259.63659	1.17371e-20
259.64309	1.17422e-20
259.64959	1.17607e-20
259.65610	1.17957e-20
259.66260	1.18496e-20
259.66910	1.19241e-20
259.67561	1.20197e-20
259.68211	1.21362e-20
259.68862	1.22721e-20
259.69512	1.24253e-20
259.70163	1.25923e-20
259.70813	1.27694e-20
259.71464	1.29520e-20
259.72115	1.31349e-20
259.72765	1.33130e-20
259.73416	1.34809e-20
259.74067	1.36336e-20
259.74717	1.37662e-20
259.75368	1.38747e-20
259.76019	1.39555e-20
259.76670	1.40062e-20
259.77321	1.40251e-20
259.77972	1.40117e-20
259.78623	1.39665e-20
259.79274	1.38911e-20
259.79925	1.37880e-20
259.80576	1.36607e-20
259.81227	1.35133e-20
259.81878	1.33505e-20
259.82529	1.31774e-20
259.83180	1.29993e-20
259.83832	1.28214e-20
259.84483	1.26489e-20
259.85134	1.24862e-20
259.85785	1.23373e-20
259.86437	1.22056e-20
259.87088	1.20934e-20
259.87740	1.20020e-20
259.88391	1.19320e-20
259.89043	1.18826e-20
259.89694	1.18525e-20
259.90346	1.18392e-20
259.90997	1.18396e-20
259.91649	1.18500e-20
259.92300	1.18661e-20
259.92952	1.18836e-20
259.93604	1.18979e-20
259.94256	1.19049e-20
259.94907	1.19004e-20
259.95559	1.18812e-20
259.96211	1.18443e-20
259.96863	1.17879e-20
259.97515	1.17108e-20
259.98167	1.16128e-20
259.98819	1.14948e-20
259.99471	1.13584e-20
260.00123	1.12062e-20
260.00775	1.10413e-20
260.01427	1.08677e-20
260.02079	1.06895e-20
260.02731	1.05114e-20
260.03383	1.03379e-20
260.04036	1.01733e-20
260.04688	1.00219e-20
260.05340	9.88701e-21
260.05993	9.77165e-21
260.06645	9.67785e-21
260.07297	9.60678e-21
260.07950	9.55862e-21
260.08602	9.53261e-21
260.09255	9.52702e-21
260.09907	9.53922e-21
260.10560	9.56583e-21
260.11212	9.60280e-21
260.11865	9.64562e-21
260.12518	9.68947e-21
260.13170	9.72949e-21
260.13823	9.76090e-21
260.14476	9.77931e-21
260.15129	9.78082e-21
260.15782	9.76225e-21
260.16434	9.72128e-21
260.17087	9.65656e-21
260.17740	9.56780e-21
260.18393	9.45577e-21
260.19046	9.32231e-21
260.19699	9.17028e-21
260.20352	9.00347e-21
260.21005	8.82641e-21
260.21658	8.64426e-21
260.22312	8.46258e-21
260.22965	8.28711e-21
260.23618	8.12354e-21
260.24271	7.97729e-21
260.24925	7.85327e-21
260.25578	7.75568e-21
260.26231	7.68783e-21
260.26885	7.65197e-21
260.27538	7.64921e-21
260.28191	7.67943e-21
260.28845	7.74129e-21
260.29498	7.83221e-21
260.30152	7.94850e-21
260.30806	8.08547e-21
260.31459	8.23759e-21
260.32113	8.39870e-21
260.32767	8.56222e-21
260.33420	8.72144e-21
260.34074	8.86975e-21
260.34728	9.00091e-21
260.35382	9.10930e-21
260.36035	9.19013e-21
260.36689	9.23970e-21
260.37343	9.25547e-21
260.37997	9.23628e-21
260.38651	9.18233e-21
260.39305	9.09527e-21
260.39959	8.97812e-21
260.40613	8.83518e-21
260.41267	8.67194e-21
260.41922	8.49482e-21
260.42576	8.31103e-21
260.43230	8.12824e-21
260.43884	7.95438e-21
260.44538	7.79727e-21
260.45193	7.66444e-21
260.45847	7.56274e-21
260.46501	7.49818e-21
260.47156	7.47566e-21
260.47810	7.49879e-21
260.48465	7.56975e-21
260.49119	7.68923e-21
260.49774	7.85634e-21
260.50428	8.06870e-21
260.51083	8.32247e-21
260.51738	8.61249e-21
260.52392	8.93249e-21
260.53047	9.27528e-21
260.53702	9.63299e-21
260.54356	9.99740e-21
260.55011	1.03602e-20
260.55666	1.07132e-20
260.56321	1.10488e-20
260.56976	1.13602e-20
260.57631	1.16413e-20
260.58286	1.18875e-20
260.58941	1.20955e-20
260.59596	1.22631e-20
260.60251	1.23900e-20
260.60906	1.24772e-20
260.61561	1.25270e-20
260.62216	1.25433e-20
260.62871	1.25307e-20
260.63527	1.24951e-20
260.64182	1.24430e-20
260.64837	1.23812e-20
260.65492	1.23166e-20
260.66148	1.22562e-20
260.66803	1.22065e-20
260.67459	1.21731e-20
260.68114	1.21611e-20
260.68770	1.21742e-20
260.69425	1.22149e-20
260.70081	1.22846e-20
260.70736	1.23830e-20
260.71392	1.25087e-20
260.72047	1.26587e-20
260.72703	1.28291e-20
260.73359	1.30148e-20
260.74015	1.32098e-20
260.74670	1.34076e-20
260.75326	1.36013e-20
260.75982	1.37839e-20
260.76638	1.39486e-20
260.77294	1.40891e-20
260.77950	1.41997e-20
260.78606	1.42757e-20
260.79262	1.43134e-20
260.79918	1.43104e-20
260.80574	1.42657e-20
260.81230	1.41796e-20
260.81886	1.40538e-20
260.82542	1.38914e-20
260.83199	1.36967e-20
260.83855	1.34748e-20
260.84511	1.32321e-20
260.85167	1.29752e-20
260.85824	1.27115e-20
260.86480	1.24484e-20
260.87137	1.21929e-20
260.87793	1.19520e-20
260.88450	1.17319e-20
260.89106	1.15380e-20
260.89763	1.13747e-20
260.90419	1.12451e-20
260.91076	1.11512e-20
260.91732	1.10936e-20
260.92389	1.10717e-20
260.93046	1.10835e-20
260.93703	1.11259e-20
260.94359	1.11948e-20
260.95016	1.12851e-20
260.95673	1.13914e-20
260.96330	1.15074e-20
260.96987	1.16269e-20
260.97644	1.17438e-20
260.98301	1.18523e-20
260.98958	1.19468e-20
260.99615	1.20227e-20
261.00272	1.20764e-20
261.00929	1.21050e-20
261.01586	1.21068e-20
261.02243	1.20814e-20
261.02900	1.20294e-20
261.03558	1.19525e-20
261.04215	1.18534e-20
261.04872	1.17360e-20
261.05530	1.16044e-20
261.06187	1.14636e-20
261.06844	1.13188e-20
261.07502	1.11755e-20
261.08159	1.10388e-20
261.08817	1.09137e-20
261.09474	1.08047e-20
261.10132	1.07154e-20
261.10789	1.06488e-20
261.11447	1.06069e-20
261.12105	1.05905e-20
261.12762	1.05995e-20
261.13420	1.06329e-20
261.14078	1.06883e-20
261.14736	1.07629e-20
261.15394	1.08526e-20
261.16051	1.09532e-20
261.16709	1.10596e-20
261.17367	1.11669e-20
261.18025	1.12698e-20
261.18683	1.13634e-20
261.19341	1.14431e-20
261.19999	1.15050e-20
261.20657	1.15457e-20
261.21316	1.15628e-20
261.21974	1.15550e-20
261.22632	1.15219e-20
261.23290	1.14643e-20
261.23948	1.13839e-20
261.24607	1.12836e-20
261.25265	1.11670e-20
261.25923	1.10387e-20
261.26582	1.09039e-20
261.27240	1.07682e-20
261.27899	1.06374e-20
261.28557	1.05176e-20
261.29216	1.04144e-20
261.29874	1.03332e-20
261.30533	1.02789e-20
261.31192	1.02555e-20
261.31850	1.02661e-20
261.32509	1.03130e-20
261.33168	1.03970e-20
261.33826	1.05181e-20
261.34485	1.06748e-20
261.35144	1.08647e-20
261.35803	1.10840e-20
261.36462	1.13282e-20
261.37121	1.15918e-20
261.37780	1.18685e-20
261.38439	1.21516e-20
261.39098	1.24339e-20
261.39757	1.27083e-20
261.40416	1.29677e-20
261.41075	1.32051e-20
261.41734	1.34142e-20
261.42393	1.35894e-20
261.43053	1.37257e-20
261.43712	1.38193e-20
261.44371	1.38674e-20
261.45031	1.38683e-20
261.45690	1.38216e-20
261.46349	1.37279e-20
261.47009	1.35892e-20
261.47668	1.34086e-20
261.48328	1.31900e-20
261.48987	1.29385e-20
261.49647	1.26599e-20
261.50306	1.23604e-20
261.50966	1.20469e-20
261.51626	1.17266e-20
261.52285	1.14067e-20
261.52945	1.10944e-20
261.53605	1.07964e-20
261.54265	1.05194e-20
261.54924	1.02692e-20
261.55584	1.00511e-20
261.56244	9.86957e-21
261.56904	9.72814e-21
261.57564	9.62943e-21
261.58224	9.57509e-21
261.58884	9.56574e-21
261.59544	9.60105e-21
261.60204	9.67970e-21
261.60864	9.79949e-21
261.61525	9.95741e-21
261.62185	1.01497e-20
261.62845	1.03720e-20
261.63505	1.06193e-20
261.64166	1.08865e-20
261.64826	1.11680e-20
261.65486	1.14582e-20
261.66147	1.17514e-20
261.66807	1.20422e-20
261.67468	1.23253e-20
261.68128	1.25960e-20
261.68789	1.28499e-20
261.69449	1.30832e-20
261.70110	1.32928e-20
261.70770	1.34762e-20
261.71431	1.36318e-20
261.72092	1.37586e-20
261.72752	1.38564e-20
261.73413	1.39259e-20
261.74074	1.39683e-20
261.74735	1.39855e-20
261.75396	1.39800e-20
261.76057	1.39549e-20
261.76717	1.39136e-20
261.77378	1.38597e-20
261.78039	1.37973e-20
261.78700	1.37302e-20
261.79362	1.36623e-20
261.80023	1.35975e-20
261.80684	1.35393e-20
261.81345	1.34906e-20
261.82006	1.34541e-20
261.82667	1.34319e-20
261.83329	1.34253e-20
261.83990	1.34353e-20
261.84651	1.34618e-20
261.85313	1.35044e-20
261.85974	1.35616e-20
261.86635	1.36318e-20
261.87297	1.37124e-20
261.87958	1.38006e-20
261.88620	1.38930e-20
261.89281	1.39861e-20
261.89943	1.40762e-20
261.90605	1.41597e-20
261.91266	1.42328e-20
261.91928	1.42923e-20
261.92590	1.43352e-20
261.93252	1.43590e-20
261.93913	1.43617e-20
261.94575	1.43422e-20
261.95237	1.43000e-20
261.95899	1.42352e-20
261.96561	1.41488e-20
261.97223	1.40427e-20
261.97885	1.39192e-20
261.98547	1.37816e-20
261.99209	1.36333e-20
261.99871	1.34784e-20
262.00533	1.33214e-20
262.01195	1.31668e-20
262.01857	1.30190e-20
262.02520	1.28823e-20
262.03182	1.27610e-20
262.03844	1.26585e-20
262.04507	1.25778e-20
262.05169	1.25214e-20
262.05831	1.24906e-20
262.06494	1.24863e-20
262.07156	1.25081e-20
262.07819	1.25551e-20
262.08481	1.26252e-20
262.09144	1.27158e-20
262.09806	1.28234e-20
262.10469	1.29440e-20
262.11132	1.30731e-20
262.11794	1.32060e-20
262.12457	1.33378e-20
262.13120	1.34637e-20
262.13783	1.35792e-20
262.14446	1.36799e-20
262.15108	1.37625e-20
262.15771	1.38239e-20
262.16434	1.38622e-20
262.17097	1.38761e-20
262.17760	1.38656e-20
262.18423	1.38315e-20
262.19086	1.37754e-20
262.19749	1.37003e-20
262.20413	1.36094e-20
262.21076	1.35072e-20
262.21739	1.33985e-20
262.22402	1.32883e-20
262.23066	1.31820e-20
262.23729	1.30851e-20
262.24392	1.30025e-20
262.25056	1.29392e-20
262.25719	1.28991e-20
262.26382	1.28856e-20
262.27046	1.29012e-20
262.27709	1.29471e-20
262.28373	1.30236e-20
262.29036	1.31297e-20
262.29700	1.32635e-20
262.30364	1.34217e-20
262.31027	1.36000e-20
262.31691	1.37933e-20
262.32355	1.39958e-20
262.33019	1.42008e-20
262.33682	1.44018e-20
262.34346	1.45916e-20
262.35010	1.47635e-20
262.35674	1.49111e-20
262.36338	1.50284e-20
262.37002	1.51106e-20
262.37666	1.51534e-20
262.38330	1.51541e-20
262.38994	1.51111e-20
262.39658	1.50242e-20
262.40322	1.48947e-20
262.40987	1.47251e-20
262.41651	1.45196e-20
262.42315	1.42833e-20
262.42979	1.40228e-20
262.43644	1.37454e-20
262.44308	1.34593e-20
262.44972	1.31729e-20
262.45637	1.28951e-20
262.46301	1.26347e-20
262.46966	1.24002e-20
262.47630	1.21995e-20
262.48295	1.20396e-20
262.48959	1.19267e-20
262.49624	1.18653e-20
262.50289	1.18589e-20
262.50953	1.19094e-20
262.51618	1.20170e-20
262.52283	1.21803e-20
262.52947	1.23963e-20
262.53612	1.26607e-20
262.54277	1.29674e-20
262.54942	1.33095e-20
262.55607	1.36788e-20
262.56272	1.40664e-20
262.56937	1.44629e-20
262.57602	1.48585e-20
262.58267	1.52436e-20
262.58932	1.56089e-20
262.59597	1.59454e-20
262.60262	1.62452e-20
262.60927	1.65013e-20
262.61593	1.67080e-20
262.62258	1.68611e-20
262.62923	1.69577e-20
262.63589	1.69967e-20
262.64254	1.69785e-20
262.64919	1.69052e-20
262.65585	1.67804e-20
262.66250	1.66092e-20
262.66916	1.63979e-20
262.67581	1.61539e-20
262.68247	1.58855e-20
262.68912	1.56018e-20
262.69578	1.53122e-20
262.70244	1.50262e-20
262.70909	1.47532e-20
262.71575	1.45022e-20
262.72241	1.42818e-20
262.72907	1.40993e-20
262.73572	1.39614e-20
262.74238	1.38732e-20
262.74904	1.38388e-20
262.75570	1.38604e-20
262.76236	1.39390e-20
262.76902	1.40740e-20
262.77568	1.42633e-20
262.78234	1.45030e-20
262.78900	1.47884e-20
262.79566	1.51131e-20
262.80233	1.54699e-20
262.80899	1.58506e-20
262.81565	1.62465e-20
262.82231	1.66484e-20
262.82898	1.70469e-20
262.83564	1.74327e-20
262.84230	1.77968e-20
262.84897	1.81307e-20
262.85563	1.84267e-20
262.86230	1.86780e-20
262.86896	1.88791e-20
262.87563	1.90255e-20
262.88229	1.91142e-20
262.88896	1.91437e-20
262.89562	1.91139e-20
262.90229	1.90262e-20
262.90896	1.88833e-20
262.91563	1.86895e-20
262.92229	1.84501e-20
262.92896	1.81718e-20
262.93563	1.78619e-20
262.94230	1.75285e-20
262.94897	1.71804e-20
262.95564	1.68264e-20
262.96231	1.64756e-20
262.96898	1.61368e-20
262.97565	1.58182e-20
262.98232	1.55277e-20
262.98899	1.52720e-20
262.99566	1.50570e-20
263.00233	1.48874e-20
263.00900	1.47666e-20
263.01568	1.46964e-20
263.02235	1.46774e-20
263.02902	1.47089e-20
263.03570	1.47885e-20
263.04237	1.49126e-20
263.04904	1.50765e-20
263.05572	1.52744e-20
263.06239	1.54995e-20
263.06907	1.57445e-20
263.07574	1.60015e-20
263.08242	1.62625e-20
263.08910	1.65195e-20
263.09577	1.67646e-20
263.10245	1.69907e-20
263.10913	1.71910e-20
263.11581	1.73600e-20
263.12248	1.74930e-20
263.12916	1.75865e-20
263.13584	1.76384e-20
263.14252	1.76479e-20
263.14920	1.76154e-20
263.15588	1.75428e-20
263.16256	1.74332e-20
263.16924	1.72906e-20
263.17592	1.71204e-20
263.18260	1.69283e-20
263.18928	1.67209e-20
263.19596	1.65051e-20
263.20264	1.62880e-20
263.20933	1.60763e-20
263.21601	1.58768e-20
263.22269	1.56953e-20
263.22938	1.55372e-20
263.23606	1.54069e-20
263.24274	1.53075e-20
263.24943	1.52413e-20
263.25611	1.52092e-20
263.26280	1.52108e-20
263.26948	1.52447e-20
263.27617	1.53081e-20
263.28285	1.53976e-20
263.28954	1.55086e-20
263.29623	1.56358e-20
263.30291	1.57737e-20
263.30960	1.59162e-20
263.31629	1.60575e-20
263.32298	1.61916e-20
263.32967	1.63133e-20
263.33635	1.64178e-20
263.34304	1.65011e-20
263.34973	1.65601e-20
263.35642	1.65929e-20
263.36311	1.65987e-20
263.36980	1.65776e-20
263.37649	1.65312e-20
263.38319	1.64618e-20
263.38988	1.63730e-20
263.39657	1.62689e-20
263.40326	1.61545e-20
263.40995	1.60352e-20
263.41665	1.59165e-20
263.42334	1.58039e-20
263.43003	1.57028e-20
263.43673	1.56181e-20
263.44342	1.55540e-20
263.45012	1.55138e-20
263.45681	1.54997e-20
263.46351	1.55132e-20
263.47020	1.55541e-20
263.47690	1.56212e-20
263.48359	1.57123e-20
263.49029	1.58237e-20
263.49699	1.59509e-20
263.50368	1.60887e-20
263.51038	1.62309e-20
263.51708	1.63712e-20
263.52378	1.65029e-20
263.53048	1.66194e-20
263.53718	1.67145e-20
263.54387	1.67825e-20
263.55057	1.68186e-20
263.55727	1.68191e-20
263.56397	1.67812e-20
263.57068	1.67037e-20
263.57738	1.65868e-20
263.58408	1.64322e-20
263.59078	1.62428e-20
263.59748	1.60232e-20
263.60418	1.57790e-20
263.61089	1.55172e-20
263.61759	1.52455e-20
263.62429	1.49722e-20
263.63100	1.47061e-20
263.63770	1.44560e-20
263.64441	1.42307e-20
263.65111	1.40382e-20
263.65782	1.38860e-20
263.66452	1.37803e-20
263.67123	1.37263e-20
263.67793	1.37275e-20
263.68464	1.37861e-20
263.69135	1.39022e-20
263.69805	1.40746e-20
263.70476	1.43002e-20
263.71147	1.45743e-20
263.71818	1.48908e-20
263.72488	1.52420e-20
263.73159	1.56196e-20
263.73830	1.60139e-20
263.74501	1.64152e-20
263.75172	1.68131e-20
263.75843	1.71975e-20
263.76514	1.75587e-20
263.77185	1.78875e-20
263.77857	1.81756e-20
263.78528	1.84161e-20
263.79199	1.86032e-20
263.79870	1.87326e-20
263.80541	1.88019e-20
263.81213	1.88102e-20
263.81884	1.87581e-20
263.82555	1.86481e-20
263.83227	1.84841e-20
263.83898	1.82713e-20
263.84570	1.80163e-20
263.85241	1.77265e-20
263.85913	1.74100e-20
263.86584	1.70755e-20
263.87256	1.67321e-20
263.87927	1.63884e-20
263.88599	1.60531e-20
263.89271	1.57342e-20
263.89943	1.54390e-20
263.90614	1.51739e-20
263.91286	1.49443e-20
263.91958	1.47542e-20
263.92630	1.46067e-20
263.93302	1.45034e-20
263.93974	1.44448e-20
263.94646	1.44301e-20
263.95318	1.44575e-20
263.95990	1.45243e-20
263.96662	1.46266e-20
263.97334	1.47603e-20
263.98006	1.49203e-20
263.98678	1.51015e-20
263.99351	1.52984e-20
264.00023	1.55056e-20
264.00695	1.57178e-20
264.01367	1.59300e-20
264.02040	1.61374e-20
264.02712	1.63360e-20
264.03385	1.65220e-20
264.04057	1.66923e-20
264.04730	1.68447e-20
264.05402	1.69771e-20
264.06075	1.70883e-20
264.06747	1.71776e-20
264.07420	1.72448e-20
264.08092	1.72901e-20
264.08765	1.73140e-20
264.09438	1.73173e-20
264.10111	1.73012e-20
264.10783	1.72669e-20
264.11456	1.72158e-20
264.12129	1.71492e-20
264.12802	1.70686e-20
264.13475	1.69755e-20
264.14148	1.68712e-20
264.14821	1.67572e-20
264.15494	1.66350e-20
264.16167	1.65059e-20
264.16840	1.63715e-20
264.17513	1.62332e-20
264.18187	1.60929e-20
264.18860	1.59521e-20
264.19533	1.58129e-20
264.20206	1.56771e-20
264.20880	1.55471e-20
264.21553	1.54250e-20
264.22226	1.53132e-20
264.22900	1.52143e-20
264.23573	1.51306e-20
264.24247	1.50645e-20
264.24920	1.50185e-20
264.25594	1.49946e-20
264.26267	1.49948e-20
264.26941	1.50204e-20
264.27615	1.50728e-20
264.28288	1.51524e-20
264.28962	1.52595e-20
264.29636	1.53935e-20
264.30310	1.55532e-20
264.30983	1.57370e-20
264.31657	1.59423e-20
264.32331	1.61663e-20
264.33005	1.64051e-20
264.33679	1.66547e-20
264.34353	1.69106e-20
264.35027	1.71677e-20
264.35701	1.74210e-20
264.36375	1.76652e-20
264.37049	1.78951e-20
264.37724	1.81055e-20
264.38398	1.82917e-20
264.39072	1.84494e-20
264.39746	1.85747e-20
264.40421	1.86645e-20
264.41095	1.87165e-20
264.41769	1.87292e-20
264.42444	1.87018e-20
264.43118	1.86348e-20
264.43793	1.85293e-20
264.44467	1.83877e-20
264.45142	1.82129e-20
264.45816	1.80090e-20
264.46491	1.77806e-20
264.47166	1.75330e-20
264.47840	1.72721e-20
264.48515	1.70041e-20
264.49190	1.67354e-20
264.49865	1.64725e-20
264.50539	1.62220e-20
264.51214	1.59899e-20
264.51889	1.57822e-20
264.52564	1.56040e-20
264.53239	1.54599e-20
264.53914	1.53537e-20
264.54589	1.52884e-20
264.55264	1.52658e-20
264.55939	1.52870e-20
264.56614	1.53519e-20
264.57290	1.54594e-20
264.57965	1.56073e-20
264.58640	1.57926e-20
264.59315	1.60113e-20
264.59991	1.62588e-20
264.60666	1.65297e-20
264.61341	1.68181e-20
264.62017	1.71177e-20
264.62692	1.74220e-20
264.63368	1.77246e-20
264.64043	1.80190e-20
264.64719	1.82992e-20
264.65394	1.85594e-20
264.66070	1.87946e-20
264.66746	1.90006e-20
264.67421	1.91737e-20
264.68097	1.93116e-20
264.68773	1.94126e-20
264.69449	1.94764e-20
264.70124	1.95036e-20
264.70800	1.94958e-20
264.71476	1.94559e-20
264.72152	1.93874e-20
264.72828	1.92949e-20
264.73504	1.91836e-20
264.74180	1.90592e-20
264.74856	1.89280e-20
264.75532	1.87964e-20
264.76208	1.86707e-20
264.76885	1.85573e-20
264.77561	1.84619e-20
264.78237	1.83900e-20
264.78913	1.83460e-20
264.79590	1.83336e-20
264.80266	1.83555e-20
264.80942	1.84131e-20
264.81619	1.85067e-20
264.82295	1.86353e-20
264.82972	1.87967e-20
264.83648	1.89876e-20
264.84325	1.92032e-20
264.85001	1.94382e-20
264.85678	1.96859e-20
264.86355	1.99395e-20
264.87031	2.01913e-20
264.87708	2.04336e-20
264.88385	2.06586e-20
264.89062	2.08589e-20
264.89738	2.10274e-20
264.90415	2.11580e-20
264.91092	2.12455e-20
264.91769	2.12858e-20
264.92446	2.12762e-20
264.93123	2.12155e-20
264.93800	2.11040e-20
264.94477	2.09435e-20
264.95154	2.07375e-20
264.95831	2.04909e-20
264.96509	2.02100e-20
264.97186	1.99022e-20
264.97863	1.95759e-20
264.98540	1.92403e-20
264.99218	1.89052e-20
264.99895	1.85802e-20
265.00572	1.82749e-20
265.01250	1.79987e-20
265.01927	1.77599e-20
265.02605	1.75659e-20
265.03282	1.74227e-20
265.03960	1.73349e-20
265.04637	1.73055e-20
265.05315	1.73355e-20
265.05993	1.74241e-20
265.06670	1.75689e-20
265.07348	1.77653e-20
265.08026	1.80075e-20
265.08704	1.82879e-20
265.09382	1.85979e-20
265.10059	1.89277e-20
265.10737	1.92670e-20
265.11415	1.96052e-20
265.12093	1.99319e-20
265.12771	2.02367e-20
265.13449	2.05102e-20
265.14127	2.07441e-20
265.14805	2.09314e-20
265.15484	2.10666e-20
265.16162	2.11461e-20
265.16840	2.11680e-20
265.17518	2.11325e-20
265.18197	2.10418e-20
265.18875	2.09000e-20
265.19553	2.07127e-20
265.20232	2.04873e-20
265.20910	2.02324e-20
265.21589	1.99576e-20
265.22267	1.96731e-20
265.22946	1.93897e-20
265.23624	1.91177e-20
265.24303	1.88672e-20
265.24981	1.86477e-20
265.25660	1.84672e-20
265.26339	1.83327e-20
265.27017	1.82493e-20
265.27696	1.82205e-20
265.28375	1.82479e-20
265.29054	1.83310e-20
265.29733	1.84675e-20
265.30412	1.86532e-20
265.31091	1.88824e-20
265.31770	1.91476e-20
265.32449	1.94406e-20
265.33128	1.97519e-20
265.33807	2.00716e-20
265.34486	2.03897e-20
265.35165	2.06961e-20
265.35844	2.09814e-20
265.36523	2.12371e-20
265.37203	2.14555e-20
265.37882	2.16305e-20
265.38561	2.17574e-20
265.39241	2.18333e-20
265.39920	2.18569e-20
265.40599	2.18286e-20
265.41279	2.17506e-20
265.41958	2.16265e-20
265.42638	2.14614e-20
265.43318	2.12614e-20
265.43997	2.10334e-20
265.44677	2.07850e-20
265.45356	2.05241e-20
265.46036	2.02584e-20
265.46716	1.99952e-20
265.47396	1.97413e-20
265.48075	1.95027e-20
265.48755	1.92839e-20
265.49435	1.90886e-20
265.50115	1.89191e-20
265.50795	1.87760e-20
265.51475	1.86589e-20
265.52155	1.85660e-20
265.52835	1.84943e-20
265.53515	1.84400e-20
265.54195	1.83985e-20
265.54876	1.83647e-20
265.55556	1.83333e-20
265.56236	1.82992e-20
265.56916	1.82574e-20
265.57597	1.82039e-20
265.58277	1.81351e-20
265.58957	1.80487e-20
265.59638	1.79436e-20
265.60318	1.78197e-20
265.60999	1.76784e-20
265.61679	1.75224e-20
265.62360	1.73553e-20
265.63040	1.71819e-20
265.63721	1.70078e-20
265.64401	1.68393e-20
265.65082	1.66828e-20
265.65763	1.65449e-20
265.66444	1.64319e-20
265.67124	1.63496e-20
265.67805	1.63028e-20
265.68486	1.62953e-20
265.69167	1.63299e-20
265.69848	1.64074e-20
265.70529	1.65277e-20
265.71210	1.66885e-20
265.71891	1.68864e-20
265.72572	1.71163e-20
265.73253	1.73718e-20
265.73934	1.76456e-20
265.74615	1.79294e-20
265.75297	1.82143e-20
265.75978	1.84913e-20
265.76659	1.87515e-20
265.77340	1.89865e-20
265.78022	1.91887e-20
265.78703	1.93518e-20
265.79385	1.94706e-20
265.80066	1.95417e-20
265.80748	1.95637e-20
265.81429	1.95367e-20
265.82111	1.94629e-20
265.82792	1.93465e-20
265.83474	1.91933e-20
265.84155	1.90105e-20
265.84837	1.88070e-20
265.85519	1.85922e-20
265.86201	1.83767e-20
265.86882	1.81707e-20
265.87564	1.79849e-20
265.88246	1.78289e-20
265.88928	1.77118e-20
265.89610	1.76410e-20
265.90292	1.76228e-20
265.90974	1.76611e-20
265.91656	1.77582e-20
265.92338	1.79140e-20
265.93020	1.81263e-20
265.93702	1.83906e-20
265.94385	1.87006e-20
265.95067	1.90479e-20
265.95749	1.94230e-20
265.96431	1.98146e-20
265.97114	2.02109e-20
265.97796	2.05997e-20
265.98478	2.09687e-20
265.99161	2.13061e-20
265.99843	2.16009e-20
266.00526	2.18434e-20
266.01208	2.20255e-20
266.01891	2.21411e-20
266.02574	2.21861e-20
266.03256	2.21589e-20
266.03939	2.20599e-20
266.04622	2.18923e-20
266.05304	2.16613e-20
266.05987	2.13740e-20
266.06670	2.10396e-20
266.07353	2.06687e-20
266.08036	2.02730e-20
266.08719	1.98649e-20
266.09402	1.94570e-20
266.10085	1.90620e-20
266.10768	1.86916e-20
266.11451	1.83568e-20
266.12134	1.80671e-20
266.12817	1.78303e-20
266.13500	1.76521e-20
266.14183	1.75363e-20
266.14867	1.74842e-20
266.15550	1.74948e-20
266.16233	1.75652e-20
266.16916	1.76901e-20
266.17600	1.78625e-20
266.18283	1.80736e-20
266.18967	1.83135e-20
266.19650	1.85714e-20
266.20334	1.88361e-20
266.21017	1.90960e-20
266.21701	1.93403e-20
266.22384	1.95585e-20
266.23068	1.97416e-20
266.23752	1.98818e-20
266.24436	1.99729e-20
266.25119	2.00108e-20
266.25803	1.99933e-20
266.26487	1.99202e-20
266.27171	1.97935e-20
266.27855	1.96169e-20
266.28539	1.93962e-20
266.29223	1.91383e-20
266.29907	1.88518e-20
266.30591	1.85458e-20
266.31275	1.82304e-20
266.31959	1.79155e-20
266.32643	1.76111e-20
266.33327	1.73267e-20
266.34011	1.70707e-20
266.34696	1.68506e-20
266.35380	1.66724e-20
266.36064	1.65404e-20
266.36749	1.64574e-20
266.37433	1.64243e-20
266.38117	1.64402e-20
266.38802	1.65025e-20
266.39486	1.66069e-20
266.40171	1.67479e-20
266.40856	1.69187e-20
266.41540	1.71115e-20
266.42225	1.73180e-20
266.42910	1.75295e-20
266.43594	1.77375e-20
266.44279	1.79335e-20
266.44964	1.81099e-20
266.45649	1.82598e-20
266.46333	1.83775e-20
266.47018	1.84584e-20
266.47703	1.84995e-20
266.48388	1.84992e-20
266.49073	1.84574e-20
266.49758	1.83753e-20
266.50443	1.82560e-20
266.51128	1.81032e-20
266.51814	1.79222e-20
266.52499	1.77190e-20
266.53184	1.75004e-20
266.53869	1.72733e-20
266.54554	1.70452e-20
266.55240	1.68234e-20
266.55925	1.66147e-20
266.56610	1.64257e-20
266.57296	1.62622e-20
266.57981	1.61291e-20
266.58667	1.60304e-20
266.59352	1.59690e-20
266.60038	1.59468e-20
266.60724	1.59645e-20
266.61409	1.60218e-20
266.62095	1.61174e-20
266.62781	1.62490e-20
266.63466	1.64136e-20
266.64152	1.66076e-20
266.64838	1.68266e-20
266.65524	1.70661e-20
266.66210	1.73214e-20
266.66895	1.75875e-20
266.67581	1.78596e-20
266.68267	1.81330e-20
266.68953	1.84033e-20
266.69639	1.86665e-20
266.70326	1.89189e-20
266.71012	1.91572e-20
266.71698	1.93788e-20
266.72384	1.95814e-20
266.73070	1.97630e-20
266.73757	1.99222e-20
266.74443	2.00580e-20
266.75129	2.01696e-20
266.75816	2.02567e-20
266.76502	2.03191e-20
266.77188	2.03569e-20
266.77875	2.03705e-20
266.78561	2.03602e-20
266.79248	2.03269e-20
266.79935	2.02714e-20
266.80621	2.01947e-20
266.81308	2.00983e-20
266.81994	1.99835e-20
266.82681	1.98523e-20
266.83368	1.97068e-20
266.84055	1.95492e-20
266.84742	1.93824e-20
266.85428	1.92092e-20
266.86115	1.90331e-20
266.86802	1.88577e-20
266.87489	1.86866e-20
266.88176	1.85240e-20
266.88863	1.83739e-20
266.89550	1.82403e-20
266.90237	1.81273e-20
266.90925	1.80386e-20
266.91612	1.79777e-20
266.92299	1.79477e-20
266.92986	1.79509e-20
266.93674	1.79893e-20
266.94361	1.80640e-20
266.95048	1.81753e-20
266.95736	1.83225e-20
266.96423	1.85044e-20
266.97111	1.87185e-20
266.97798	1.89618e-20
266.98486	1.92302e-20
266.99173	1.95192e-20
266.99861	1.98235e-20
267.00548	2.01374e-20
267.01236	2.04549e-20
267.01924	2.07701e-20
267.02612	2.10767e-20
267.03299	2.13691e-20
267.03987	2.16418e-20
267.04675	2.18900e-20
267.05363	2.21096e-20
267.06051	2.22974e-20
267.06739	2.24509e-20
267.07427	2.25689e-20
267.08115	2.26511e-20
267.08803	2.26982e-20
267.09491	2.27120e-20
267.10179	2.26950e-20
267.10867	2.26509e-20
267.11556	2.25835e-20
267.12244	2.24976e-20
267.12932	2.23982e-20
267.13620	2.22901e-20
267.14309	2.21785e-20
267.14997	2.20682e-20
267.15686	2.19634e-20
267.16374	2.18679e-20
267.17063	2.17847e-20
267.17751	2.17159e-20
267.18440	2.16629e-20
267.19128	2.16258e-20
267.19817	2.16041e-20
267.20506	2.15963e-20
267.21194	2.15998e-20
267.21883	2.16116e-20
267.22572	2.16279e-20
267.23261	2.16447e-20
267.23949	2.16575e-20
267.24638	2.16620e-20
267.25327	2.16539e-20
267.26016	2.16293e-20
267.26705	2.15849e-20
267.27394	2.15180e-20
267.28083	2.14270e-20
267.28772	2.13108e-20
267.29462	2.11698e-20
267.30151	2.10052e-20
267.30840	2.08193e-20
267.31529	2.06154e-20
267.32218	2.03977e-20
267.32908	2.01714e-20
267.33597	1.99420e-20
267.34286	1.97157e-20
267.34976	1.94988e-20
267.35665	1.92978e-20
267.36355	1.91189e-20
267.37044	1.89678e-20
267.37734	1.88498e-20
267.38424	1.87693e-20
267.39113	1.87297e-20
267.39803	1.87332e-20
267.40493	1.87812e-20
267.41182	1.88734e-20
267.41872	1.90085e-20
267.42562	1.91839e-20
267.43252	1.93959e-20
267.43942	1.96397e-20
267.44631	1.99097e-20
267.45321	2.01995e-20
267.46011	2.05021e-20
267.46701	2.08104e-20
267.47392	2.11170e-20
267.48082	2.14150e-20
267.48772	2.16976e-20
267.49462	2.19585e-20
267.50152	2.21923e-20
267.50842	2.23947e-20
267.51533	2.25621e-20
267.52223	2.26921e-20
267.52913	2.27837e-20
267.53604	2.28369e-20
267.54294	2.28527e-20
267.54985	2.28336e-20
267.55675	2.27826e-20
267.56366	2.27037e-20
267.57056	2.26018e-20
267.57747	2.24819e-20
267.58437	2.23497e-20
267.59128	2.22106e-20
267.59819	2.20702e-20
267.60509	2.19337e-20
267.61200	2.18059e-20
267.61891	2.16908e-20
267.62582	2.15921e-20
267.63273	2.15123e-20
267.63964	2.14532e-20
267.64655	2.14157e-20
267.65346	2.13996e-20
267.66037	2.14041e-20
267.66728	2.14275e-20
267.67419	2.14675e-20
267.68110	2.15209e-20
267.68801	2.15846e-20
267.69492	2.16547e-20
267.70183	2.17274e-20
267.70875	2.17990e-20
267.71566	2.18656e-20
267.72257	2.19241e-20
267.72949	2.19713e-20
267.73640	2.20049e-20
267.74332	2.20230e-20
267.75023	2.20245e-20
267.75715	2.20086e-20
267.76406	2.19757e-20
267.77098	2.19264e-20
267.77789	2.18620e-20
267.78481	2.17845e-20
267.79173	2.16960e-20
267.79865	2.15992e-20
267.80556	2.14967e-20
267.81248	2.13916e-20
267.81940	2.12866e-20
267.82632	2.11843e-20
267.83324	2.10874e-20
267.84016	2.09977e-20
267.84708	2.09171e-20
267.85400	2.08467e-20
267.86092	2.07874e-20
267.86784	2.07392e-20
267.87476	2.07021e-20
267.88168	2.06751e-20
267.88860	2.06572e-20
267.89553	2.06468e-20
267.90245	2.06421e-20
267.90937	2.06412e-20
267.91629	2.06418e-20
267.92322	2.06419e-20
267.93014	2.06394e-20
267.93707	2.06325e-20
267.94399	2.06195e-20
267.95092	2.05992e-20
267.95784	2.05705e-20
267.96477	2.05329e-20
267.97170	2.04864e-20
267.97862	2.04312e-20
267.98555	2.03680e-20
267.99248	2.02980e-20
267.99940	2.02227e-20
268.00633	2.01438e-20
268.01326	2.00632e-20
268.02019	1.99832e-20
268.02712	1.99059e-20
268.03405	1.98335e-20
268.04098	1.97683e-20
268.04791	1.97122e-20
268.05484	1.96670e-20
268.06177	1.96344e-20
268.06870	1.96157e-20
268.07563	1.96117e-20
268.08256	1.96231e-20
268.08950	1.96503e-20
268.09643	1.96932e-20
268.10336	1.97516e-20
268.11030	1.98247e-20
268.11723	1.99117e-20
268.12416	2.00118e-20
268.13110	2.01235e-20
268.13803	2.02458e-20
268.14497	2.03771e-20
268.15190	2.05163e-20
268.15884	2.06620e-20
268.16578	2.08128e-20
268.17271	2.09677e-20
268.17965	2.11256e-20
268.18659	2.12853e-20
268.19353	2.14462e-20
268.20046	2.16073e-20
268.20740	2.17679e-20
268.21434	2.19274e-20
268.22128	2.20850e-20
268.22822	2.22402e-20
268.23516	2.23921e-20
268.24210	2.25401e-20
268.24904	2.26833e-20
268.25598	2.28208e-20
268.26292	2.29516e-20
268.26987	2.30744e-20
268.27681	2.31881e-20
268.28375	2.32914e-20
268.29069	2.33829e-20
268.29764	2.34612e-20
268.30458	2.35251e-20
268.31152	2.35733e-20
268.31847	2.36047e-20
268.32541	2.36184e-20
268.33236	2.36138e-20
268.33930	2.35904e-20
268.34625	2.35483e-20
268.35319	2.34879e-20
268.36014	2.34099e-20
268.36709	2.33155e-20
268.37403	2.32064e-20
268.38098	2.30846e-20
268.38793	2.29525e-20
268.39488	2.28130e-20
268.40183	2.26691e-20
268.40878	2.25240e-20
268.41572	2.23814e-20
268.42267	2.22446e-20
268.42962	2.21171e-20
268.43657	2.20023e-20
268.44353	2.19032e-20
268.45048	2.18228e-20
268.45743	2.17634e-20
268.46438	2.17269e-20
268.47133	2.17147e-20
268.47828	2.17276e-20
268.48524	2.17659e-20
268.49219	2.18290e-20
268.49914	2.19159e-20
268.50610	2.20250e-20
268.51305	2.21541e-20
268.52001	2.23004e-20
268.52696	2.24610e-20
268.53392	2.26325e-20
268.54087	2.28111e-20
268.54783	2.29934e-20
268.55479	2.31755e-20
268.56174	2.33540e-20
268.56870	2.35257e-20
268.57566	2.36875e-20
268.58262	2.38369e-20
268.58957	2.39721e-20
268.59653	2.40916e-20
268.60349	2.41946e-20
268.61045	2.42811e-20
268.61741	2.43515e-20
268.62437	2.44070e-20
268.63133	2.44492e-20
268.63829	2.44805e-20
268.64525	2.45034e-20
268.65221	2.45208e-20
268.65918	2.45362e-20
268.66614	2.45527e-20
268.67310	2.45736e-20
268.68006	2.46022e-20
268.68703	2.46415e-20
268.69399	2.46940e-20
268.70096	2.47620e-20
268.70792	2.48470e-20
268.71488	2.49501e-20
268.72185	2.50719e-20
268.72881	2.52119e-20
268.73578	2.53695e-20
268.74275	2.55430e-20
268.74971	2.57305e-20
268.75668	2.59292e-20
268.76365	2.61362e-20
268.77062	2.63479e-20
268.77758	2.65608e-20
268.78455	2.67711e-20
268.79152	2.69749e-20
268.79849	2.71686e-20
268.80546	2.73486e-20
268.81243	2.75117e-20
268.81940	2.76552e-20
268.82637	2.77768e-20
268.83334	2.78748e-20
268.84031	2.79479e-20
268.84728	2.79957e-20
268.85426	2.80182e-20
268.86123	2.80162e-20
268.86820	2.79907e-20
268.87517	2.79436e-20
268.88215	2.78770e-20
268.88912	2.77935e-20
268.89610	2.76957e-20
268.90307	2.75865e-20
268.91004	2.74690e-20
268.91702	2.73459e-20
268.92400	2.72202e-20
268.93097	2.70943e-20
268.93795	2.69706e-20
268.94492	2.68508e-20
268.95190	2.67366e-20
268.95888	2.66290e-20
268.96586	2.65287e-20
268.97283	2.64361e-20
268.97981	2.63511e-20
268.98679	2.62733e-20
268.99377	2.62020e-20
269.00075	2.61365e-20
269.00773	2.60758e-20
269.01471	2.60190e-20
269.02169	2.59653e-20
269.02867	2.59138e-20
269.03565	2.58641e-20
269.04264	2.58160e-20
269.04962	2.57696e-20
269.05660	2.57253e-20
269.06358	2.56840e-20
269.07057	2.56468e-20
269.07755	2.56153e-20
269.08453	2.55914e-20
269.09152	2.55772e-20
269.09850	2.55749e-20
269.10549	2.55868e-20
269.11247	2.56153e-20
269.11946	2.56624e-20
269.12645	2.57301e-20
269.13343	2.58200e-20
269.14042	2.59332e-20
269.14741	2.60702e-20
269.15439	2.62311e-20
269.16138	2.64151e-20
269.16837	2.66208e-20
269.17536	2.68461e-20
269.18235	2.70882e-20
269.18934	2.73436e-20
269.19633	2.76082e-20
269.20332	2.78776e-20
269.21031	2.81467e-20
269.21730	2.84103e-20
269.22429	2.86629e-20
269.23128	2.88994e-20
269.23827	2.91144e-20
269.24527	2.93032e-20
269.25226	2.94615e-20
269.25925	2.95855e-20
269.26624	2.96723e-20
269.27324	2.97199e-20
269.28023	2.97270e-20
269.28723	2.96935e-20
269.29422	2.96204e-20
269.30122	2.95095e-20
269.30821	2.93637e-20
269.31521	2.91867e-20
269.32220	2.89832e-20
269.32920	2.87585e-20
269.33620	2.85183e-20
269.34320	2.82688e-20
269.35019	2.80164e-20
269.35719	2.77675e-20
269.36419	2.75281e-20
269.37119	2.73041e-20
269.37819	2.71007e-20
269.38519	2.69224e-20
269.39219	2.67729e-20
269.39919	2.66549e-20
269.40619	2.65701e-20
269.41319	2.65190e-20
269.42019	2.65011e-20
269.42719	2.65149e-20
269.43419	2.65575e-20
269.44120	2.66255e-20
269.44820	2.67144e-20
269.45520	2.68191e-20
269.46221	2.69341e-20
269.46921	2.70534e-20
269.47622	2.71709e-20
269.48322	2.72806e-20
269.49022	2.73768e-20
269.49723	2.74542e-20
269.50424	2.75082e-20
269.51124	2.75348e-20
269.51825	2.75311e-20
269.52526	2.74951e-20
269.53226	2.74259e-20
269.53927	2.73238e-20
269.54628	2.71900e-20
269.55329	2.70269e-20
269.56030	2.68379e-20
269.56730	2.66273e-20
269.57431	2.64001e-20
269.58132	2.61619e-20
269.58833	2.59187e-20
269.59534	2.56768e-20
269.60235	2.54426e-20
269.60937	2.52222e-20
269.61638	2.50214e-20
269.62339	2.48456e-20
269.63040	2.46993e-20
269.63741	2.45862e-20
269.64443	2.45094e-20
269.65144	2.44705e-20
269.65845	2.44704e-20
269.66547	2.45087e-20
269.67248	2.45840e-20
269.67950	2.46940e-20
269.68651	2.48353e-20
269.69353	2.50037e-20
269.70054	2.51944e-20
269.70756	2.54019e-20
269.71458	2.56207e-20
269.72160	2.58447e-20
269.72861	2.60680e-20
269.73563	2.62849e-20
269.74265	2.64900e-20
269.74967	2.66784e-20
269.75669	2.68458e-20
269.76371	2.69887e-20
269.77072	2.71046e-20
269.77774	2.71916e-20
269.78476	2.72491e-20
269.79179	2.72771e-20
269.79881	2.72766e-20
269.80583	2.72497e-20
269.81285	2.71989e-20
269.81987	2.71276e-20
269.82689	2.70396e-20
269.83392	2.69390e-20
269.84094	2.68304e-20
269.84796	2.67182e-20
269.85499	2.66068e-20
269.86201	2.65004e-20
269.86904	2.64028e-20
269.87606	2.63173e-20
269.88309	2.62464e-20
269.89011	2.61923e-20
269.89714	2.61560e-20
269.90417	2.61382e-20
269.91119	2.61383e-20
269.91822	2.61554e-20
269.92525	2.61878e-20
269.93228	2.62329e-20
269.93931	2.62879e-20
269.94633	2.63494e-20
269.95336	2.64140e-20
269.96039	2.64778e-20
269.96742	2.65371e-20
269.97445	2.65884e-20
269.98148	2.66284e-20
269.98851	2.66542e-20
269.99555	2.66637e-20
270.00258	2.66551e-20
270.00961	2.66275e-20
270.01664	2.65806e-20
270.02367	2.65152e-20
270.03071	2.64325e-20
270.03774	2.63346e-20
270.04477	2.62245e-20
270.05181	2.61056e-20
270.05884	2.59817e-20
270.06588	2.58572e-20
270.07291	2.57368e-20
270.07995	2.56250e-20
270.08699	2.55267e-20
270.09402	2.54461e-20
270.10106	2.53873e-20
270.10810	2.53541e-20
270.11513	2.53493e-20
270.12217	2.53752e-20
270.12921	2.54332e-20
270.13625	2.55239e-20
270.14329	2.56468e-20
270.15033	2.58006e-20
270.15737	2.59832e-20
270.16441	2.61915e-20
270.17145	2.64214e-20
270.17849	2.66686e-20
270.18553	2.69278e-20
270.19257	2.71934e-20
270.19961	2.74597e-20
270.20666	2.77207e-20
270.21370	2.79705e-20
270.22074	2.82035e-20
270.22778	2.84143e-20
270.23483	2.85983e-20
270.24187	2.87514e-20
270.24892	2.88703e-20
270.25596	2.89527e-20
270.26301	2.89971e-20
270.27005	2.90031e-20
270.27710	2.89713e-20
270.28414	2.89032e-20
270.29119	2.88012e-20
270.29824	2.86686e-20
270.30529	2.85094e-20
270.31233	2.83283e-20
270.31938	2.81303e-20
270.32643	2.79209e-20
270.33348	2.77056e-20
270.34053	2.74899e-20
270.34758	2.72791e-20
270.35463	2.70780e-20
270.36168	2.68913e-20
270.36873	2.67226e-20
270.37578	2.65750e-20
270.38283	2.64508e-20
270.38988	2.63512e-20
270.39694	2.62768e-20
270.40399	2.62271e-20
270.41104	2.62007e-20
270.41810	2.61956e-20
270.42515	2.62089e-20
270.43220	2.62372e-20
270.43926	2.62767e-20
270.44631	2.63231e-20
270.45337	2.63721e-20
270.46042	2.64193e-20
270.46748	2.64607e-20
270.47454	2.64925e-20
270.48159	2.65112e-20
270.48865	2.65141e-20
270.49571	2.64993e-20
270.50276	2.64654e-20
270.50982	2.64122e-20
270.51688	2.63399e-20
270.52394	2.62501e-20
270.53100	2.61447e-20
270.53806	2.60267e-20
270.54512	2.58996e-20
270.55218	2.57674e-20
270.55924	2.56347e-20
270.56630	2.55060e-20
270.57336	2.53862e-20
270.58042	2.52798e-20
270.58749	2.51912e-20
270.59455	2.51244e-20
270.60161	2.50827e-20
270.60868	2.50688e-20
270.61574	2.50845e-20
270.62280	2.51307e-20
270.62987	2.52075e-20
270.63693	2.53138e-20
270.64400	2.54479e-20
270.65106	2.56068e-20
270.65813	2.57869e-20
270.66519	2.59839e-20
270.67226	2.61929e-20
270.67933	2.64085e-20
270.68640	2.66250e-20
270.69346	2.68368e-20
270.70053	2.70383e-20
270.70760	2.72239e-20
270.71467	2.73889e-20
270.72174	2.75290e-20
270.72881	2.76404e-20
270.73588	2.77205e-20
270.74295	2.77675e-20
270.75002	2.77804e-20
270.75709	2.77596e-20
270.76416	2.77060e-20
270.77123	2.76220e-20
270.77830	2.75103e-20
270.78538	2.73749e-20
270.79245	2.72201e-20
270.79952	2.70507e-20
270.80660	2.68721e-20
270.81367	2.66897e-20
270.82075	2.65087e-20
270.82782	2.63345e-20
270.83490	2.61718e-20
270.84197	2.60249e-20
270.84905	2.58977e-20
270.85612	2.57931e-20
270.86320	2.57132e-20
270.87028	2.56593e-20
270.87735	2.56319e-20
270.88443	2.56305e-20
270.89151	2.56537e-20
270.89859	2.56996e-20
270.90567	2.57655e-20
270.91275	2.58480e-20
270.91983	2.59436e-20
270.92691	2.60484e-20
270.93399	2.61583e-20
270.94107	2.62694e-20
270.94815	2.63780e-20
270.95523	2.64806e-20
270.96231	2.65743e-20
270.96939	2.66568e-20
270.97647	2.67262e-20
270.98356	2.67815e-20
270.99064	2.68225e-20
270.99772	2.68495e-20
271.00481	2.68637e-20
271.01189	2.68666e-20
271.01898	2.68606e-20
271.02606	2.68484e-20
271.03315	2.68329e-20
271.04023	2.68172e-20
271.04732	2.68047e-20
271.05441	2.67984e-20
271.06149	2.68010e-20
271.06858	2.68152e-20
271.07567	2.68428e-20
271.08276	2.68853e-20
271.08985	2.69434e-20
271.09693	2.70170e-20
271.10402	2.71055e-20
271.11111	2.72075e-20
271.11820	2.73207e-20
271.12529	2.74425e-20
271.13238	2.75696e-20
271.13947	2.76982e-20
271.14657	2.78243e-20
271.15366	2.79437e-20
271.16075	2.80522e-20
271.16784	2.81457e-20
271.17494	2.82203e-20
271.18203	2.82728e-20
271.18912	2.83002e-20
271.19622	2.83003e-20
271.20331	2.82717e-20
271.21041	2.82137e-20
271.21750	2.81266e-20
271.22460	2.80114e-20
271.23169	2.78701e-20
271.23879	2.77053e-20
271.24588	2.75204e-20
271.25298	2.73194e-20
271.26008	2.71070e-20
271.26718	2.68881e-20
271.27427	2.66677e-20
271.28137	2.64512e-20
271.28847	2.62437e-20
271.29557	2.60501e-20
271.30267	2.58749e-20
271.30977	2.57222e-20
271.31687	2.55954e-20
271.32397	2.54972e-20
271.33107	2.54295e-20
271.33817	2.53933e-20
271.34528	2.53889e-20
271.35238	2.54155e-20
271.35948	2.54717e-20
271.36658	2.55552e-20
271.37369	2.56630e-20
271.38079	2.57916e-20
271.38789	2.59367e-20
271.39500	2.60939e-20
271.40210	2.62586e-20
271.40921	2.64260e-20
271.41631	2.65911e-20
271.42342	2.67496e-20
271.43053	2.68969e-20
271.43763	2.70291e-20
271.44474	2.71429e-20
271.45185	2.72354e-20
271.45895	2.73043e-20
271.46606	2.73480e-20
271.47317	2.73659e-20
271.48028	2.73576e-20
271.48739	2.73239e-20
271.49450	2.72657e-20
271.50161	2.71851e-20
271.50872	2.70842e-20
271.51583	2.69658e-20
271.52294	2.68330e-20
271.53005	2.66893e-20
271.53716	2.65382e-20
271.54428	2.63834e-20
271.55139	2.62284e-20
271.55850	2.60768e-20
271.56562	2.59319e-20
271.57273	2.57967e-20
271.57984	2.56739e-20
271.58696	2.55660e-20
271.59407	2.54748e-20
271.60119	2.54018e-20
271.60830	2.53480e-20
271.61542	2.53141e-20
271.62254	2.53000e-20
271.62965	2.53055e-20
271.63677	2.53299e-20
271.64389	2.53721e-20
271.65100	2.54306e-20
271.65812	2.55038e-20
271.66524	2.55899e-20
271.67236	2.56866e-20
271.67948	2.57919e-20
271.68660	2.59034e-20
271.69372	2.60190e-20
271.70084	2.61365e-20
271.70796	2.62538e-20
271.71508	2.63689e-20
271.72220	2.64801e-20
271.72933	2.65857e-20
271.73645	2.66846e-20
271.74357	2.67755e-20
271.75069	2.68578e-20
271.75782	2.69310e-20
271.76494	2.69948e-20
271.77206	2.70494e-20
271.77919	2.70951e-20
271.78631	2.71325e-20
271.79344	2.71626e-20
271.80056	2.71863e-20
271.80769	2.72049e-20
271.81482	2.72199e-20
271.82194	2.72327e-20
271.82907	2.72449e-20
271.83620	2.72580e-20
271.84333	2.72737e-20
271.85045	2.72933e-20
271.85758	2.73183e-20
271.86471	2.73499e-20
271.87184	2.73889e-20
271.87897	2.74363e-20
271.88610	2.74924e-20
271.89323	2.75576e-20
271.90036	2.76317e-20
271.90749	2.77143e-20
271.91463	2.78048e-20
271.92176	2.79023e-20
271.92889	2.80054e-20
271.93602	2.81127e-20
271.94316	2.82226e-20
271.95029	2.83333e-20
271.95742	2.84427e-20
271.96456	2.85489e-20
271.97169	2.86501e-20
271.97883	2.87441e-20
271.98596	2.88293e-20
271.99310	2.89041e-20
272.00023	2.89670e-20
272.00737	2.90170e-20
272.01451	2.90534e-20
272.02165	2.90756e-20
272.02878	2.90837e-20
272.03592	2.90780e-20
272.04306	2.90592e-20
272.05020	2.90284e-20
272.05734	2.89869e-20
272.06448	2.89367e-20
272.07162	2.88795e-20
272.07876	2.88178e-20
272.08590	2.87538e-20
272.09304	2.86900e-20
272.10018	2.86290e-20
272.10732	2.85731e-20
272.11446	2.85249e-20
272.12161	2.84864e-20
272.12875	2.84595e-20
272.13589	2.84461e-20
272.14304	2.84475e-20
272.15018	2.84648e-20
272.15732	2.84985e-20
272.16447	2.85489e-20
272.17161	2.86161e-20
272.17876	2.86995e-20
272.18591	2.87984e-20
272.19305	2.89116e-20
272.20020	2.90378e-20
272.20735	2.91754e-20
272.21449	2.93226e-20
272.22164	2.94776e-20
272.22879	2.96384e-20
272.23594	2.98031e-20
272.24309	2.99696e-20
272.25024	3.01362e-20
272.25738	3.03011e-20
272.26453	3.04627e-20
272.27168	3.06196e-20
272.27884	3.07704e-20
272.28599	3.09142e-20
272.29314	3.10501e-20
272.30029	3.11773e-20
272.30744	3.12952e-20
272.31460	3.14035e-20
272.32175	3.15019e-20
272.32890	3.15902e-20
272.33606	3.16682e-20
272.34321	3.17359e-20
272.35036	3.17932e-20
272.35752	3.18402e-20
272.36467	3.18767e-20
272.37183	3.19028e-20
272.37899	3.19184e-20
272.38614	3.19236e-20
272.39330	3.19183e-20
272.40046	3.19027e-20
272.40761	3.18767e-20
272.41477	3.18408e-20
272.42193	3.17952e-20
272.42909	3.17405e-20
272.43625	3.16772e-20
272.44341	3.16064e-20
272.45057	3.15289e-20
272.45773	3.14462e-20
272.46489	3.13597e-20
272.47205	3.12712e-20
272.47921	3.11824e-20
272.48637	3.10955e-20
272.49353	3.10126e-20
272.50070	3.09358e-20
272.50786	3.08674e-20
272.51502	3.08094e-20
272.52218	3.07641e-20
272.52935	3.07330e-20
272.53651	3.07179e-20
272.54368	3.07199e-20
272.55084	3.07398e-20
272.55801	3.07782e-20
272.56517	3.08349e-20
272.57234	3.09095e-20
272.57951	3.10008e-20
272.58667	3.11074e-20
272.59384	3.12273e-20
272.60101	3.13579e-20
272.60818	3.14965e-20
272.61534	3.16400e-20
272.62251	3.17851e-20
272.62968	3.19281e-20
272.63685	3.20657e-20
272.64402	3.21944e-20
272.65119	3.23110e-20
272.65836	3.24125e-20
272.66553	3.24963e-20
272.67271	3.25603e-20
272.67988	3.26031e-20
272.68705	3.26236e-20
272.69422	3.26218e-20
272.70140	3.25979e-20
272.70857	3.25532e-20
272.71574	3.24894e-20
272.72292	3.24091e-20
272.73009	3.23152e-20
272.73727	3.22113e-20
272.74444	3.21013e-20
272.75162	3.19895e-20
272.75879	3.18802e-20
272.76597	3.17779e-20
272.77315	3.16869e-20
272.78032	3.16114e-20
272.78750	3.15552e-20
272.79468	3.15215e-20
272.80186	3.15132e-20
272.80904	3.15325e-20
272.81621	3.15806e-20
272.82339	3.16582e-20
272.83057	3.17652e-20
272.83775	3.19006e-20
272.84493	3.20628e-20
272.85211	3.22492e-20
272.85930	3.24569e-20
272.86648	3.26821e-20
272.87366	3.29208e-20
272.88084	3.31684e-20
272.88802	3.34204e-20
272.89521	3.36720e-20
272.90239	3.39183e-20
272.90958	3.41550e-20
272.91676	3.43777e-20
272.92394	3.45826e-20
272.93113	3.47664e-20
272.93831	3.49265e-20
272.94550	3.50608e-20
272.95269	3.51680e-20
272.95987	3.52476e-20
272.96706	3.52996e-20
272.97425	3.53251e-20
272.98144	3.53256e-20
272.98862	3.53034e-20
272.99581	3.52611e-20
273.00300	3.52020e-20
273.01019	3.51296e-20
273.01738	3.50477e-20
273.02457	3.49604e-20
273.03176	3.48714e-20
273.03895	3.47847e-20
273.04614	3.47038e-20
273.05333	3.46321e-20
273.06052	3.45725e-20
273.06772	3.45274e-20
273.07491	3.44987e-20
273.08210	3.44879e-20
273.08930	3.44955e-20
273.09649	3.45219e-20
273.10368	3.45666e-20
273.11088	3.46285e-20
273.11807	3.47062e-20
273.12527	3.47978e-20
273.13246	3.49009e-20
273.13966	3.50128e-20
273.14686	3.51309e-20
273.15405	3.52519e-20
273.16125	3.53731e-20
273.16845	3.54913e-20
273.17565	3.56037e-20
273.18284	3.57078e-20
273.19004	3.58012e-20
273.19724	3.58820e-20
273.20444	3.59485e-20
273.21164	3.59996e-20
273.21884	3.60346e-20
273.22604	3.60534e-20
273.23324	3.60561e-20
273.24044	3.60435e-20
273.24765	3.60167e-20
273.25485	3.59773e-20
273.26205	3.59271e-20
273.26925	3.58684e-20
273.27646	3.58034e-20
273.28366	3.57347e-20
273.29086	3.56651e-20
273.29807	3.55970e-20
273.30527	3.55332e-20
273.31248	3.54761e-20
273.31968	3.54280e-20
273.32689	3.53909e-20
273.33410	3.53666e-20
273.34130	3.53564e-20
273.34851	3.53615e-20
273.35572	3.53822e-20
273.36293	3.54189e-20
273.37013	3.54713e-20
273.37734	3.55388e-20
273.38455	3.56201e-20
273.39176	3.57139e-20
273.39897	3.58182e-20
273.40618	3.59310e-20
273.41339	3.60499e-20
273.42060	3.61722e-20
273.42781	3.62951e-20
273.43502	3.64159e-20
273.44224	3.65317e-20
273.44945	3.66397e-20
273.45666	3.67372e-20
273.46387	3.68218e-20
273.47109	3.68912e-20
273.47830	3.69436e-20
273.48552	3.69772e-20
273.49273	3.69911e-20
273.49995	3.69843e-20
273.50716	3.69567e-20
273.51438	3.69083e-20
273.52159	3.68397e-20
273.52881	3.67520e-20
273.53603	3.66467e-20
273.54324	3.65256e-20
273.55046	3.63909e-20
273.55768	3.62451e-20
273.56490	3.60909e-20
273.57212	3.59313e-20
273.57934	3.57691e-20
273.58656	3.56075e-20
273.59378	3.54493e-20
273.60100	3.52975e-20
273.60822	3.51548e-20
273.61544	3.50234e-20
273.62266	3.49057e-20
273.62988	3.48031e-20
273.63710	3.47173e-20
273.64433	3.46489e-20
273.65155	3.45986e-20
273.65877	3.45663e-20
273.66600	3.45515e-20
273.67322	3.45535e-20
273.68045	3.45709e-20
273.68767	3.46022e-20
273.69490	3.46455e-20
273.70212	3.46984e-20
273.70935	3.47588e-20
273.71657	3.48242e-20
273.72380	3.48920e-20
273.73103	3.49599e-20
273.73826	3.50255e-20
273.74548	3.50866e-20
273.75271	3.51414e-20
273.75994	3.51883e-20
273.76717	3.52261e-20
273.77440	3.52538e-20
273.78163	3.52712e-20
273.78886	3.52781e-20
273.79609	3.52752e-20
273.80332	3.52631e-20
273.81055	3.52433e-20
273.81778	3.52175e-20
273.82502	3.51874e-20
273.83225	3.51555e-20
273.83948	3.51242e-20
273.84672	3.50960e-20
273.85395	3.50735e-20
273.86118	3.50595e-20
273.86842	3.50563e-20
273.87565	3.50664e-20
273.88289	3.50918e-20
273.89012	3.51343e-20
273.89736	3.51952e-20
273.90460	3.52756e-20
273.91183	3.53760e-20
273.91907	3.54962e-20
273.92631	3.56359e-20
273.93355	3.57938e-20
273.94078	3.59686e-20
273.94802	3.61581e-20
273.95526	3.63599e-20
273.96250	3.65709e-20
273.96974	3.67881e-20
273.97698	3.70077e-20
273.98422	3.72261e-20
273.99146	3.74393e-20
273.99870	3.76435e-20
274.00595	3.78348e-20
274.01319	3.80095e-20
274.02043	3.81641e-20
274.02767	3.82954e-20
274.03492	3.84007e-20
274.04216	3.84778e-20
274.04940	3.85248e-20
274.05665	3.85408e-20
274.06389	3.85250e-20
274.07114	3.84779e-20
274.07838	3.84001e-20
274.08563	3.82933e-20
274.09288	3.81596e-20
274.10012	3.80019e-20
274.10737	3.78235e-20
274.11462	3.76285e-20
274.12187	3.74210e-20
274.12911	3.72060e-20
274.13636	3.69882e-20
274.14361	3.67729e-20
274.15086	3.65652e-20
274.15811	3.63701e-20
274.16536	3.61924e-20
274.17261	3.60367e-20
274.17986	3.59070e-20
274.18711	3.58070e-20
274.19437	3.57396e-20
274.20162	3.57069e-20
274.20887	3.57105e-20
274.21612	3.57509e-20
274.22338	3.58279e-20
274.23063	3.59405e-20
274.23788	3.60868e-20
274.24514	3.62640e-20
274.25239	3.64687e-20
274.25965	3.66968e-20
274.26690	3.69436e-20
274.27416	3.72038e-20
274.28142	3.74721e-20
274.28867	3.77426e-20
274.29593	3.80096e-20
274.30319	3.82674e-20
274.31044	3.85105e-20
274.31770	3.87339e-20
274.32496	3.89329e-20
274.33222	3.91035e-20
274.33948	3.92427e-20
274.34674	3.93478e-20
274.35400	3.94174e-20
274.36126	3.94509e-20
274.36852	3.94486e-20
274.37578	3.94117e-20
274.38304	3.93423e-20
274.39031	3.92435e-20
274.39757	3.91189e-20
274.40483	3.89730e-20
274.41210	3.88105e-20
274.41936	3.86367e-20
274.42662	3.84571e-20
274.43389	3.82773e-20
274.44115	3.81026e-20
274.44842	3.79384e-20
274.45568	3.77894e-20
274.46295	3.76599e-20
274.47021	3.75535e-20
274.47748	3.74733e-20
274.48475	3.74213e-20
274.49202	3.73987e-20
274.49928	3.74058e-20
274.50655	3.74422e-20
274.51382	3.75064e-20
274.52109	3.75962e-20
274.52836	3.77087e-20
274.53563	3.78403e-20
274.54290	3.79871e-20
274.55017	3.81445e-20
274.55744	3.83081e-20
274.56471	3.84730e-20
274.57198	3.86348e-20
274.57926	3.87891e-20
274.58653	3.89317e-20
274.59380	3.90592e-20
274.60107	3.91686e-20
274.60835	3.92575e-20
274.61562	3.93244e-20
274.62290	3.93684e-20
274.63017	3.93894e-20
274.63745	3.93880e-20
274.64472	3.93656e-20
274.65200	3.93241e-20
274.65927	3.92660e-20
274.66655	3.91942e-20
274.67383	3.91120e-20
274.68111	3.90230e-20
274.68838	3.89305e-20
274.69566	3.88382e-20
274.70294	3.87493e-20
274.71022	3.86669e-20
274.71750	3.85937e-20
274.72478	3.85320e-20
274.73206	3.84833e-20
274.73934	3.84489e-20
274.74662	3.84293e-20
274.75390	3.84245e-20
274.76118	3.84339e-20
274.76846	3.84565e-20
274.77575	3.84907e-20
274.78303	3.85346e-20
274.79031	3.85861e-20
274.79760	3.86428e-20
274.80488	3.87023e-20
274.81217	3.87621e-20
274.81945	3.88200e-20
274.82674	3.88739e-20
274.83402	3.89220e-20
274.84131	3.89627e-20
274.84859	3.89951e-20
274.85588	3.90186e-20
274.86317	3.90328e-20
274.87045	3.90380e-20
274.87774	3.90348e-20
274.88503	3.90243e-20
274.89232	3.90075e-20
274.89961	3.89861e-20
274.90690	3.89617e-20
274.91419	3.89360e-20
274.92148	3.89106e-20
274.92877	3.88871e-20
274.93606	3.88670e-20
274.94335	3.88513e-20
274.95064	3.88410e-20
274.95794	3.88365e-20
274.96523	3.88379e-20
274.97252	3.88450e-20
274.97981	3.88571e-20
274.98711	3.88733e-20
274.99440	3.88922e-20
275.00170	3.89124e-20
275.00899	3.89321e-20
275.01629	3.89495e-20
275.02358	3.89628e-20
275.03088	3.89702e-20
275.03817	3.89701e-20
275.04547	3.89610e-20
275.05277	3.89418e-20
275.06007	3.89118e-20
275.06736	3.88706e-20
275.07466	3.88182e-20
275.08196	3.87552e-20
275.08926	3.86824e-20
275.09656	3.86011e-20
275.10386	3.85132e-20
275.11116	3.84204e-20
275.11846	3.83251e-20
275.12576	3.82296e-20
275.13306	3.81363e-20
275.14036	3.80478e-20
275.14767	3.79662e-20
275.15497	3.78938e-20
275.16227	3.78323e-20
275.16958	3.77832e-20
275.17688	3.77476e-20
275.18418	3.77261e-20
275.19149	3.77188e-20
275.19879	3.77254e-20
275.20610	3.77452e-20
275.21340	3.77768e-20
275.22071	3.78187e-20
275.22802	3.78688e-20
275.23532	3.79250e-20
275.24263	3.79849e-20
275.24994	3.80459e-20
275.25725	3.81057e-20
275.26456	3.81618e-20
275.27186	3.82121e-20
275.27917	3.82547e-20
275.28648	3.82880e-20
275.29379	3.83108e-20
275.30110	3.83224e-20
275.30841	3.83225e-20
275.31573	3.83111e-20
275.32304	3.82889e-20
275.33035	3.82569e-20
275.33766	3.82162e-20
275.34497	3.81687e-20
275.35229	3.81161e-20
275.35960	3.80603e-20
275.36691	3.80034e-20
275.37423	3.79474e-20
275.38154	3.78941e-20
275.38886	3.78451e-20
275.39617	3.78020e-20
275.40349	3.77656e-20
275.41081	3.77368e-20
275.41812	3.77159e-20
275.42544	3.77026e-20
275.43276	3.76966e-20
275.44007	3.76969e-20
275.44739	3.77024e-20
275.45471	3.77116e-20
275.46203	3.77229e-20
275.46935	3.77343e-20
275.47667	3.77441e-20
275.48399	3.77505e-20
275.49131	3.77518e-20
275.49863	3.77465e-20
275.50595	3.77333e-20
275.51327	3.77115e-20
275.52060	3.76805e-20
275.52792	3.76402e-20
275.53524	3.75910e-20
275.54256	3.75337e-20
275.54989	3.74693e-20
275.55721	3.73994e-20
275.56454	3.73258e-20
275.57186	3.72506e-20
275.57919	3.71759e-20
275.58651	3.71041e-20
275.59384	3.70373e-20
275.60116	3.69777e-20
275.60849	3.69274e-20
275.61582	3.68878e-20
275.62314	3.68604e-20
275.63047	3.68460e-20
275.63780	3.68450e-20
275.64513	3.68576e-20
275.65246	3.68830e-20
275.65979	3.69204e-20
275.66712	3.69683e-20
275.67445	3.70249e-20
275.68178	3.70881e-20
275.68911	3.71554e-20
275.69644	3.72242e-20
275.70377	3.72921e-20
275.71110	3.73562e-20
275.71844	3.74142e-20
275.72577	3.74639e-20
275.73310	3.75032e-20
275.74044	3.75307e-20
275.74777	3.75452e-20
275.75511	3.75461e-20
275.76244	3.75333e-20
275.76978	3.75073e-20
275.77711	3.74691e-20
275.78445	3.74201e-20
275.79178	3.73622e-20
275.79912	3.72976e-20
275.80646	3.72290e-20
275.81380	3.71590e-20
275.82113	3.70907e-20
275.82847	3.70268e-20
275.83581	3.69701e-20
275.84315	3.69232e-20
275.85049	3.68884e-20
275.85783	3.68675e-20
275.86517	3.68622e-20
275.87251	3.68733e-20
275.87985	3.69012e-20
275.88719	3.69459e-20
275.89454	3.70067e-20
275.90188	3.70825e-20
275.90922	3.71715e-20
275.91656	3.72718e-20
275.92391	3.73810e-20
275.93125	3.74962e-20
275.93859	3.76147e-20
275.94594	3.77336e-20
275.95328	3.78500e-20
275.96063	3.79610e-20
275.96798	3.80641e-20
275.97532	3.81571e-20
275.98267	3.82380e-20
275.99002	3.83054e-20
275.99736	3.83583e-20
276.00471	3.83962e-20
276.01206	3.84191e-20
276.01941	3.84274e-20
276.02676	3.84221e-20
276.03411	3.84046e-20
276.04146	3.83766e-20
276.04881	3.83401e-20
276.05616	3.82974e-20
276.06351	3.82507e-20
276.07086	3.82024e-20
276.07821	3.81550e-20
276.08556	3.81106e-20
276.09291	3.80712e-20
276.10027	3.80386e-20
276.10762	3.80141e-20
276.11497	3.79989e-20
276.12233	3.79935e-20
276.12968	3.79983e-20
276.13704	3.80130e-20
276.14439	3.80371e-20
276.15175	3.80699e-20
276.15910	3.81100e-20
276.16646	3.81561e-20
276.17382	3.82066e-20
276.18118	3.82598e-20
276.18853	3.83140e-20
276.19589	3.83675e-20
276.20325	3.84187e-20
276.21061	3.84663e-20
276.21797	3.85091e-20
276.22533	3.85462e-20
276.23269	3.85771e-20
276.24005	3.86016e-20
276.24741	3.86198e-20
276.25477	3.86323e-20
276.26213	3.86400e-20
276.26949	3.86438e-20
276.27685	3.86454e-20
276.28422	3.86462e-20
276.29158	3.86480e-20
276.29894	3.86528e-20
276.30631	3.86622e-20
276.31367	3.86782e-20
276.32104	3.87024e-20
276.32840	3.87363e-20
276.33577	3.87810e-20
276.34313	3.88376e-20
276.35050	3.89065e-20
276.35787	3.89880e-20
276.36523	3.90818e-20
276.37260	3.91874e-20
276.37997	3.93037e-20
276.38734	3.94295e-20
276.39470	3.95630e-20
276.40207	3.97023e-20
276.40944	3.98451e-20
276.41681	3.99891e-20
276.42418	4.01317e-20
276.43155	4.02704e-20
276.43892	4.04027e-20
276.44629	4.05262e-20
276.45367	4.06387e-20
276.46104	4.07381e-20
276.46841	4.08227e-20
276.47578	4.08912e-20
276.48316	4.09426e-20
276.49053	4.09762e-20
276.49791	4.09919e-20
276.50528	4.09900e-20
276.51265	4.09710e-20
276.52003	4.09361e-20
276.52741	4.08866e-20
276.53478	4.08244e-20
276.54216	4.07514e-20
276.54953	4.06699e-20
276.55691	4.05823e-20
276.56429	4.04912e-20
276.57167	4.03991e-20
276.57905	4.03086e-20
276.58642	4.02221e-20
276.59380	4.01421e-20
276.60118	4.00705e-20
276.60856	4.00094e-20
276.61594	3.99603e-20
276.62332	3.99245e-20
276.63071	3.99030e-20
276.63809	3.98966e-20
276.64547	3.99054e-20
276.65285	3.99294e-20
276.66023	3.99682e-20
276.66762	4.00213e-20
276.67500	4.00877e-20
276.68238	4.01663e-20
276.68977	4.02556e-20
276.69715	4.03543e-20
276.70454	4.04607e-20
276.71192	4.05733e-20
276.71931	4.06903e-20
276.72670	4.08103e-20
276.73408	4.09315e-20
276.74147	4.10528e-20
276.74886	4.11727e-20
276.75625	4.12901e-20
276.76363	4.14041e-20
276.77102	4.15139e-20
276.77841	4.16190e-20
276.78580	4.17190e-20
276.79319	4.18136e-20
276.80058	4.19027e-20
276.80797	4.19864e-20
276.81536	4.20648e-20
276.82275	4.21383e-20
276.83015	4.22070e-20
276.83754	4.22713e-20
276.84493	4.23314e-20
276.85232	4.23876e-20
276.85972	4.24402e-20
276.86711	4.24892e-20
276.87450	4.25347e-20
276.88190	4.25766e-20
276.88929	4.26149e-20
276.89669	4.26492e-20
276.90409	4.26793e-20
276.91148	4.27047e-20
276.91888	4.27251e-20
276.92627	4.27400e-20
276.93367	4.27490e-20
276.94107	4.27517e-20
276.94847	4.27476e-20
276.95587	4.27367e-20
276.96327	4.27186e-20
276.97066	4.26935e-20
276.97806	4.26614e-20
276.98546	4.26227e-20
276.99286	4.25778e-20
277.00027	4.25274e-20
277.00767	4.24723e-20
277.01507	4.24134e-20
277.02247	4.23518e-20
277.02987	4.22886e-20
277.03728	4.22251e-20
277.04468	4.21626e-20
277.05208	4.21022e-20
277.05949	4.20452e-20
277.06689	4.19927e-20
277.07430	4.19457e-20
277.08170	4.19050e-20
277.08911	4.18712e-20
277.09651	4.18448e-20
277.10392	4.18260e-20
277.11133	4.18149e-20
277.11873	4.18111e-20
277.12614	4.18142e-20
277.13355	4.18237e-20
277.14096	4.18386e-20
277.14837	4.18581e-20
277.15578	4.18811e-20
277.16319	4.19066e-20
277.17060	4.19334e-20
277.17801	4.19606e-20
277.18542	4.19872e-20
277.19283	4.20123e-20
277.20024	4.20354e-20
277.20765	4.20559e-20
277.21506	4.20736e-20
277.22248	4.20885e-20
277.22989	4.21008e-20
277.23730	4.21110e-20
277.24472	4.21197e-20
277.25213	4.21276e-20
277.25955	4.21358e-20
277.26696	4.21452e-20
277.27438	4.21569e-20
277.28179	4.21718e-20
277.28921	4.21909e-20
277.29663	4.22150e-20
277.30404	4.22447e-20
277.31146	4.22803e-20
277.31888	4.23219e-20
277.32630	4.23691e-20
277.33372	4.24215e-20
277.34113	4.24781e-20
277.34855	4.25377e-20
277.35597	4.25988e-20
277.36339	4.26596e-20
277.37081	4.27180e-20
277.37824	4.27722e-20
277.38566	4.28198e-20
277.39308	4.28587e-20
277.40050	4.28870e-20
277.40792	4.29028e-20
277.41535	4.29046e-20
277.42277	4.28913e-20
277.43019	4.28621e-20
277.43762	4.28167e-20
277.44504	4.27555e-20
277.45247	4.26793e-20
277.45989	4.25894e-20
277.46732	4.24879e-20
277.47475	4.23772e-20
277.48217	4.22601e-20
277.48960	4.21398e-20
277.49703	4.20200e-20
277.50446	4.19043e-20
277.51188	4.17963e-20
277.51931	4.16998e-20
277.52674	4.16182e-20
277.53417	4.15547e-20
277.54160	4.15118e-20
277.54903	4.14916e-20
277.55646	4.14958e-20
277.56389	4.15249e-20
277.57132	4.15789e-20
277.57876	4.16571e-20
277.58619	4.17578e-20
277.59362	4.18787e-20
277.60105	4.20167e-20
277.60849	4.21680e-20
277.61592	4.23286e-20
277.62336	4.24938e-20
277.63079	4.26589e-20
277.63822	4.28189e-20
277.64566	4.29690e-20
277.65310	4.31048e-20
277.66053	4.32220e-20
277.66797	4.33171e-20
277.67541	4.33871e-20
277.68284	4.34301e-20
277.69028	4.34448e-20
277.69772	4.34309e-20
277.70516	4.33892e-20
277.71260	4.33214e-20
277.72004	4.32301e-20
277.72748	4.31188e-20
277.73492	4.29918e-20
277.74236	4.28539e-20
277.74980	4.27104e-20
277.75724	4.25671e-20
277.76468	4.24297e-20
277.77212	4.23037e-20
277.77957	4.21947e-20
277.78701	4.21077e-20
277.79445	4.20468e-20
277.80190	4.20157e-20
277.80934	4.20170e-20
277.81678	4.20523e-20
277.82423	4.21223e-20
277.83167	4.22263e-20
277.83912	4.23627e-20
277.84657	4.25289e-20
277.85401	4.27212e-20
277.86146	4.29350e-20
277.86891	4.31651e-20
277.87636	4.34057e-20
277.88380	4.36507e-20
277.89125	4.38936e-20
277.89870	4.41283e-20
277.90615	4.43486e-20
277.91360	4.45489e-20
277.92105	4.47242e-20
277.92850	4.48703e-20
277.93595	4.49839e-20
277.94340	4.50626e-20
277.95086	4.51053e-20
277.95831	4.51120e-20
277.96576	4.50836e-20
277.97321	4.50223e-20
277.98067	4.49314e-20
277.98812	4.48148e-20
277.99557	4.46775e-20
278.00303	4.45248e-20
278.01048	4.43627e-20
278.01794	4.41973e-20
278.02539	4.40348e-20
278.03285	4.38812e-20
278.04031	4.37421e-20
278.04776	4.36228e-20
278.05522	4.35278e-20
278.06268	4.34606e-20
278.07014	4.34242e-20
278.07760	4.34203e-20
278.08506	4.34497e-20
278.09251	4.35121e-20
278.09997	4.36063e-20
278.10743	4.37302e-20
278.11490	4.38806e-20
278.12236	4.40539e-20
278.12982	4.42456e-20
278.13728	4.44509e-20
278.14474	4.46648e-20
278.15220	4.48820e-20
278.15967	4.50973e-20
278.16713	4.53056e-20
278.17459	4.55025e-20
278.18206	4.56836e-20
278.18952	4.58454e-20
278.19699	4.59851e-20
278.20445	4.61005e-20
278.21192	4.61902e-20
278.21939	4.62536e-20
278.22685	4.62911e-20
278.23432	4.63036e-20
278.24179	4.62928e-20
278.24925	4.62609e-20
278.25672	4.62108e-20
278.26419	4.61456e-20
278.27166	4.60689e-20
278.27913	4.59844e-20
278.28660	4.58959e-20
278.29407	4.58070e-20
278.30154	4.57214e-20
278.30901	4.56424e-20
278.31648	4.55730e-20
278.32395	4.55159e-20
278.33143	4.54733e-20
278.33890	4.54468e-20
278.34637	4.54378e-20
278.35384	4.54469e-20
278.36132	4.54745e-20
278.36879	4.55203e-20
278.37627	4.55837e-20
278.38374	4.56637e-20
278.39122	4.57588e-20
278.39869	4.58675e-20
278.40617	4.59878e-20
278.41365	4.61177e-20
278.42112	4.62548e-20
278.42860	4.63968e-20
278.43608	4.65414e-20
278.44356	4.66860e-20
278.45104	4.68285e-20
278.45851	4.69663e-20
278.46599	4.70973e-20
278.47347	4.72192e-20
278.48095	4.73301e-20
278.48843	4.74281e-20
278.49592	4.75115e-20
278.50340	4.75787e-20
278.51088	4.76284e-20
278.51836	4.76596e-20
278.52584	4.76713e-20
278.53333	4.76631e-20
278.54081	4.76347e-20
278.54829	4.75860e-20
278.55578	4.75177e-20
278.56326	4.74303e-20
278.57075	4.73250e-20
278.57823	4.72034e-20
278.58572	4.70672e-20
278.59321	4.69188e-20
278.60069	4.67607e-20
278.60818	4.65958e-20
278.61567	4.64272e-20
278.62315	4.62583e-20
278.63064	4.60925e-20
278.63813	4.59334e-20
278.64562	4.57846e-20
278.65311	4.56494e-20
278.66060	4.55311e-20
278.66809	4.54326e-20
278.67558	4.53565e-20
278.68307	4.53048e-20
278.69056	4.52793e-20
278.69806	4.52807e-20
278.70555	4.53095e-20
278.71304	4.53653e-20
278.72053	4.54471e-20
278.72803	4.55533e-20
278.73552	4.56815e-20
278.74301	4.58289e-20
278.75051	4.59921e-20
278.75800	4.61675e-20
278.76550	4.63509e-20
278.77300	4.65381e-20
278.78049	4.67249e-20
278.78799	4.69073e-20
278.79549	4.70811e-20
278.80298	4.72430e-20
278.81048	4.73899e-20
278.81798	4.75193e-20
278.82548	4.76293e-20
278.83298	4.77191e-20
278.84048	4.77882e-20
278.84798	4.78373e-20
278.85548	4.78675e-20
278.86298	4.78809e-20
278.87048	4.78802e-20
278.87798	4.78686e-20
278.88548	4.78498e-20
278.89299	4.78278e-20
278.90049	4.78067e-20
278.90799	4.77906e-20
278.91550	4.77837e-20
278.92300	4.77896e-20
278.93050	4.78115e-20
278.93801	4.78522e-20
278.94551	4.79136e-20
278.95302	4.79969e-20
278.96052	4.81026e-20
278.96803	4.82302e-20
278.97554	4.83784e-20
278.98305	4.85452e-20
278.99055	4.87276e-20
278.99806	4.89223e-20
279.00557	4.91253e-20
279.01308	4.93322e-20
279.02059	4.95385e-20
279.02810	4.97397e-20
279.03561	4.99313e-20
279.04312	5.01092e-20
279.05063	5.02699e-20
279.05814	5.04103e-20
279.06565	5.05282e-20
279.07316	5.06221e-20
279.08068	5.06917e-20
279.08819	5.07373e-20
279.09570	5.07604e-20
279.10322	5.07633e-20
279.11073	5.07491e-20
279.11824	5.07218e-20
279.12576	5.06858e-20
279.13327	5.06461e-20
279.14079	5.06078e-20
279.14831	5.05761e-20
279.15582	5.05563e-20
279.16334	5.05532e-20
279.17086	5.05709e-20
279.17837	5.06134e-20
279.18589	5.06833e-20
279.19341	5.07825e-20
279.20093	5.09121e-20
279.20845	5.10718e-20
279.21597	5.12603e-20
279.22349	5.14755e-20
279.23101	5.17139e-20
279.23853	5.19715e-20
279.24605	5.22433e-20
279.25357	5.25238e-20
279.26110	5.28071e-20
279.26862	5.30870e-20
279.27614	5.33573e-20
279.28367	5.36122e-20
279.29119	5.38459e-20
279.29871	5.40537e-20
279.30624	5.42312e-20
279.31376	5.43752e-20
279.32129	5.44834e-20
279.32881	5.45545e-20
279.33634	5.45886e-20
279.34387	5.45866e-20
279.35139	5.45506e-20
279.35892	5.44840e-20
279.36645	5.43907e-20
279.37398	5.42756e-20
279.38151	5.41441e-20
279.38904	5.40021e-20
279.39657	5.38557e-20
279.40410	5.37110e-20
279.41163	5.35740e-20
279.41916	5.34503e-20
279.42669	5.33448e-20
279.43422	5.32619e-20
279.44175	5.32051e-20
279.44928	5.31769e-20
279.45682	5.31789e-20
279.46435	5.32115e-20
279.47188	5.32744e-20
279.47942	5.33660e-20
279.48695	5.34838e-20
279.49449	5.36245e-20
279.50202	5.37843e-20
279.50956	5.39584e-20
279.51709	5.41420e-20
279.52463	5.43299e-20
279.53217	5.45167e-20
279.53970	5.46974e-20
279.54724	5.48669e-20
279.55478	5.50207e-20
279.56232	5.51549e-20
279.56986	5.52660e-20
279.57739	5.53513e-20
279.58493	5.54090e-20
279.59247	5.54379e-20
279.60001	5.54377e-20
279.60756	5.54088e-20
279.61510	5.53523e-20
279.62264	5.52700e-20
279.63018	5.51643e-20
279.63772	5.50380e-20
279.64527	5.48943e-20
279.65281	5.47365e-20
279.66035	5.45683e-20
279.66790	5.43933e-20
279.67544	5.42149e-20
279.68299	5.40366e-20
279.69053	5.38615e-20
279.69808	5.36924e-20
279.70562	5.35319e-20
279.71317	5.33821e-20
279.72072	5.32448e-20
279.72826	5.31213e-20
279.73581	5.30126e-20
279.74336	5.29195e-20
279.75091	5.28422e-20
279.75846	5.27808e-20
279.76601	5.27351e-20
279.77356	5.27048e-20
279.78111	5.26893e-20
279.78866	5.26879e-20
279.79621	5.26998e-20
279.80376	5.27242e-20
279.81131	5.27601e-20
279.81887	5.28065e-20
279.82642	5.28624e-20
279.83397	5.29266e-20
279.84152	5.29979e-20
279.84908	5.30750e-20
279.85663	5.31566e-20
279.86419	5.32412e-20
279.87174	5.33272e-20
279.87930	5.34129e-20
279.88685	5.34965e-20
279.89441	5.35762e-20
279.90197	5.36500e-20
279.90952	5.37159e-20
279.91708	5.37719e-20
279.92464	5.38162e-20
279.93220	5.38471e-20
279.93976	5.38628e-20
279.94732	5.38621e-20
279.95488	5.38438e-20
279.96244	5.38073e-20
279.97000	5.37523e-20
279.97756	5.36788e-20
279.98512	5.35876e-20
279.99268	5.34796e-20
280.00024	5.33566e-20
280.00780	5.32206e-20
280.01537	5.30740e-20
280.02293	5.29198e-20
280.03049	5.27613e-20
280.03806	5.26017e-20
280.04562	5.24448e-20
280.05319	5.22941e-20
280.06075	5.21532e-20
280.06832	5.20254e-20
280.07588	5.19137e-20
280.08345	5.18207e-20
280.09102	5.17487e-20
280.09859	5.16992e-20
280.10615	5.16730e-20
280.11372	5.16704e-20
280.12129	5.16909e-20
280.12886	5.17334e-20
280.13643	5.17958e-20
280.14400	5.18759e-20
280.15157	5.19704e-20
280.15914	5.20760e-20
280.16671	5.21888e-20
280.17428	5.23047e-20
280.18185	5.24196e-20
280.18943	5.25294e-20
280.19700	5.26301e-20
280.20457	5.27181e-20
280.21215	5.27903e-20
280.21972	5.28440e-20
280.22729	5.28772e-20
280.23487	5.28886e-20
280.24244	5.28776e-20
280.25002	5.28443e-20
280.25759	5.27897e-20
280.26517	5.27153e-20
280.27275	5.26234e-20
280.28033	5.25167e-20
280.28790	5.23984e-20
280.29548	5.22721e-20
280.30306	5.21415e-20
280.31064	5.20104e-20
280.31822	5.18825e-20
280.32580	5.17615e-20
280.33338	5.16506e-20
280.34096	5.15524e-20
280.34854	5.14695e-20
280.35612	5.14035e-20
280.36370	5.13556e-20
280.37128	5.13262e-20
280.37887	5.13152e-20
280.38645	5.13220e-20
280.39403	5.13452e-20
280.40162	5.13833e-20
280.40920	5.14340e-20
280.41678	5.14951e-20
280.42437	5.15641e-20
280.43196	5.16385e-20
280.43954	5.17157e-20
280.44713	5.17936e-20
280.45471	5.18701e-20
280.46230	5.19437e-20
280.46989	5.20130e-20
280.47748	5.20774e-20
280.48506	5.21365e-20
280.49265	5.21908e-20
280.50024	5.22407e-20
280.50783	5.22874e-20
280.51542	5.23323e-20
280.52301	5.23772e-20
280.53060	5.24238e-20
280.53819	5.24742e-20
280.54579	5.25300e-20
280.55338	5.25931e-20
280.56097	5.26649e-20
280.56856	5.27465e-20
280.57616	5.28387e-20
280.58375	5.29415e-20
280.59134	5.30549e-20
280.59894	5.31779e-20
280.60653	5.33094e-20
280.61413	5.34474e-20
280.62172	5.35898e-20
280.62932	5.37342e-20
280.63692	5.38777e-20
280.64451	5.40174e-20
280.65211	5.41505e-20
280.65971	5.42741e-20
280.66731	5.43856e-20
280.67490	5.44828e-20
280.68250	5.45639e-20
280.69010	5.46275e-20
280.69770	5.46730e-20
280.70530	5.47003e-20
280.71290	5.47099e-20
280.72050	5.47032e-20
280.72811	5.46820e-20
280.73571	5.46487e-20
280.74331	5.46062e-20
280.75091	5.45578e-20
280.75852	5.45070e-20
280.76612	5.44574e-20
280.77372	5.44129e-20
280.78133	5.43767e-20
280.78893	5.43523e-20
280.79654	5.43423e-20
280.80414	5.43490e-20
280.81175	5.43742e-20
280.81936	5.44187e-20
280.82696	5.44828e-20
280.83457	5.45659e-20
280.84218	5.46667e-20
280.84978	5.47831e-20
280.85739	5.49124e-20
280.86500	5.50515e-20
280.87261	5.51966e-20
280.88022	5.53435e-20
280.88783	5.54883e-20
280.89544	5.56265e-20
280.90305	5.57540e-20
280.91066	5.58671e-20
280.91828	5.59622e-20
280.92589	5.60365e-20
280.93350	5.60876e-20
280.94111	5.61142e-20
280.94873	5.61154e-20
280.95634	5.60914e-20
280.96395	5.60430e-20
280.97157	5.59721e-20
280.97918	5.58810e-20
280.98680	5.57728e-20
280.99442	5.56514e-20
281.00203	5.55208e-20
281.00965	5.53854e-20
281.01727	5.52499e-20
281.02488	5.51189e-20
281.03250	5.49968e-20
281.04012	5.48879e-20
281.04774	5.47960e-20
281.05536	5.47243e-20
281.06298	5.46756e-20
281.07060	5.46518e-20
281.07822	5.46543e-20
281.08584	5.46836e-20
281.09346	5.47395e-20
281.10108	5.48212e-20
281.10870	5.49270e-20
281.11632	5.50549e-20
281.12395	5.52022e-20
281.13157	5.53660e-20
281.13919	5.55430e-20
281.14682	5.57297e-20
281.15444	5.59226e-20
281.16207	5.61184e-20
281.16969	5.63137e-20
281.17732	5.65055e-20
281.18495	5.66912e-20
281.19257	5.68684e-20
281.20020	5.70353e-20
281.20783	5.71904e-20
281.21545	5.73328e-20
281.22308	5.74617e-20
281.23071	5.75771e-20
281.23834	5.76792e-20
281.24597	5.77684e-20
281.25360	5.78454e-20
281.26123	5.79112e-20
281.26886	5.79667e-20
281.27649	5.80129e-20
281.28412	5.80510e-20
281.29176	5.80817e-20
281.29939	5.81062e-20
281.30702	5.81250e-20
281.31465	5.81388e-20
281.32229	5.81482e-20
281.32992	5.81533e-20
281.33756	5.81546e-20
281.34519	5.81521e-20
281.35283	5.81461e-20
281.36046	5.81366e-20
281.36810	5.81239e-20
281.37573	5.81083e-20
281.38337	5.80902e-20
281.39101	5.80702e-20
281.39865	5.80491e-20
281.40629	5.80277e-20
281.41392	5.80073e-20
281.42156	5.79892e-20
281.42920	5.79747e-20
281.43684	5.79655e-20
281.44448	5.79631e-20
281.45212	5.79691e-20
281.45976	5.79851e-20
281.46741	5.80125e-20
281.47505	5.80523e-20
281.48269	5.81054e-20
281.49033	5.81724e-20
281.49798	5.82534e-20
281.50562	5.83482e-20
281.51326	5.84559e-20
281.52091	5.85755e-20
281.52855	5.87051e-20
281.53620	5.88428e-20
281.54384	5.89861e-20
281.55149	5.91323e-20
281.55914	5.92782e-20
281.56678	5.94208e-20
281.57443	5.95568e-20
281.58208	5.96830e-20
281.58973	5.97964e-20
281.59737	5.98943e-20
281.60502	5.99742e-20
281.61267	6.00341e-20
281.62032	6.00725e-20
281.62797	6.00885e-20
281.63562	6.00818e-20
281.64327	6.00525e-20
281.65093	6.00015e-20
281.65858	5.99303e-20
281.66623	5.98408e-20
281.67388	5.97354e-20
281.68154	5.96169e-20
281.68919	5.94882e-20
281.69684	5.93526e-20
281.70450	5.92133e-20
281.71215	5.90735e-20
281.71981	5.89360e-20
281.72746	5.88037e-20
281.73512	5.86789e-20
281.74278	5.85633e-20
281.75043	5.84583e-20
281.75809	5.83648e-20
281.76575	5.82828e-20
281.77341	5.82120e-20
281.78107	5.81516e-20
281.78872	5.81001e-20
281.79638	5.80556e-20
281.80404	5.80161e-20
281.81170	5.79790e-20
281.81936	5.79419e-20
281.82703	5.79022e-20
281.83469	5.78574e-20
281.84235	5.78051e-20
281.85001	5.77434e-20
281.85767	5.76707e-20
281.86534	5.75857e-20
281.87300	5.74879e-20
281.88066	5.73770e-20
281.88833	5.72535e-20
281.89599	5.71183e-20
281.90366	5.69729e-20
281.91132	5.68189e-20
281.91899	5.66588e-20
281.92666	5.64949e-20
281.93432	5.63299e-20
281.94199	5.61666e-20
281.94966	5.60076e-20
281.95733	5.58555e-20
281.96500	5.57125e-20
281.97266	5.55807e-20
281.98033	5.54614e-20
281.98800	5.53559e-20
281.99567	5.52645e-20
282.00334	5.51872e-20
282.01102	5.51236e-20
282.01869	5.50724e-20
282.02636	5.50322e-20
282.03403	5.50009e-20
282.04170	5.49764e-20
282.04938	5.49560e-20
282.05705	5.49370e-20
282.06472	5.49169e-20
282.07240	5.48930e-20
282.08007	5.48628e-20
282.08775	5.48243e-20
282.09542	5.47756e-20
282.10310	5.47155e-20
282.11078	5.46430e-20
282.11845	5.45580e-20
282.12613	5.44605e-20
282.13381	5.43515e-20
282.14149	5.42320e-20
282.14917	5.41039e-20
282.15684	5.39692e-20
282.16452	5.38304e-20
282.17220	5.36900e-20
282.17988	5.35507e-20
282.18756	5.34153e-20
282.19525	5.32864e-20
282.20293	5.31664e-20
282.21061	5.30575e-20
282.21829	5.29616e-20
282.22597	5.28798e-20
282.23366	5.28133e-20
282.24134	5.27623e-20
282.24903	5.27269e-20
282.25671	5.27063e-20
282.26439	5.26997e-20
282.27208	5.27056e-20
282.27977	5.27221e-20
282.28745	5.27473e-20
282.29514	5.27789e-20
282.30283	5.28146e-20
282.31051	5.28521e-20
282.31820	5.28891e-20
282.32589	5.29236e-20
282.33358	5.29537e-20
282.34127	5.29779e-20
282.34896	5.29950e-20
282.35665	5.30042e-20
282.36434	5.30052e-20
282.37203	5.29979e-20
282.37972	5.29828e-20
282.38741	5.29606e-20
282.39510	5.29322e-20
282.40279	5.28991e-20
282.41049	5.28627e-20
282.41818	5.28245e-20
282.42587	5.27862e-20
282.43357	5.27493e-20
282.44126	5.27153e-20
282.44896	5.26856e-20
282.45665	5.26612e-20
282.46435	5.26430e-20
282.47204	5.26316e-20
282.47974	5.26274e-20
282.48744	5.26302e-20
282.49513	5.26399e-20
282.50283	5.26559e-20
282.51053	5.26777e-20
282.51823	5.27043e-20
282.52593	5.27348e-20
282.53363	5.27683e-20
282.54133	5.28037e-20
282.54903	5.28402e-20
282.55673	5.28770e-20
282.56443	5.29135e-20
282.57213	5.29491e-20
282.57983	5.29838e-20
282.58754	5.30175e-20
282.59524	5.30503e-20
282.60294	5.30827e-20
282.61065	5.31152e-20
282.61835	5.31484e-20
282.62605	5.31831e-20
282.63376	5.32201e-20
282.64147	5.32600e-20
282.64917	5.33036e-20
282.65688	5.33513e-20
282.66458	5.34035e-20
282.67229	5.34602e-20
282.68000	5.35212e-20
282.68771	5.35862e-20
282.69541	5.36543e-20
282.70312	5.37247e-20
282.71083	5.37961e-20
282.71854	5.38671e-20
282.72625	5.39362e-20
282.73396	5.40017e-20
282.74167	5.40621e-20
282.74938	5.41158e-20
282.75710	5.41614e-20
282.76481	5.41977e-20
282.77252	5.42238e-20
282.78023	5.42391e-20
282.78795	5.42435e-20
282.79566	5.42373e-20
282.80338	5.42213e-20
282.81109	5.41966e-20
282.81881	5.41648e-20
282.82652	5.41281e-20
282.83424	5.40888e-20
282.84195	5.40496e-20
282.84967	5.40133e-20
282.85739	5.39830e-20
282.86510	5.39616e-20
282.87282	5.39520e-20
282.88054	5.39570e-20
282.88826	5.39788e-20
282.89598	5.40194e-20
282.90370	5.40805e-20
282.91142	5.41629e-20
282.91914	5.42671e-20
282.92686	5.43928e-20
282.93458	5.45394e-20
282.94230	5.47053e-20
282.95003	5.48888e-20
282.95775	5.50872e-20
282.96547	5.52980e-20
282.97320	5.55178e-20
282.98092	5.57435e-20
282.98864	5.59717e-20
282.99637	5.61989e-20
283.00409	5.64220e-20
283.01182	5.66380e-20
283.01954	5.68444e-20
283.02727	5.70391e-20
283.03500	5.72203e-20
283.04273	5.73872e-20
283.05045	5.75392e-20
283.05818	5.76765e-20
283.06591	5.78000e-20
283.07364	5.79108e-20
283.08137	5.80107e-20
283.08910	5.81019e-20
283.09683	5.81869e-20
283.10456	5.82683e-20
283.11229	5.83488e-20
283.12002	5.84309e-20
283.12775	5.85173e-20
283.13549	5.86101e-20
283.14322	5.87111e-20
283.15095	5.88217e-20
283.15869	5.89427e-20
283.16642	5.90744e-20
283.17415	5.92164e-20
283.18189	5.93680e-20
283.18962	5.95275e-20
283.19736	5.96931e-20
283.20510	5.98625e-20
283.21283	6.00328e-20
283.22057	6.02012e-20
283.22831	6.03646e-20
283.23604	6.05201e-20
283.24378	6.06647e-20
283.25152	6.07958e-20
283.25926	6.09111e-20
283.26700	6.10089e-20
283.27474	6.10877e-20
283.28248	6.11471e-20
283.29022	6.11868e-20
283.29796	6.12075e-20
283.30570	6.12104e-20
283.31345	6.11973e-20
283.32119	6.11704e-20
283.32893	6.11326e-20
283.33668	6.10869e-20
283.34442	6.10364e-20
283.35216	6.09848e-20
283.35991	6.09351e-20
283.36765	6.08907e-20
283.37540	6.08545e-20
283.38314	6.08288e-20
283.39089	6.08157e-20
283.39864	6.08167e-20
283.40638	6.08325e-20
283.41413	6.08634e-20
283.42188	6.09089e-20
283.42963	6.09679e-20
283.43738	6.10388e-20
283.44513	6.11194e-20
283.45288	6.12072e-20
283.46063	6.12992e-20
283.46838	6.13926e-20
283.47613	6.14842e-20
283.48388	6.15710e-20
283.49163	6.16504e-20
283.49938	6.17198e-20
283.50714	6.17774e-20
283.51489	6.18217e-20
283.52264	6.18518e-20
283.53040	6.18677e-20
283.53815	6.18699e-20
283.54591	6.18595e-20
283.55366	6.18384e-20
283.56142	6.18091e-20
283.56917	6.17743e-20
283.57693	6.17375e-20
283.58469	6.17023e-20
283.59244	6.16723e-20
283.60020	6.16513e-20
283.60796	6.16429e-20
283.61572	6.16505e-20
283.62348	6.16770e-20
283.63124	6.17249e-20
283.63900	6.17959e-20
283.64676	6.18912e-20
283.65452	6.20114e-20
283.66228	6.21559e-20
283.67004	6.23239e-20
283.67780	6.25134e-20
283.68556	6.27221e-20
283.69333	6.29470e-20
283.70109	6.31846e-20
283.70885	6.34311e-20
283.71662	6.36824e-20
283.72438	6.39345e-20
283.73215	6.41832e-20
283.73991	6.44248e-20
283.74768	6.46556e-20
283.75545	6.48726e-20
283.76321	6.50732e-20
283.77098	6.52554e-20
283.77875	6.54180e-20
283.78651	6.55602e-20
283.79428	6.56821e-20
283.80205	6.57846e-20
283.80982	6.58687e-20
283.81759	6.59366e-20
283.82536	6.59903e-20
283.83313	6.60326e-20
283.84090	6.60663e-20
283.84867	6.60943e-20
283.85645	6.61195e-20
283.86422	6.61446e-20
283.87199	6.61721e-20
283.87976	6.62040e-20
283.88754	6.62419e-20
283.89531	6.62871e-20
283.90308	6.63400e-20
283.91086	6.64005e-20
283.91863	6.64681e-20
283.92641	6.65417e-20
283.93419	6.66196e-20
283.94196	6.66998e-20
283.94974	6.67800e-20
283.95752	6.68578e-20
283.96529	6.69303e-20
283.97307	6.69952e-20
283.98085	6.70499e-20
283.98863	6.70923e-20
283.99641	6.71205e-20
284.00419	6.71333e-20
284.01197	6.71296e-20
284.01975	6.71094e-20
284.02753	6.70729e-20
284.03531	6.70210e-20
284.04310	6.69553e-20
284.05088	6.68779e-20
284.05866	6.67912e-20
284.06644	6.66983e-20
284.07423	6.66023e-20
284.08201	6.65067e-20
284.08980	6.64148e-20
284.09758	6.63302e-20
284.10537	6.62561e-20
284.11315	6.61953e-20
284.12094	6.61504e-20
284.12873	6.61234e-20
284.13651	6.61159e-20
284.14430	6.61286e-20
284.15209	6.61618e-20
284.15988	6.62150e-20
284.16767	6.62872e-20
284.17545	6.63767e-20
284.18324	6.64812e-20
284.19103	6.65982e-20
284.19883	6.67246e-20
284.20662	6.68572e-20
284.21441	6.69924e-20
284.22220	6.71270e-20
284.22999	6.72576e-20
284.23778	6.73811e-20
284.24558	6.74946e-20
284.25337	6.75958e-20
284.26117	6.76826e-20
284.26896	6.77537e-20
284.27675	6.78083e-20
284.28455	6.78460e-20
284.29235	6.78670e-20
284.30014	6.78723e-20
284.30794	6.78631e-20
284.31573	6.78410e-20
284.32353	6.78081e-20
284.33133	6.77668e-20
284.33913	6.77194e-20
284.34693	6.76684e-20
284.35473	6.76162e-20
284.36253	6.75652e-20
284.37033	6.75174e-20
284.37813	6.74745e-20
284.38593	6.74381e-20
284.39373	6.74090e-20
284.40153	6.73878e-20
284.40933	6.73748e-20
284.41713	6.73695e-20
284.42494	6.73715e-20
284.43274	6.73796e-20
284.44054	6.73926e-20
284.44835	6.74090e-20
284.45615	6.74272e-20
284.46396	6.74456e-20
284.47176	6.74624e-20
284.47957	6.74763e-20
284.48738	6.74860e-20
284.49518	6.74903e-20
284.50299	6.74887e-20
284.51080	6.74807e-20
284.51861	6.74665e-20
284.52641	6.74464e-20
284.53422	6.74213e-20
284.54203	6.73924e-20
284.54984	6.73612e-20
284.55765	6.73294e-20
284.56546	6.72991e-20
284.57327	6.72724e-20
284.58109	6.72513e-20
284.58890	6.72378e-20
284.59671	6.72341e-20
284.60452	6.72417e-20
284.61234	6.72621e-20
284.62015	6.72963e-20
284.62796	6.73451e-20
284.63578	6.74087e-20
284.64359	6.74869e-20
284.65141	6.75790e-20
284.65922	6.76839e-20
284.66704	6.78001e-20
284.67486	6.79258e-20
284.68267	6.80588e-20
284.69049	6.81966e-20
284.69831	6.83369e-20
284.70613	6.84770e-20
284.71395	6.86144e-20
284.72177	6.87466e-20
284.72959	6.88716e-20
284.73741	6.89872e-20
284.74523	6.90920e-20
284.75305	6.91848e-20
284.76087	6.92648e-20
284.76869	6.93317e-20
284.77651	6.93857e-20
284.78434	6.94274e-20
284.79216	6.94579e-20
284.79998	6.94785e-20
284.80781	6.94910e-20
284.81563	6.94973e-20
284.82346	6.94997e-20
284.83128	6.95002e-20
284.83911	6.95011e-20
284.84693	6.95047e-20
284.85476	6.95128e-20
284.86259	6.95272e-20
284.87041	6.95494e-20
284.87824	6.95804e-20
284.88607	6.96210e-20
284.89390	6.96714e-20
284.90173	6.97317e-20
284.90956	6.98011e-20
284.91739	6.98790e-20
284.92522	6.99639e-20
284.93305	7.00545e-20
284.94088	7.01489e-20
284.94871	7.02453e-20
284.95654	7.03416e-20
284.96438	7.04361e-20
284.97221	7.05266e-20
284.98004	7.06116e-20
284.98788	7.06896e-20
284.99571	7.07592e-20
285.00354	7.08196e-20
285.01138	7.08703e-20
285.01922	7.09112e-20
285.02705	7.09424e-20
285.03489	7.09645e-20
285.04272	7.09785e-20
285.05056	7.09857e-20
285.05840	7.09876e-20
285.06624	7.09858e-20
285.07408	7.09822e-20
285.08192	7.09787e-20
285.08976	7.09772e-20
285.09760	7.09794e-20
285.10544	7.09868e-20
285.11328	7.10009e-20
285.12112	7.10227e-20
285.12896	7.10530e-20
285.13680	7.10921e-20
285.14464	7.11400e-20
285.15249	7.11963e-20
285.16033	7.12603e-20
285.16817	7.13310e-20
285.17602	7.14068e-20
285.18386	7.14863e-20
285.19171	7.15676e-20
285.19955	7.16488e-20
285.20740	7.17280e-20
285.21525	7.18034e-20
285.22309	7.18732e-20
285.23094	7.19358e-20
285.23879	7.19899e-20
285.24664	7.20347e-20
285.25448	7.20694e-20
285.26233	7.20939e-20
285.27018	7.21083e-20
285.27803	7.21134e-20
285.28588	7.21099e-20
285.29373	7.20994e-20
285.30158	7.20836e-20
285.30944	7.20642e-20
285.31729	7.20435e-20
285.32514	7.20236e-20
285.33299	7.20069e-20
285.34085	7.19956e-20
285.34870	7.19917e-20
285.35655	7.19970e-20
285.36441	7.20131e-20
285.37226	7.20412e-20
285.38012	7.20822e-20
285.38797	7.21362e-20
285.39583	7.22032e-20
285.40369	7.22826e-20
285.41154	7.23734e-20
285.41940	7.24739e-20
285.42726	7.25824e-20
285.43512	7.26966e-20
285.44298	7.28140e-20
285.45084	7.29321e-20
285.45870	7.30480e-20
285.46656	7.31592e-20
285.47442	7.32629e-20
285.48228	7.33568e-20
285.49014	7.34387e-20
285.49800	7.35071e-20
285.50586	7.35604e-20
285.51373	7.35980e-20
285.52159	7.36195e-20
285.52945	7.36252e-20
285.53732	7.36159e-20
285.54518	7.35929e-20
285.55305	7.35581e-20
285.56091	7.35138e-20
285.56878	7.34625e-20
285.57665	7.34072e-20
285.58451	7.33510e-20
285.59238	7.32972e-20
285.60025	7.32489e-20
285.60811	7.32093e-20
285.61598	7.31813e-20
285.62385	7.31673e-20
285.63172	7.31696e-20
285.63959	7.31899e-20
285.64746	7.32294e-20
285.65533	7.32886e-20
285.66320	7.33676e-20
285.67107	7.34658e-20
285.67895	7.35820e-20
285.68682	7.37144e-20
285.69469	7.38610e-20
285.70256	7.40190e-20
285.71044	7.41854e-20
285.71831	7.43571e-20
285.72619	7.45307e-20
285.73406	7.47027e-20
285.74194	7.48698e-20
285.74981	7.50289e-20
285.75769	7.51769e-20
285.76557	7.53115e-20
285.77344	7.54305e-20
285.78132	7.55322e-20
285.78920	7.56157e-20
285.79708	7.56804e-20
285.80496	7.57264e-20
285.81283	7.57544e-20
285.82071	7.57655e-20
285.82859	7.57616e-20
285.83648	7.57446e-20
285.84436	7.57170e-20
285.85224	7.56817e-20
285.86012	7.56414e-20
285.86800	7.55993e-20
285.87588	7.55582e-20
285.88377	7.55210e-20
285.89165	7.54903e-20
285.89954	7.54685e-20
285.90742	7.54575e-20
285.91530	7.54588e-20
285.92319	7.54734e-20
285.93108	7.55020e-20
285.93896	7.55445e-20
285.94685	7.56005e-20
285.95474	7.56691e-20
285.96262	7.57488e-20
285.97051	7.58379e-20
285.97840	7.59343e-20
285.98629	7.60357e-20
285.99418	7.61396e-20
286.00207	7.62435e-20
286.00996	7.63447e-20
286.01785	7.64408e-20
286.02574	7.65295e-20
286.03363	7.66089e-20
286.04152	7.66770e-20
286.04942	7.67326e-20
286.05731	7.67746e-20
286.06520	7.68025e-20
286.07309	7.68160e-20
286.08099	7.68154e-20
286.08888	7.68013e-20
286.09678	7.67748e-20
286.10467	7.67370e-20
286.11257	7.66897e-20
286.12047	7.66344e-20
286.12836	7.65732e-20
286.13626	7.65080e-20
286.14416	7.64407e-20
286.15205	7.63734e-20
286.15995	7.63078e-20
286.16785	7.62454e-20
286.17575	7.61879e-20
286.18365	7.61363e-20
286.19155	7.60915e-20
286.19945	7.60543e-20
286.20735	7.60248e-20
286.21525	7.60033e-20
286.22316	7.59895e-20
286.23106	7.59830e-20
286.23896	7.59832e-20
286.24686	7.59893e-20
286.25477	7.60004e-20
286.26267	7.60156e-20
286.27058	7.60338e-20
286.27848	7.60539e-20
286.28639	7.60751e-20
286.29429	7.60964e-20
286.30220	7.61170e-20
286.31011	7.61362e-20
286.31801	7.61534e-20
286.32592	7.61681e-20
286.33383	7.61801e-20
286.34174	7.61891e-20
286.34965	7.61950e-20
286.35756	7.61978e-20
286.36547	7.61976e-20
286.37338	7.61944e-20
286.38129	7.61884e-20
286.38920	7.61797e-20
286.39711	7.61683e-20
286.40502	7.61544e-20
286.41293	7.61379e-20
286.42085	7.61188e-20
286.42876	7.60970e-20
286.43667	7.60724e-20
286.44459	7.60447e-20
286.45250	7.60137e-20
286.46042	7.59793e-20
286.46833	7.59411e-20
286.47625	7.58989e-20
286.48416	7.58527e-20
286.49208	7.58023e-20
286.50000	7.57478e-20
286.50792	7.56893e-20
286.51583	7.56270e-20
286.52375	7.55614e-20
286.53167	7.54929e-20
286.53959	7.54221e-20
286.54751	7.53498e-20
286.55543	7.52769e-20
286.56335	7.52041e-20
286.57127	7.51323e-20
286.57919	7.50626e-20
286.58712	7.49958e-20
286.59504	7.49327e-20
286.60296	7.48740e-20
286.61089	7.48202e-20
286.61881	7.47718e-20
286.62673	7.47289e-20
286.63466	7.46916e-20
286.64258	7.46596e-20
286.65051	7.46324e-20
286.65843	7.46094e-20
286.66636	7.45898e-20
286.67429	7.45724e-20
286.68222	7.45563e-20
286.69014	7.45400e-20
286.69807	7.45223e-20
286.70600	7.45019e-20
286.71393	7.44775e-20
286.72186	7.44479e-20
286.72979	7.44122e-20
286.73772	7.43695e-20
286.74565	7.43191e-20
286.75358	7.42609e-20
286.76151	7.41947e-20
286.76944	7.41207e-20
286.77738	7.40395e-20
286.78531	7.39518e-20
286.79324	7.38587e-20
286.80118	7.37616e-20
286.80911	7.36618e-20
286.81705	7.35610e-20
286.82498	7.34609e-20
286.83292	7.33631e-20
286.84085	7.32694e-20
286.84879	7.31812e-20
286.85673	7.31001e-20
286.86466	7.30272e-20
286.87260	7.29636e-20
286.88054	7.29098e-20
286.88848	7.28664e-20
286.89642	7.28333e-20
286.90436	7.28103e-20
286.91230	7.27968e-20
286.92024	7.27921e-20
286.92818	7.27951e-20
286.93612	7.28044e-20
286.94406	7.28187e-20
286.95200	7.28365e-20
286.95995	7.28563e-20
286.96789	7.28765e-20
286.97583	7.28959e-20
286.98378	7.29132e-20
286.99172	7.29275e-20
286.99967	7.29379e-20
287.00761	7.29440e-20
287.01556	7.29458e-20
287.02350	7.29433e-20
287.03145	7.29370e-20
287.03940	7.29276e-20
287.04734	7.29162e-20
287.05529	7.29039e-20
287.06324	7.28921e-20
287.07119	7.28822e-20
287.07914	7.28757e-20
287.08709	7.28740e-20
287.09504	7.28784e-20
287.10299	7.28899e-20
287.11094	7.29095e-20
287.11889	7.29376e-20
287.12684	7.29746e-20
287.13480	7.30204e-20
287.14275	7.30743e-20
287.15070	7.31357e-20
287.15866	7.32031e-20
287.16661	7.32753e-20
287.17456	7.33502e-20
287.18252	7.34260e-20
287.19047	7.35005e-20
287.19843	7.35715e-20
287.20639	7.36368e-20
287.21434	7.36943e-20
287.22230	7.37421e-20
287.23026	7.37786e-20
287.23822	7.38024e-20
287.24618	7.38127e-20
287.25413	7.38089e-20
287.26209	7.37911e-20
287.27005	7.37597e-20
287.27801	7.37157e-20
287.28597	7.36604e-20
287.29394	7.35957e-20
287.30190	7.35237e-20
287.30986	7.34470e-20
287.31782	7.33682e-20
287.32578	7.32901e-20
287.33375	7.32156e-20
287.34171	7.31475e-20
287.34968	7.30884e-20
287.35764	7.30408e-20
287.36561	7.30067e-20
287.37357	7.29877e-20
287.38154	7.29852e-20
287.38950	7.29998e-20
287.39747	7.30318e-20
287.40544	7.30809e-20
287.41341	7.31462e-20
287.42137	7.32266e-20
287.42934	7.33202e-20
287.43731	7.34252e-20
287.44528	7.35391e-20
287.45325	7.36595e-20
287.46122	7.37837e-20
287.46919	7.39091e-20
287.47716	7.40332e-20
287.48514	7.41537e-20
287.49311	7.42684e-20
287.50108	7.43756e-20
287.50905	7.44740e-20
287.51703	7.45626e-20
287.52500	7.46411e-20
287.53298	7.47093e-20
287.54095	7.47677e-20
287.54893	7.48173e-20
287.55690	7.48593e-20
287.56488	7.48953e-20
287.57285	7.49270e-20
287.58083	7.49565e-20
287.58881	7.49857e-20
287.59679	7.50168e-20
287.60476	7.50515e-20
287.61274	7.50916e-20
287.62072	7.51385e-20
287.62870	7.51932e-20
287.63668	7.52565e-20
287.64466	7.53285e-20
287.65264	7.54090e-20
287.66063	7.54973e-20
287.66861	7.55922e-20
287.67659	7.56923e-20
287.68457	7.57956e-20
287.69256	7.58998e-20
287.70054	7.60025e-20
287.70852	7.61012e-20
287.71651	7.61932e-20
287.72449	7.62759e-20
287.73248	7.63470e-20
287.74046	7.64041e-20
287.74845	7.64454e-20
287.75644	7.64693e-20
287.76443	7.64748e-20
287.77241	7.64613e-20
287.78040	7.64286e-20
287.78839	7.63771e-20
287.79638	7.63077e-20
287.80437	7.62219e-20
287.81236	7.61212e-20
287.82035	7.60080e-20
287.82834	7.58847e-20
287.83633	7.57538e-20
287.84432	7.56183e-20
287.85231	7.54810e-20
287.86031	7.53447e-20
287.86830	7.52120e-20
287.87629	7.50854e-20
287.88429	7.49671e-20
287.89228	7.48590e-20
287.90028	7.47626e-20
287.90827	7.46789e-20
287.91627	7.46085e-20
287.92426	7.45518e-20
287.93226	7.45086e-20
287.94026	7.44783e-20
287.94825	7.44600e-20
287.95625	7.44525e-20
287.96425	7.44546e-20
287.97225	7.44646e-20
287.98025	7.44809e-20
287.98825	7.45019e-20
287.99625	7.45260e-20
288.00425	7.45516e-20
288.01225	7.45775e-20
288.02025	7.46026e-20
288.02825	7.46258e-20
288.03626	7.46467e-20
288.04426	7.46648e-20
288.05226	7.46801e-20
288.06027	7.46926e-20
288.06827	7.47028e-20
288.07627	7.47113e-20
288.08428	7.47188e-20
288.09228	7.47262e-20
288.10029	7.47343e-20
288.10830	7.47441e-20
288.11630	7.47564e-20
288.12431	7.47721e-20
288.13232	7.47919e-20
288.14033	7.48163e-20
288.14834	7.48456e-20
288.15634	7.48801e-20
288.16435	7.49196e-20
288.17236	7.49640e-20
288.18037	7.50128e-20
288.18838	7.50655e-20
288.19640	7.51214e-20
288.20441	7.51796e-20
288.21242	7.52394e-20
288.22043	7.52997e-20
288.22845	7.53596e-20
288.23646	7.54184e-20
288.24447	7.54753e-20
288.25249	7.55296e-20
288.26050	7.55808e-20
288.26852	7.56286e-20
288.27653	7.56729e-20
288.28455	7.57134e-20
288.29257	7.57505e-20
288.30058	7.57845e-20
288.30860	7.58157e-20
288.31662	7.58447e-20
288.32464	7.58721e-20
288.33266	7.58986e-20
288.34067	7.59248e-20
288.34869	7.59514e-20
288.35671	7.59790e-20
288.36473	7.60082e-20
288.37276	7.60393e-20
288.38078	7.60727e-20
288.38880	7.61086e-20
288.39682	7.61471e-20
288.40484	7.61881e-20
288.41287	7.62314e-20
288.42089	7.62768e-20
288.42892	7.63239e-20
288.43694	7.63723e-20
288.44497	7.64217e-20
288.45299	7.64716e-20
288.46102	7.65215e-20
288.46904	7.65713e-20
288.47707	7.66206e-20
288.48510	7.66693e-20
288.49313	7.67173e-20
288.50115	7.67649e-20
288.50918	7.68121e-20
288.51721	7.68593e-20
288.52524	7.69070e-20
288.53327	7.69557e-20
288.54130	7.70060e-20
288.54933	7.70584e-20
288.55736	7.71137e-20
288.56540	7.71725e-20
288.57343	7.72351e-20
288.58146	7.73022e-20
288.58949	7.73739e-20
288.59753	7.74505e-20
288.60556	7.75319e-20
288.61360	7.76179e-20
288.62163	7.77081e-20
288.62967	7.78021e-20
288.63770	7.78990e-20
288.64574	7.79981e-20
288.65377	7.80982e-20
288.66181	7.81984e-20
288.66985	7.82974e-20
288.67789	7.83941e-20
288.68593	7.84875e-20
288.69396	7.85764e-20
288.70200	7.86600e-20
288.71004	7.87373e-20
288.71808	7.88079e-20
288.72612	7.88713e-20
288.73417	7.89274e-20
288.74221	7.89761e-20
288.75025	7.90177e-20
288.75829	7.90528e-20
288.76633	7.90820e-20
288.77438	7.91062e-20
288.78242	7.91264e-20
288.79047	7.91437e-20
288.79851	7.91593e-20
288.80656	7.91743e-20
288.81460	7.91899e-20
288.82265	7.92073e-20
288.83069	7.92272e-20
288.83874	7.92505e-20
288.84679	7.92779e-20
288.85484	7.93096e-20
288.86289	7.93459e-20
288.87093	7.93868e-20
288.87898	7.94319e-20
288.88703	7.94808e-20
288.89508	7.95329e-20
288.90313	7.95872e-20
288.91118	7.96430e-20
288.91924	7.96991e-20
288.92729	7.97547e-20
288.93534	7.98086e-20
288.94339	7.98601e-20
288.95145	7.99083e-20
288.95950	7.99526e-20
288.96755	7.99924e-20
288.97561	8.00277e-20
288.98366	8.00583e-20
288.99172	8.00844e-20
288.99978	8.01065e-20
289.00783	8.01253e-20
289.01589	8.01417e-20
289.02395	8.01565e-20
289.03200	8.01710e-20
289.04006	8.01863e-20
289.04812	8.02038e-20
289.05618	8.02245e-20
289.06424	8.02498e-20
289.07230	8.02804e-20
289.08036	8.03175e-20
289.08842	8.03615e-20
289.09648	8.04129e-20
289.10454	8.04719e-20
289.11261	8.05385e-20
289.12067	8.06122e-20
289.12873	8.06925e-20
289.13680	8.07785e-20
289.14486	8.08691e-20
289.15292	8.09632e-20
289.16099	8.10594e-20
289.16905	8.11563e-20
289.17712	8.12524e-20
289.18519	8.13462e-20
289.19325	8.14365e-20
289.20132	8.15219e-20
289.20939	8.16015e-20
289.21746	8.16742e-20
289.22553	8.17395e-20
289.23359	8.17969e-20
289.24166	8.18464e-20
289.24973	8.18879e-20
289.25780	8.19219e-20
289.26587	8.19490e-20
289.27395	8.19698e-20
289.28202	8.19855e-20
289.29009	8.19970e-20
289.29816	8.20055e-20
289.30624	8.20122e-20
289.31431	8.20184e-20
289.32238	8.20252e-20
289.33046	8.20336e-20
289.33853	8.20447e-20
289.34661	8.20593e-20
289.35468	8.20780e-20
289.36276	8.21014e-20
289.37084	8.21297e-20
289.37891	8.21632e-20
289.38699	8.22019e-20
289.39507	8.22455e-20
289.40315	8.22941e-20
289.41123	8.23471e-20
289.41931	8.24043e-20
289.42739	8.24654e-20
289.43547	8.25301e-20
289.44355	8.25980e-20
289.45163	8.26690e-20
289.45971	8.27430e-20
289.46779	8.28200e-20
289.47587	8.29002e-20
289.48396	8.29839e-20
289.49204	8.30714e-20
289.50012	8.31632e-20
289.50821	8.32598e-20
289.51629	8.33617e-20
289.52438	8.34696e-20
289.53246	8.35840e-20
289.54055	8.37052e-20
289.54864	8.38338e-20
289.55672	8.39698e-20
289.56481	8.41134e-20
289.57290	8.42643e-20
289.58099	8.44222e-20
289.58908	8.45866e-20
289.59717	8.47566e-20
289.60526	8.49314e-20
289.61335	8.51096e-20
289.62144	8.52901e-20
289.62953	8.54713e-20
289.63762	8.56519e-20
289.64571	8.58303e-20
289.65380	8.60051e-20
289.66190	8.61747e-20
289.66999	8.63381e-20
289.67808	8.64940e-20
289.68618	8.66417e-20
289.69427	8.67804e-20
289.70237	8.69099e-20
289.71046	8.70300e-20
289.71856	8.71409e-20
289.72666	8.72430e-20
289.73475	8.73372e-20
289.74285	8.74243e-20
289.75095	8.75054e-20
289.75905	8.75817e-20
289.76715	8.76545e-20
289.77525	8.77250e-20
289.78334	8.77946e-20
289.79145	8.78644e-20
289.79955	8.79353e-20
289.80765	8.80080e-20
289.81575	8.80831e-20
289.82385	8.81608e-20
289.83195	8.82410e-20
289.84006	8.83234e-20
289.84816	8.84072e-20
289.85626	8.84916e-20
289.86437	8.85753e-20
289.87247	8.86571e-20
289.88058	8.87354e-20
289.88868	8.88087e-20
289.89679	8.88754e-20
289.90489	8.89342e-20
289.91300	8.89836e-20
289.92111	8.90226e-20
289.92922	8.90503e-20
289.93733	8.90663e-20
289.94543	8.90704e-20
289.95354	8.90629e-20
289.96165	8.90444e-20
289.96976	8.90160e-20
289.97787	8.89792e-20
289.98598	8.89357e-20
289.99410	8.88875e-20
290.00221	8.88371e-20
290.01032	8.87866e-20
290.01843	8.87388e-20
290.02655	8.86959e-20
290.03466	8.86603e-20
290.04277	8.86341e-20
290.05089	8.86192e-20
290.05900	8.86168e-20
290.06712	8.86281e-20
290.07524	8.86535e-20
290.08335	8.86930e-20
290.09147	8.87460e-20
290.09959	8.88115e-20
290.10771	8.88877e-20
290.11582	8.89728e-20
290.12394	8.90641e-20
290.13206	8.91590e-20
290.14018	8.92543e-20
290.14830	8.93471e-20
290.15642	8.94340e-20
290.16454	8.95120e-20
290.17266	8.95783e-20
290.18079	8.96302e-20
290.18891	8.96657e-20
290.19703	8.96829e-20
290.20515	8.96807e-20
290.21328	8.96587e-20
290.22140	8.96168e-20
290.22953	8.95558e-20
290.23765	8.94769e-20
290.24578	8.93822e-20
290.25390	8.92738e-20
290.26203	8.91548e-20
290.27016	8.90283e-20
290.27829	8.88978e-20
290.28641	8.87667e-20
290.29454	8.86387e-20
290.30267	8.85172e-20
290.31080	8.84055e-20
290.31893	8.83064e-20
290.32706	8.82224e-20
290.33519	8.81554e-20
290.34332	8.81068e-20
290.35145	8.80772e-20
290.35958	8.80668e-20
290.36772	8.80750e-20
290.37585	8.81006e-20
290.38398	8.81418e-20
290.39212	8.81963e-20
290.40025	8.82614e-20
290.40839	8.83341e-20
290.41652	8.84110e-20
290.42466	8.84888e-20
290.43279	8.85641e-20
290.44093	8.86336e-20
290.44907	8.86945e-20
290.45720	8.87439e-20
290.46534	8.87798e-20
290.47348	8.88003e-20
290.48162	8.88045e-20
290.48976	8.87917e-20
290.49790	8.87621e-20
290.50604	8.87164e-20
290.51418	8.86559e-20
290.52232	8.85824e-20
290.53046	8.84984e-20
290.53860	8.84065e-20
290.54674	8.83096e-20
290.55489	8.82111e-20
290.56303	8.81142e-20
290.57117	8.80222e-20
290.57932	8.79381e-20
290.58746	8.78649e-20
290.59561	8.78052e-20
290.60375	8.77610e-20
290.61190	8.77341e-20
290.62005	8.77255e-20
290.62819	8.77359e-20
290.63634	8.77654e-20
290.64449	8.78132e-20
290.65264	8.78786e-20
290.66079	8.79598e-20
290.66894	8.80549e-20
290.67709	8.81618e-20
290.68524	8.82778e-20
290.69339	8.84002e-20
290.70154	8.85262e-20
290.70969	8.86531e-20
290.71784	8.87782e-20
290.72599	8.88992e-20
290.73415	8.90137e-20
290.74230	8.91202e-20
290.75045	8.92170e-20
290.75861	8.93034e-20
290.76676	8.93788e-20
290.77492	8.94432e-20
290.78307	8.94971e-20
290.79123	8.95413e-20
290.79939	8.95773e-20
290.80754	8.96068e-20
290.81570	8.96317e-20
290.82386	8.96542e-20
290.83202	8.96768e-20
290.84018	8.97020e-20
290.84834	8.97324e-20
290.85650	8.97702e-20
290.86466	8.98179e-20
290.87282	8.98776e-20
290.88098	8.99511e-20
290.88914	9.00400e-20
290.89730	9.01456e-20
290.90546	9.02685e-20
290.91363	9.04094e-20
290.92179	9.05682e-20
290.92996	9.07446e-20
290.93812	9.09379e-20
290.94628	9.11471e-20
290.95445	9.13707e-20
290.96262	9.16071e-20
290.97078	9.18544e-20
290.97895	9.21106e-20
290.98712	9.23734e-20
290.99528	9.26405e-20
291.00345	9.29096e-20
291.01162	9.31783e-20
291.01979	9.34445e-20
291.02796	9.37060e-20
291.03613	9.39607e-20
291.04430	9.42070e-20
291.05247	9.44430e-20
291.06064	9.46677e-20
291.06881	9.48797e-20
291.07698	9.50783e-20
291.08516	9.52630e-20
291.09333	9.54335e-20
291.10150	9.55897e-20
291.10968	9.57321e-20
291.11785	9.58611e-20
291.12603	9.59776e-20
291.13420	9.60827e-20
291.14238	9.61774e-20
291.15055	9.62633e-20
291.15873	9.63418e-20
291.16691	9.64147e-20
291.17509	9.64836e-20
291.18326	9.65504e-20
291.19144	9.66167e-20
291.19962	9.66842e-20
291.20780	9.67546e-20
291.21598	9.68292e-20
291.22416	9.69095e-20
291.23234	9.69965e-20
291.24052	9.70910e-20
291.24871	9.71937e-20
291.25689	9.73048e-20
291.26507	9.74244e-20
291.27325	9.75522e-20
291.28144	9.76876e-20
291.28962	9.78296e-20
291.29781	9.79772e-20
291.30599	9.81287e-20
291.31418	9.82827e-20
291.32236	9.84373e-20
291.33055	9.85903e-20
291.33874	9.87399e-20
291.34692	9.88839e-20
291.35511	9.90202e-20
291.36330	9.91469e-20
291.37149	9.92622e-20
291.37968	9.93645e-20
291.38787	9.94524e-20
291.39606	9.95249e-20
291.40425	9.95814e-20
291.41244	9.96215e-20
291.42063	9.96453e-20
291.42882	9.96533e-20
291.43702	9.96464e-20
291.44521	9.96259e-20
291.45340	9.95933e-20
291.46160	9.95504e-20
291.46979	9.94995e-20
291.47798	9.94428e-20
291.48618	9.93827e-20
291.49438	9.93217e-20
291.50257	9.92622e-20
291.51077	9.92065e-20
291.51896	9.91566e-20
291.52716	9.91146e-20
291.53536	9.90818e-20
291.54356	9.90596e-20
291.55176	9.90487e-20
291.55996	9.90494e-20
291.56816	9.90619e-20
291.57636	9.90854e-20
291.58456	9.91193e-20
291.59276	9.91622e-20
291.60096	9.92127e-20
291.60916	9.92687e-20
291.61737	9.93284e-20
291.62557	9.93896e-20
291.63377	9.94500e-20
291.64198	9.95077e-20
291.65018	9.95606e-20
291.65838	9.96068e-20
291.66659	9.96448e-20
291.67480	9.96734e-20
291.68300	9.96919e-20
291.69121	9.96997e-20
291.69942	9.96969e-20
291.70762	9.96838e-20
291.71583	9.96615e-20
291.72404	9.96310e-20
291.73225	9.95941e-20
291.74046	9.95524e-20
291.74867	9.95082e-20
291.75688	9.94636e-20
291.76509	9.94210e-20
291.77330	9.93826e-20
291.78151	9.93504e-20
291.78973	9.93266e-20
291.79794	9.93127e-20
291.80615	9.93101e-20
291.81437	9.93198e-20
291.82258	9.93423e-20
291.83079	9.93777e-20
291.83901	9.94257e-20
291.84722	9.94854e-20
291.85544	9.95558e-20
291.86366	9.96352e-20
291.87187	9.97217e-20
291.88009	9.98133e-20
291.88831	9.99076e-20
291.89653	1.00002e-19
291.90475	1.00095e-19
291.91296	1.00184e-19
291.92118	1.00266e-19
291.92940	1.00340e-19
291.93763	1.00405e-19
291.94585	1.00459e-19
291.95407	1.00502e-19
291.96229	1.00533e-19
291.97051	1.00553e-19
291.97874	1.00563e-19
291.98696	1.00563e-19
291.99518	1.00555e-19
292.00341	1.00541e-19
292.01163	1.00524e-19
292.01986	1.00505e-19
292.02808	1.00486e-19
292.03631	1.00472e-19
292.04454	1.00463e-19
292.05276	1.00462e-19
292.06099	1.00472e-19
292.06922	1.00493e-19
292.07745	1.00527e-19
292.08568	1.00576e-19
292.09390	1.00639e-19
292.10213	1.00717e-19
292.11036	1.00809e-19
292.11860	1.00915e-19
292.12683	1.01034e-19
292.13506	1.01163e-19
292.14329	1.01302e-19
292.15152	1.01447e-19
292.15976	1.01598e-19
292.16799	1.01752e-19
292.17622	1.01906e-19
292.18446	1.02059e-19
292.19269	1.02209e-19
292.20093	1.02355e-19
292.20916	1.02494e-19
292.21740	1.02627e-19
292.22564	1.02753e-19
292.23387	1.02871e-19
292.24211	1.02981e-19
292.25035	1.03086e-19
292.25859	1.03184e-19
292.26683	1.03277e-19
292.27507	1.03368e-19
292.28331	1.03456e-19
292.29155	1.03545e-19
292.29979	1.03635e-19
292.30803	1.03728e-19
292.31627	1.03825e-19
292.32452	1.03927e-19
292.33276	1.04036e-19
292.34100	1.04151e-19
292.34925	1.04273e-19
292.35749	1.04401e-19
292.36573	1.04536e-19
292.37398	1.04675e-19
292.38223	1.04818e-19
292.39047	1.04963e-19
292.39872	1.05108e-19
292.40697	1.05251e-19
292.41521	1.05390e-19
292.42346	1.05522e-19
292.43171	1.05644e-19
292.43996	1.05756e-19
292.44821	1.05855e-19
292.45646	1.05939e-19
292.46471	1.06007e-19
292.47296	1.06057e-19
292.48121	1.06090e-19
292.48946	1.06104e-19
292.49771	1.06100e-19
292.50597	1.06079e-19
292.51422	1.06040e-19
292.52247	1.05987e-19
292.53073	1.05919e-19
292.53898	1.05839e-19
292.54724	1.05749e-19
292.55549	1.05651e-19
292.56375	1.05546e-19
292.57200	1.05438e-19
292.58026	1.05328e-19
292.58852	1.05217e-19
292.59678	1.05108e-19
292.60503	1.05002e-19
292.61329	1.04899e-19
292.62155	1.04801e-19
292.62981	1.04707e-19
292.63807	1.04619e-19
292.64633	1.04535e-19
292.65459	1.04455e-19
292.66285	1.04379e-19
292.67112	1.04305e-19
292.67938	1.04233e-19
292.68764	1.04161e-19
292.69590	1.04088e-19
292.70417	1.04012e-19
292.71243	1.03934e-19
292.72070	1.03851e-19
292.72896	1.03763e-19
292.73723	1.03670e-19
292.74549	1.03571e-19
292.75376	1.03466e-19
292.76203	1.03354e-19
292.77030	1.03237e-19
292.77856	1.03115e-19
292.78683	1.02988e-19
292.79510	1.02857e-19
292.80337	1.02723e-19
292.81164	1.02588e-19
292.81991	1.02451e-19
292.82818	1.02315e-19
292.83645	1.02179e-19
292.84472	1.02045e-19
292.85300	1.01912e-19
292.86127	1.01782e-19
292.86954	1.01655e-19
292.87782	1.01530e-19
292.88609	1.01408e-19
292.89437	1.01287e-19
292.90264	1.01168e-19
292.91092	1.01050e-19
292.91919	1.00932e-19
292.92747	1.00813e-19
292.93574	1.00692e-19
292.94402	1.00569e-19
292.95230	1.00443e-19
292.96058	1.00314e-19
292.96886	1.00180e-19
292.97714	1.00043e-19
292.98542	9.99010e-20
292.99370	9.97554e-20
293.00198	9.96064e-20
293.01026	9.94547e-20
293.01854	9.93013e-20
293.02682	9.91473e-20
293.03510	9.89939e-20
293.04339	9.88424e-20
293.05167	9.86943e-20
293.05995	9.85510e-20
293.06824	9.84138e-20
293.07652	9.82840e-20
293.08481	9.81628e-20
293.09309	9.80510e-20
293.10138	9.79493e-20
293.10967	9.78581e-20
293.11795	9.77777e-20
293.12624	9.77076e-20
293.13453	9.76476e-20
293.14282	9.75968e-20
293.15111	9.75543e-20
293.15940	9.75186e-20
293.16769	9.74885e-20
293.17598	9.74623e-20
293.18427	9.74382e-20
293.19256	9.74146e-20
293.20085	9.73898e-20
293.20915	9.73621e-20
293.21744	9.73301e-20
293.22573	9.72925e-20
293.23402	9.72483e-20
293.24232	9.71967e-20
293.25061	9.71373e-20
293.25891	9.70698e-20
293.26720	9.69945e-20
293.27550	9.69118e-20
293.28380	9.68226e-20
293.29209	9.67278e-20
293.30039	9.66287e-20
293.30869	9.65268e-20
293.31699	9.64235e-20
293.32529	9.63207e-20
293.33359	9.62198e-20
293.34189	9.61225e-20
293.35019	9.60302e-20
293.35849	9.59443e-20
293.36679	9.58659e-20
293.37509	9.57958e-20
293.38339	9.57348e-20
293.39170	9.56830e-20
293.40000	9.56406e-20
293.40830	9.56072e-20
293.41661	9.55822e-20
293.42491	9.55650e-20
293.43322	9.55544e-20
293.44152	9.55492e-20
293.44983	9.55481e-20
293.45813	9.55497e-20
293.46644	9.55525e-20
293.47475	9.55551e-20
293.48306	9.55560e-20
293.49136	9.55542e-20
293.49967	9.55484e-20
293.50798	9.55379e-20
293.51629	9.55219e-20
293.52460	9.55002e-20
293.53291	9.54726e-20
293.54122	9.54392e-20
293.54954	9.54004e-20
293.55785	9.53568e-20
293.56616	9.53092e-20
293.57447	9.52586e-20
293.58279	9.52060e-20
293.59110	9.51527e-20
293.59942	9.50999e-20
293.60773	9.50487e-20
293.61605	9.50003e-20
293.62436	9.49558e-20
293.63268	9.49160e-20
293.64099	9.48818e-20
293.64931	9.48537e-20
293.65763	9.48321e-20
293.66595	9.48171e-20
293.67427	9.48088e-20
293.68259	9.48069e-20
293.69091	9.48109e-20
293.69923	9.48203e-20
293.70755	9.48344e-20
293.71587	9.48524e-20
293.72419	9.48735e-20
293.73251	9.48968e-20
293.74083	9.49215e-20
293.74916	9.49467e-20
293.75748	9.49719e-20
293.76580	9.49964e-20
293.77413	9.50197e-20
293.78245	9.50417e-20
293.79078	9.50621e-20
293.79910	9.50810e-20
293.80743	9.50987e-20
293.81576	9.51154e-20
293.82408	9.51316e-20
293.83241	9.51480e-20
293.84074	9.51650e-20
293.84907	9.51834e-20
293.85740	9.52040e-20
293.86573	9.52272e-20
293.87406	9.52537e-20
293.88239	9.52841e-20
293.89072	9.53186e-20
293.89905	9.53575e-20
293.90738	9.54009e-20
293.91571	9.54486e-20
293.92405	9.55005e-20
293.93238	9.55561e-20
293.94071	9.56149e-20
293.94905	9.56761e-20
293.95738	9.57391e-20
293.96572	9.58030e-20
293.97405	9.58670e-20
293.98239	9.59300e-20
293.99073	9.59915e-20
293.99906	9.60506e-20
294.00740	9.61067e-20
294.01574	9.61593e-20
294.02408	9.62082e-20
294.03242	9.62533e-20
294.04076	9.62947e-20
294.04910	9.63328e-20
294.05744	9.63681e-20
294.06578	9.64014e-20
294.07412	9.64337e-20
294.08246	9.64662e-20
294.09080	9.65000e-20
294.09914	9.65367e-20
294.10749	9.65776e-20
294.11583	9.66242e-20
294.12418	9.66780e-20
294.13252	9.67403e-20
294.14087	9.68124e-20
294.14921	9.68953e-20
294.15756	9.69900e-20
294.16590	9.70971e-20
294.17425	9.72172e-20
294.18260	9.73503e-20
294.19095	9.74964e-20
294.19929	9.76551e-20
294.20764	9.78259e-20
294.21599	9.80078e-20
294.22434	9.81998e-20
294.23269	9.84007e-20
294.24104	9.86090e-20
294.24940	9.88233e-20
294.25775	9.90420e-20
294.26610	9.92635e-20
294.27445	9.94864e-20
294.28281	9.97092e-20
294.29116	9.99305e-20
294.29951	1.00149e-19
294.30787	1.00364e-19
294.31622	1.00575e-19
294.32458	1.00781e-19
294.33293	1.00981e-19
294.34129	1.01177e-19
294.34965	1.01367e-19
294.35801	1.01552e-19
294.36636	1.01733e-19
294.37472	1.01911e-19
294.38308	1.02087e-19
294.39144	1.02260e-19
294.39980	1.02433e-19
294.40816	1.02607e-19
294.41652	1.02782e-19
294.42488	1.02960e-19
294.43324	1.03141e-19
294.44161	1.03325e-19
294.44997	1.03514e-19
294.45833	1.03708e-19
294.46670	1.03906e-19
294.47506	1.04108e-19
294.48342	1.04315e-19
294.49179	1.04525e-19
294.50015	1.04738e-19
294.50852	1.04952e-19
294.51689	1.05167e-19
294.52525	1.05380e-19
294.53362	1.05591e-19
294.54199	1.05799e-19
294.55036	1.06001e-19
294.55873	1.06196e-19
294.56710	1.06383e-19
294.57547	1.06561e-19
294.58384	1.06728e-19
294.59221	1.06885e-19
294.60058	1.07029e-19
294.60895	1.07161e-19
294.61732	1.07280e-19
294.62569	1.07387e-19
294.63407	1.07482e-19
294.64244	1.07565e-19
294.65082	1.07638e-19
294.65919	1.07701e-19
294.66757	1.07757e-19
294.67594	1.07805e-19
294.68432	1.07848e-19
294.69269	1.07887e-19
294.70107	1.07925e-19
294.70945	1.07962e-19
294.71783	1.08000e-19
294.72620	1.08040e-19
294.73458	1.08085e-19
294.74296	1.08134e-19
294.75134	1.08189e-19
294.75972	1.08251e-19
294.76810	1.08320e-19
294.77648	1.08395e-19
294.78487	1.08477e-19
294.79325	1.08566e-19
294.80163	1.08660e-19
294.81001	1.08758e-19
294.81840	1.08860e-19
294.82678	1.08964e-19
294.83517	1.09068e-19
294.84355	1.09171e-19
294.85194	1.09271e-19
294.86032	1.09366e-19
294.86871	1.09454e-19
294.87710	1.09533e-19
294.88548	1.09602e-19
294.89387	1.09659e-19
294.90226	1.09703e-19
294.91065	1.09733e-19
294.91904	1.09747e-19
294.92743	1.09746e-19
294.93582	1.09728e-19
294.94421	1.09693e-19
294.95260	1.09642e-19
294.96099	1.09576e-19
294.96938	1.09494e-19
294.97778	1.09397e-19
294.98617	1.09288e-19
294.99456	1.09166e-19
295.00296	1.09034e-19
295.01135	1.08892e-19
295.01975	1.08743e-19
295.02814	1.08588e-19
295.03654	1.08428e-19
295.04494	1.08264e-19
295.05333	1.08099e-19
295.06173	1.07934e-19
295.07013	1.07768e-19
295.07853	1.07604e-19
295.08693	1.07441e-19
295.09532	1.07280e-19
295.10372	1.07122e-19
295.11212	1.06965e-19
295.12053	1.06810e-19
295.12893	1.06657e-19
295.13733	1.06504e-19
295.14573	1.06352e-19
295.15413	1.06198e-19
295.16254	1.06043e-19
295.17094	1.05885e-19
295.17934	1.05723e-19
295.18775	1.05558e-19
295.19615	1.05387e-19
295.20456	1.05211e-19
295.21297	1.05028e-19
295.22137	1.04840e-19
295.22978	1.04646e-19
295.23819	1.04446e-19
295.24660	1.04241e-19
295.25500	1.04032e-19
295.26341	1.03820e-19
295.27182	1.03605e-19
295.28023	1.03390e-19
295.28864	1.03175e-19
295.29705	1.02963e-19
295.30546	1.02755e-19
295.31388	1.02553e-19
295.32229	1.02358e-19
295.33070	1.02173e-19
295.33911	1.01997e-19
295.34753	1.01833e-19
295.35594	1.01682e-19
295.36436	1.01544e-19
295.37277	1.01420e-19
295.38119	1.01309e-19
295.38960	1.01212e-19
295.39802	1.01128e-19
295.40644	1.01056e-19
295.41486	1.00995e-19
295.42327	1.00944e-19
295.43169	1.00901e-19
295.44011	1.00864e-19
295.44853	1.00830e-19
295.45695	1.00799e-19
295.46537	1.00768e-19
295.47379	1.00735e-19
295.48221	1.00698e-19
295.49064	1.00654e-19
295.49906	1.00604e-19
295.50748	1.00544e-19
295.51590	1.00475e-19
295.52433	1.00396e-19
295.53275	1.00306e-19
295.54118	1.00205e-19
295.54960	1.00095e-19
295.55803	9.99748e-20
295.56645	9.98470e-20
295.57488	9.97128e-20
295.58331	9.95741e-20
295.59174	9.94330e-20
295.60016	9.92918e-20
295.60859	9.91528e-20
295.61702	9.90186e-20
295.62545	9.88917e-20
295.63388	9.87745e-20
295.64231	9.86692e-20
295.65074	9.85780e-20
295.65917	9.85026e-20
295.66761	9.84447e-20
295.67604	9.84054e-20
295.68447	9.83856e-20
295.69291	9.83857e-20
295.70134	9.84057e-20
295.70977	9.84453e-20
295.71821	9.85038e-20
295.72664	9.85801e-20
295.73508	9.86728e-20
295.74352	9.87803e-20
295.75195	9.89005e-20
295.76039	9.90315e-20
295.76883	9.91710e-20
295.77727	9.93169e-20
295.78570	9.94668e-20
295.79414	9.96186e-20
295.80258	9.97703e-20
295.81102	9.99200e-20
295.81946	1.00066e-19
295.82791	1.00207e-19
295.83635	1.00342e-19
295.84479	1.00470e-19
295.85323	1.00591e-19
295.86167	1.00704e-19
295.87012	1.00811e-19
295.87856	1.00910e-19
295.88701	1.01003e-19
295.89545	1.01092e-19
295.90390	1.01176e-19
295.91234	1.01259e-19
295.92079	1.01340e-19
295.92924	1.01422e-19
295.93768	1.01506e-19
295.94613	1.01594e-19
295.95458	1.01687e-19
295.96303	1.01786e-19
295.97148	1.01894e-19
295.97993	1.02011e-19
295.98838	1.02138e-19
295.99683	1.02275e-19
296.00528	1.02424e-19
296.01373	1.02584e-19
296.02218	1.02756e-19
296.03064	1.02940e-19
296.03909	1.03135e-19
296.04754	1.03342e-19
296.05600	1.03558e-19
296.06445	1.03785e-19
296.07291	1.04021e-19
296.08136	1.04265e-19
296.08982	1.04516e-19
296.09828	1.04774e-19
296.10673	1.05038e-19
296.11519	1.05307e-19
296.12365	1.05580e-19
296.13211	1.05856e-19
296.14057	1.06135e-19
296.14903	1.06417e-19
296.15749	1.06700e-19
296.16595	1.06985e-19
296.17441	1.07270e-19
296.18287	1.07555e-19
296.19133	1.07841e-19
296.19979	1.08127e-19
296.20826	1.08412e-19
296.21672	1.08696e-19
296.22518	1.08979e-19
296.23365	1.09261e-19
296.24211	1.09542e-19
296.25058	1.09821e-19
296.25904	1.10097e-19
296.26751	1.10372e-19
296.27598	1.10643e-19
296.28444	1.10911e-19
296.29291	1.11176e-19
296.30138	1.11438e-19
296.30985	1.11695e-19
296.31832	1.11947e-19
296.32679	1.12195e-19
296.33526	1.12438e-19
296.34373	1.12676e-19
296.35220	1.12909e-19
296.36067	1.13137e-19
296.36914	1.13359e-19
296.37761	1.13577e-19
296.38609	1.13789e-19
296.39456	1.13997e-19
296.40303	1.14200e-19
296.41151	1.14400e-19
296.41998	1.14596e-19
296.42846	1.14789e-19
296.43694	1.14980e-19
296.44541	1.15168e-19
296.45389	1.15356e-19
296.46237	1.15542e-19
296.47084	1.15728e-19
296.47932	1.15914e-19
296.48780	1.16102e-19
296.49628	1.16290e-19
296.50476	1.16480e-19
296.51324	1.16672e-19
296.52172	1.16867e-19
296.53020	1.17064e-19
296.53868	1.17264e-19
296.54717	1.17466e-19
296.55565	1.17671e-19
296.56413	1.17879e-19
296.57262	1.18090e-19
296.58110	1.18303e-19
296.58959	1.18519e-19
296.59807	1.18736e-19
296.60656	1.18954e-19
296.61504	1.19174e-19
296.62353	1.19394e-19
296.63202	1.19615e-19
296.64050	1.19835e-19
296.64899	1.20054e-19
296.65748	1.20272e-19
296.66597	1.20488e-19
296.67446	1.20701e-19
296.68295	1.20912e-19
296.69144	1.21119e-19
296.69993	1.21322e-19
296.70842	1.21521e-19
296.71691	1.21716e-19
296.72541	1.21906e-19
296.73390	1.22092e-19
296.74239	1.22273e-19
296.75089	1.22449e-19
296.75938	1.22621e-19
296.76788	1.22788e-19
296.77637	1.22953e-19
296.78487	1.23114e-19
296.79336	1.23272e-19
296.80186	1.23429e-19
296.81036	1.23585e-19
296.81885	1.23741e-19
296.82735	1.23898e-19
296.83585	1.24057e-19
296.84435	1.24219e-19
296.85285	1.24384e-19
296.86135	1.24554e-19
296.86985	1.24731e-19
296.87835	1.24913e-19
296.88685	1.25103e-19
296.89536	1.25300e-19
296.90386	1.25506e-19
296.91236	1.25720e-19
296.92087	1.25943e-19
296.92937	1.26174e-19
296.93787	1.26414e-19
296.94638	1.26662e-19
296.95489	1.26918e-19
296.96339	1.27180e-19
296.97190	1.27449e-19
296.98040	1.27723e-19
296.98891	1.28002e-19
296.99742	1.28284e-19
297.00593	1.28570e-19
297.01444	1.28856e-19
297.02295	1.29144e-19
297.03146	1.29432e-19
297.03997	1.29720e-19
297.04848	1.30007e-19
297.05699	1.30292e-19
297.06550	1.30575e-19
297.07401	1.30857e-19
297.08253	1.31136e-19
297.09104	1.31414e-19
297.09955	1.31691e-19
297.10807	1.31966e-19
297.11658	1.32241e-19
297.12510	1.32515e-19
297.13361	1.32790e-19
297.14213	1.33065e-19
297.15065	1.33341e-19
297.15917	1.33618e-19
297.16768	1.33896e-19
297.17620	1.34175e-19
297.18472	1.34456e-19
297.19324	1.34737e-19
297.20176	1.35018e-19
297.21028	1.35299e-19
297.21880	1.35579e-19
297.22732	1.35856e-19
297.23584	1.36129e-19
297.24436	1.36398e-19
297.25289	1.36661e-19
297.26141	1.36917e-19
297.26993	1.37164e-19
297.27846	1.37401e-19
297.28698	1.37628e-19
297.29551	1.37844e-19
297.30403	1.38047e-19
297.31256	1.38238e-19
297.32109	1.38416e-19
297.32961	1.38581e-19
297.33814	1.38734e-19
297.34667	1.38875e-19
297.35520	1.39005e-19
297.36373	1.39126e-19
297.37226	1.39237e-19
297.38079	1.39341e-19
297.38932	1.39439e-19
297.39785	1.39532e-19
297.40638	1.39622e-19
297.41491	1.39709e-19
297.42344	1.39795e-19
297.43198	1.39880e-19
297.44051	1.39965e-19
297.44904	1.40051e-19
297.45758	1.40136e-19
297.46611	1.40221e-19
297.47465	1.40305e-19
297.48318	1.40385e-19
297.49172	1.40462e-19
297.50026	1.40532e-19
297.50879	1.40595e-19
297.51733	1.40646e-19
297.52587	1.40686e-19
297.53441	1.40710e-19
297.54295	1.40717e-19
297.55149	1.40704e-19
297.56003	1.40671e-19
297.56857	1.40614e-19
297.57711	1.40533e-19
297.58565	1.40428e-19
297.59419	1.40298e-19
297.60274	1.40143e-19
297.61128	1.39964e-19
297.61982	1.39763e-19
297.62837	1.39541e-19
297.63691	1.39300e-19
297.64546	1.39044e-19
297.65400	1.38775e-19
297.66255	1.38496e-19
297.67110	1.38212e-19
297.67964	1.37924e-19
297.68819	1.37638e-19
297.69674	1.37355e-19
297.70529	1.37080e-19
297.71384	1.36813e-19
297.72239	1.36559e-19
297.73094	1.36317e-19
297.73949	1.36090e-19
297.74804	1.35877e-19
297.75659	1.35679e-19
297.76514	1.35494e-19
297.77369	1.35322e-19
297.78225	1.35160e-19
297.79080	1.35005e-19
297.79936	1.34856e-19
297.80791	1.34709e-19
297.81646	1.34561e-19
297.82502	1.34409e-19
297.83358	1.34249e-19
297.84213	1.34079e-19
297.85069	1.33896e-19
297.85925	1.33698e-19
297.86780	1.33482e-19
297.87636	1.33248e-19
297.88492	1.32995e-19
297.89348	1.32722e-19
297.90204	1.32431e-19
297.91060	1.32123e-19
297.91916	1.31800e-19
297.92772	1.31463e-19
297.93629	1.31117e-19
297.94485	1.30763e-19
297.95341	1.30406e-19
297.96197	1.30049e-19
297.97054	1.29695e-19
297.97910	1.29349e-19
297.98767	1.29014e-19
297.99623	1.28693e-19
298.00480	1.28388e-19
298.01337	1.28101e-19
298.02193	1.27834e-19
298.03050	1.27589e-19
298.03907	1.27365e-19
298.04764	1.27163e-19
298.05620	1.26980e-19
298.06477	1.26818e-19
298.07334	1.26672e-19
298.08191	1.26541e-19
298.09048	1.26423e-19
298.09906	1.26314e-19
298.10763	1.26212e-19
298.11620	1.26114e-19
298.12477	1.26016e-19
298.13335	1.25917e-19
298.14192	1.25814e-19
298.15049	1.25706e-19
298.15907	1.25590e-19
298.16764	1.25466e-19
298.17622	1.25333e-19
298.18479	1.25191e-19
298.19337	1.25042e-19
298.20195	1.24885e-19
298.21053	1.24723e-19
298.21910	1.24558e-19
298.22768	1.24391e-19
298.23626	1.24225e-19
298.24484	1.24062e-19
298.25342	1.23905e-19
298.26200	1.23756e-19
298.27058	1.23617e-19
298.27917	1.23490e-19
298.28775	1.23377e-19
298.29633	1.23279e-19
298.30491	1.23197e-19
298.31350	1.23131e-19
298.32208	1.23080e-19
298.33067	1.23046e-19
298.33925	1.23025e-19
298.34784	1.23018e-19
298.35642	1.23023e-19
298.36501	1.23038e-19
298.37360	1.23060e-19
298.38218	1.23089e-19
298.39077	1.23121e-19
298.39936	1.23156e-19
298.40795	1.23191e-19
298.41654	1.23224e-19
298.42513	1.23255e-19
298.43372	1.23282e-19
298.44231	1.23305e-19
298.45090	1.23324e-19
298.45949	1.23338e-19
298.46809	1.23347e-19
298.47668	1.23353e-19
298.48527	1.23356e-19
298.49387	1.23356e-19
298.50246	1.23355e-19
298.51106	1.23355e-19
298.51965	1.23355e-19
298.52825	1.23357e-19
298.53684	1.23362e-19
298.54544	1.23370e-19
298.55404	1.23382e-19
298.56264	1.23397e-19
298.57123	1.23416e-19
298.57983	1.23438e-19
298.58843	1.23462e-19
298.59703	1.23487e-19
298.60563	1.23512e-19
298.61423	1.23535e-19
298.62283	1.23557e-19
298.63144	1.23574e-19
298.64004	1.23586e-19
298.64864	1.23591e-19
298.65725	1.23589e-19
298.66585	1.23579e-19
298.67445	1.23560e-19
298.68306	1.23532e-19
298.69166	1.23497e-19
298.70027	1.23454e-19
298.70888	1.23404e-19
298.71748	1.23350e-19
298.72609	1.23292e-19
298.73470	1.23233e-19
298.74331	1.23175e-19
298.75191	1.23120e-19
298.76052	1.23071e-19
298.76913	1.23030e-19
298.77774	1.23000e-19
298.78636	1.22981e-19
298.79497	1.22977e-19
298.80358	1.22988e-19
298.81219	1.23015e-19
298.82080	1.23058e-19
298.82942	1.23119e-19
298.83803	1.23195e-19
298.84664	1.23287e-19
298.85526	1.23393e-19
298.86387	1.23511e-19
298.87249	1.23638e-19
298.88111	1.23773e-19
298.88972	1.23914e-19
298.89834	1.24056e-19
298.90696	1.24198e-19
298.91558	1.24338e-19
298.92420	1.24472e-19
298.93281	1.24600e-19
298.94143	1.24718e-19
298.95005	1.24827e-19
298.95868	1.24924e-19
298.96730	1.25011e-19
298.97592	1.25086e-19
298.98454	1.25152e-19
298.99316	1.25208e-19
299.00179	1.25257e-19
299.01041	1.25301e-19
299.01903	1.25340e-19
299.02766	1.25379e-19
299.03628	1.25420e-19
299.04491	1.25464e-19
299.05354	1.25514e-19
299.06216	1.25572e-19
299.07079	1.25640e-19
299.07942	1.25720e-19
299.08805	1.25812e-19
299.09668	1.25918e-19
299.10530	1.26036e-19
299.11393	1.26167e-19
299.12256	1.26310e-19
299.13119	1.26464e-19
299.13983	1.26626e-19
299.14846	1.26794e-19
299.15709	1.26967e-19
299.16572	1.27141e-19
299.17436	1.27313e-19
299.18299	1.27482e-19
299.19162	1.27644e-19
299.20026	1.27797e-19
299.20889	1.27940e-19
299.21753	1.28069e-19
299.22617	1.28184e-19
299.23480	1.28285e-19
299.24344	1.28369e-19
299.25208	1.28439e-19
299.26071	1.28493e-19
299.26935	1.28534e-19
299.27799	1.28563e-19
299.28663	1.28580e-19
299.29527	1.28590e-19
299.30391	1.28593e-19
299.31255	1.28593e-19
299.32120	1.28591e-19
299.32984	1.28590e-19
299.33848	1.28592e-19
299.34712	1.28600e-19
299.35577	1.28615e-19
299.36441	1.28638e-19
299.37306	1.28670e-19
299.38170	1.28712e-19
299.39035	1.28764e-19
299.39899	1.28826e-19
299.40764	1.28896e-19
299.41629	1.28975e-19
299.42493	1.29060e-19
299.43358	1.29151e-19
299.44223	1.29245e-19
299.45088	1.29341e-19
299.45953	1.29436e-19
299.46818	1.29530e-19
299.47683	1.29620e-19
299.48548	1.29705e-19
299.49413	1.29785e-19
299.50279	1.29857e-19
299.51144	1.29923e-19
299.52009	1.29981e-19
299.52875	1.30032e-19
299.53740	1.30077e-19
299.54605	1.30116e-19
299.55471	1.30150e-19
299.56337	1.30182e-19
299.57202	1.30212e-19
299.58068	1.30242e-19
299.58934	1.30273e-19
299.59799	1.30308e-19
299.60665	1.30348e-19
299.61531	1.30393e-19
299.62397	1.30445e-19
299.63263	1.30505e-19
299.64129	1.30572e-19
299.64995	1.30647e-19
299.65861	1.30729e-19
299.66727	1.30817e-19
299.67593	1.30910e-19
299.68460	1.31007e-19
299.69326	1.31105e-19
299.70192	1.31203e-19
299.71059	1.31298e-19
299.71925	1.31389e-19
299.72792	1.31471e-19
299.73658	1.31544e-19
299.74525	1.31605e-19
299.75392	1.31652e-19
299.76258	1.31683e-19
299.77125	1.31696e-19
299.77992	1.31691e-19
299.78859	1.31666e-19
299.79726	1.31621e-19
299.80593	1.31556e-19
299.81460	1.31472e-19
299.82327	1.31368e-19
299.83194	1.31247e-19
299.84061	1.31109e-19
299.84928	1.30956e-19
299.85796	1.30790e-19
299.86663	1.30612e-19
299.87530	1.30426e-19
299.88398	1.30232e-19
299.89265	1.30033e-19
299.90133	1.29831e-19
299.91000	1.29627e-19
299.91868	1.29424e-19
299.92735	1.29223e-19
299.93603	1.29024e-19
299.94471	1.28829e-19
299.95339	1.28639e-19
299.96207	1.28455e-19
299.97075	1.28275e-19
299.97943	1.28101e-19
299.98811	1.27931e-19
299.99679	1.27767e-19
300.00547	1.27607e-19
300.01415	1.27450e-19
300.02283	1.27297e-19
300.03151	1.27145e-19
300.04020	1.26995e-19
300.04888	1.26846e-19
300.05757	1.26697e-19
300.06625	1.26548e-19
300.07494	1.26398e-19
300.08362	1.26247e-19
300.09231	1.26095e-19
300.10099	1.25940e-19
300.10968	1.25785e-19
300.11837	1.25628e-19
300.12706	1.25470e-19
300.13575	1.25311e-19
300.14444	1.25151e-19
300.15313	1.24991e-19
300.16182	1.24832e-19
300.17051	1.24675e-19
300.17920	1.24518e-19
300.18789	1.24364e-19
300.19658	1.24214e-19
300.20527	1.24066e-19
300.21397	1.23923e-19
300.22266	1.23785e-19
300.23136	1.23653e-19
300.24005	1.23526e-19
300.24875	1.23406e-19
300.25744	1.23293e-19
300.26614	1.23188e-19
300.27483	1.23090e-19
300.28353	1.23002e-19
300.29223	1.22922e-19
300.30093	1.22851e-19
300.30963	1.22789e-19
300.31833	1.22737e-19
300.32703	1.22694e-19
300.33573	1.22662e-19
300.34443	1.22639e-19
300.35313	1.22626e-19
300.36183	1.22622e-19
300.37053	1.22627e-19
300.37924	1.22641e-19
300.38794	1.22664e-19
300.39664	1.22694e-19
300.40535	1.22732e-19
300.41405	1.22777e-19
300.42276	1.22828e-19
300.43146	1.22885e-19
300.44017	1.22946e-19
300.44888	1.23012e-19
300.45758	1.23081e-19
300.46629	1.23154e-19
300.47500	1.23229e-19
300.48371	1.23305e-19
300.49242	1.23384e-19
300.50113	1.23464e-19
300.50984	1.23545e-19
300.51855	1.23627e-19
300.52726	1.23710e-19
300.53597	1.23793e-19
300.54469	1.23878e-19
300.55340	1.23964e-19
300.56211	1.24051e-19
300.57083	1.24140e-19
300.57954	1.24230e-19
300.58826	1.24323e-19
300.59697	1.24417e-19
300.60569	1.24513e-19
300.61440	1.24611e-19
300.62312	1.24711e-19
300.63184	1.24812e-19
300.64056	1.24915e-19
300.64927	1.25018e-19
300.65799	1.25121e-19
300.66671	1.25222e-19
300.67543	1.25323e-19
300.68415	1.25421e-19
300.69288	1.25515e-19
300.70160	1.25604e-19
300.71032	1.25689e-19
300.71904	1.25767e-19
300.72776	1.25837e-19
300.73649	1.25900e-19
300.74521	1.25953e-19
300.75394	1.25998e-19
300.76266	1.26033e-19
300.77139	1.26059e-19
300.78011	1.26075e-19
300.78884	1.26082e-19
300.79757	1.26080e-19
300.80629	1.26070e-19
300.81502	1.26053e-19
300.82375	1.26029e-19
300.83248	1.26000e-19
300.84121	1.25967e-19
300.84994	1.25931e-19
300.85867	1.25893e-19
300.86740	1.25854e-19
300.87613	1.25816e-19
300.88487	1.25780e-19
300.89360	1.25746e-19
300.90233	1.25716e-19
300.91107	1.25689e-19
300.91980	1.25666e-19
300.92853	1.25648e-19
300.93727	1.25635e-19
300.94601	1.25625e-19
300.95474	1.25620e-19
300.96348	1.25617e-19
300.97222	1.25618e-19
300.98095	1.25619e-19
300.98969	1.25622e-19
300.99843	1.25625e-19
301.00717	1.25626e-19
301.01591	1.25626e-19
301.02465	1.25623e-19
301.03339	1.25616e-19
301.04213	1.25606e-19
301.05087	1.25590e-19
301.05962	1.25569e-19
301.06836	1.25544e-19
301.07710	1.25513e-19
301.08585	1.25477e-19
301.09459	1.25437e-19
301.10334	1.25394e-19
301.11208	1.25347e-19
301.12083	1.25298e-19
301.12957	1.25248e-19
301.13832	1.25198e-19
301.14707	1.25150e-19
301.15582	1.25105e-19
301.16456	1.25063e-19
301.17331	1.25027e-19
301.18206	1.24998e-19
301.19081	1.24977e-19
301.19956	1.24965e-19
301.20831	1.24964e-19
301.21707	1.24974e-19
301.22582	1.24996e-19
301.23457	1.25032e-19
301.24332	1.25081e-19
301.25208	1.25145e-19
301.26083	1.25223e-19
301.26958	1.25316e-19
301.27834	1.25424e-19
301.28710	1.25547e-19
301.29585	1.25685e-19
301.30461	1.25837e-19
301.31336	1.26003e-19
301.32212	1.26182e-19
301.33088	1.26373e-19
301.33964	1.26576e-19
301.34840	1.26789e-19
301.35716	1.27012e-19
301.36592	1.27242e-19
301.37468	1.27480e-19
301.38344	1.27722e-19
301.39220	1.27969e-19
301.40096	1.28218e-19
301.40973	1.28468e-19
301.41849	1.28718e-19
301.42725	1.28966e-19
301.43602	1.29211e-19
301.44478	1.29453e-19
301.45355	1.29689e-19
301.46231	1.29919e-19
301.47108	1.30143e-19
301.47985	1.30360e-19
301.48861	1.30569e-19
301.49738	1.30772e-19
301.50615	1.30968e-19
301.51492	1.31158e-19
301.52369	1.31343e-19
301.53246	1.31523e-19
301.54123	1.31700e-19
301.55000	1.31876e-19
301.55877	1.32050e-19
301.56754	1.32226e-19
301.57631	1.32403e-19
301.58509	1.32585e-19
301.59386	1.32772e-19
301.60263	1.32965e-19
301.61141	1.33165e-19
301.62018	1.33373e-19
301.62896	1.33589e-19
301.63773	1.33814e-19
301.64651	1.34047e-19
301.65529	1.34288e-19
301.66407	1.34537e-19
301.67284	1.34791e-19
301.68162	1.35050e-19
301.69040	1.35312e-19
301.69918	1.35575e-19
301.70796	1.35838e-19
301.71674	1.36099e-19
301.72552	1.36355e-19
301.73430	1.36606e-19
301.74309	1.36849e-19
301.75187	1.37084e-19
301.76065	1.37310e-19
301.76944	1.37525e-19
301.77822	1.37730e-19
301.78700	1.37925e-19
301.79579	1.38111e-19
301.80457	1.38288e-19
301.81336	1.38459e-19
301.82215	1.38624e-19
301.83093	1.38787e-19
301.83972	1.38949e-19
301.84851	1.39114e-19
301.85730	1.39283e-19
301.86609	1.39459e-19
301.87488	1.39645e-19
301.88367	1.39843e-19
301.89246	1.40054e-19
301.90125	1.40280e-19
301.91004	1.40523e-19
301.91883	1.40782e-19
301.92763	1.41057e-19
301.93642	1.41347e-19
301.94521	1.41651e-19
301.95401	1.41967e-19
301.96280	1.42292e-19
301.97160	1.42624e-19
301.98040	1.42958e-19
301.98919	1.43291e-19
301.99799	1.43620e-19
302.00679	1.43939e-19
302.01558	1.44246e-19
302.02438	1.44536e-19
302.03318	1.44806e-19
302.04198	1.45053e-19
302.05078	1.45275e-19
302.05958	1.45470e-19
302.06838	1.45636e-19
302.07718	1.45775e-19
302.08599	1.45885e-19
302.09479	1.45968e-19
302.10359	1.46027e-19
302.11240	1.46063e-19
302.12120	1.46079e-19
302.13000	1.46081e-19
302.13881	1.46071e-19
302.14761	1.46053e-19
302.15642	1.46032e-19
302.16523	1.46013e-19
302.17403	1.45999e-19
302.18284	1.45993e-19
302.19165	1.46000e-19
302.20046	1.46021e-19
302.20927	1.46059e-19
302.21808	1.46114e-19
302.22689	1.46187e-19
302.23570	1.46278e-19
302.24451	1.46385e-19
302.25332	1.46506e-19
302.26213	1.46639e-19
302.27095	1.46781e-19
302.27976	1.46928e-19
302.28857	1.47075e-19
302.29739	1.47220e-19
302.30620	1.47357e-19
302.31502	1.47483e-19
302.32383	1.47593e-19
302.33265	1.47686e-19
302.34147	1.47756e-19
302.35029	1.47804e-19
302.35910	1.47827e-19
302.36792	1.47824e-19
302.37674	1.47796e-19
302.38556	1.47744e-19
302.39438	1.47670e-19
302.40320	1.47575e-19
302.41202	1.47463e-19
302.42084	1.47338e-19
302.42967	1.47204e-19
302.43849	1.47064e-19
302.44731	1.46924e-19
302.45614	1.46787e-19
302.46496	1.46659e-19
302.47378	1.46542e-19
302.48261	1.46441e-19
302.49143	1.46357e-19
302.50026	1.46294e-19
302.50909	1.46253e-19
302.51792	1.46235e-19
302.52674	1.46240e-19
302.53557	1.46267e-19
302.54440	1.46314e-19
302.55323	1.46381e-19
302.56206	1.46465e-19
302.57089	1.46562e-19
302.57972	1.46669e-19
302.58855	1.46784e-19
302.59738	1.46903e-19
302.60622	1.47023e-19
302.61505	1.47141e-19
302.62388	1.47253e-19
302.63272	1.47360e-19
302.64155	1.47457e-19
302.65039	1.47546e-19
302.65922	1.47625e-19
302.66806	1.47694e-19
302.67689	1.47755e-19
302.68573	1.47809e-19
302.69457	1.47858e-19
302.70341	1.47904e-19
302.71224	1.47951e-19
302.72108	1.48001e-19
302.72992	1.48058e-19
302.73876	1.48125e-19
302.74760	1.48204e-19
302.75645	1.48298e-19
302.76529	1.48411e-19
302.77413	1.48543e-19
302.78297	1.48696e-19
302.79181	1.48870e-19
302.80066	1.49067e-19
302.80950	1.49285e-19
302.81835	1.49524e-19
302.82719	1.49782e-19
302.83604	1.50056e-19
302.84489	1.50345e-19
302.85373	1.50645e-19
302.86258	1.50953e-19
302.87143	1.51266e-19
302.88028	1.51581e-19
302.88912	1.51894e-19
302.89797	1.52203e-19
302.90682	1.52504e-19
302.91567	1.52796e-19
302.92453	1.53076e-19
302.93338	1.53343e-19
302.94223	1.53596e-19
302.95108	1.53835e-19
302.95993	1.54060e-19
302.96879	1.54271e-19
302.97764	1.54470e-19
302.98650	1.54658e-19
302.99535	1.54837e-19
303.00421	1.55008e-19
303.01306	1.55174e-19
303.02192	1.55338e-19
303.03078	1.55500e-19
303.03963	1.55662e-19
303.04849	1.55828e-19
303.05735	1.55997e-19
303.06621	1.56171e-19
303.07507	1.56351e-19
303.08393	1.56537e-19
303.09279	1.56728e-19
303.10165	1.56925e-19
303.11052	1.57126e-19
303.11938	1.57329e-19
303.12824	1.57534e-19
303.13710	1.57739e-19
303.14597	1.57941e-19
303.15483	1.58139e-19
303.16370	1.58330e-19
303.17256	1.58513e-19
303.18143	1.58685e-19
303.19030	1.58846e-19
303.19916	1.58993e-19
303.20803	1.59126e-19
303.21690	1.59243e-19
303.22577	1.59345e-19
303.23464	1.59432e-19
303.24351	1.59503e-19
303.25238	1.59559e-19
303.26125	1.59600e-19
303.27012	1.59629e-19
303.27899	1.59645e-19
303.28786	1.59651e-19
303.29673	1.59648e-19
303.30561	1.59637e-19
303.31448	1.59619e-19
303.32335	1.59596e-19
303.33223	1.59570e-19
303.34111	1.59540e-19
303.34998	1.59508e-19
303.35886	1.59475e-19
303.36773	1.59441e-19
303.37661	1.59406e-19
303.38549	1.59371e-19
303.39437	1.59335e-19
303.40325	1.59297e-19
303.41213	1.59258e-19
303.42101	1.59217e-19
303.42989	1.59174e-19
303.43877	1.59128e-19
303.44765	1.59078e-19
303.45653	1.59023e-19
303.46541	1.58965e-19
303.47430	1.58901e-19
303.48318	1.58833e-19
303.49207	1.58759e-19
303.50095	1.58680e-19
303.50984	1.58597e-19
303.51872	1.58508e-19
303.52761	1.58416e-19
303.53649	1.58319e-19
303.54538	1.58219e-19
303.55427	1.58116e-19
303.56316	1.58010e-19
303.57205	1.57902e-19
303.58094	1.57793e-19
303.58983	1.57682e-19
303.59872	1.57571e-19
303.60761	1.57459e-19
303.61650	1.57346e-19
303.62539	1.57233e-19
303.63428	1.57120e-19
303.64318	1.57007e-19
303.65207	1.56893e-19
303.66096	1.56780e-19
303.66986	1.56666e-19
303.67875	1.56551e-19
303.68765	1.56436e-19
303.69654	1.56321e-19
303.70544	1.56206e-19
303.71434	1.56092e-19
303.72324	1.55978e-19
303.73213	1.55864e-19
303.74103	1.55753e-19
303.74993	1.55643e-19
303.75883	1.55536e-19
303.76773	1.55432e-19
303.77663	1.55332e-19
303.78553	1.55236e-19
303.79444	1.55146e-19
303.80334	1.55061e-19
303.81224	1.54983e-19
303.82115	1.54910e-19
303.83005	1.54845e-19
303.83895	1.54786e-19
303.84786	1.54733e-19
303.85676	1.54686e-19
303.86567	1.54646e-19
303.87458	1.54610e-19
303.88348	1.54579e-19
303.89239	1.54551e-19
303.90130	1.54527e-19
303.91021	1.54504e-19
303.91912	1.54481e-19
303.92803	1.54459e-19
303.93694	1.54436e-19
303.94585	1.54411e-19
303.95476	1.54384e-19
303.96367	1.54353e-19
303.97258	1.54319e-19
303.98150	1.54282e-19
303.99041	1.54241e-19
303.99932	1.54197e-19
304.00824	1.54150e-19
304.01715	1.54100e-19
304.02607	1.54048e-19
304.03498	1.53995e-19
304.04390	1.53942e-19
304.05282	1.53890e-19
304.06174	1.53840e-19
304.07065	1.53792e-19
304.07957	1.53748e-19
304.08849	1.53708e-19
304.09741	1.53674e-19
304.10633	1.53646e-19
304.11525	1.53625e-19
304.12417	1.53610e-19
304.13310	1.53603e-19
304.14202	1.53603e-19
304.15094	1.53610e-19
304.15986	1.53625e-19
304.16879	1.53646e-19
304.17771	1.53674e-19
304.18664	1.53709e-19
304.19556	1.53749e-19
304.20449	1.53794e-19
304.21341	1.53844e-19
304.22234	1.53899e-19
304.23127	1.53958e-19
304.24020	1.54021e-19
304.24913	1.54088e-19
304.25805	1.54158e-19
304.26698	1.54232e-19
304.27591	1.54311e-19
304.28484	1.54393e-19
304.29378	1.54479e-19
304.30271	1.54570e-19
304.31164	1.54666e-19
304.32057	1.54766e-19
304.32951	1.54872e-19
304.33844	1.54982e-19
304.34737	1.55098e-19
304.35631	1.55218e-19
304.36524	1.55343e-19
304.37418	1.55473e-19
304.38312	1.55605e-19
304.39205	1.55741e-19
304.40099	1.55879e-19
304.40993	1.56018e-19
304.41887	1.56156e-19
304.42781	1.56294e-19
304.43675	1.56429e-19
304.44569	1.56561e-19
304.45463	1.56689e-19
304.46357	1.56810e-19
304.47251	1.56925e-19
304.48145	1.57033e-19
304.49039	1.57133e-19
304.49934	1.57224e-19
304.50828	1.57307e-19
304.51723	1.57381e-19
304.52617	1.57446e-19
304.53512	1.57504e-19
304.54406	1.57553e-19
304.55301	1.57597e-19
304.56196	1.57634e-19
304.57090	1.57667e-19
304.57985	1.57697e-19
304.58880	1.57725e-19
304.59775	1.57752e-19
304.60670	1.57780e-19
304.61565	1.57810e-19
304.62460	1.57843e-19
304.63355	1.57880e-19
304.64250	1.57922e-19
304.65145	1.57971e-19
304.66041	1.58026e-19
304.66936	1.58089e-19
304.67831	1.58159e-19
304.68727	1.58237e-19
304.69622	1.58323e-19
304.70518	1.58418e-19
304.71413	1.58519e-19
304.72309	1.58629e-19
304.73205	1.58745e-19
304.74100	1.58868e-19
304.74996	1.58997e-19
304.75892	1.59132e-19
304.76788	1.59272e-19
304.77684	1.59416e-19
304.78580	1.59565e-19
304.79476	1.59717e-19
304.80372	1.59873e-19
304.81268	1.60031e-19
304.82164	1.60192e-19
304.83061	1.60355e-19
304.83957	1.60518e-19
304.84853	1.60683e-19
304.85750	1.60848e-19
304.86646	1.61013e-19
304.87543	1.61176e-19
304.88439	1.61338e-19
304.89336	1.61497e-19
304.90233	1.61653e-19
304.91130	1.61804e-19
304.92026	1.61950e-19
304.92923	1.62090e-19
304.93820	1.62223e-19
304.94717	1.62348e-19
304.95614	1.62464e-19
304.96511	1.62570e-19
304.97408	1.62666e-19
304.98305	1.62750e-19
304.99203	1.62824e-19
305.00100	1.62886e-19
305.00997	1.62936e-19
305.01895	1.62975e-19
305.02792	1.63003e-19
305.03689	1.63020e-19
305.04587	1.63028e-19
305.05485	1.63026e-19
305.06382	1.63017e-19
305.07280	1.63000e-19
305.08178	1.62977e-19
305.09076	1.62950e-19
305.09973	1.62918e-19
305.10871	1.62883e-19
305.11769	1.62846e-19
305.12667	1.62807e-19
305.13565	1.62767e-19
305.14463	1.62726e-19
305.15362	1.62684e-19
305.16260	1.62640e-19
305.17158	1.62595e-19
305.18056	1.62547e-19
305.18955	1.62496e-19
305.19853	1.62441e-19
305.20752	1.62380e-19
305.21650	1.62312e-19
305.22549	1.62236e-19
305.23448	1.62152e-19
305.24346	1.62057e-19
305.25245	1.61951e-19
305.26144	1.61834e-19
305.27043	1.61705e-19
305.27942	1.61564e-19
305.28841	1.61411e-19
305.29740	1.61246e-19
305.30639	1.61071e-19
305.31538	1.60887e-19
305.32437	1.60695e-19
305.33336	1.60498e-19
305.34235	1.60296e-19
305.35135	1.60092e-19
305.36034	1.59889e-19
305.36934	1.59688e-19
305.37833	1.59492e-19
305.38733	1.59303e-19
305.39632	1.59122e-19
305.40532	1.58952e-19
305.41432	1.58792e-19
305.42331	1.58645e-19
305.43231	1.58511e-19
305.44131	1.58390e-19
305.45031	1.58281e-19
305.45931	1.58183e-19
305.46831	1.58095e-19
305.47731	1.58016e-19
305.48631	1.57943e-19
305.49531	1.57874e-19
305.50432	1.57808e-19
305.51332	1.57740e-19
305.52232	1.57670e-19
305.53133	1.57593e-19
305.54033	1.57509e-19
305.54934	1.57414e-19
305.55834	1.57307e-19
305.56735	1.57187e-19
305.57635	1.57052e-19
305.58536	1.56902e-19
305.59437	1.56736e-19
305.60338	1.56555e-19
305.61239	1.56360e-19
305.62139	1.56152e-19
305.63040	1.55932e-19
305.63941	1.55702e-19
305.64843	1.55465e-19
305.65744	1.55223e-19
305.66645	1.54978e-19
305.67546	1.54732e-19
305.68447	1.54490e-19
305.69349	1.54252e-19
305.70250	1.54021e-19
305.71152	1.53799e-19
305.72053	1.53588e-19
305.72955	1.53389e-19
305.73856	1.53203e-19
305.74758	1.53031e-19
305.75660	1.52873e-19
305.76562	1.52729e-19
305.77463	1.52598e-19
305.78365	1.52481e-19
305.79267	1.52376e-19
305.80169	1.52282e-19
305.81071	1.52198e-19
305.81973	1.52122e-19
305.82875	1.52054e-19
305.83778	1.51992e-19
305.84680	1.51936e-19
305.85582	1.51883e-19
305.86485	1.51834e-19
305.87387	1.51788e-19
305.88289	1.51745e-19
305.89192	1.51704e-19
305.90095	1.51666e-19
305.90997	1.51630e-19
305.91900	1.51598e-19
305.92803	1.51570e-19
305.93705	1.51546e-19
305.94608	1.51527e-19
305.95511	1.51514e-19
305.96414	1.51508e-19
305.97317	1.51509e-19
305.98220	1.51517e-19
305.99123	1.51533e-19
306.00026	1.51556e-19
306.00930	1.51587e-19
306.01833	1.51625e-19
306.02736	1.51670e-19
306.03640	1.51720e-19
306.04543	1.51776e-19
306.05447	1.51835e-19
306.06350	1.51898e-19
306.07254	1.51962e-19
306.08157	1.52027e-19
306.09061	1.52091e-19
306.09965	1.52154e-19
306.10869	1.52215e-19
306.11772	1.52273e-19
306.12676	1.52328e-19
306.13580	1.52380e-19
306.14484	1.52429e-19
306.15388	1.52475e-19
306.16292	1.52520e-19
306.17197	1.52564e-19
306.18101	1.52609e-19
306.19005	1.52655e-19
306.19909	1.52705e-19
306.20814	1.52761e-19
306.21718	1.52823e-19
306.22623	1.52895e-19
306.23527	1.52977e-19
306.24432	1.53072e-19
306.25337	1.53180e-19
306.26241	1.53303e-19
306.27146	1.53443e-19
306.28051	1.53598e-19
306.28956	1.53771e-19
306.29861	1.53962e-19
306.30766	1.54169e-19
306.31671	1.54392e-19
306.32576	1.54630e-19
306.33481	1.54882e-19
306.34386	1.55147e-19
306.35291	1.55423e-19
306.36197	1.55707e-19
306.37102	1.55998e-19
306.38007	1.56293e-19
306.38913	1.56590e-19
306.39818	1.56888e-19
306.40724	1.57183e-19
306.41630	1.57474e-19
306.42535	1.57758e-19
306.43441	1.58035e-19
306.44347	1.58301e-19
306.45253	1.58557e-19
306.46158	1.58800e-19
306.47064	1.59031e-19
306.47970	1.59247e-19
306.48876	1.59450e-19
306.49783	1.59639e-19
306.50689	1.59814e-19
306.51595	1.59976e-19
306.52501	1.60126e-19
306.53407	1.60264e-19
306.54314	1.60391e-19
306.55220	1.60510e-19
306.56127	1.60620e-19
306.57033	1.60725e-19
306.57940	1.60825e-19
306.58847	1.60923e-19
306.59753	1.61021e-19
306.60660	1.61120e-19
306.61567	1.61222e-19
306.62474	1.61329e-19
306.63381	1.61443e-19
306.64287	1.61566e-19
306.65194	1.61699e-19
306.66102	1.61844e-19
306.67009	1.62002e-19
306.67916	1.62174e-19
306.68823	1.62360e-19
306.69730	1.62562e-19
306.70638	1.62780e-19
306.71545	1.63014e-19
306.72453	1.63262e-19
306.73360	1.63525e-19
306.74268	1.63802e-19
306.75175	1.64091e-19
306.76083	1.64391e-19
306.76991	1.64700e-19
306.77898	1.65016e-19
306.78806	1.65337e-19
306.79714	1.65660e-19
306.80622	1.65983e-19
306.81530	1.66305e-19
306.82438	1.66621e-19
306.83346	1.66932e-19
306.84254	1.67233e-19
306.85162	1.67524e-19
306.86071	1.67803e-19
306.86979	1.68069e-19
306.87887	1.68322e-19
306.88796	1.68560e-19
306.89704	1.68784e-19
306.90613	1.68994e-19
306.91521	1.69191e-19
306.92430	1.69377e-19
306.93339	1.69552e-19
306.94247	1.69719e-19
306.95156	1.69879e-19
306.96065	1.70035e-19
306.96974	1.70188e-19
306.97883	1.70341e-19
306.98792	1.70496e-19
306.99701	1.70654e-19
307.00610	1.70818e-19
307.01519	1.70988e-19
307.02428	1.71165e-19
307.03338	1.71349e-19
307.04247	1.71541e-19
307.05156	1.71741e-19
307.06066	1.71946e-19
307.06975	1.72156e-19
307.07885	1.72368e-19
307.08794	1.72582e-19
307.09704	1.72794e-19
307.10614	1.73001e-19
307.11523	1.73201e-19
307.12433	1.73391e-19
307.13343	1.73569e-19
307.14253	1.73731e-19
307.15163	1.73876e-19
307.16073	1.74002e-19
307.16983	1.74106e-19
307.17893	1.74189e-19
307.18803	1.74249e-19
307.19714	1.74286e-19
307.20624	1.74301e-19
307.21534	1.74296e-19
307.22445	1.74271e-19
307.23355	1.74229e-19
307.24266	1.74171e-19
307.25176	1.74102e-19
307.26087	1.74023e-19
307.26997	1.73938e-19
307.27908	1.73850e-19
307.28819	1.73762e-19
307.29730	1.73676e-19
307.30641	1.73595e-19
307.31552	1.73521e-19
307.32463	1.73455e-19
307.33374	1.73399e-19
307.34285	1.73353e-19
307.35196	1.73317e-19
307.36107	1.73290e-19
307.37018	1.73272e-19
307.37930	1.73261e-19
307.38841	1.73254e-19
307.39753	1.73249e-19
307.40664	1.73244e-19
307.41576	1.73236e-19
307.42487	1.73221e-19
307.43399	1.73196e-19
307.44311	1.73160e-19
307.45222	1.73109e-19
307.46134	1.73040e-19
307.47046	1.72953e-19
307.47958	1.72845e-19
307.48870	1.72716e-19
307.49782	1.72566e-19
307.50694	1.72393e-19
307.51606	1.72200e-19
307.52518	1.71986e-19
307.53430	1.71755e-19
307.54343	1.71507e-19
307.55255	1.71244e-19
307.56168	1.70971e-19
307.57080	1.70688e-19
307.57992	1.70400e-19
307.58905	1.70108e-19
307.59818	1.69815e-19
307.60730	1.69524e-19
307.61643	1.69237e-19
307.62556	1.68955e-19
307.63469	1.68680e-19
307.64382	1.68414e-19
307.65295	1.68156e-19
307.66208	1.67908e-19
307.67121	1.67669e-19
307.68034	1.67439e-19
307.68947	1.67216e-19
307.69860	1.67001e-19
307.70773	1.66792e-19
307.71687	1.66588e-19
307.72600	1.66387e-19
307.73513	1.66188e-19
307.74427	1.65990e-19
307.75340	1.65792e-19
307.76254	1.65592e-19
307.77168	1.65392e-19
307.78081	1.65188e-19
307.78995	1.64983e-19
307.79909	1.64775e-19
307.80823	1.64565e-19
307.81737	1.64353e-19
307.82651	1.64141e-19
307.83565	1.63928e-19
307.84479	1.63717e-19
307.85393	1.63508e-19
307.86307	1.63303e-19
307.87221	1.63102e-19
307.88136	1.62906e-19
307.89050	1.62717e-19
307.89965	1.62535e-19
307.90879	1.62361e-19
307.91793	1.62195e-19
307.92708	1.62038e-19
307.93623	1.61889e-19
307.94537	1.61750e-19
307.95452	1.61618e-19
307.96367	1.61495e-19
307.97282	1.61379e-19
307.98197	1.61270e-19
307.99112	1.61167e-19
308.00027	1.61070e-19
308.00942	1.60978e-19
308.01857	1.60890e-19
308.02772	1.60806e-19
308.03687	1.60725e-19
308.04602	1.60647e-19
308.05518	1.60572e-19
308.06433	1.60499e-19
308.07349	1.60429e-19
308.08264	1.60360e-19
308.09180	1.60294e-19
308.10095	1.60231e-19
308.11011	1.60170e-19
308.11927	1.60111e-19
308.12842	1.60054e-19
308.13758	1.60000e-19
308.14674	1.59949e-19
308.15590	1.59899e-19
308.16506	1.59851e-19
308.17422	1.59806e-19
308.18338	1.59761e-19
308.19254	1.59717e-19
308.20170	1.59674e-19
308.21087	1.59631e-19
308.22003	1.59589e-19
308.22919	1.59545e-19
308.23836	1.59502e-19
308.24752	1.59458e-19
308.25669	1.59414e-19
308.26585	1.59371e-19
308.27502	1.59329e-19
308.28419	1.59290e-19
308.29336	1.59253e-19
308.30252	1.59222e-19
308.31169	1.59197e-19
308.32086	1.59181e-19
308.33003	1.59175e-19
308.33920	1.59181e-19
308.34837	1.59202e-19
308.35754	1.59240e-19
308.36671	1.59296e-19
308.37589	1.59372e-19
308.38506	1.59470e-19
308.39423	1.59590e-19
308.40341	1.59735e-19
308.41258	1.59905e-19
308.42176	1.60099e-19
308.43093	1.60317e-19
308.44011	1.60559e-19
308.44929	1.60823e-19
308.45846	1.61109e-19
308.46764	1.61414e-19
308.47682	1.61736e-19
308.48600	1.62073e-19
308.49518	1.62422e-19
308.50436	1.62781e-19
308.51354	1.63148e-19
308.52272	1.63519e-19
308.53190	1.63894e-19
308.54108	1.64270e-19
308.55027	1.64645e-19
308.55945	1.65019e-19
308.56863	1.65390e-19
308.57782	1.65758e-19
308.58700	1.66124e-19
308.59619	1.66488e-19
308.60537	1.66851e-19
308.61456	1.67214e-19
308.62375	1.67579e-19
308.63294	1.67949e-19
308.64212	1.68325e-19
308.65131	1.68709e-19
308.66050	1.69103e-19
308.66969	1.69511e-19
308.67888	1.69933e-19
308.68807	1.70371e-19
308.69727	1.70827e-19
308.70646	1.71301e-19
308.71565	1.71795e-19
308.72484	1.72307e-19
308.73404	1.72838e-19
308.74323	1.73386e-19
308.75243	1.73951e-19
308.76162	1.74530e-19
308.77082	1.75121e-19
308.78001	1.75723e-19
308.78921	1.76331e-19
308.79841	1.76943e-19
308.80761	1.77557e-19
308.81680	1.78170e-19
308.82600	1.78778e-19
308.83520	1.79379e-19
308.84440	1.79970e-19
308.85360	1.80550e-19
308.86281	1.81117e-19
308.87201	1.81669e-19
308.88121	1.82204e-19
308.89041	1.82723e-19
308.89962	1.83225e-19
308.90882	1.83709e-19
308.91803	1.84175e-19
308.92723	1.84624e-19
308.93644	1.85057e-19
308.94564	1.85474e-19
308.95485	1.85875e-19
308.96406	1.86261e-19
308.97327	1.86633e-19
308.98247	1.86991e-19
308.99168	1.87336e-19
309.00089	1.87668e-19
309.01010	1.87986e-19
309.01931	1.88291e-19
309.02852	1.88582e-19
309.03774	1.88860e-19
309.04695	1.89123e-19
309.05616	1.89372e-19
309.06538	1.89606e-19
309.07459	1.89824e-19
309.08380	1.90026e-19
309.09302	1.90212e-19
309.10223	1.90382e-19
309.11145	1.90536e-19
309.12067	1.90676e-19
309.12988	1.90801e-19
309.13910	1.90912e-19
309.14832	1.91011e-19
309.15754	1.91100e-19
309.16676	1.91179e-19
309.17598	1.91251e-19
309.18520	1.91318e-19
309.19442	1.91381e-19
309.20364	1.91442e-19
309.21287	1.91502e-19
309.22209	1.91564e-19
309.23131	1.91627e-19
309.24054	1.91694e-19
309.24976	1.91765e-19
309.25898	1.91839e-19
309.26821	1.91917e-19
309.27744	1.91998e-19
309.28666	1.92081e-19
309.29589	1.92165e-19
309.30512	1.92248e-19
309.31435	1.92328e-19
309.32358	1.92405e-19
309.33280	1.92475e-19
309.34203	1.92538e-19
309.35127	1.92590e-19
309.36050	1.92632e-19
309.36973	1.92661e-19
309.37896	1.92676e-19
309.38819	1.92677e-19
309.39743	1.92663e-19
309.40666	1.92636e-19
309.41589	1.92595e-19
309.42513	1.92542e-19
309.43436	1.92478e-19
309.44360	1.92405e-19
309.45284	1.92325e-19
309.46207	1.92241e-19
309.47131	1.92155e-19
309.48055	1.92068e-19
309.48979	1.91984e-19
309.49903	1.91904e-19
309.50827	1.91829e-19
309.51751	1.91762e-19
309.52675	1.91703e-19
309.53599	1.91651e-19
309.54523	1.91608e-19
309.55448	1.91572e-19
309.56372	1.91541e-19
309.57296	1.91515e-19
309.58221	1.91489e-19
309.59145	1.91463e-19
309.60070	1.91433e-19
309.60994	1.91396e-19
309.61919	1.91348e-19
309.62844	1.91287e-19
309.63768	1.91209e-19
309.64693	1.91113e-19
309.65618	1.90995e-19
309.66543	1.90854e-19
309.67468	1.90688e-19
309.68393	1.90498e-19
309.69318	1.90283e-19
309.70243	1.90044e-19
309.71169	1.89783e-19
309.72094	1.89501e-19
309.73019	1.89200e-19
309.73944	1.88885e-19
309.74870	1.88558e-19
309.75795	1.88223e-19
309.76721	1.87883e-19
309.77646	1.87543e-19
309.78572	1.87205e-19
309.79498	1.86873e-19
309.80424	1.86550e-19
309.81349	1.86239e-19
309.82275	1.85940e-19
309.83201	1.85656e-19
309.84127	1.85386e-19
309.85053	1.85131e-19
309.85979	1.84890e-19
309.86905	1.84661e-19
309.87832	1.84444e-19
309.88758	1.84235e-19
309.89684	1.84032e-19
309.90611	1.83833e-19
309.91537	1.83635e-19
309.92463	1.83434e-19
309.93390	1.83230e-19
309.94317	1.83019e-19
309.95243	1.82800e-19
309.96170	1.82572e-19
309.97097	1.82334e-19
309.98023	1.82087e-19
309.98950	1.81831e-19
309.99877	1.81569e-19
310.00804	1.81301e-19
310.01731	1.81032e-19
310.02658	1.80764e-19
310.03585	1.80500e-19
310.04513	1.80246e-19
310.05440	1.80004e-19
310.06367	1.79778e-19
310.07295	1.79573e-19
310.08222	1.79392e-19
310.09149	1.79238e-19
310.10077	1.79114e-19
310.11005	1.79020e-19
310.11932	1.78959e-19
310.12860	1.78931e-19
310.13788	1.78934e-19
310.14715	1.78968e-19
310.15643	1.79031e-19
310.16571	1.79119e-19
310.17499	1.79230e-19
310.18427	1.79359e-19
310.19355	1.79503e-19
310.20284	1.79656e-19
310.21212	1.79814e-19
310.22140	1.79974e-19
310.23068	1.80130e-19
310.23997	1.80278e-19
310.24925	1.80416e-19
310.25854	1.80541e-19
310.26782	1.80650e-19
310.27711	1.80742e-19
310.28639	1.80817e-19
310.29568	1.80874e-19
310.30497	1.80915e-19
310.31426	1.80942e-19
310.32354	1.80957e-19
310.33283	1.80962e-19
310.34212	1.80960e-19
310.35141	1.80956e-19
310.36070	1.80952e-19
310.37000	1.80953e-19
310.37929	1.80963e-19
310.38858	1.80983e-19
310.39787	1.81018e-19
310.40717	1.81069e-19
310.41646	1.81139e-19
310.42576	1.81229e-19
310.43505	1.81340e-19
310.44435	1.81472e-19
310.45364	1.81625e-19
310.46294	1.81797e-19
310.47224	1.81987e-19
310.48154	1.82194e-19
310.49083	1.82414e-19
310.50013	1.82646e-19
310.50943	1.82886e-19
310.51873	1.83132e-19
310.52803	1.83383e-19
310.53734	1.83634e-19
310.54664	1.83885e-19
310.55594	1.84132e-19
310.56524	1.84376e-19
310.57455	1.84615e-19
310.58385	1.84848e-19
310.59316	1.85075e-19
310.60246	1.85296e-19
310.61177	1.85512e-19
310.62107	1.85723e-19
310.63038	1.85931e-19
310.63969	1.86136e-19
310.64900	1.86340e-19
310.65830	1.86543e-19
310.66761	1.86746e-19
310.67692	1.86950e-19
310.68623	1.87156e-19
310.69555	1.87362e-19
310.70486	1.87571e-19
310.71417	1.87779e-19
310.72348	1.87987e-19
310.73279	1.88193e-19
310.74211	1.88396e-19
310.75142	1.88593e-19
310.76074	1.88783e-19
310.77005	1.88964e-19
310.77937	1.89134e-19
310.78868	1.89290e-19
310.79800	1.89432e-19
310.80732	1.89556e-19
310.81664	1.89664e-19
310.82596	1.89753e-19
310.83528	1.89823e-19
310.84460	1.89875e-19
310.85392	1.89910e-19
310.86324	1.89929e-19
310.87256	1.89933e-19
310.88188	1.89925e-19
310.89120	1.89907e-19
310.90053	1.89883e-19
310.90985	1.89854e-19
310.91917	1.89825e-19
310.92850	1.89798e-19
310.93782	1.89777e-19
310.94715	1.89763e-19
310.95648	1.89760e-19
310.96580	1.89770e-19
310.97513	1.89794e-19
310.98446	1.89833e-19
310.99379	1.89888e-19
311.00312	1.89960e-19
311.01245	1.90046e-19
311.02178	1.90147e-19
311.03111	1.90261e-19
311.04044	1.90385e-19
311.04977	1.90519e-19
311.05911	1.90658e-19
311.06844	1.90802e-19
311.07777	1.90947e-19
311.08711	1.91090e-19
311.09644	1.91231e-19
311.10578	1.91365e-19
311.11511	1.91493e-19
311.12445	1.91613e-19
311.13379	1.91724e-19
311.14313	1.91826e-19
311.15246	1.91919e-19
311.16180	1.92005e-19
311.17114	1.92085e-19
311.18048	1.92160e-19
311.18982	1.92233e-19
311.19916	1.92306e-19
311.20851	1.92382e-19
311.21785	1.92464e-19
311.22719	1.92554e-19
311.23653	1.92655e-19
311.24588	1.92770e-19
311.25522	1.92900e-19
311.26457	1.93047e-19
311.27391	1.93213e-19
311.28326	1.93397e-19
311.29261	1.93601e-19
311.30195	1.93824e-19
311.31130	1.94064e-19
311.32065	1.94321e-19
311.33000	1.94591e-19
311.33935	1.94874e-19
311.34870	1.95165e-19
311.35805	1.95463e-19
311.36740	1.95762e-19
311.37675	1.96060e-19
311.38610	1.96354e-19
311.39546	1.96640e-19
311.40481	1.96914e-19
311.41416	1.97174e-19
311.42352	1.97417e-19
311.43287	1.97641e-19
311.44223	1.97844e-19
311.45159	1.98024e-19
311.46094	1.98181e-19
311.47030	1.98313e-19
311.47966	1.98421e-19
311.48902	1.98505e-19
311.49838	1.98566e-19
311.50774	1.98604e-19
311.51710	1.98621e-19
311.52646	1.98618e-19
311.53582	1.98597e-19
311.54518	1.98559e-19
311.55454	1.98505e-19
311.56391	1.98437e-19
311.57327	1.98356e-19
311.58263	1.98264e-19
311.59200	1.98161e-19
311.60136	1.98049e-19
311.61073	1.97928e-19
311.62010	1.97798e-19
311.62946	1.97660e-19
311.63883	1.97515e-19
311.64820	1.97361e-19
311.65757	1.97200e-19
311.66694	1.97032e-19
311.67631	1.96856e-19
311.68568	1.96673e-19
311.69505	1.96483e-19
311.70442	1.96287e-19
311.71379	1.96085e-19
311.72316	1.95878e-19
311.73254	1.95667e-19
311.74191	1.95454e-19
311.75128	1.95240e-19
311.76066	1.95026e-19
311.77003	1.94815e-19
311.77941	1.94608e-19
311.78879	1.94408e-19
311.79816	1.94216e-19
311.80754	1.94034e-19
311.81692	1.93865e-19
311.82630	1.93710e-19
311.83568	1.93571e-19
311.84506	1.93449e-19
311.85444	1.93347e-19
311.86382	1.93263e-19
311.87320	1.93201e-19
311.88258	1.93159e-19
311.89197	1.93139e-19
311.90135	1.93139e-19
311.91073	1.93161e-19
311.92012	1.93202e-19
311.92950	1.93263e-19
311.93889	1.93342e-19
311.94827	1.93439e-19
311.95766	1.93553e-19
311.96705	1.93681e-19
311.97644	1.93824e-19
311.98582	1.93980e-19
311.99521	1.94148e-19
312.00460	1.94327e-19
312.01399	1.94517e-19
312.02338	1.94718e-19
312.03277	1.94928e-19
312.04217	1.95149e-19
312.05156	1.95379e-19
312.06095	1.95620e-19
312.07035	1.95871e-19
312.07974	1.96133e-19
312.08913	1.96406e-19
312.09853	1.96691e-19
312.10793	1.96989e-19
312.11732	1.97300e-19
312.12672	1.97624e-19
312.13612	1.97961e-19
312.14551	1.98312e-19
312.15491	1.98676e-19
312.16431	1.99053e-19
312.17371	1.99443e-19
312.18311	1.99844e-19
312.19251	2.00255e-19
312.20191	2.00675e-19
312.21132	2.01103e-19
312.22072	2.01536e-19
312.23012	2.01973e-19
312.23953	2.02411e-19
312.24893	2.02849e-19
312.25833	2.03284e-19
312.26774	2.03714e-19
312.27715	2.04137e-19
312.28655	2.04550e-19
312.29596	2.04953e-19
312.30537	2.05343e-19
312.31477	2.05718e-19
312.32418	2.06078e-19
312.33359	2.06421e-19
312.34300	2.06747e-19
312.35241	2.07056e-19
312.36182	2.07346e-19
312.37124	2.07619e-19
312.38065	2.07874e-19
312.39006	2.08112e-19
312.39947	2.08334e-19
312.40889	2.08541e-19
312.41830	2.08734e-19
312.42772	2.08913e-19
312.43713	2.09081e-19
312.44655	2.09237e-19
312.45597	2.09383e-19
312.46538	2.09520e-19
312.47480	2.09648e-19
312.48422	2.09768e-19
312.49364	2.09881e-19
312.50306	2.09985e-19
312.51248	2.10082e-19
312.52190	2.10170e-19
312.53132	2.10248e-19
312.54074	2.10317e-19
312.55016	2.10375e-19
312.55959	2.10421e-19
312.56901	2.10454e-19
312.57843	2.10472e-19
312.58786	2.10475e-19
312.59728	2.10460e-19
312.60671	2.10427e-19
312.61614	2.10376e-19
312.62556	2.10305e-19
312.63499	2.10214e-19
312.64442	2.10103e-19
312.65385	2.09972e-19
312.66328	2.09822e-19
312.67271	2.09653e-19
312.68214	2.09468e-19
312.69157	2.09267e-19
312.70100	2.09053e-19
312.71043	2.08828e-19
312.71986	2.08595e-19
312.72930	2.08355e-19
312.73873	2.08113e-19
312.74817	2.07871e-19
312.75760	2.07631e-19
312.76704	2.07396e-19
312.77647	2.07169e-19
312.78591	2.06953e-19
312.79535	2.06749e-19
312.80478	2.06559e-19
312.81422	2.06384e-19
312.82366	2.06225e-19
312.83310	2.06083e-19
312.84254	2.05957e-19
312.85198	2.05846e-19
312.86142	2.05749e-19
312.87086	2.05666e-19
312.88031	2.05594e-19
312.88975	2.05530e-19
312.89919	2.05473e-19
312.90864	2.05419e-19
312.91808	2.05367e-19
312.92753	2.05312e-19
312.93697	2.05253e-19
312.94642	2.05186e-19
312.95587	2.05109e-19
312.96531	2.05021e-19
312.97476	2.04920e-19
312.98421	2.04804e-19
312.99366	2.04672e-19
313.00311	2.04525e-19
313.01256	2.04361e-19
313.02201	2.04183e-19
313.03146	2.03990e-19
313.04091	2.03785e-19
313.05037	2.03568e-19
313.05982	2.03343e-19
313.06927	2.03111e-19
313.07873	2.02875e-19
313.08818	2.02637e-19
313.09764	2.02400e-19
313.10709	2.02165e-19
313.11655	2.01936e-19
313.12601	2.01714e-19
313.13546	2.01500e-19
313.14492	2.01296e-19
313.15438	2.01102e-19
313.16384	2.00919e-19
313.17330	2.00747e-19
313.18276	2.00585e-19
313.19222	2.00432e-19
313.20168	2.00287e-19
313.21115	2.00148e-19
313.22061	2.00013e-19
313.23007	1.99881e-19
313.23954	1.99749e-19
313.24900	1.99615e-19
313.25847	1.99477e-19
313.26793	1.99333e-19
313.27740	1.99181e-19
313.28687	1.99020e-19
313.29633	1.98848e-19
313.30580	1.98664e-19
313.31527	1.98469e-19
313.32474	1.98262e-19
313.33421	1.98042e-19
313.34368	1.97812e-19
313.35315	1.97572e-19
313.36262	1.97323e-19
313.37209	1.97067e-19
313.38157	1.96806e-19
313.39104	1.96541e-19
313.40051	1.96276e-19
313.40999	1.96012e-19
313.41946	1.95750e-19
313.42894	1.95494e-19
313.43841	1.95244e-19
313.44789	1.95003e-19
313.45737	1.94772e-19
313.46684	1.94551e-19
313.47632	1.94342e-19
313.48580	1.94145e-19
313.49528	1.93960e-19
313.50476	1.93788e-19
313.51424	1.93627e-19
313.52372	1.93477e-19
313.53320	1.93338e-19
313.54269	1.93209e-19
313.55217	1.93088e-19
313.56165	1.92975e-19
313.57114	1.92868e-19
313.58062	1.92768e-19
313.59011	1.92672e-19
313.59959	1.92580e-19
313.60908	1.92492e-19
313.61857	1.92407e-19
313.62805	1.92324e-19
313.63754	1.92245e-19
313.64703	1.92167e-19
313.65652	1.92093e-19
313.66601	1.92021e-19
313.67550	1.91952e-19
313.68499	1.91888e-19
313.69448	1.91827e-19
313.70397	1.91770e-19
313.71347	1.91719e-19
313.72296	1.91672e-19
313.73245	1.91631e-19
313.74195	1.91596e-19
313.75144	1.91567e-19
313.76094	1.91543e-19
313.77044	1.91525e-19
313.77993	1.91513e-19
313.78943	1.91506e-19
313.79893	1.91504e-19
313.80843	1.91507e-19
313.81792	1.91514e-19
313.82742	1.91526e-19
313.83692	1.91541e-19
313.84642	1.91559e-19
313.85593	1.91581e-19
313.86543	1.91606e-19
313.87493	1.91634e-19
313.88443	1.91664e-19
313.89394	1.91698e-19
313.90344	1.91734e-19
313.91295	1.91774e-19
313.92245	1.91816e-19
313.93196	1.91863e-19
313.94146	1.91912e-19
313.95097	1.91965e-19
313.96048	1.92022e-19
313.96999	1.92082e-19
313.97950	1.92145e-19
313.98900	1.92212e-19
313.99851	1.92282e-19
314.00802	1.92354e-19
314.01754	1.92428e-19
314.02705	1.92504e-19
314.03656	1.92581e-19
314.04607	1.92659e-19
314.05559	1.92737e-19
314.06510	1.92814e-19
314.07461	1.92891e-19
314.08413	1.92967e-19
314.09365	1.93043e-19
314.10316	1.93118e-19
314.11268	1.93193e-19
314.12220	1.93268e-19
314.13171	1.93346e-19
314.14123	1.93426e-19
314.15075	1.93511e-19
314.16027	1.93602e-19
314.16979	1.93700e-19
314.17931	1.93807e-19
314.18883	1.93926e-19
314.19836	1.94058e-19
314.20788	1.94205e-19
314.21740	1.94369e-19
314.22693	1.94551e-19
314.23645	1.94752e-19
314.24597	1.94973e-19
314.25550	1.95216e-19
314.26503	1.95479e-19
314.27455	1.95763e-19
314.28408	1.96067e-19
314.29361	1.96391e-19
314.30314	1.96732e-19
314.31267	1.97089e-19
314.32219	1.97460e-19
314.33172	1.97843e-19
314.34126	1.98236e-19
314.35079	1.98636e-19
314.36032	1.99040e-19
314.36985	1.99448e-19
314.37938	1.99856e-19
314.38892	2.00262e-19
314.39845	2.00666e-19
314.40799	2.01066e-19
314.41752	2.01462e-19
314.42706	2.01853e-19
314.43659	2.02239e-19
314.44613	2.02621e-19
314.45567	2.03000e-19
314.46521	2.03378e-19
314.47475	2.03755e-19
314.48429	2.04134e-19
314.49383	2.04516e-19
314.50337	2.04903e-19
314.51291	2.05297e-19
314.52245	2.05699e-19
314.53199	2.06110e-19
314.54153	2.06533e-19
314.55108	2.06966e-19
314.56062	2.07410e-19
314.57017	2.07864e-19
314.57971	2.08329e-19
314.58926	2.08801e-19
314.59880	2.09280e-19
314.60835	2.09764e-19
314.61790	2.10249e-19
314.62745	2.10734e-19
314.63699	2.11216e-19
314.64654	2.11691e-19
314.65609	2.12157e-19
314.66564	2.12612e-19
314.67519	2.13054e-19
314.68475	2.13482e-19
314.69430	2.13893e-19
314.70385	2.14288e-19
314.71340	2.14666e-19
314.72296	2.15029e-19
314.73251	2.15377e-19
314.74207	2.15712e-19
314.75162	2.16037e-19
314.76118	2.16354e-19
314.77074	2.16667e-19
314.78029	2.16977e-19
314.78985	2.17289e-19
314.79941	2.17605e-19
314.80897	2.17929e-19
314.81853	2.18262e-19
314.82809	2.18607e-19
314.83765	2.18964e-19
314.84721	2.19335e-19
314.85677	2.19720e-19
314.86634	2.20116e-19
314.87590	2.20522e-19
314.88546	2.20937e-19
314.89503	2.21355e-19
314.90459	2.21775e-19
314.91416	2.22190e-19
314.92372	2.22596e-19
314.93329	2.22989e-19
314.94286	2.23362e-19
314.95242	2.23711e-19
314.96199	2.24032e-19
314.97156	2.24319e-19
314.98113	2.24569e-19
314.99070	2.24780e-19
315.00027	2.24948e-19
315.00984	2.25073e-19
315.01942	2.25154e-19
315.02899	2.25191e-19
315.03856	2.25187e-19
315.04813	2.25143e-19
315.05771	2.25063e-19
315.06728	2.24950e-19
315.07686	2.24808e-19
315.08643	2.24643e-19
315.09601	2.24457e-19
315.10559	2.24257e-19
315.11517	2.24047e-19
315.12474	2.23830e-19
315.13432	2.23610e-19
315.14390	2.23390e-19
315.15348	2.23172e-19
315.16306	2.22957e-19
315.17264	2.22746e-19
315.18223	2.22538e-19
315.19181	2.22333e-19
315.20139	2.22128e-19
315.21097	2.21921e-19
315.22056	2.21710e-19
315.23014	2.21490e-19
315.23973	2.21258e-19
315.24931	2.21012e-19
315.25890	2.20749e-19
315.26849	2.20465e-19
315.27808	2.20159e-19
315.28766	2.19829e-19
315.29725	2.19476e-19
315.30684	2.19098e-19
315.31643	2.18699e-19
315.32602	2.18280e-19
315.33561	2.17843e-19
315.34520	2.17394e-19
315.35480	2.16937e-19
315.36439	2.16476e-19
315.37398	2.16018e-19
315.38358	2.15568e-19
315.39317	2.15131e-19
315.40277	2.14714e-19
315.41236	2.14320e-19
315.42196	2.13955e-19
315.43156	2.13622e-19
315.44115	2.13322e-19
315.45075	2.13059e-19
315.46035	2.12831e-19
315.46995	2.12638e-19
315.47955	2.12478e-19
315.48915	2.12349e-19
315.49875	2.12246e-19
315.50835	2.12164e-19
315.51795	2.12098e-19
315.52756	2.12042e-19
315.53716	2.11991e-19
315.54676	2.11939e-19
315.55637	2.11879e-19
315.56597	2.11807e-19
315.57558	2.11718e-19
315.58519	2.11608e-19
315.59479	2.11475e-19
315.60440	2.11318e-19
315.61401	2.11135e-19
315.62362	2.10927e-19
315.63323	2.10696e-19
315.64284	2.10445e-19
315.65245	2.10177e-19
315.66206	2.09897e-19
315.67167	2.09609e-19
315.68128	2.09318e-19
315.69089	2.09029e-19
315.70051	2.08748e-19
315.71012	2.08479e-19
315.71974	2.08224e-19
315.72935	2.07989e-19
315.73897	2.07774e-19
315.74858	2.07582e-19
315.75820	2.07411e-19
315.76782	2.07261e-19
315.77743	2.07129e-19
315.78705	2.07014e-19
315.79667	2.06910e-19
315.80629	2.06814e-19
315.81591	2.06720e-19
315.82553	2.06624e-19
315.83515	2.06521e-19
315.84478	2.06406e-19
315.85440	2.06275e-19
315.86402	2.06126e-19
315.87365	2.05955e-19
315.88327	2.05762e-19
315.89290	2.05548e-19
315.90252	2.05314e-19
315.91215	2.05064e-19
315.92177	2.04801e-19
315.93140	2.04530e-19
315.94103	2.04259e-19
315.95066	2.03994e-19
315.96029	2.03743e-19
315.96992	2.03513e-19
315.97955	2.03311e-19
315.98918	2.03144e-19
315.99881	2.03018e-19
316.00844	2.02937e-19
316.01807	2.02904e-19
316.02771	2.02920e-19
316.03734	2.02984e-19
316.04698	2.03094e-19
316.05661	2.03245e-19
316.06625	2.03430e-19
316.07588	2.03639e-19
316.08552	2.03864e-19
316.09516	2.04090e-19
316.10479	2.04307e-19
316.11443	2.04500e-19
316.12407	2.04655e-19
316.13371	2.04760e-19
316.14335	2.04801e-19
316.15299	2.04768e-19
316.16263	2.04651e-19
316.17228	2.04443e-19
316.18192	2.04139e-19
316.19156	2.03737e-19
316.20121	2.03238e-19
316.21085	2.02648e-19
316.22050	2.01972e-19
316.23014	2.01222e-19
316.23979	2.00411e-19
316.24943	1.99555e-19
316.25908	1.98673e-19
316.26873	1.97784e-19
316.27838	1.96909e-19
316.28803	1.96069e-19
316.29768	1.95286e-19
316.30733	1.94581e-19
316.31698	1.93974e-19
316.32663	1.93481e-19
316.33628	1.93118e-19
316.34593	1.92897e-19
316.35559	1.92826e-19
316.36524	1.92911e-19
316.37490	1.93154e-19
316.38455	1.93552e-19
316.39421	1.94098e-19
316.40386	1.94783e-19
316.41352	1.95594e-19
316.42318	1.96514e-19
316.43283	1.97526e-19
316.44249	1.98608e-19
316.45215	1.99738e-19
316.46181	2.00895e-19
316.47147	2.02056e-19
316.48113	2.03198e-19
316.49079	2.04302e-19
316.50046	2.05348e-19
316.51012	2.06320e-19
316.51978	2.07204e-19
316.52945	2.07990e-19
316.53911	2.08670e-19
316.54878	2.09240e-19
316.55844	2.09699e-19
316.56811	2.10052e-19
316.57777	2.10302e-19
316.58744	2.10460e-19
316.59711	2.10536e-19
316.60678	2.10544e-19
316.61645	2.10497e-19
316.62612	2.10411e-19
316.63579	2.10302e-19
316.64546	2.10185e-19
316.65513	2.10075e-19
316.66480	2.09985e-19
316.67447	2.09928e-19
316.68415	2.09914e-19
316.69382	2.09949e-19
316.70350	2.10040e-19
316.71317	2.10189e-19
316.72285	2.10398e-19
316.73252	2.10663e-19
316.74220	2.10981e-19
316.75188	2.11346e-19
316.76156	2.11750e-19
316.77123	2.12185e-19
316.78091	2.12642e-19
316.79059	2.13110e-19
316.80027	2.13580e-19
316.80995	2.14042e-19
316.81964	2.14488e-19
316.82932	2.14911e-19
316.83900	2.15304e-19
316.84868	2.15664e-19
316.85837	2.15988e-19
316.86805	2.16276e-19
316.87774	2.16527e-19
316.88742	2.16747e-19
316.89711	2.16937e-19
316.90680	2.17106e-19
316.91648	2.17258e-19
316.92617	2.17402e-19
316.93586	2.17545e-19
316.94555	2.17695e-19
316.95524	2.17860e-19
316.96493	2.18047e-19
316.97462	2.18262e-19
316.98431	2.18510e-19
316.99401	2.18795e-19
317.00370	2.19119e-19
317.01339	2.19482e-19
317.02309	2.19884e-19
317.03278	2.20322e-19
317.04248	2.20793e-19
317.05217	2.21291e-19
317.06187	2.21810e-19
317.07156	2.22343e-19
317.08126	2.22883e-19
317.09096	2.23424e-19
317.10066	2.23956e-19
317.11036	2.24475e-19
317.12006	2.24972e-19
317.12976	2.25444e-19
317.13946	2.25886e-19
317.14916	2.26295e-19
317.15886	2.26670e-19
317.16857	2.27012e-19
317.17827	2.27321e-19
317.18797	2.27601e-19
317.19768	2.27857e-19
317.20738	2.28093e-19
317.21709	2.28315e-19
317.22680	2.28531e-19
317.23650	2.28748e-19
317.24621	2.28973e-19
317.25592	2.29212e-19
317.26563	2.29474e-19
317.27534	2.29762e-19
317.28505	2.30083e-19
317.29476	2.30440e-19
317.30447	2.30835e-19
317.31418	2.31270e-19
317.32389	2.31744e-19
317.33361	2.32256e-19
317.34332	2.32803e-19
317.35304	2.33380e-19
317.36275	2.33983e-19
317.37247	2.34605e-19
317.38218	2.35240e-19
317.39190	2.35880e-19
317.40161	2.36519e-19
317.41133	2.37149e-19
317.42105	2.37764e-19
317.43077	2.38358e-19
317.44049	2.38925e-19
317.45021	2.39460e-19
317.45993	2.39961e-19
317.46965	2.40425e-19
317.47937	2.40850e-19
317.48910	2.41238e-19
317.49882	2.41589e-19
317.50854	2.41905e-19
317.51827	2.42190e-19
317.52799	2.42446e-19
317.53772	2.42680e-19
317.54744	2.42894e-19
317.55717	2.43095e-19
317.56690	2.43286e-19
317.57663	2.43473e-19
317.58635	2.43659e-19
317.59608	2.43848e-19
317.60581	2.44043e-19
317.61554	2.44246e-19
317.62527	2.44459e-19
317.63501	2.44680e-19
317.64474	2.44910e-19
317.65447	2.45148e-19
317.66420	2.45390e-19
317.67394	2.45635e-19
317.68367	2.45879e-19
317.69341	2.46118e-19
317.70314	2.46348e-19
317.71288	2.46565e-19
317.72262	2.46766e-19
317.73235	2.46946e-19
317.74209	2.47102e-19
317.75183	2.47231e-19
317.76157	2.47332e-19
317.77131	2.47402e-19
317.78105	2.47440e-19
317.79079	2.47446e-19
317.80053	2.47421e-19
317.81027	2.47366e-19
317.82002	2.47283e-19
317.82976	2.47172e-19
317.83950	2.47039e-19
317.84925	2.46884e-19
317.85899	2.46712e-19
317.86874	2.46525e-19
317.87849	2.46327e-19
317.88823	2.46121e-19
317.89798	2.45910e-19
317.90773	2.45697e-19
317.91748	2.45483e-19
317.92723	2.45271e-19
317.93698	2.45062e-19
317.94673	2.44858e-19
317.95648	2.44660e-19
317.96623	2.44468e-19
317.97598	2.44282e-19
317.98574	2.44103e-19
317.99549	2.43930e-19
318.00524	2.43764e-19
318.01500	2.43605e-19
318.02475	2.43451e-19
318.03451	2.43304e-19
318.04427	2.43164e-19
318.05402	2.43030e-19
318.06378	2.42903e-19
318.07354	2.42785e-19
318.08330	2.42674e-19
318.09306	2.42574e-19
318.10282	2.42484e-19
318.11258	2.42404e-19
318.12234	2.42337e-19
318.13210	2.42283e-19
318.14186	2.42241e-19
318.15163	2.42213e-19
318.16139	2.42198e-19
318.17116	2.42195e-19
318.18092	2.42204e-19
318.19069	2.42223e-19
318.20045	2.42249e-19
318.21022	2.42282e-19
318.21999	2.42317e-19
318.22975	2.42351e-19
318.23952	2.42382e-19
318.24929	2.42406e-19
318.25906	2.42418e-19
318.26883	2.42416e-19
318.27860	2.42395e-19
318.28837	2.42351e-19
318.29815	2.42283e-19
318.30792	2.42186e-19
318.31769	2.42060e-19
318.32747	2.41901e-19
318.33724	2.41710e-19
318.34702	2.41486e-19
318.35679	2.41228e-19
318.36657	2.40939e-19
318.37635	2.40621e-19
318.38612	2.40274e-19
318.39590	2.39903e-19
318.40568	2.39512e-19
318.41546	2.39103e-19
318.42524	2.38681e-19
318.43502	2.38250e-19
318.44480	2.37815e-19
318.45458	2.37380e-19
318.46437	2.36950e-19
318.47415	2.36527e-19
318.48393	2.36116e-19
318.49372	2.35720e-19
318.50350	2.35340e-19
318.51329	2.34979e-19
318.52307	2.34638e-19
318.53286	2.34318e-19
318.54265	2.34018e-19
318.55243	2.33738e-19
318.56222	2.33477e-19
318.57201	2.33232e-19
318.58180	2.33002e-19
318.59159	2.32785e-19
318.60138	2.32578e-19
318.61117	2.32378e-19
318.62096	2.32181e-19
318.63076	2.31986e-19
318.64055	2.31790e-19
318.65034	2.31591e-19
318.66014	2.31385e-19
318.66993	2.31172e-19
318.67973	2.30950e-19
318.68953	2.30719e-19
318.69932	2.30477e-19
318.70912	2.30226e-19
318.71892	2.29965e-19
318.72872	2.29695e-19
318.73852	2.29418e-19
318.74832	2.29135e-19
318.75812	2.28849e-19
318.76792	2.28562e-19
318.77772	2.28275e-19
318.78752	2.27992e-19
318.79732	2.27715e-19
318.80713	2.27446e-19
318.81693	2.27189e-19
318.82674	2.26945e-19
318.83654	2.26717e-19
318.84635	2.26507e-19
318.85615	2.26315e-19
318.86596	2.26145e-19
318.87577	2.25995e-19
318.88558	2.25869e-19
318.89538	2.25764e-19
318.90519	2.25683e-19
318.91500	2.25624e-19
318.92481	2.25586e-19
318.93463	2.25569e-19
318.94444	2.25571e-19
318.95425	2.25591e-19
318.96406	2.25627e-19
318.97388	2.25677e-19
318.98369	2.25739e-19
318.99351	2.25810e-19
319.00332	2.25888e-19
319.01314	2.25970e-19
319.02295	2.26055e-19
319.03277	2.26139e-19
319.04259	2.26221e-19
319.05241	2.26297e-19
319.06223	2.26367e-19
319.07205	2.26429e-19
319.08187	2.26480e-19
319.09169	2.26520e-19
319.10151	2.26548e-19
319.11133	2.26563e-19
319.12115	2.26565e-19
319.13098	2.26555e-19
319.14080	2.26532e-19
319.15063	2.26499e-19
319.16045	2.26455e-19
319.17028	2.26404e-19
319.18010	2.26345e-19
319.18993	2.26283e-19
319.19976	2.26219e-19
319.20959	2.26155e-19
319.21942	2.26094e-19
319.22924	2.26039e-19
319.23907	2.25991e-19
319.24891	2.25953e-19
319.25874	2.25926e-19
319.26857	2.25914e-19
319.27840	2.25916e-19
319.28823	2.25934e-19
319.29807	2.25969e-19
319.30790	2.26020e-19
319.31774	2.26088e-19
319.32757	2.26172e-19
319.33741	2.26270e-19
319.34724	2.26381e-19
319.35708	2.26504e-19
319.36692	2.26637e-19
319.37676	2.26777e-19
319.38660	2.26922e-19
319.39644	2.27070e-19
319.40628	2.27220e-19
319.41612	2.27368e-19
319.42596	2.27514e-19
319.43580	2.27657e-19
319.44564	2.27796e-19
319.45549	2.27930e-19
319.46533	2.28060e-19
319.47518	2.28187e-19
319.48502	2.28312e-19
319.49487	2.28438e-19
319.50471	2.28567e-19
319.51456	2.28702e-19
319.52441	2.28846e-19
319.53426	2.29004e-19
319.54411	2.29178e-19
319.55395	2.29374e-19
319.56380	2.29595e-19
319.57366	2.29844e-19
319.58351	2.30126e-19
319.59336	2.30442e-19
319.60321	2.30796e-19
319.61306	2.31189e-19
319.62292	2.31622e-19
319.63277	2.32095e-19
319.64263	2.32608e-19
319.65248	2.33158e-19
319.66234	2.33742e-19
319.67219	2.34359e-19
319.68205	2.35003e-19
319.69191	2.35669e-19
319.70177	2.36352e-19
319.71163	2.37046e-19
319.72149	2.37744e-19
319.73135	2.38441e-19
319.74121	2.39130e-19
319.75107	2.39803e-19
319.76093	2.40457e-19
319.77080	2.41084e-19
319.78066	2.41681e-19
319.79052	2.42242e-19
319.80039	2.42766e-19
319.81025	2.43250e-19
319.82012	2.43693e-19
319.82998	2.44094e-19
319.83985	2.44455e-19
319.84972	2.44777e-19
319.85959	2.45064e-19
319.86946	2.45320e-19
319.87933	2.45548e-19
319.88920	2.45754e-19
319.89907	2.45944e-19
319.90894	2.46123e-19
319.91881	2.46298e-19
319.92868	2.46474e-19
319.93856	2.46657e-19
319.94843	2.46853e-19
319.95830	2.47066e-19
319.96818	2.47300e-19
319.97805	2.47559e-19
319.98793	2.47845e-19
319.99781	2.48160e-19
320.00768	2.48504e-19
320.01756	2.48877e-19
320.02744	2.49277e-19
320.03732	2.49702e-19
320.04720	2.50149e-19
320.05708	2.50613e-19
320.06696	2.51091e-19
320.07684	2.51578e-19
320.08673	2.52068e-19
320.09661	2.52556e-19
320.10649	2.53036e-19
320.11638	2.53504e-19
320.12626	2.53954e-19
320.13615	2.54381e-19
320.14603	2.54783e-19
320.15592	2.55155e-19
320.16581	2.55494e-19
320.17569	2.55800e-19
320.18558	2.56070e-19
320.19547	2.56305e-19
320.20536	2.56505e-19
320.21525	2.56671e-19
320.22514	2.56805e-19
320.23503	2.56910e-19
320.24492	2.56989e-19
320.25482	2.57044e-19
320.26471	2.57079e-19
320.27460	2.57098e-19
320.28450	2.57105e-19
320.29439	2.57102e-19
320.30429	2.57094e-19
320.31419	2.57082e-19
320.32408	2.57069e-19
320.33398	2.57057e-19
320.34388	2.57047e-19
320.35378	2.57040e-19
320.36368	2.57035e-19
320.37358	2.57033e-19
320.38348	2.57031e-19
320.39338	2.57029e-19
320.40328	2.57024e-19
320.41318	2.57013e-19
320.42309	2.56994e-19
320.43299	2.56963e-19
320.44289	2.56918e-19
320.45280	2.56856e-19
320.46270	2.56773e-19
320.47261	2.56667e-19
320.48252	2.56535e-19
320.49242	2.56376e-19
320.50233	2.56188e-19
320.51224	2.55970e-19
320.52215	2.55722e-19
320.53206	2.55444e-19
320.54197	2.55136e-19
320.55188	2.54800e-19
320.56179	2.54438e-19
320.57171	2.54051e-19
320.58162	2.53643e-19
320.59153	2.53215e-19
320.60145	2.52773e-19
320.61136	2.52318e-19
320.62128	2.51854e-19
320.63119	2.51384e-19
320.64111	2.50913e-19
320.65103	2.50442e-19
320.66094	2.49975e-19
320.67086	2.49514e-19
320.68078	2.49062e-19
320.69070	2.48620e-19
320.70062	2.48190e-19
320.71054	2.47773e-19
320.72046	2.47369e-19
320.73038	2.46980e-19
320.74031	2.46605e-19
320.75023	2.46244e-19
320.76015	2.45897e-19
320.77008	2.45563e-19
320.78000	2.45242e-19
320.78993	2.44932e-19
320.79986	2.44633e-19
320.80978	2.44346e-19
320.81971	2.44068e-19
320.82964	2.43800e-19
320.83957	2.43542e-19
320.84950	2.43294e-19
320.85943	2.43056e-19
320.86936	2.42828e-19
320.87929	2.42612e-19
320.88922	2.42407e-19
320.89915	2.42214e-19
320.90909	2.42035e-19
320.91902	2.41871e-19
320.92895	2.41721e-19
320.93889	2.41587e-19
320.94883	2.41468e-19
320.95876	2.41366e-19
320.96870	2.41281e-19
320.97864	2.41211e-19
320.98857	2.41157e-19
320.99851	2.41117e-19
321.00845	2.41090e-19
321.01839	2.41075e-19
321.02833	2.41070e-19
321.03827	2.41072e-19
321.04821	2.41079e-19
321.05816	2.41089e-19
321.06810	2.41100e-19
321.07804	2.41108e-19
321.08799	2.41112e-19
321.09793	2.41109e-19
321.10788	2.41097e-19
321.11782	2.41075e-19
321.12777	2.41040e-19
321.13772	2.40992e-19
321.14767	2.40931e-19
321.15761	2.40856e-19
321.16756	2.40767e-19
321.17751	2.40666e-19
321.18746	2.40553e-19
321.19741	2.40430e-19
321.20737	2.40299e-19
321.21732	2.40162e-19
321.22727	2.40022e-19
321.23722	2.39880e-19
321.24718	2.39739e-19
321.25713	2.39602e-19
321.26709	2.39472e-19
321.27704	2.39349e-19
321.28700	2.39237e-19
321.29696	2.39136e-19
321.30692	2.39048e-19
321.31687	2.38974e-19
321.32683	2.38913e-19
321.33679	2.38866e-19
321.34675	2.38832e-19
321.35671	2.38811e-19
321.36668	2.38800e-19
321.37664	2.38799e-19
321.38660	2.38806e-19
321.39656	2.38819e-19
321.40653	2.38836e-19
321.41649	2.38855e-19
321.42646	2.38875e-19
321.43642	2.38894e-19
321.44639	2.38910e-19
321.45636	2.38924e-19
321.46632	2.38933e-19
321.47629	2.38939e-19
321.48626	2.38941e-19
321.49623	2.38940e-19
321.50620	2.38938e-19
321.51617	2.38934e-19
321.52614	2.38933e-19
321.53611	2.38934e-19
321.54609	2.38942e-19
321.55606	2.38957e-19
321.56603	2.38984e-19
321.57601	2.39023e-19
321.58598	2.39077e-19
321.59596	2.39148e-19
321.60594	2.39238e-19
321.61591	2.39349e-19
321.62589	2.39480e-19
321.63587	2.39634e-19
321.64585	2.39808e-19
321.65583	2.40004e-19
321.66581	2.40220e-19
321.67579	2.40455e-19
321.68577	2.40707e-19
321.69575	2.40973e-19
321.70573	2.41251e-19
321.71572	2.41539e-19
321.72570	2.41833e-19
321.73568	2.42131e-19
321.74567	2.42429e-19
321.75565	2.42726e-19
321.76564	2.43018e-19
321.77563	2.43303e-19
321.78562	2.43580e-19
321.79560	2.43846e-19
321.80559	2.44101e-19
321.81558	2.44343e-19
321.82557	2.44573e-19
321.83556	2.44791e-19
321.84555	2.44997e-19
321.85554	2.45191e-19
321.86554	2.45376e-19
321.87553	2.45553e-19
321.88552	2.45722e-19
321.89552	2.45886e-19
321.90551	2.46047e-19
321.91551	2.46205e-19
321.92550	2.46363e-19
321.93550	2.46523e-19
321.94550	2.46684e-19
321.95550	2.46849e-19
321.96550	2.47018e-19
321.97549	2.47192e-19
321.98549	2.47370e-19
321.99549	2.47553e-19
322.00550	2.47740e-19
322.01550	2.47931e-19
322.02550	2.48125e-19
322.03550	2.48321e-19
322.04551	2.48519e-19
322.05551	2.48717e-19
322.06552	2.48915e-19
322.07552	2.49112e-19
322.08553	2.49307e-19
322.09553	2.49499e-19
322.10554	2.49689e-19
322.11555	2.49875e-19
322.12556	2.50059e-19
322.13557	2.50240e-19
322.14558	2.50419e-19
322.15559	2.50597e-19
322.16560	2.50773e-19
322.17561	2.50950e-19
322.18562	2.51128e-19
322.19564	2.51308e-19
322.20565	2.51490e-19
322.21566	2.51677e-19
322.22568	2.51869e-19
322.23569	2.52067e-19
322.24571	2.52271e-19
322.25573	2.52481e-19
322.26574	2.52699e-19
322.27576	2.52923e-19
322.28578	2.53155e-19
322.29580	2.53393e-19
322.30582	2.53638e-19
322.31584	2.53889e-19
322.32586	2.54145e-19
322.33588	2.54405e-19
322.34590	2.54669e-19
322.35593	2.54937e-19
322.36595	2.55207e-19
322.37597	2.55479e-19
322.38600	2.55752e-19
322.39602	2.56026e-19
322.40605	2.56300e-19
322.41608	2.56575e-19
322.42610	2.56850e-19
322.43613	2.57125e-19
322.44616	2.57400e-19
322.45619	2.57675e-19
322.46622	2.57950e-19
322.47625	2.58225e-19
322.48628	2.58500e-19
322.49631	2.58776e-19
322.50634	2.59051e-19
322.51638	2.59326e-19
322.52641	2.59600e-19
322.53644	2.59873e-19
322.54648	2.60143e-19
322.55652	2.60410e-19
322.56655	2.60673e-19
322.57659	2.60930e-19
322.58662	2.61181e-19
322.59666	2.61425e-19
322.60670	2.61660e-19
322.61674	2.61885e-19
322.62678	2.62099e-19
322.63682	2.62301e-19
322.64686	2.62491e-19
322.65690	2.62669e-19
322.66695	2.62833e-19
322.67699	2.62985e-19
322.68703	2.63124e-19
322.69708	2.63252e-19
322.70712	2.63369e-19
322.71717	2.63476e-19
322.72721	2.63575e-19
322.73726	2.63668e-19
322.74731	2.63755e-19
322.75735	2.63839e-19
322.76740	2.63922e-19
322.77745	2.64004e-19
322.78750	2.64087e-19
322.79755	2.64173e-19
322.80760	2.64262e-19
322.81765	2.64355e-19
322.82771	2.64452e-19
322.83776	2.64552e-19
322.84781	2.64655e-19
322.85787	2.64761e-19
322.86792	2.64868e-19
322.87798	2.64974e-19
322.88803	2.65078e-19
322.89809	2.65177e-19
322.90815	2.65270e-19
322.91820	2.65354e-19
322.92826	2.65427e-19
322.93832	2.65487e-19
322.94838	2.65533e-19
322.95844	2.65562e-19
322.96850	2.65575e-19
322.97856	2.65569e-19
322.98863	2.65546e-19
322.99869	2.65505e-19
323.00875	2.65446e-19
323.01882	2.65372e-19
323.02888	2.65283e-19
323.03895	2.65182e-19
323.04901	2.65071e-19
323.05908	2.64953e-19
323.06915	2.64830e-19
323.07922	2.64706e-19
323.08928	2.64583e-19
323.09935	2.64464e-19
323.10942	2.64352e-19
323.11949	2.64249e-19
323.12956	2.64157e-19
323.13964	2.64077e-19
323.14971	2.64010e-19
323.15978	2.63958e-19
323.16986	2.63919e-19
323.17993	2.63893e-19
323.19000	2.63879e-19
323.20008	2.63875e-19
323.21016	2.63880e-19
323.22023	2.63892e-19
323.23031	2.63906e-19
323.24039	2.63922e-19
323.25047	2.63935e-19
323.26055	2.63944e-19
323.27063	2.63945e-19
323.28071	2.63935e-19
323.29079	2.63913e-19
323.30087	2.63877e-19
323.31095	2.63825e-19
323.32103	2.63756e-19
323.33112	2.63669e-19
323.34120	2.63564e-19
323.35129	2.63442e-19
323.36137	2.63303e-19
323.37146	2.63149e-19
323.38154	2.62981e-19
323.39163	2.62800e-19
323.40172	2.62609e-19
323.41181	2.62410e-19
323.42190	2.62206e-19
323.43199	2.61997e-19
323.44208	2.61788e-19
323.45217	2.61579e-19
323.46226	2.61373e-19
323.47235	2.61171e-19
323.48245	2.60976e-19
323.49254	2.60787e-19
323.50264	2.60608e-19
323.51273	2.60437e-19
323.52283	2.60276e-19
323.53292	2.60126e-19
323.54302	2.59985e-19
323.55312	2.59855e-19
323.56321	2.59735e-19
323.57331	2.59625e-19
323.58341	2.59524e-19
323.59351	2.59433e-19
323.60361	2.59350e-19
323.61371	2.59275e-19
323.62382	2.59208e-19
323.63392	2.59148e-19
323.64402	2.59094e-19
323.65413	2.59046e-19
323.66423	2.59003e-19
323.67433	2.58964e-19
323.68444	2.58928e-19
323.69455	2.58894e-19
323.70465	2.58860e-19
323.71476	2.58826e-19
323.72487	2.58788e-19
323.73498	2.58747e-19
323.74509	2.58699e-19
323.75520	2.58643e-19
323.76531	2.58577e-19
323.77542	2.58499e-19
323.78553	2.58406e-19
323.79564	2.58299e-19
323.80576	2.58174e-19
323.81587	2.58031e-19
323.82599	2.57869e-19
323.83610	2.57688e-19
323.84622	2.57488e-19
323.85633	2.57271e-19
323.86645	2.57037e-19
323.87657	2.56790e-19
323.88669	2.56531e-19
323.89681	2.56264e-19
323.90693	2.55992e-19
323.91705	2.55721e-19
323.92717	2.55454e-19
323.93729	2.55197e-19
323.94741	2.54953e-19
323.95753	2.54727e-19
323.96766	2.54524e-19
323.97778	2.54347e-19
323.98790	2.54199e-19
323.99803	2.54084e-19
324.00816	2.54001e-19
324.01828	2.53953e-19
324.02841	2.53937e-19
324.03854	2.53953e-19
324.04867	2.53998e-19
324.05879	2.54067e-19
324.06892	2.54156e-19
324.07905	2.54259e-19
324.08919	2.54370e-19
324.09932	2.54481e-19
324.10945	2.54586e-19
324.11958	2.54675e-19
324.12972	2.54743e-19
324.13985	2.54782e-19
324.14998	2.54786e-19
324.16012	2.54749e-19
324.17026	2.54666e-19
324.18039	2.54536e-19
324.19053	2.54355e-19
324.20067	2.54125e-19
324.21081	2.53847e-19
324.22095	2.53524e-19
324.23109	2.53160e-19
324.24123	2.52763e-19
324.25137	2.52341e-19
324.26151	2.51901e-19
324.27165	2.51454e-19
324.28179	2.51012e-19
324.29194	2.50584e-19
324.30208	2.50182e-19
324.31223	2.49816e-19
324.32237	2.49498e-19
324.33252	2.49236e-19
324.34267	2.49039e-19
324.35281	2.48913e-19
324.36296	2.48863e-19
324.37311	2.48894e-19
324.38326	2.49005e-19
324.39341	2.49198e-19
324.40356	2.49468e-19
324.41371	2.49813e-19
324.42386	2.50225e-19
324.43401	2.50697e-19
324.44417	2.51221e-19
324.45432	2.51786e-19
324.46448	2.52382e-19
324.47463	2.52997e-19
324.48479	2.53621e-19
324.49494	2.54243e-19
324.50510	2.54852e-19
324.51526	2.55439e-19
324.52542	2.55996e-19
324.53558	2.56517e-19
324.54573	2.56996e-19
324.55589	2.57429e-19
324.56606	2.57816e-19
324.57622	2.58155e-19
324.58638	2.58448e-19
324.59654	2.58700e-19
324.60671	2.58913e-19
324.61687	2.59095e-19
324.62703	2.59251e-19
324.63720	2.59389e-19
324.64736	2.59518e-19
324.65753	2.59645e-19
324.66770	2.59777e-19
324.67787	2.59923e-19
324.68803	2.60089e-19
324.69820	2.60280e-19
324.70837	2.60503e-19
324.71854	2.60760e-19
324.72871	2.61054e-19
324.73889	2.61386e-19
324.74906	2.61758e-19
324.75923	2.62167e-19
324.76941	2.62612e-19
324.77958	2.63091e-19
324.78975	2.63600e-19
324.79993	2.64135e-19
324.81011	2.64692e-19
324.82028	2.65268e-19
324.83046	2.65858e-19
324.84064	2.66460e-19
324.85082	2.67070e-19
324.86100	2.67686e-19
324.87118	2.68307e-19
324.88136	2.68932e-19
324.89154	2.69560e-19
324.90172	2.70194e-19
324.91190	2.70834e-19
324.92208	2.71483e-19
324.93227	2.72142e-19
324.94245	2.72814e-19
324.95264	2.73502e-19
324.96282	2.74208e-19
324.97301	2.74935e-19
324.98320	2.75683e-19
324.99338	2.76453e-19
325.00357	2.77244e-19
325.01376	2.78056e-19
325.02395	2.78887e-19
325.03414	2.79731e-19
325.04433	2.80586e-19
325.05452	2.81446e-19
325.06471	2.82304e-19
325.07491	2.83153e-19
325.08510	2.83986e-19
325.09529	2.84795e-19
325.10549	2.85572e-19
325.11568	2.86310e-19
325.12588	2.87001e-19
325.13608	2.87640e-19
325.14627	2.88221e-19
325.15647	2.88741e-19
325.16667	2.89196e-19
325.17687	2.89585e-19
325.18707	2.89908e-19
325.19727	2.90168e-19
325.20747	2.90368e-19
325.21767	2.90512e-19
325.22787	2.90607e-19
325.23808	2.90659e-19
325.24828	2.90677e-19
325.25848	2.90667e-19
325.26869	2.90640e-19
325.27890	2.90604e-19
325.28910	2.90566e-19
325.29931	2.90534e-19
325.30952	2.90514e-19
325.31972	2.90511e-19
325.32993	2.90530e-19
325.34014	2.90572e-19
325.35035	2.90637e-19
325.36056	2.90725e-19
325.37077	2.90833e-19
325.38099	2.90956e-19
325.39120	2.91088e-19
325.40141	2.91223e-19
325.41162	2.91352e-19
325.42184	2.91467e-19
325.43205	2.91559e-19
325.44227	2.91620e-19
325.45249	2.91640e-19
325.46270	2.91612e-19
325.47292	2.91529e-19
325.48314	2.91386e-19
325.49336	2.91179e-19
325.50358	2.90904e-19
325.51380	2.90563e-19
325.52402	2.90156e-19
325.53424	2.89687e-19
325.54446	2.89160e-19
325.55469	2.88583e-19
325.56491	2.87964e-19
325.57513	2.87313e-19
325.58536	2.86639e-19
325.59558	2.85956e-19
325.60581	2.85273e-19
325.61604	2.84602e-19
325.62626	2.83955e-19
325.63649	2.83342e-19
325.64672	2.82772e-19
325.65695	2.82253e-19
325.66718	2.81792e-19
325.67741	2.81393e-19
325.68764	2.81060e-19
325.69787	2.80792e-19
325.70810	2.80590e-19
325.71834	2.80452e-19
325.72857	2.80371e-19
325.73881	2.80344e-19
325.74904	2.80362e-19
325.75928	2.80418e-19
325.76951	2.80504e-19
325.77975	2.80609e-19
325.78999	2.80726e-19
325.80022	2.80845e-19
325.81046	2.80958e-19
325.82070	2.81058e-19
325.83094	2.81137e-19
325.84118	2.81192e-19
325.85143	2.81217e-19
325.86167	2.81210e-19
325.87191	2.81170e-19
325.88215	2.81097e-19
325.89240	2.80994e-19
325.90264	2.80861e-19
325.91289	2.80704e-19
325.92313	2.80527e-19
325.93338	2.80335e-19
325.94363	2.80134e-19
325.95388	2.79929e-19
325.96412	2.79727e-19
325.97437	2.79532e-19
325.98462	2.79349e-19
325.99487	2.79183e-19
326.00512	2.79037e-19
326.01538	2.78914e-19
326.02563	2.78816e-19
326.03588	2.78743e-19
326.04613	2.78695e-19
326.05639	2.78672e-19
326.06664	2.78672e-19
326.07690	2.78693e-19
326.08716	2.78734e-19
326.09741	2.78791e-19
326.10767	2.78862e-19
326.11793	2.78946e-19
326.12819	2.79039e-19
326.13845	2.79141e-19
326.14871	2.79251e-19
326.15897	2.79369e-19
326.16923	2.79496e-19
326.17949	2.79633e-19
326.18975	2.79781e-19
326.20002	2.79945e-19
326.21028	2.80126e-19
326.22055	2.80330e-19
326.23081	2.80559e-19
326.24108	2.80818e-19
326.25134	2.81111e-19
326.26161	2.81441e-19
326.27188	2.81811e-19
326.28215	2.82224e-19
326.29242	2.82680e-19
326.30269	2.83179e-19
326.31296	2.83721e-19
326.32323	2.84304e-19
326.33350	2.84925e-19
326.34377	2.85577e-19
326.35405	2.86257e-19
326.36432	2.86956e-19
326.37459	2.87668e-19
326.38487	2.88383e-19
326.39514	2.89092e-19
326.40542	2.89787e-19
326.41570	2.90458e-19
326.42597	2.91095e-19
326.43625	2.91689e-19
326.44653	2.92234e-19
326.45681	2.92720e-19
326.46709	2.93143e-19
326.47737	2.93497e-19
326.48765	2.93778e-19
326.49794	2.93984e-19
326.50822	2.94115e-19
326.51850	2.94170e-19
326.52879	2.94152e-19
326.53907	2.94064e-19
326.54936	2.93910e-19
326.55964	2.93695e-19
326.56993	2.93425e-19
326.58022	2.93107e-19
326.59050	2.92747e-19
326.60079	2.92352e-19
326.61108	2.91929e-19
326.62137	2.91485e-19
326.63166	2.91025e-19
326.64195	2.90555e-19
326.65224	2.90079e-19
326.66254	2.89602e-19
326.67283	2.89125e-19
326.68312	2.88651e-19
326.69342	2.88181e-19
326.70371	2.87716e-19
326.71401	2.87254e-19
326.72431	2.86796e-19
326.73460	2.86339e-19
326.74490	2.85882e-19
326.75520	2.85423e-19
326.76550	2.84959e-19
326.77580	2.84490e-19
326.78610	2.84013e-19
326.79640	2.83527e-19
326.80670	2.83033e-19
326.81700	2.82529e-19
326.82731	2.82017e-19
326.83761	2.81498e-19
326.84791	2.80973e-19
326.85822	2.80445e-19
326.86852	2.79918e-19
326.87883	2.79394e-19
326.88914	2.78877e-19
326.89944	2.78371e-19
326.90975	2.77879e-19
326.92006	2.77406e-19
326.93037	2.76955e-19
326.94068	2.76530e-19
326.95099	2.76132e-19
326.96130	2.75764e-19
326.97161	2.75427e-19
326.98193	2.75124e-19
326.99224	2.74852e-19
327.00255	2.74613e-19
327.01287	2.74405e-19
327.02318	2.74227e-19
327.03350	2.74075e-19
327.04382	2.73949e-19
327.05413	2.73844e-19
327.06445	2.73759e-19
327.07477	2.73690e-19
327.08509	2.73634e-19
327.09541	2.73590e-19
327.10573	2.73555e-19
327.11605	2.73527e-19
327.12637	2.73506e-19
327.13669	2.73490e-19
327.14702	2.73481e-19
327.15734	2.73478e-19
327.16766	2.73483e-19
327.17799	2.73499e-19
327.18832	2.73527e-19
327.19864	2.73571e-19
327.20897	2.73633e-19
327.21930	2.73717e-19
327.22962	2.73825e-19
327.23995	2.73963e-19
327.25028	2.74131e-19
327.26061	2.74333e-19
327.27094	2.74572e-19
327.28128	2.74848e-19
327.29161	2.75162e-19
327.30194	2.75516e-19
327.31227	2.75908e-19
327.32261	2.76338e-19
327.33294	2.76803e-19
327.34328	2.77301e-19
327.35361	2.77828e-19
327.36395	2.78382e-19
327.37429	2.78957e-19
327.38463	2.79550e-19
327.39496	2.80155e-19
327.40530	2.80768e-19
327.41564	2.81384e-19
327.42598	2.81997e-19
327.43633	2.82604e-19
327.44667	2.83200e-19
327.45701	2.83782e-19
327.46735	2.84345e-19
327.47770	2.84888e-19
327.48804	2.85408e-19
327.49839	2.85904e-19
327.50873	2.86373e-19
327.51908	2.86816e-19
327.52943	2.87233e-19
327.53977	2.87624e-19
327.55012	2.87991e-19
327.56047	2.88333e-19
327.57082	2.88653e-19
327.58117	2.88953e-19
327.59152	2.89235e-19
327.60188	2.89500e-19
327.61223	2.89750e-19
327.62258	2.89989e-19
327.63293	2.90217e-19
327.64329	2.90436e-19
327.65364	2.90648e-19
327.66400	2.90856e-19
327.67436	2.91059e-19
327.68471	2.91259e-19
327.69507	2.91458e-19
327.70543	2.91655e-19
327.71579	2.91852e-19
327.72615	2.92049e-19
327.73651	2.92246e-19
327.74687	2.92443e-19
327.75723	2.92639e-19
327.76759	2.92835e-19
327.77796	2.93029e-19
327.78832	2.93221e-19
327.79868	2.93409e-19
327.80905	2.93593e-19
327.81941	2.93771e-19
327.82978	2.93941e-19
327.84015	2.94101e-19
327.85051	2.94249e-19
327.86088	2.94382e-19
327.87125	2.94498e-19
327.88162	2.94594e-19
327.89199	2.94667e-19
327.90236	2.94714e-19
327.91273	2.94733e-19
327.92310	2.94721e-19
327.93348	2.94674e-19
327.94385	2.94591e-19
327.95422	2.94469e-19
327.96460	2.94306e-19
327.97497	2.94102e-19
327.98535	2.93856e-19
327.99573	2.93567e-19
328.00610	2.93236e-19
328.01648	2.92865e-19
328.02686	2.92455e-19
328.03724	2.92009e-19
328.04762	2.91531e-19
328.05800	2.91025e-19
328.06838	2.90496e-19
328.07876	2.89948e-19
328.08915	2.89388e-19
328.09953	2.88822e-19
328.10991	2.88255e-19
328.12030	2.87693e-19
328.13068	2.87143e-19
328.14107	2.86610e-19
328.15146	2.86100e-19
328.16184	2.85617e-19
328.17223	2.85164e-19
328.18262	2.84746e-19
328.19301	2.84363e-19
328.20340	2.84018e-19
328.21379	2.83711e-19
328.22418	2.83440e-19
328.23457	2.83205e-19
328.24496	2.83001e-19
328.25536	2.82827e-19
328.26575	2.82678e-19
328.27615	2.82549e-19
328.28654	2.82435e-19
328.29694	2.82330e-19
328.30733	2.82229e-19
328.31773	2.82127e-19
328.32813	2.82019e-19
328.33853	2.81899e-19
328.34892	2.81764e-19
328.35932	2.81610e-19
328.36972	2.81435e-19
328.38013	2.81237e-19
328.39053	2.81015e-19
328.40093	2.80770e-19
328.41133	2.80503e-19
328.42174	2.80216e-19
328.43214	2.79911e-19
328.44255	2.79593e-19
328.45295	2.79266e-19
328.46336	2.78935e-19
328.47376	2.78603e-19
328.48417	2.78277e-19
328.49458	2.77962e-19
328.50499	2.77662e-19
328.51540	2.77382e-19
328.52581	2.77125e-19
328.53622	2.76895e-19
328.54663	2.76695e-19
328.55704	2.76525e-19
328.56746	2.76387e-19
328.57787	2.76282e-19
328.58828	2.76207e-19
328.59870	2.76161e-19
328.60911	2.76142e-19
328.61953	2.76148e-19
328.62995	2.76174e-19
328.64036	2.76217e-19
328.65078	2.76273e-19
328.66120	2.76338e-19
328.67162	2.76409e-19
328.68204	2.76481e-19
328.69246	2.76552e-19
328.70288	2.76620e-19
328.71331	2.76682e-19
328.72373	2.76737e-19
328.73415	2.76785e-19
328.74458	2.76827e-19
328.75500	2.76863e-19
328.76543	2.76896e-19
328.77585	2.76929e-19
328.78628	2.76964e-19
328.79671	2.77006e-19
328.80713	2.77059e-19
328.81756	2.77127e-19
328.82799	2.77215e-19
328.83842	2.77326e-19
328.84885	2.77467e-19
328.85928	2.77639e-19
328.86972	2.77847e-19
328.88015	2.78093e-19
328.89058	2.78379e-19
328.90102	2.78706e-19
328.91145	2.79076e-19
328.92189	2.79486e-19
328.93232	2.79936e-19
328.94276	2.80423e-19
328.95320	2.80946e-19
328.96363	2.81498e-19
328.97407	2.82078e-19
328.98451	2.82678e-19
328.99495	2.83295e-19
329.00539	2.83922e-19
329.01583	2.84555e-19
329.02628	2.85186e-19
329.03672	2.85811e-19
329.04716	2.86424e-19
329.05761	2.87020e-19
329.06805	2.87595e-19
329.07850	2.88145e-19
329.08894	2.88666e-19
329.09939	2.89155e-19
329.10984	2.89612e-19
329.12028	2.90034e-19
329.13073	2.90421e-19
329.14118	2.90774e-19
329.15163	2.91093e-19
329.16208	2.91380e-19
329.17253	2.91637e-19
329.18299	2.91867e-19
329.19344	2.92074e-19
329.20389	2.92260e-19
329.21435	2.92430e-19
329.22480	2.92589e-19
329.23526	2.92739e-19
329.24571	2.92886e-19
329.25617	2.93034e-19
329.26662	2.93187e-19
329.27708	2.93349e-19
329.28754	2.93525e-19
329.29800	2.93716e-19
329.30846	2.93927e-19
329.31892	2.94161e-19
329.32938	2.94419e-19
329.33984	2.94702e-19
329.35031	2.95013e-19
329.36077	2.95351e-19
329.37123	2.95717e-19
329.38170	2.96110e-19
329.39216	2.96528e-19
329.40263	2.96970e-19
329.41310	2.97434e-19
329.42356	2.97916e-19
329.43403	2.98414e-19
329.44450	2.98923e-19
329.45497	2.99441e-19
329.46544	2.99962e-19
329.47591	3.00482e-19
329.48638	3.00998e-19
329.49685	3.01504e-19
329.50732	3.01997e-19
329.51780	3.02474e-19
329.52827	3.02929e-19
329.53875	3.03362e-19
329.54922	3.03769e-19
329.55970	3.04149e-19
329.57017	3.04500e-19
329.58065	3.04823e-19
329.59113	3.05117e-19
329.60161	3.05384e-19
329.61209	3.05626e-19
329.62257	3.05846e-19
329.63305	3.06045e-19
329.64353	3.06229e-19
329.65401	3.06401e-19
329.66449	3.06564e-19
329.67498	3.06724e-19
329.68546	3.06885e-19
329.69594	3.07050e-19
329.70643	3.07224e-19
329.71691	3.07408e-19
329.72740	3.07607e-19
329.73789	3.07822e-19
329.74838	3.08052e-19
329.75886	3.08299e-19
329.76935	3.08562e-19
329.77984	3.08837e-19
329.79033	3.09123e-19
329.80083	3.09415e-19
329.81132	3.09708e-19
329.82181	3.09997e-19
329.83230	3.10276e-19
329.84280	3.10538e-19
329.85329	3.10777e-19
329.86379	3.10986e-19
329.87428	3.11158e-19
329.88478	3.11288e-19
329.89528	3.11369e-19
329.90577	3.11397e-19
329.91627	3.11369e-19
329.92677	3.11280e-19
329.93727	3.11130e-19
329.94777	3.10918e-19
329.95827	3.10646e-19
329.96878	3.10314e-19
329.97928	3.09927e-19
329.98978	3.09488e-19
330.00028	3.09003e-19
330.01079	3.08478e-19
330.02129	3.07920e-19
330.03180	3.07337e-19
330.04231	3.06734e-19
330.05281	3.06121e-19
330.06332	3.05503e-19
330.07383	3.04888e-19
330.08434	3.04282e-19
330.09485	3.03689e-19
330.10536	3.03115e-19
330.11587	3.02562e-19
330.12638	3.02032e-19
330.13690	3.01527e-19
330.14741	3.01046e-19
330.15792	3.00588e-19
330.16844	3.00151e-19
330.17895	2.99732e-19
330.18947	2.99327e-19
330.19999	2.98931e-19
330.21050	2.98541e-19
330.22102	2.98151e-19
330.23154	2.97757e-19
330.24206	2.97356e-19
330.25258	2.96943e-19
330.26310	2.96515e-19
330.27362	2.96070e-19
330.28414	2.95608e-19
330.29467	2.95128e-19
330.30519	2.94630e-19
330.31571	2.94117e-19
330.32624	2.93592e-19
330.33676	2.93058e-19
330.34729	2.92519e-19
330.35781	2.91981e-19
330.36834	2.91450e-19
330.37887	2.90930e-19
330.38940	2.90428e-19
330.39993	2.89950e-19
330.41046	2.89500e-19
330.42099	2.89083e-19
330.43152	2.88704e-19
330.44205	2.88365e-19
330.45258	2.88070e-19
330.46312	2.87819e-19
330.47365	2.87613e-19
330.48419	2.87451e-19
330.49472	2.87332e-19
330.50526	2.87254e-19
330.51580	2.87213e-19
330.52633	2.87205e-19
330.53687	2.87227e-19
330.54741	2.87275e-19
330.55795	2.87343e-19
330.56849	2.87427e-19
330.57903	2.87524e-19
330.58957	2.87629e-19
330.60011	2.87740e-19
330.61066	2.87853e-19
330.62120	2.87966e-19
330.63174	2.88079e-19
330.64229	2.88190e-19
330.65283	2.88301e-19
330.66338	2.88411e-19
330.67393	2.88522e-19
330.68447	2.88635e-19
330.69502	2.88753e-19
330.70557	2.88877e-19
330.71612	2.89010e-19
330.72667	2.89154e-19
330.73722	2.89310e-19
330.74777	2.89480e-19
330.75833	2.89664e-19
330.76888	2.89863e-19
330.77943	2.90077e-19
330.78999	2.90304e-19
330.80054	2.90543e-19
330.81110	2.90792e-19
330.82165	2.91048e-19
330.83221	2.91309e-19
330.84277	2.91572e-19
330.85333	2.91834e-19
330.86388	2.92090e-19
330.87444	2.92340e-19
330.88500	2.92579e-19
330.89557	2.92807e-19
330.90613	2.93021e-19
330.91669	2.93221e-19
330.92725	2.93407e-19
330.93782	2.93579e-19
330.94838	2.93739e-19
330.95894	2.93888e-19
330.96951	2.94030e-19
330.98008	2.94166e-19
330.99064	2.94301e-19
331.00121	2.94437e-19
331.01178	2.94578e-19
331.02235	2.94728e-19
331.03292	2.94887e-19
331.04349	2.95060e-19
331.05406	2.95246e-19
331.06463	2.95448e-19
331.07520	2.95663e-19
331.08578	2.95891e-19
331.09635	2.96129e-19
331.10693	2.96375e-19
331.11750	2.96623e-19
331.12808	2.96869e-19
331.13865	2.97108e-19
331.14923	2.97334e-19
331.15981	2.97540e-19
331.17039	2.97722e-19
331.18097	2.97873e-19
331.19155	2.97988e-19
331.20213	2.98064e-19
331.21271	2.98098e-19
331.22329	2.98087e-19
331.23387	2.98032e-19
331.24445	2.97933e-19
331.25504	2.97794e-19
331.26562	2.97617e-19
331.27621	2.97409e-19
331.28679	2.97176e-19
331.29738	2.96926e-19
331.30797	2.96668e-19
331.31856	2.96411e-19
331.32915	2.96163e-19
331.33973	2.95935e-19
331.35032	2.95736e-19
331.36092	2.95573e-19
331.37151	2.95453e-19
331.38210	2.95382e-19
331.39269	2.95364e-19
331.40328	2.95401e-19
331.41388	2.95494e-19
331.42447	2.95639e-19
331.43507	2.95835e-19
331.44566	2.96075e-19
331.45626	2.96350e-19
331.46686	2.96654e-19
331.47746	2.96974e-19
331.48806	2.97299e-19
331.49866	2.97618e-19
331.50926	2.97919e-19
331.51986	2.98189e-19
331.53046	2.98418e-19
331.54106	2.98594e-19
331.55166	2.98711e-19
331.56227	2.98760e-19
331.57287	2.98736e-19
331.58348	2.98637e-19
331.59408	2.98463e-19
331.60469	2.98215e-19
331.61529	2.97897e-19
331.62590	2.97516e-19
331.63651	2.97081e-19
331.64712	2.96601e-19
331.65773	2.96089e-19
331.66834	2.95557e-19
331.67895	2.95018e-19
331.68956	2.94486e-19
331.70017	2.93975e-19
331.71079	2.93495e-19
331.72140	2.93059e-19
331.73202	2.92677e-19
331.74263	2.92356e-19
331.75325	2.92102e-19
331.76386	2.91918e-19
331.77448	2.91807e-19
331.78510	2.91765e-19
331.79572	2.91791e-19
331.80634	2.91878e-19
331.81696	2.92018e-19
331.82758	2.92203e-19
331.83820	2.92421e-19
331.84882	2.92662e-19
331.85944	2.92913e-19
331.87006	2.93164e-19
331.88069	2.93402e-19
331.89131	2.93617e-19
331.90194	2.93800e-19
331.91256	2.93944e-19
331.92319	2.94043e-19
331.93382	2.94094e-19
331.94445	2.94096e-19
331.95508	2.94048e-19
331.96570	2.93956e-19
331.97633	2.93823e-19
331.98697	2.93658e-19
331.99760	2.93470e-19
332.00823	2.93268e-19
332.01886	2.93064e-19
332.02949	2.92870e-19
332.04013	2.92699e-19
332.05076	2.92561e-19
332.06140	2.92467e-19
332.07204	2.92429e-19
332.08267	2.92455e-19
332.09331	2.92551e-19
332.10395	2.92724e-19
332.11459	2.92976e-19
332.12523	2.93309e-19
332.13587	2.93723e-19
332.14651	2.94214e-19
332.15715	2.94778e-19
332.16779	2.95409e-19
332.17843	2.96100e-19
332.18908	2.96843e-19
332.19972	2.97629e-19
332.21037	2.98449e-19
332.22101	2.99284e-19
332.23166	3.00141e-19
332.24231	3.00999e-19
332.25295	3.01874e-19
332.26360	3.02750e-19
332.27425	3.03593e-19
332.28490	3.04430e-19
332.29555	3.05259e-19
332.30620	3.06198e-19
332.31686	3.06909e-19
332.32751	3.07748e-19
332.33816	3.08719e-19
332.34882	3.09423e-19
332.35947	3.10449e-19
332.37013	3.11317e-19
332.38078	3.12030e-19
332.39144	3.13027e-19
332.40210	3.13930e-19
332.41275	3.15055e-19
332.42341	3.16154e-19
332.43407	3.17087e-19
332.44473	3.18251e-19
332.45539	3.19405e-19
332.46605	3.20677e-19
332.47672	3.21876e-19
332.48738	3.23271e-19
332.49804	3.24822e-19
332.50871	3.26129e-19
332.51937	3.27576e-19
332.53004	3.28723e-19
332.54070	3.30085e-19
332.55137	3.31704e-19
332.56204	3.33160e-19
332.57271	3.34578e-19
332.58337	3.35653e-19
332.59404	3.36958e-19
332.60471	3.38362e-19
332.61539	3.39465e-19
332.62606	3.40532e-19
332.63673	3.41691e-19
332.64740	3.42981e-19
332.65808	3.44150e-19
332.66875	3.44781e-19
332.67943	3.45780e-19
332.69010	3.47308e-19
332.70078	3.48129e-19
332.71146	3.49012e-19
332.72213	3.49941e-19
332.73281	3.50733e-19
332.74349	3.52011e-19
332.75417	3.52428e-19
332.76485	3.53191e-19
332.77553	3.54707e-19
332.78621	3.54950e-19
332.79690	3.56163e-19
332.80758	3.57484e-19
332.81826	3.57808e-19
332.82895	3.59007e-19
332.83963	3.59975e-19
332.85032	3.60784e-19
332.86101	3.61584e-19
332.87170	3.62586e-19
332.88238	3.63080e-19
332.89307	3.63796e-19
332.90376	3.65310e-19
332.91445	3.65731e-19
332.92514	3.66427e-19
332.93583	3.67301e-19
332.94653	3.67775e-19
332.95722	3.68194e-19
332.96791	3.69114e-19
332.97861	3.69320e-19
332.98930	3.69131e-19
333.00000	3.70165e-19
333.01069	3.70117e-19
333.02139	3.70411e-19
333.03209	3.70659e-19
333.04279	3.70360e-19
333.05349	3.71111e-19
333.06419	3.70994e-19
333.07489	3.70593e-19
333.08559	3.70910e-19
333.09629	3.71073e-19
333.10699	3.70913e-19
333.11770	3.70394e-19
333.12840	3.69768e-19
333.13911	3.70161e-19
333.14981	3.69962e-19
333.16052	3.69247e-19
333.17122	3.69216e-19
333.18193	3.67723e-19
333.19264	3.67118e-19
333.20335	3.67818e-19
333.21406	3.66445e-19
333.22477	3.64986e-19
333.23548	3.64629e-19
333.24619	3.63531e-19
333.25690	3.62198e-19
333.26761	3.61214e-19
333.27833	3.60159e-19
333.28904	3.59151e-19
333.29976	3.58373e-19
333.31047	3.56796e-19
333.32119	3.54955e-19
333.33191	3.53951e-19
333.34262	3.52089e-19
333.35334	3.51286e-19
333.36406	3.50578e-19
333.37478	3.48396e-19
333.38550	3.47581e-19
333.39622	3.45996e-19
333.40694	3.45030e-19
333.41767	3.44600e-19
333.42839	3.42630e-19
333.43911	3.41400e-19
333.44984	3.39731e-19
333.46056	3.39370e-19
333.47129	3.38726e-19
333.48202	3.36777e-19
333.49274	3.37101e-19
333.50347	3.35834e-19
333.51420	3.34608e-19
333.52493	3.34531e-19
333.53566	3.33271e-19
333.54639	3.33544e-19
333.55712	3.32496e-19
333.56786	3.31250e-19
333.57859	3.31562e-19
333.58932	3.30033e-19
333.60006	3.29436e-19
333.61079	3.29119e-19
333.62153	3.27902e-19
333.63226	3.28084e-19
333.64300	3.27382e-19
333.65374	3.25634e-19
333.66448	3.24950e-19
333.67522	3.25188e-19
333.68596	3.24334e-19
333.69670	3.23130e-19
333.70744	3.23370e-19
333.71818	3.22293e-19
333.72892	3.20521e-19
333.73966	3.19862e-19
333.75041	3.20048e-19
333.76115	3.20479e-19
333.77190	3.19908e-19
333.78264	3.18662e-19
333.79339	3.17546e-19
333.80414	3.17485e-19
333.81489	3.16545e-19
333.82564	3.15394e-19
333.83639	3.15060e-19
333.84714	3.14409e-19
333.85789	3.13858e-19
333.86864	3.12566e-19
333.87939	3.12119e-19
333.89014	3.11075e-19
333.90090	3.10259e-19
333.91165	3.10625e-19
333.92241	3.08463e-19
333.93316	3.08035e-19
333.94392	3.09246e-19
333.95468	3.06588e-19
333.96543	3.03996e-19
333.97619	3.05100e-19
333.98695	3.04091e-19
333.99771	3.02200e-19
334.00847	3.02176e-19
334.01923	3.00888e-19
334.02999	3.00792e-19
334.04076	2.99506e-19
334.05152	2.98080e-19
334.06228	2.97231e-19
334.07305	2.95679e-19
334.08382	2.96082e-19
334.09458	2.94296e-19
334.10535	2.94065e-19
334.11612	2.94169e-19
334.12688	2.92593e-19
334.13765	2.93027e-19
334.14842	2.91958e-19
334.15919	2.91509e-19
334.16996	2.90093e-19
334.18074	2.88853e-19
334.19151	2.89795e-19
334.20228	2.89506e-19
334.21305	2.88641e-19
334.22383	2.87575e-19
334.23460	2.88120e-19
334.24538	2.87520e-19
334.25616	2.86078e-19
334.26693	2.86254e-19
334.27771	2.86485e-19
334.28849	2.86720e-19
334.29927	2.86182e-19
334.31005	2.86957e-19
334.32083	2.87039e-19
334.33161	2.85864e-19
334.34239	2.87200e-19
334.35318	2.86911e-19
334.36396	2.86766e-19
334.37474	2.89641e-19
334.38553	2.88630e-19
334.39631	2.87483e-19
334.40710	2.90324e-19
334.41789	2.90923e-19
334.42868	2.89990e-19
334.43946	2.90323e-19
334.45025	2.90646e-19
334.46104	2.91111e-19
334.47183	2.92677e-19
334.48262	2.93503e-19
334.49342	2.94043e-19
334.50421	2.95372e-19
334.51500	2.95735e-19
334.52580	2.97130e-19
334.53659	2.98572e-19
334.54739	2.98229e-19
334.55818	2.99416e-19
334.56898	3.00497e-19
334.57978	3.00525e-19
334.59057	3.00935e-19
334.60137	3.01311e-19
334.61217	3.03919e-19
334.62297	3.04465e-19
334.63377	3.03363e-19
334.64458	3.04942e-19
334.65538	3.06896e-19
334.66618	3.09291e-19
334.67698	3.08492e-19
334.68779	3.08396e-19
334.69859	3.11140e-19
334.70940	3.11682e-19
334.72021	3.11898e-19
334.73101	3.12666e-19
334.74182	3.13901e-19
334.75263	3.15238e-19
334.76344	3.17876e-19
334.77425	3.18852e-19
334.78506	3.20114e-19
334.79587	3.22722e-19
334.80668	3.22789e-19
334.81750	3.25863e-19
334.82831	3.28077e-19
334.83912	3.27735e-19
334.84994	3.30531e-19
334.86075	3.33250e-19
334.87157	3.35007e-19
334.88239	3.37847e-19
334.89321	3.39324e-19
334.90402	3.40517e-19
334.91484	3.42830e-19
334.92566	3.44375e-19
334.93648	3.47467e-19
334.94730	3.49536e-19
334.95813	3.49323e-19
334.96895	3.51251e-19
334.97977	3.54723e-19
334.99060	3.55439e-19
335.00142	3.56455e-19
335.01225	3.60012e-19
335.02307	3.59957e-19
335.03390	3.59838e-19
335.04473	3.60773e-19
335.05555	3.60755e-19
335.06638	3.60014e-19
335.07721	3.59109e-19
335.08804	3.60576e-19
335.09887	3.59248e-19
335.10971	3.58743e-19
335.12054	3.58499e-19
335.13137	3.56029e-19
335.14220	3.56620e-19
335.15304	3.53109e-19
335.16387	3.50921e-19
335.17471	3.52576e-19
335.18555	3.49467e-19
335.19638	3.48674e-19
335.20722	3.48366e-19
335.21806	3.44877e-19
335.22890	3.43646e-19
335.23974	3.42747e-19
335.25058	3.40901e-19
335.26142	3.39956e-19
335.27226	3.38435e-19
335.28311	3.35497e-19
335.29395	3.34201e-19
335.30479	3.33508e-19
335.31564	3.31857e-19
335.32649	3.30699e-19
335.33733	3.29393e-19
335.34818	3.29132e-19
335.35903	3.29251e-19
335.36988	3.29100e-19
335.38072	3.28168e-19
335.39157	3.26104e-19
335.40242	3.26341e-19
335.41328	3.26098e-19
335.42413	3.24836e-19
335.43498	3.24417e-19
335.44583	3.23926e-19
335.45669	3.24464e-19
335.46754	3.22973e-19
335.47840	3.22656e-19
335.48925	3.22722e-19
335.50011	3.21310e-19
335.51097	3.22128e-19
335.52183	3.19599e-19
335.53269	3.18182e-19
335.54355	3.17983e-19
335.55441	3.17568e-19
335.56527	3.18863e-19
335.57613	3.15072e-19
335.58699	3.14657e-19
335.59786	3.16873e-19
335.60872	3.15376e-19
335.61958	3.15370e-19
335.63045	3.13988e-19
335.64132	3.13264e-19
335.65218	3.14865e-19
335.66305	3.13044e-19
335.67392	3.13742e-19
335.68479	3.14490e-19
335.69566	3.09757e-19
335.70653	3.11030e-19
335.71740	3.12552e-19
335.72827	3.10755e-19
335.73914	3.11574e-19
335.75001	3.12651e-19
335.76089	3.13301e-19
335.77176	3.12321e-19
335.78264	3.13989e-19
335.79351	3.13518e-19
335.80439	3.12323e-19
335.81527	3.14299e-19
335.82615	3.14195e-19
335.83702	3.13886e-19
335.84790	3.13350e-19
335.85878	3.15905e-19
335.86966	3.15660e-19
335.88055	3.14294e-19
335.89143	3.17239e-19
335.90231	3.18195e-19
335.91320	3.20141e-19
335.92408	3.18578e-19
335.93496	3.17355e-19
335.94585	3.21271e-19
335.95674	3.21195e-19
335.96762	3.20558e-19
335.97851	3.21487e-19
335.98940	3.22722e-19
336.00029	3.23671e-19
336.01118	3.22424e-19
336.02207	3.24480e-19
336.03296	3.26586e-19
336.04385	3.26299e-19
336.05475	3.27718e-19
336.06564	3.27746e-19
336.07653	3.28166e-19
336.08743	3.28535e-19
336.09833	3.31092e-19
336.10922	3.33153e-19
336.12012	3.29586e-19
336.13102	3.31193e-19
336.14192	3.34056e-19
336.15281	3.34078e-19
336.16371	3.34460e-19
336.17461	3.34546e-19
336.18552	3.35914e-19
336.19642	3.37064e-19
336.20732	3.38726e-19
336.21822	3.37791e-19
336.22913	3.37800e-19
336.24003	3.39103e-19
336.25094	3.38886e-19
336.26185	3.41065e-19
336.27275	3.40372e-19
336.28366	3.40050e-19
336.29457	3.40839e-19
336.30548	3.40373e-19
336.31639	3.41996e-19
336.32730	3.43133e-19
336.33821	3.43226e-19
336.34912	3.42834e-19
336.36003	3.44578e-19
336.37095	3.43596e-19
336.38186	3.41880e-19
336.39278	3.43371e-19
336.40369	3.42459e-19
336.41461	3.44555e-19
336.42552	3.43745e-19
336.43644	3.42198e-19
336.44736	3.43996e-19
336.45828	3.39528e-19
336.46920	3.40035e-19
336.48012	3.42705e-19
336.49104	3.40884e-19
336.50196	3.43090e-19
336.51288	3.42448e-19
336.52381	3.40072e-19
336.53473	3.41320e-19
336.54566	3.40364e-19
336.55658	3.40920e-19
336.56751	3.42233e-19
336.57843	3.41662e-19
336.58936	3.42798e-19
336.60029	3.41551e-19
336.61122	3.41477e-19
336.62215	3.42381e-19
336.63308	3.42710e-19
336.64401	3.44964e-19
336.65494	3.44004e-19
336.66587	3.43764e-19
336.67681	3.45550e-19
336.68774	3.46418e-19
336.69868	3.46066e-19
336.70961	3.45154e-19
336.72055	3.44362e-19
336.73148	3.44955e-19
336.74242	3.46170e-19
336.75336	3.46396e-19
336.76430	3.47375e-19
336.77524	3.44343e-19
336.78618	3.46651e-19
336.79712	3.49516e-19
336.80806	3.44516e-19
336.81900	3.45996e-19
336.82995	3.47073e-19
336.84089	3.45905e-19
336.85184	3.44953e-19
336.86278	3.45194e-19
336.87373	3.45654e-19
336.88467	3.40766e-19
336.89562	3.41798e-19
336.90657	3.43500e-19
336.91752	3.40230e-19
336.92847	3.40254e-19
336.93942	3.40438e-19
336.95037	3.38139e-19
336.96132	3.37602e-19
336.97227	3.37795e-19
336.98323	3.36932e-19
336.99418	3.38224e-19
337.00513	3.36686e-19
337.01609	3.34309e-19
337.02705	3.36195e-19
337.03800	3.35225e-19
337.04896	3.31790e-19
337.05992	3.31077e-19
337.07088	3.32126e-19
337.08184	3.31041e-19
337.09280	3.28954e-19
337.10376	3.30039e-19
337.11472	3.29409e-19
337.12568	3.26787e-19
337.13664	3.28000e-19
337.14761	3.29080e-19
337.15857	3.27768e-19
337.16954	3.27649e-19
337.18050	3.27069e-19
337.19147	3.24828e-19
337.20244	3.24520e-19
337.21341	3.25050e-19
337.22437	3.25043e-19
337.23534	3.23473e-19
337.24631	3.22141e-19
337.25729	3.24337e-19
337.26826	3.23237e-19
337.27923	3.20309e-19
337.29020	3.19477e-19
337.30118	3.18879e-19
337.31215	3.17959e-19
337.32313	3.16591e-19
337.33410	3.15267e-19
337.34508	3.13251e-19
337.35606	3.13830e-19
337.36703	3.13316e-19
337.37801	3.12189e-19
337.38899	3.12991e-19
337.39997	3.12283e-19
337.41095	3.13397e-19
337.42193	3.10993e-19
337.43292	3.06947e-19
337.44390	3.08537e-19
337.45488	3.09969e-19
337.46587	3.09223e-19
337.47685	3.07285e-19
337.48784	3.07546e-19
337.49883	3.08857e-19
337.50981	3.07043e-19
337.52080	3.07684e-19
337.53179	3.07333e-19
337.54278	3.05243e-19
337.55377	3.05805e-19
337.56476	3.03647e-19
337.57575	3.03086e-19
337.58675	3.04164e-19
337.59774	3.03837e-19
337.60873	3.04118e-19
337.61973	3.02704e-19
337.63072	3.02550e-19
337.64172	3.04547e-19
337.65271	3.02569e-19
337.66371	2.99834e-19
337.67471	3.01633e-19
337.68571	3.01840e-19
337.69671	3.02274e-19
337.70771	3.00637e-19
337.71871	3.00299e-19
337.72971	3.02989e-19
337.74071	2.97691e-19
337.75172	2.99025e-19
337.76272	3.00652e-19
337.77373	2.96684e-19
337.78473	2.99735e-19
337.79574	2.99355e-19
337.80674	2.99714e-19
337.81775	3.01597e-19
337.82876	2.97230e-19
337.83977	2.96584e-19
337.85078	3.00002e-19
337.86179	3.00466e-19
337.87280	3.00943e-19
337.88381	2.99651e-19
337.89482	2.98761e-19
337.90584	2.99414e-19
337.91685	3.00366e-19
337.92786	3.05229e-19
337.93888	3.05060e-19
337.94990	3.05093e-19
337.96091	3.04886e-19
337.97193	3.03787e-19
337.98295	3.05057e-19
337.99397	3.02660e-19
338.00499	3.08676e-19
338.01601	3.10182e-19
338.02703	3.10292e-19
338.03805	3.14440e-19
338.04907	3.10829e-19
338.06010	3.13874e-19
338.07112	3.14969e-19
338.08214	3.15303e-19
338.09317	3.17215e-19
338.10420	3.18999e-19
338.11522	3.22193e-19
338.12625	3.19256e-19
338.13728	3.22120e-19
338.14831	3.24602e-19
338.15934	3.24946e-19
338.17037	3.25466e-19
338.18140	3.26560e-19
338.19243	3.31457e-19
338.20346	3.32515e-19
338.21450	3.33925e-19
338.22553	3.34260e-19
338.23656	3.38809e-19
338.24760	3.42569e-19
338.25864	3.41782e-19
338.26967	3.46212e-19
338.28071	3.49642e-19
338.29175	3.52678e-19
338.30279	3.52720e-19
338.31383	3.51695e-19
338.32487	3.54525e-19
338.33591	3.57631e-19
338.34695	3.59111e-19
338.35799	3.59945e-19
338.36904	3.63391e-19
338.38008	3.66577e-19
338.39113	3.67298e-19
338.40217	3.69048e-19
338.41322	3.74560e-19
338.42427	3.75729e-19
338.43531	3.76524e-19
338.44636	3.82205e-19
338.45741	3.82236e-19
338.46846	3.81730e-19
338.47951	3.84267e-19
338.49056	3.85710e-19
338.50161	3.85977e-19
338.51267	3.84796e-19
338.52372	3.87849e-19
338.53477	3.89949e-19
338.54583	3.89095e-19
338.55689	3.95433e-19
338.56794	3.94692e-19
338.57900	3.88858e-19
338.59006	3.93388e-19
338.60112	3.93660e-19
338.61217	3.92861e-19
338.62323	3.96342e-19
338.63430	3.94518e-19
338.64536	3.95623e-19
338.65642	3.97354e-19
338.66748	3.94979e-19
338.67855	3.98231e-19
338.68961	3.97823e-19
338.70067	3.95742e-19
338.71174	4.00549e-19
338.72281	4.01255e-19
338.73387	4.01658e-19
338.74494	4.01776e-19
338.75601	3.99425e-19
338.76708	4.00007e-19
338.77815	4.01113e-19
338.78922	4.00699e-19
338.80029	4.01443e-19
338.81136	4.03520e-19
338.82244	4.02285e-19
338.83351	4.02115e-19
338.84459	4.02984e-19
338.85566	4.02177e-19
338.86674	4.02386e-19
338.87781	4.02423e-19
338.88889	4.00164e-19
338.89997	3.98063e-19
338.91105	3.98150e-19
338.92213	3.98985e-19
338.93321	3.99496e-19
338.94429	3.99403e-19
338.95537	4.01596e-19
338.96645	4.00443e-19
338.97754	3.99688e-19
338.98862	4.00616e-19
338.99970	3.98423e-19
339.01079	3.99385e-19
339.02188	3.98970e-19
339.03296	3.99815e-19
339.04405	4.01169e-19
339.05514	4.00258e-19
339.06623	3.99521e-19
339.07732	3.97601e-19
339.08841	3.97651e-19
339.09950	3.97760e-19
339.11059	3.98882e-19
339.12168	3.96519e-19
339.13278	3.91737e-19
339.14387	3.95727e-19
339.15496	3.98078e-19
339.16606	3.94105e-19
339.17716	3.94042e-19
339.18825	3.91591e-19
339.19935	3.90875e-19
339.21045	3.93538e-19
339.22155	3.90563e-19
339.23265	3.90027e-19
339.24375	3.87389e-19
339.25485	3.86064e-19
339.26595	3.89226e-19
339.27705	3.87457e-19
339.28816	3.86288e-19
339.29926	3.85358e-19
339.31037	3.82985e-19
339.32147	3.81863e-19
339.33258	3.81697e-19
339.34369	3.79918e-19
339.35479	3.79688e-19
339.36590	3.81344e-19
339.37701	3.79022e-19
339.38812	3.78208e-19
339.39923	3.77221e-19
339.41034	3.73893e-19
339.42146	3.74559e-19
339.43257	3.72652e-19
339.44368	3.71581e-19
339.45480	3.72277e-19
339.46591	3.66796e-19
339.47703	3.65606e-19
339.48814	3.66191e-19
339.49926	3.66592e-19
339.51038	3.66340e-19
339.52150	3.63570e-19
339.53262	3.63258e-19
339.54374	3.62752e-19
339.55486	3.63598e-19
339.56598	3.59760e-19
339.57710	3.57477e-19
339.58823	3.60243e-19
339.59935	3.61688e-19
339.61047	3.60907e-19
339.62160	3.59750e-19
339.63273	3.60871e-19
339.64385	3.58545e-19
339.65498	3.60440e-19
339.66611	3.58139e-19
339.67724	3.57815e-19
339.68837	3.62590e-19
339.69950	3.58297e-19
339.71063	3.60210e-19
339.72176	3.58817e-19
339.73289	3.55986e-19
339.74403	3.57592e-19
339.75516	3.55855e-19
339.76629	3.56422e-19
339.77743	3.58773e-19
339.78857	3.60600e-19
339.79970	3.55857e-19
339.81084	3.55433e-19
339.82198	3.57323e-19
339.83312	3.56028e-19
339.84426	3.58471e-19
339.85540	3.56974e-19
339.86654	3.56583e-19
339.87768	3.58004e-19
339.88883	3.58238e-19
339.89997	3.56165e-19
339.91111	3.54737e-19
339.92226	3.57745e-19
339.93340	3.57258e-19
339.94455	3.58830e-19
339.95570	3.57975e-19
339.96685	3.54792e-19
339.97799	3.55275e-19
339.98914	3.57070e-19
340.00029	3.61556e-19
340.01144	3.59968e-19
340.02260	3.58853e-19
340.03375	3.57751e-19
340.04490	3.58770e-19
340.05606	3.61917e-19
340.06721	3.57673e-19
340.07836	3.59394e-19
340.08952	3.60926e-19
340.10068	3.60647e-19
340.11183	3.60200e-19
340.12299	3.59909e-19
340.13415	3.63467e-19
340.14531	3.62728e-19
340.15647	3.62627e-19
340.16763	3.62792e-19
340.17879	3.60349e-19
340.18996	3.57353e-19
340.20112	3.58668e-19
340.21228	3.58722e-19
340.22345	3.58173e-19
340.23461	3.61272e-19
340.24578	3.61219e-19
340.25695	3.61396e-19
340.26812	3.60287e-19
340.27928	3.61708e-19
340.29045	3.60186e-19
340.30162	3.58130e-19
340.31279	3.62190e-19
340.32397	3.64005e-19
340.33514	3.64207e-19
340.34631	3.61806e-19
340.35748	3.65020e-19
340.36866	3.67195e-19
340.37983	3.67148e-19
340.39101	3.68749e-19
340.40219	3.64119e-19
340.41336	3.64631e-19
340.42454	3.67897e-19
340.43572	3.68566e-19
340.44690	3.68003e-19
340.45808	3.68241e-19
340.46926	3.67743e-19
340.48044	3.64610e-19
340.49162	3.68111e-19
340.50281	3.68431e-19
340.51399	3.66972e-19
340.52517	3.68917e-19
340.53636	3.67566e-19
340.54755	3.69242e-19
340.55873	3.69403e-19
340.56992	3.70086e-19
340.58111	3.71869e-19
340.59230	3.69865e-19
340.60349	3.71913e-19
340.61468	3.74989e-19
340.62587	3.72583e-19
340.63706	3.70554e-19
340.64825	3.73220e-19
340.65945	3.73033e-19
340.67064	3.72512e-19
340.68184	3.72817e-19
340.69303	3.73875e-19
340.70423	3.73733e-19
340.71542	3.73851e-19
340.72662	3.76054e-19
340.73782	3.71615e-19
340.74902	3.75567e-19
340.76022	3.76750e-19
340.77142	3.77218e-19
340.78262	3.83208e-19
340.79382	3.78812e-19
340.80503	3.81793e-19
340.81623	3.81607e-19
340.82744	3.82360e-19
340.83864	3.88202e-19
340.84985	3.86206e-19
340.86105	3.86203e-19
340.87226	3.88805e-19
340.88347	3.90226e-19
340.89468	3.88874e-19
340.90589	3.91122e-19
340.91710	3.91218e-19
340.92831	3.93384e-19
340.93952	3.95034e-19
340.95073	3.94022e-19
340.96195	3.96610e-19
340.97316	3.95850e-19
340.98438	4.01465e-19
340.99559	4.03099e-19
341.00681	3.99199e-19
341.01802	4.02372e-19
341.02924	4.05761e-19
341.04046	4.05012e-19
341.05168	4.05000e-19
341.06290	4.06604e-19
341.07412	4.07326e-19
341.08534	4.08170e-19
341.09656	4.07160e-19
341.10779	4.11053e-19
341.11901	4.11391e-19
341.13023	4.11388e-19
341.14146	4.16077e-19
341.15269	4.14572e-19
341.16391	4.14762e-19
341.17514	4.14355e-19
341.18637	4.14821e-19
341.19760	4.16021e-19
341.20883	4.14145e-19
341.22006	4.13445e-19
341.23129	4.12430e-19
341.24252	4.12295e-19
341.25375	4.12438e-19
341.26498	4.13135e-19
341.27622	4.14896e-19
341.28745	4.15711e-19
341.29869	4.13283e-19
341.30992	4.13868e-19
341.32116	4.16934e-19
341.33240	4.13005e-19
341.34364	4.11791e-19
341.35488	4.14065e-19
341.36612	4.14405e-19
341.37736	4.13763e-19
341.38860	4.10477e-19
341.39984	4.12972e-19
341.41108	4.13981e-19
341.42233	4.12403e-19
341.43357	4.13278e-19
341.44482	4.10645e-19
341.45606	4.11615e-19
341.46731	4.12343e-19
341.47856	4.11163e-19
341.48980	4.08636e-19
341.50105	4.07478e-19
341.51230	4.09796e-19
341.52355	4.09637e-19
341.53480	4.09921e-19
341.54605	4.08775e-19
341.55731	4.08577e-19
341.56856	4.08606e-19
341.57981	4.08906e-19
341.59107	4.08557e-19
341.60232	4.07874e-19
341.61358	4.05859e-19
341.62484	4.04177e-19
341.63610	4.07472e-19
341.64735	4.04275e-19
341.65861	4.05117e-19
341.66987	4.05761e-19
341.68113	4.03193e-19
341.69239	4.05146e-19
341.70366	4.04477e-19
341.71492	4.05716e-19
341.72618	4.03278e-19
341.73745	4.03467e-19
341.74871	4.04566e-19
341.75998	4.02799e-19
341.77125	4.03309e-19
341.78251	4.02333e-19
341.79378	4.03139e-19
341.80505	4.03443e-19
341.81632	4.01942e-19
341.82759	3.99167e-19
341.83886	3.98700e-19
341.85013	3.96680e-19
341.86140	3.95498e-19
341.87268	3.95978e-19
341.88395	3.94507e-19
341.89523	3.95556e-19
341.90650	3.91401e-19
341.91778	3.90665e-19
341.92906	3.91758e-19
341.94033	3.87781e-19
341.95161	3.88527e-19
341.96289	3.87592e-19
341.97417	3.83563e-19
341.98545	3.83145e-19
341.99673	3.84402e-19
342.00801	3.82102e-19
342.01930	3.80279e-19
342.03058	3.80627e-19
342.04187	3.77195e-19
342.05315	3.76088e-19
342.06444	3.77307e-19
342.07572	3.74778e-19
342.08701	3.74529e-19
342.09830	3.74202e-19
342.10959	3.72326e-19
342.12088	3.71379e-19
342.13217	3.69141e-19
342.14346	3.67990e-19
342.15475	3.65940e-19
342.16604	3.67008e-19
342.17734	3.68194e-19
342.18863	3.64052e-19
342.19993	3.61231e-19
342.21122	3.61046e-19
342.22252	3.60049e-19
342.23381	3.57581e-19
342.24511	3.60294e-19
342.25641	3.58257e-19
342.26771	3.55235e-19
342.27901	3.57423e-19
342.29031	3.53908e-19
342.30161	3.54938e-19
342.31292	3.54186e-19
342.32422	3.53817e-19
342.33552	3.55492e-19
342.34683	3.50906e-19
342.35813	3.52391e-19
342.36944	3.51945e-19
342.38074	3.50529e-19
342.39205	3.49818e-19
342.40336	3.46269e-19
342.41467	3.47669e-19
342.42598	3.48605e-19
342.43729	3.47957e-19
342.44860	3.47711e-19
342.45991	3.46931e-19
342.47123	3.44843e-19
342.48254	3.45479e-19
342.49385	3.47089e-19
342.50517	3.45796e-19
342.51648	3.45001e-19
342.52780	3.44833e-19
342.53912	3.44646e-19
342.55044	3.42285e-19
342.56175	3.43978e-19
342.57307	3.45378e-19
342.58439	3.43438e-19
342.59572	3.43542e-19
342.60704	3.41747e-19
342.61836	3.41956e-19
342.62968	3.40402e-19
342.64101	3.37471e-19
342.65233	3.37299e-19
342.66366	3.38405e-19
342.67498	3.39590e-19
342.68631	3.38685e-19
342.69764	3.38837e-19
342.70897	3.37088e-19
342.72030	3.36810e-19
342.73163	3.35386e-19
342.74296	3.32510e-19
342.75429	3.33312e-19
342.76562	3.32121e-19
342.77695	3.32898e-19
342.78829	3.31940e-19
342.79962	3.29652e-19
342.81096	3.29036e-19
342.82229	3.29040e-19
342.83363	3.30000e-19
342.84497	3.26543e-19
342.85630	3.26197e-19
342.86764	3.28144e-19
342.87898	3.26902e-19
342.89032	3.26276e-19
342.90167	3.27805e-19
342.91301	3.27231e-19
342.92435	3.26058e-19
342.93569	3.26415e-19
342.94704	3.24463e-19
342.95838	3.27185e-19
342.96973	3.26025e-19
342.98107	3.23127e-19
342.99242	3.24977e-19
343.00377	3.24264e-19
343.01512	3.25975e-19
343.02647	3.25088e-19
343.03782	3.24441e-19
343.04917	3.24447e-19
343.06052	3.24458e-19
343.07187	3.25961e-19
343.08323	3.24760e-19
343.09458	3.24589e-19
343.10594	3.25114e-19
343.11729	3.26257e-19
343.12865	3.22846e-19
343.14000	3.24270e-19
343.15136	3.27228e-19
343.16272	3.24536e-19
343.17408	3.27228e-19
343.18544	3.27016e-19
343.19680	3.27514e-19
343.20816	3.28330e-19
343.21952	3.29392e-19
343.23089	3.32452e-19
343.24225	3.31310e-19
343.25362	3.35087e-19
343.26498	3.35372e-19
343.27635	3.33807e-19
343.28771	3.38854e-19
343.29908	3.40143e-19
343.31045	3.40075e-19
343.32182	3.40872e-19
343.33319	3.41995e-19
343.34456	3.44935e-19
343.35593	3.47158e-19
343.36730	3.48656e-19
343.37867	3.49351e-19
343.39005	3.51127e-19
343.40142	3.53206e-19
343.41280	3.53027e-19
343.42417	3.53631e-19
343.43555	3.56099e-19
343.44693	3.58265e-19
343.45831	3.58776e-19
343.46968	3.60000e-19
343.48106	3.62931e-19
343.49244	3.64753e-19
343.50383	3.63106e-19
343.51521	3.62776e-19
343.52659	3.65881e-19
343.53797	3.64304e-19
343.54936	3.65306e-19
343.56074	3.70286e-19
343.57213	3.67550e-19
343.58351	3.67536e-19
343.59490	3.70687e-19
343.60629	3.69134e-19
343.61768	3.71092e-19
343.62907	3.71599e-19
343.64046	3.69934e-19
343.65185	3.71344e-19
343.66324	3.70707e-19
343.67463	3.71935e-19
343.68603	3.73656e-19
343.69742	3.71947e-19
343.70881	3.72555e-19
343.72021	3.73980e-19
343.73161	3.74058e-19
343.74300	3.75189e-19
343.75440	3.76108e-19
343.76580	3.75853e-19
343.77720	3.75387e-19
343.78860	3.78461e-19
343.80000	3.77831e-19
343.81140	3.74510e-19
343.82280	3.78054e-19
343.83421	3.77219e-19
343.84561	3.78140e-19
343.85701	3.77320e-19
343.86842	3.73200e-19
343.87982	3.75942e-19
343.89123	3.74302e-19
343.90264	3.77191e-19
343.91405	3.77988e-19
343.92546	3.76066e-19
343.93687	3.77241e-19
343.94828	3.75249e-19
343.95969	3.76280e-19
343.97110	3.74473e-19
343.98251	3.75990e-19
343.99393	3.75988e-19
344.00534	3.75264e-19
344.01676	3.77951e-19
344.02817	3.76059e-19
344.03959	3.77114e-19
344.05101	3.76724e-19
344.06242	3.76414e-19
344.07384	3.76623e-19
344.08526	3.76893e-19
344.09668	3.76800e-19
344.10810	3.72717e-19
344.11953	3.72432e-19
344.13095	3.74183e-19
344.14237	3.73010e-19
344.15380	3.69767e-19
344.16522	3.70144e-19
344.17665	3.71330e-19
344.18807	3.70739e-19
344.19950	3.70151e-19
344.21093	3.68732e-19
344.22236	3.70588e-19
344.23379	3.71091e-19
344.24522	3.69767e-19
344.25665	3.68662e-19
344.26808	3.68848e-19
344.27951	3.71031e-19
344.29095	3.68723e-19
344.30238	3.68008e-19
344.31381	3.69874e-19
344.32525	3.69990e-19
344.33669	3.70863e-19
344.34812	3.69409e-19
344.35956	3.68188e-19
344.37100	3.68739e-19
344.38244	3.67862e-19
344.39388	3.67774e-19
344.40532	3.68763e-19
344.41676	3.67262e-19
344.42820	3.67661e-19
344.43965	3.70326e-19
344.45109	3.68995e-19
344.46254	3.67623e-19
344.47398	3.68791e-19
344.48543	3.70968e-19
344.49687	3.70101e-19
344.50832	3.69975e-19
344.51977	3.71425e-19
344.53122	3.70638e-19
344.54267	3.71943e-19
344.55412	3.72108e-19
344.56557	3.73527e-19
344.57702	3.73931e-19
344.58848	3.73780e-19
344.59993	3.75541e-19
344.61139	3.75383e-19
344.62284	3.77608e-19
344.63430	3.78373e-19
344.64575	3.79503e-19
344.65721	3.79447e-19
344.66867	3.78261e-19
344.68013	3.81747e-19
344.69159	3.82789e-19
344.70305	3.82216e-19
344.71451	3.83309e-19
344.72597	3.81932e-19
344.73744	3.82351e-19
344.74890	3.85180e-19
344.76037	3.83384e-19
344.77183	3.84837e-19
344.78330	3.84351e-19
344.79476	3.82162e-19
344.80623	3.86484e-19
344.81770	3.86159e-19
344.82917	3.85450e-19
344.84064	3.86188e-19
344.85211	3.86754e-19
344.86358	3.87571e-19
344.87505	3.87666e-19
344.88653	3.87845e-19
344.89800	3.86954e-19
344.90947	3.89223e-19
344.92095	3.89297e-19
344.93242	3.86709e-19
344.94390	3.87526e-19
344.95538	3.88928e-19
344.96686	3.88340e-19
344.97834	3.89881e-19
344.98982	3.89365e-19
345.00130	3.87762e-19
345.01278	3.90735e-19
345.02426	3.88256e-19
345.03574	3.87317e-19
345.04723	3.89058e-19
345.05871	3.88711e-19
345.07020	3.88931e-19
345.08168	3.87793e-19
345.09317	3.91325e-19
345.10466	3.91996e-19
345.11614	3.89968e-19
345.12763	3.90985e-19
345.13912	3.91862e-19
345.15061	3.92644e-19
345.16210	3.91588e-19
345.17360	3.91671e-19
345.18509	3.91539e-19
345.19658	3.93041e-19
345.20808	3.94457e-19
345.21957	3.93742e-19
345.23107	3.94856e-19
345.24256	3.94523e-19
345.25406	3.95031e-19
345.26556	3.95108e-19
345.27706	3.93140e-19
345.28856	3.91310e-19
345.30006	3.93215e-19
345.31156	3.95073e-19
345.32306	3.92993e-19
345.33456	3.93634e-19
345.34607	3.91416e-19
345.35757	3.91071e-19
345.36908	3.92433e-19
345.38058	3.91066e-19
345.39209	3.91072e-19
345.40360	3.89397e-19
345.41510	3.91411e-19
345.42661	3.90407e-19
345.43812	3.88794e-19
345.44963	3.89339e-19
345.46114	3.87724e-19
345.47266	3.88410e-19
345.48417	3.86107e-19
345.49568	3.86194e-19
345.50720	3.87001e-19
345.51871	3.85019e-19
345.53023	3.83125e-19
345.54174	3.85514e-19
345.55326	3.87071e-19
345.56478	3.82962e-19
345.57630	3.84661e-19
345.58782	3.83723e-19
345.59934	3.84011e-19
345.61086	3.85289e-19
345.62238	3.84229e-19
345.63390	3.85494e-19
345.64543	3.82173e-19
345.65695	3.85225e-19
345.66848	3.86071e-19
345.68000	3.84595e-19
345.69153	3.89658e-19
345.70306	3.88332e-19
345.71458	3.86277e-19
345.72611	3.89689e-19
345.73764	3.91938e-19
345.74917	3.89979e-19
345.76070	3.90964e-19
345.77224	3.93809e-19
345.78377	3.92194e-19
345.79530	3.91958e-19
345.80684	3.94110e-19
345.81837	3.93801e-19
345.82991	3.96147e-19
345.84144	3.98019e-19
345.85298	3.97940e-19
345.86452	4.01266e-19
345.87606	4.01496e-19
345.88760	4.04790e-19
345.89914	4.05619e-19
345.91068	4.03913e-19
345.92222	4.06635e-19
345.93376	4.06337e-19
345.94531	4.10270e-19
345.95685	4.10347e-19
345.96840	4.11402e-19
345.97994	4.16257e-19
345.99149	4.14601e-19
346.00304	4.17992e-19
346.01458	4.19271e-19
346.02613	4.18737e-19
346.03768	4.20787e-19
346.04923	4.20359e-19
346.06078	4.22398e-19
346.07234	4.23116e-19
346.08389	4.23764e-19
346.09544	4.25283e-19
346.10700	4.24989e-19
346.11855	4.25517e-19
346.13011	4.27328e-19
346.14166	4.28572e-19
346.15322	4.26749e-19
346.16478	4.28823e-19
346.17634	4.29866e-19
346.18790	4.28296e-19
346.19946	4.31286e-19
346.21102	4.31352e-19
346.22258	4.30557e-19
346.23414	4.29188e-19
346.24571	4.30680e-19
346.25727	4.33624e-19
346.26884	4.32532e-19
346.28040	4.31844e-19
346.29197	4.30811e-19
346.30354	4.31372e-19
346.31510	4.29792e-19
346.32667	4.31256e-19
346.33824	4.31917e-19
346.34981	4.29004e-19
346.36138	4.31441e-19
346.37296	4.31322e-19
346.38453	4.30310e-19
346.39610	4.29800e-19
346.40768	4.31351e-19
346.41925	4.33749e-19
346.43083	4.32959e-19
346.44240	4.32856e-19
346.45398	4.32606e-19
346.46556	4.31861e-19
346.47714	4.31228e-19
346.48872	4.32064e-19
346.50030	4.33364e-19
346.51188	4.34570e-19
346.52346	4.34575e-19
346.53505	4.35582e-19
346.54663	4.37690e-19
346.55821	4.35583e-19
346.56980	4.35717e-19
346.58138	4.39646e-19
346.59297	4.39483e-19
346.60456	4.40184e-19
346.61615	4.39964e-19
346.62774	4.38853e-19
346.63933	4.42048e-19
346.65092	4.39465e-19
346.66251	4.40030e-19
346.67410	4.41571e-19
346.68569	4.40261e-19
346.69729	4.43072e-19
346.70888	4.42733e-19
346.72048	4.43146e-19
346.73207	4.43266e-19
346.74367	4.43817e-19
346.75527	4.41485e-19
346.76686	4.41988e-19
346.77846	4.43586e-19
346.79006	4.39750e-19
346.80166	4.40116e-19
346.81327	4.37669e-19
346.82487	4.38988e-19
346.83647	4.38142e-19
346.84807	4.35375e-19
346.85968	4.36694e-19
346.87128	4.34261e-19
346.88289	4.32640e-19
346.89450	4.30609e-19
346.90611	4.32138e-19
346.91771	4.30685e-19
346.92932	4.30155e-19
346.94093	4.31483e-19
346.95254	4.28454e-19
346.96415	4.28169e-19
346.97577	4.25576e-19
346.98738	4.25263e-19
346.99899	4.26949e-19
347.01061	4.25062e-19
347.02222	4.23050e-19
347.03384	4.23047e-19
347.04546	4.20700e-19
347.05708	4.17930e-19
347.06869	4.19319e-19
347.08031	4.17525e-19
347.09193	4.16492e-19
347.10355	4.17194e-19
347.11518	4.16818e-19
347.12680	4.15374e-19
347.13842	4.11485e-19
347.15005	4.12186e-19
347.16167	4.12383e-19
347.17330	4.09651e-19
347.18492	4.10574e-19
347.19655	4.09783e-19
347.20818	4.09497e-19
347.21981	4.10151e-19
347.23143	4.08546e-19
347.24307	4.09503e-19
347.25470	4.10231e-19
347.26633	4.10189e-19
347.27796	4.08889e-19
347.28959	4.07513e-19
347.30123	4.08653e-19
347.31286	4.07003e-19
347.32450	4.07328e-19
347.33613	4.08363e-19
347.34777	4.05172e-19
347.35941	4.05862e-19
347.37105	4.05999e-19
347.38269	4.04617e-19
347.39433	4.04848e-19
347.40597	4.03799e-19
347.41761	4.05121e-19
347.42925	4.02692e-19
347.44090	4.01487e-19
347.45254	4.04396e-19
347.46419	4.04781e-19
347.47583	4.05320e-19
347.48748	4.03528e-19
347.49913	4.02658e-19
347.51077	4.02113e-19
347.52242	4.02986e-19
347.53407	4.01753e-19
347.54572	4.00253e-19
347.55738	4.03270e-19
347.56903	4.00176e-19
347.58068	4.00281e-19
347.59233	4.01295e-19
347.60399	4.00807e-19
347.61564	4.03077e-19
347.62730	4.01747e-19
347.63896	4.02151e-19
347.65061	4.02177e-19
347.66227	4.02378e-19
347.67393	4.02623e-19
347.68559	4.01741e-19
347.69725	4.02717e-19
347.70891	4.05288e-19
347.72058	4.07319e-19
347.73224	4.04798e-19
347.74390	4.05042e-19
347.75557	4.06744e-19
347.76723	4.07170e-19
347.77890	4.08299e-19
347.79056	4.08107e-19
347.80223	4.10293e-19
347.81390	4.10562e-19
347.82557	4.09342e-19
347.83724	4.10717e-19
347.84891	4.12236e-19
347.86058	4.14252e-19
347.87226	4.16245e-19
347.88393	4.16738e-19
347.89560	4.16696e-19
347.90728	4.19204e-19
347.91895	4.21243e-19
347.93063	4.21707e-19
347.94231	4.23280e-19
347.95398	4.24716e-19
347.96566	4.26329e-19
347.97734	4.31021e-19
347.98902	4.33514e-19
348.00070	4.32962e-19
348.01239	4.39744e-19
348.02407	4.44451e-19
348.03575	4.47352e-19
348.04744	4.54020e-19
348.05912	4.57168e-19
348.07081	4.62403e-19
348.08249	4.65991e-19
348.09418	4.70752e-19
348.10587	4.77755e-19
348.11756	4.78906e-19
348.12925	4.83623e-19
348.14094	4.89417e-19
348.15263	4.90175e-19
348.16432	4.94138e-19
348.17601	4.99877e-19
348.18771	5.03403e-19
348.19940	5.07546e-19
348.21110	5.11044e-19
348.22279	5.14257e-19
348.23449	5.16313e-19
348.24619	5.19393e-19
348.25788	5.23329e-19
348.26958	5.24971e-19
348.28128	5.25909e-19
348.29298	5.26000e-19
348.30469	5.29937e-19
348.31639	5.32372e-19
348.32809	5.32387e-19
348.33979	5.35770e-19
348.35150	5.38585e-19
348.36320	5.39978e-19
348.37491	5.41359e-19
348.38662	5.41984e-19
348.39832	5.42028e-19
348.41003	5.45361e-19
348.42174	5.44313e-19
348.43345	5.42870e-19
348.44516	5.44575e-19
348.45688	5.43787e-19
348.46859	5.46499e-19
348.48030	5.44382e-19
348.49201	5.42550e-19
348.50373	5.42616e-19
348.51545	5.37513e-19
348.52716	5.35458e-19
348.53888	5.32680e-19
348.55060	5.30971e-19
348.56232	5.30505e-19
348.57404	5.28298e-19
348.58576	5.26872e-19
348.59748	5.25771e-19
348.60920	5.24668e-19
348.62092	5.21351e-19
348.63264	5.19819e-19
348.64437	5.18536e-19
348.65609	5.16490e-19
348.66782	5.14653e-19
348.67955	5.10915e-19
348.69127	5.09181e-19
348.70300	5.06902e-19
348.71473	5.04820e-19
348.72646	5.03136e-19
348.73819	5.01067e-19
348.74992	5.00171e-19
348.76165	4.98022e-19
348.77339	4.97647e-19
348.78512	4.96242e-19
348.79686	4.92958e-19
348.80859	4.91499e-19
348.82033	4.90486e-19
348.83206	4.87775e-19
348.84380	4.86698e-19
348.85554	4.87070e-19
348.86728	4.83466e-19
348.87902	4.82206e-19
348.89076	4.81968e-19
348.90250	4.81178e-19
348.91424	4.80580e-19
348.92599	4.77016e-19
348.93773	4.75655e-19
348.94948	4.73665e-19
348.96122	4.70477e-19
348.97297	4.68910e-19
348.98472	4.67602e-19
348.99646	4.64894e-19
349.00821	4.61994e-19
349.01996	4.61469e-19
349.03171	4.59492e-19
349.04346	4.58521e-19
349.05522	4.58538e-19
349.06697	4.56085e-19
349.07872	4.52764e-19
349.09048	4.49441e-19
349.10223	4.47788e-19
349.11399	4.45504e-19
349.12574	4.42302e-19
349.13750	4.38753e-19
349.14926	4.33871e-19
349.16102	4.31005e-19
349.17278	4.29063e-19
349.18454	4.24476e-19
349.19630	4.20727e-19
349.20806	4.19170e-19
349.21983	4.16841e-19
349.23159	4.15033e-19
349.24335	4.12044e-19
349.25512	4.09147e-19
349.26689	4.07729e-19
349.27865	4.05247e-19
349.29042	4.03581e-19
349.30219	4.01698e-19
349.31396	4.00103e-19
349.32573	3.98787e-19
349.33750	3.97196e-19
349.34927	3.94223e-19
349.36104	3.92802e-19
349.37282	3.92250e-19
349.38459	3.88985e-19
349.39637	3.89742e-19
349.40814	3.87980e-19
349.41992	3.86711e-19
349.43169	3.87955e-19
349.44347	3.86132e-19
349.45525	3.86099e-19
349.46703	3.83949e-19
349.47881	3.83169e-19
349.49059	3.82252e-19
349.50237	3.81983e-19
349.51416	3.83088e-19
349.52594	3.82830e-19
349.53773	3.83089e-19
349.54951	3.81043e-19
349.56130	3.82709e-19
349.57308	3.81673e-19
349.58487	3.79179e-19
349.59666	3.80456e-19
349.60845	3.79928e-19
349.62024	3.80435e-19
349.63203	3.78401e-19
349.64382	3.78033e-19
349.65561	3.80051e-19
349.66741	3.79054e-19
349.67920	3.78477e-19
349.69100	3.77111e-19
349.70279	3.77469e-19
349.71459	3.78289e-19
349.72638	3.76862e-19
349.73818	3.77903e-19
349.74998	3.77828e-19
349.76178	3.77440e-19
349.77358	3.77419e-19
349.78538	3.77112e-19
349.79718	3.78601e-19
349.80899	3.76656e-19
349.82079	3.77264e-19
349.83259	3.79881e-19
349.84440	3.78119e-19
349.85621	3.77353e-19
349.86801	3.78448e-19
349.87982	3.79566e-19
349.89163	3.79990e-19
349.90344	3.79251e-19
349.91525	3.79644e-19
349.92706	3.80525e-19
349.93887	3.78252e-19
349.95068	3.79559e-19
349.96249	3.82053e-19
349.97431	3.79689e-19
349.98612	3.80304e-19
349.99794	3.82084e-19
350.00976	3.81023e-19
350.02157	3.82085e-19
350.03339	3.84800e-19
350.04521	3.85319e-19
350.05703	3.85376e-19
350.06885	3.84799e-19
350.08067	3.84793e-19
350.09249	3.84473e-19
350.10431	3.85368e-19
350.11614	3.85950e-19
350.12796	3.83638e-19
350.13979	3.86086e-19
350.15161	3.85841e-19
350.16344	3.85228e-19
350.17527	3.88200e-19
350.18710	3.88014e-19
350.19892	3.88108e-19
350.21075	3.88554e-19
350.22258	3.89366e-19
350.23442	3.90114e-19
350.24625	3.91525e-19
350.25808	3.91541e-19
350.26992	3.91597e-19
350.28175	3.94325e-19
350.29359	3.95640e-19
350.30542	3.96532e-19
350.31726	3.98168e-19
350.32910	3.99145e-19
350.34094	4.00130e-19
350.35277	4.02308e-19
350.36461	4.03920e-19
350.37646	4.04082e-19
350.38830	4.03813e-19
350.40014	4.06321e-19
350.41198	4.06742e-19
350.42383	4.06688e-19
350.43567	4.09984e-19
350.44752	4.11875e-19
350.45937	4.14367e-19
350.47121	4.13610e-19
350.48306	4.14949e-19
350.49491	4.18216e-19
350.50676	4.19125e-19
350.51861	4.21038e-19
350.53046	4.21204e-19
350.54231	4.22348e-19
350.55417	4.21794e-19
350.56602	4.23030e-19
350.57788	4.25747e-19
350.58973	4.25571e-19
350.60159	4.26169e-19
350.61344	4.24608e-19
350.62530	4.24809e-19
350.63716	4.28019e-19
350.64902	4.28556e-19
350.66088	4.27478e-19
350.67274	4.27072e-19
350.68460	4.28680e-19
350.69647	4.29715e-19
350.70833	4.29642e-19
350.72019	4.32522e-19
350.73206	4.33606e-19
350.74393	4.33289e-19
350.75579	4.34047e-19
350.76766	4.35000e-19
350.77953	4.36769e-19
350.79140	4.36869e-19
350.80327	4.38039e-19
350.81514	4.37823e-19
350.82701	4.37487e-19
350.83888	4.39434e-19
350.85075	4.40195e-19
350.86263	4.39519e-19
350.87450	4.39764e-19
350.88638	4.40882e-19
350.89826	4.39426e-19
350.91013	4.41589e-19
350.92201	4.42107e-19
350.93389	4.40599e-19
350.94577	4.41771e-19
350.95765	4.40739e-19
350.96953	4.43294e-19
350.98141	4.43971e-19
350.99329	4.42823e-19
351.00518	4.45240e-19
351.01706	4.45667e-19
351.02895	4.47235e-19
351.04083	4.48690e-19
351.05272	4.48164e-19
351.06461	4.49517e-19
351.07650	4.49544e-19
351.08839	4.50186e-19
351.10028	4.53366e-19
351.11217	4.54314e-19
351.12406	4.54355e-19
351.13595	4.56026e-19
351.14784	4.56406e-19
351.15974	4.55069e-19
351.17163	4.57855e-19
351.18353	4.57385e-19
351.19543	4.55574e-19
351.20732	4.58229e-19
351.21922	4.56240e-19
351.23112	4.55957e-19
351.24302	4.55640e-19
351.25492	4.55149e-19
351.26682	4.57026e-19
351.27872	4.54944e-19
351.29063	4.54895e-19
351.30253	4.56679e-19
351.31443	4.56510e-19
351.32634	4.54751e-19
351.33825	4.54104e-19
351.35015	4.54232e-19
351.36206	4.53741e-19
351.37397	4.53797e-19
351.38588	4.53612e-19
351.39779	4.51882e-19
351.40970	4.50311e-19
351.42161	4.50845e-19
351.43352	4.49282e-19
351.44544	4.48718e-19
351.45735	4.48269e-19
351.46927	4.44908e-19
351.48118	4.42653e-19
351.49310	4.42403e-19
351.50502	4.41809e-19
351.51693	4.38984e-19
351.52885	4.37518e-19
351.54077	4.35728e-19
351.55269	4.33751e-19
351.56462	4.31995e-19
351.57654	4.30286e-19
351.58846	4.28796e-19
351.60038	4.26384e-19
351.61231	4.25943e-19
351.62424	4.23426e-19
351.63616	4.21063e-19
351.64809	4.20456e-19
351.66002	4.18282e-19
351.67195	4.17374e-19
351.68387	4.16446e-19
351.69581	4.13575e-19
351.70774	4.11237e-19
351.71967	4.10966e-19
351.73160	4.11372e-19
351.74353	4.10666e-19
351.75547	4.09031e-19
351.76740	4.09173e-19
351.77934	4.08325e-19
351.79128	4.07398e-19
351.80322	4.07454e-19
351.81515	4.06709e-19
351.82709	4.07242e-19
351.83903	4.06785e-19
351.85097	4.06012e-19
351.86292	4.06692e-19
351.87486	4.08632e-19
351.88680	4.08548e-19
351.89875	4.08713e-19
351.91069	4.09942e-19
351.92264	4.10344e-19
351.93458	4.11703e-19
351.94653	4.12166e-19
351.95848	4.15050e-19
351.97043	4.15885e-19
351.98238	4.17060e-19
351.99433	4.18674e-19
352.00628	4.18220e-19
352.01823	4.21157e-19
352.03019	4.22040e-19
352.04214	4.24965e-19
352.05409	4.26661e-19
352.06605	4.26642e-19
352.07801	4.28635e-19
352.08996	4.29841e-19
352.10192	4.32719e-19
352.11388	4.34544e-19
352.12584	4.37801e-19
352.13780	4.39311e-19
352.14976	4.40433e-19
352.16172	4.43277e-19
352.17369	4.43751e-19
352.18565	4.44532e-19
352.19761	4.45777e-19
352.20958	4.48304e-19
352.22154	4.48862e-19
352.23351	4.48489e-19
352.24548	4.48686e-19
352.25745	4.49058e-19
352.26942	4.50332e-19
352.28139	4.49654e-19
352.29336	4.48813e-19
352.30533	4.47808e-19
352.31730	4.47947e-19
352.32928	4.48805e-19
352.34125	4.48655e-19
352.35323	4.48412e-19
352.36520	4.47591e-19
352.37718	4.47183e-19
352.38916	4.46588e-19
352.40113	4.46676e-19
352.41311	4.45664e-19
352.42509	4.44318e-19
352.43707	4.43723e-19
352.44905	4.42374e-19
352.46104	4.42778e-19
352.47302	4.41317e-19
352.48500	4.39804e-19
352.49699	4.39313e-19
352.50897	4.38778e-19
352.52096	4.38166e-19
352.53295	4.34818e-19
352.54494	4.33679e-19
352.55693	4.31122e-19
352.56892	4.29529e-19
352.58091	4.30044e-19
352.59290	4.27069e-19
352.60489	4.25397e-19
352.61688	4.22837e-19
352.62888	4.21465e-19
352.64087	4.20307e-19
352.65287	4.17769e-19
352.66486	4.16865e-19
352.67686	4.13418e-19
352.68886	4.10692e-19
352.70086	4.09045e-19
352.71286	4.06999e-19
352.72486	4.05359e-19
352.73686	4.01995e-19
352.74886	4.00129e-19
352.76086	3.98578e-19
352.77286	3.95658e-19
352.78487	3.94457e-19
352.79687	3.92852e-19
352.80888	3.90920e-19
352.82089	3.88888e-19
352.83289	3.86578e-19
352.84490	3.84219e-19
352.85691	3.81318e-19
352.86892	3.81033e-19
352.88093	3.80789e-19
352.89295	3.79256e-19
352.90496	3.77535e-19
352.91697	3.75454e-19
352.92899	3.75351e-19
352.94100	3.75842e-19
352.95302	3.75410e-19
352.96503	3.74791e-19
352.97705	3.73366e-19
352.98907	3.73205e-19
353.00109	3.73711e-19
353.01311	3.71678e-19
353.02513	3.72555e-19
353.03715	3.72464e-19
353.04917	3.71471e-19
353.06120	3.75134e-19
353.07322	3.74842e-19
353.08524	3.72688e-19
353.09727	3.71710e-19
353.10930	3.72313e-19
353.12132	3.74190e-19
353.13335	3.74939e-19
353.14538	3.76619e-19
353.15741	3.76392e-19
353.16944	3.76334e-19
353.18147	3.76929e-19
353.19350	3.76776e-19
353.20554	3.77620e-19
353.21757	3.77697e-19
353.22961	3.78384e-19
353.24164	3.79487e-19
353.25368	3.79756e-19
353.26572	3.80579e-19
353.27775	3.82039e-19
353.28979	3.84855e-19
353.30183	3.86102e-19
353.31387	3.85824e-19
353.32591	3.87015e-19
353.33796	3.88152e-19
353.35000	3.90957e-19
353.36204	3.92999e-19
353.37409	3.92795e-19
353.38613	3.93851e-19
353.39818	3.96426e-19
353.41022	3.98154e-19
353.42227	3.99047e-19
353.43432	4.01396e-19
353.44637	4.02734e-19
353.45842	4.03264e-19
353.47047	4.03918e-19
353.48252	4.06325e-19
353.49458	4.07892e-19
353.50663	4.08151e-19
353.51868	4.11077e-19
353.53074	4.12735e-19
353.54280	4.14122e-19
353.55485	4.15283e-19
353.56691	4.17264e-19
353.57897	4.19417e-19
353.59103	4.20146e-19
353.60309	4.22855e-19
353.61515	4.25174e-19
353.62721	4.27105e-19
353.63927	4.29210e-19
353.65134	4.31463e-19
353.66340	4.33062e-19
353.67547	4.33116e-19
353.68753	4.34611e-19
353.69960	4.38119e-19
353.71167	4.40565e-19
353.72374	4.43417e-19
353.73580	4.46055e-19
353.74787	4.47407e-19
353.75995	4.51545e-19
353.77202	4.53024e-19
353.78409	4.54551e-19
353.79616	4.59166e-19
353.80824	4.60815e-19
353.82031	4.63554e-19
353.83239	4.67410e-19
353.84446	4.68582e-19
353.85654	4.69617e-19
353.86862	4.72765e-19
353.88070	4.74686e-19
353.89278	4.75081e-19
353.90486	4.76080e-19
353.91694	4.77512e-19
353.92902	4.79749e-19
353.94111	4.81656e-19
353.95319	4.82838e-19
353.96528	4.83837e-19
353.97736	4.86320e-19
353.98945	4.89143e-19
354.00153	4.91200e-19
354.01362	4.93416e-19
354.02571	4.95006e-19
354.03780	4.98809e-19
354.04989	5.02328e-19
354.06198	5.03418e-19
354.07408	5.06881e-19
354.08617	5.08763e-19
354.09826	5.10558e-19
354.11036	5.15187e-19
354.12245	5.17925e-19
354.13455	5.20500e-19
354.14665	5.22511e-19
354.15875	5.25215e-19
354.17084	5.28546e-19
354.18294	5.30688e-19
354.19504	5.33407e-19
354.20715	5.35867e-19
354.21925	5.37905e-19
354.23135	5.39570e-19
354.24345	5.42692e-19
354.25556	5.45130e-19
354.26767	5.46792e-19
354.27977	5.48179e-19
354.29188	5.49374e-19
354.30399	5.52172e-19
354.31610	5.52293e-19
354.32820	5.53708e-19
354.34032	5.56763e-19
354.35243	5.57031e-19
354.36454	5.57360e-19
354.37665	5.58054e-19
354.38877	5.57172e-19
354.40088	5.56327e-19
354.41300	5.57814e-19
354.42511	5.57766e-19
354.43723	5.58341e-19
354.44935	5.60442e-19
354.46147	5.60400e-19
354.47359	5.60417e-19
354.48571	5.59045e-19
354.49783	5.57099e-19
354.50995	5.57722e-19
354.52207	5.58146e-19
354.53420	5.57743e-19
354.54632	5.58520e-19
354.55845	5.57220e-19
354.57057	5.54741e-19
354.58270	5.54257e-19
354.59483	5.53953e-19
354.60696	5.53858e-19
354.61908	5.53176e-19
354.63122	5.52862e-19
354.64335	5.51823e-19
354.65548	5.50413e-19
354.66761	5.50386e-19
354.67975	5.49162e-19
354.69188	5.48916e-19
354.70401	5.48055e-19
354.71615	5.46187e-19
354.72829	5.46258e-19
354.74043	5.46365e-19
354.75256	5.45605e-19
354.76470	5.44207e-19
354.77684	5.42839e-19
354.78899	5.42146e-19
354.80113	5.41441e-19
354.81327	5.40333e-19
354.82541	5.40068e-19
354.83756	5.38902e-19
354.84970	5.37108e-19
354.86185	5.35289e-19
354.87400	5.34947e-19
354.88614	5.35306e-19
354.89829	5.30995e-19
354.91044	5.28542e-19
354.92259	5.28975e-19
354.93474	5.27294e-19
354.94690	5.23977e-19
354.95905	5.21758e-19
354.97120	5.21370e-19
354.98336	5.19048e-19
354.99551	5.17024e-19
355.00767	5.14649e-19
355.01983	5.12037e-19
355.03198	5.10497e-19
355.04414	5.08756e-19
355.05630	5.06444e-19
355.06846	5.04480e-19
355.08062	5.04256e-19
355.09278	5.00752e-19
355.10495	4.97290e-19
355.11711	4.97284e-19
355.12928	4.94481e-19
355.14144	4.91120e-19
355.15361	4.90386e-19
355.16577	4.89680e-19
355.17794	4.89225e-19
355.19011	4.86098e-19
355.20228	4.83850e-19
355.21445	4.84369e-19
355.22662	4.80629e-19
355.23879	4.78622e-19
355.25097	4.77438e-19
355.26314	4.75474e-19
355.27531	4.75235e-19
355.28749	4.73162e-19
355.29967	4.71033e-19
355.31184	4.69840e-19
355.32402	4.68661e-19
355.33620	4.66138e-19
355.34838	4.65839e-19
355.36056	4.64069e-19
355.37274	4.61769e-19
355.38492	4.62882e-19
355.39710	4.60974e-19
355.40929	4.60100e-19
355.42147	4.58667e-19
355.43366	4.56670e-19
355.44584	4.57248e-19
355.45803	4.56636e-19
355.47022	4.55600e-19
355.48241	4.54962e-19
355.49460	4.55151e-19
355.50679	4.53136e-19
355.51898	4.51604e-19
355.53117	4.52455e-19
355.54336	4.50973e-19
355.55556	4.49967e-19
355.56775	4.48854e-19
355.57995	4.47775e-19
355.59214	4.47794e-19
355.60434	4.45287e-19
355.61654	4.44309e-19
355.62874	4.44366e-19
355.64094	4.42597e-19
355.65314	4.41539e-19
355.66534	4.41008e-19
355.67754	4.40134e-19
355.68974	4.40785e-19
355.70195	4.40708e-19
355.71415	4.36661e-19
355.72636	4.37068e-19
355.73856	4.37661e-19
355.75077	4.35123e-19
355.76298	4.35839e-19
355.77519	4.35169e-19
355.78740	4.34531e-19
355.79961	4.34493e-19
355.81182	4.33619e-19
355.82403	4.32328e-19
355.83624	4.32749e-19
355.84846	4.32735e-19
355.86067	4.31202e-19
355.87289	4.32760e-19
355.88510	4.33319e-19
355.89732	4.33421e-19
355.90954	4.32405e-19
355.92176	4.32447e-19
355.93398	4.33102e-19
355.94620	4.31627e-19
355.95842	4.33042e-19
355.97064	4.33452e-19
355.98286	4.34643e-19
355.99509	4.36590e-19
356.00731	4.36543e-19
356.01954	4.37156e-19
356.03176	4.38102e-19
356.04399	4.39801e-19
356.05622	4.40336e-19
356.06845	4.40213e-19
356.08068	4.41367e-19
356.09291	4.43051e-19
356.10514	4.44240e-19
356.11737	4.45074e-19
356.12961	4.45911e-19
356.14184	4.46688e-19
356.15407	4.47709e-19
356.16631	4.48768e-19
356.17855	4.49227e-19
356.19078	4.50403e-19
356.20302	4.53253e-19
356.21526	4.53281e-19
356.22750	4.52906e-19
356.23974	4.54892e-19
356.25198	4.55232e-19
356.26423	4.57096e-19
356.27647	4.58710e-19
356.28871	4.58833e-19
356.30096	4.60599e-19
356.31320	4.61156e-19
356.32545	4.62711e-19
356.33770	4.62865e-19
356.34994	4.63138e-19
356.36219	4.65666e-19
356.37444	4.64981e-19
356.38669	4.66523e-19
356.39895	4.67683e-19
356.41120	4.68139e-19
356.42345	4.69825e-19
356.43571	4.69938e-19
356.44796	4.72010e-19
356.46022	4.72431e-19
356.47247	4.74289e-19
356.48473	4.76300e-19
356.49699	4.76103e-19
356.50925	4.78455e-19
356.52151	4.79694e-19
356.53377	4.81363e-19
356.54603	4.83482e-19
356.55829	4.84760e-19
356.57056	4.85971e-19
356.58282	4.87479e-19
356.59509	4.90529e-19
356.60735	4.91908e-19
356.61962	4.92192e-19
356.63189	4.95122e-19
356.64416	4.97832e-19
356.65642	4.98623e-19
356.66869	5.00587e-19
356.68097	5.02602e-19
356.69324	5.05060e-19
356.70551	5.06723e-19
356.71778	5.07922e-19
356.73006	5.11129e-19
356.74233	5.13102e-19
356.75461	5.15023e-19
356.76689	5.16970e-19
356.77916	5.18249e-19
356.79144	5.19304e-19
356.80372	5.20245e-19
356.81600	5.21537e-19
356.82828	5.24457e-19
356.84057	5.27614e-19
356.85285	5.27964e-19
356.86513	5.30096e-19
356.87742	5.32061e-19
356.88970	5.33213e-19
356.90199	5.35565e-19
356.91428	5.37589e-19
356.92656	5.40268e-19
356.93885	5.41989e-19
356.95114	5.43722e-19
356.96343	5.46377e-19
356.97572	5.49024e-19
356.98802	5.50327e-19
357.00031	5.54022e-19
357.01260	5.56682e-19
357.02490	5.56555e-19
357.03719	5.59788e-19
357.04949	5.61041e-19
357.06179	5.62825e-19
357.07408	5.64759e-19
357.08638	5.65247e-19
357.09868	5.67100e-19
357.11098	5.69121e-19
357.12328	5.70765e-19
357.13559	5.70849e-19
357.14789	5.73426e-19
357.16019	5.73583e-19
357.17250	5.74223e-19
357.18480	5.77108e-19
357.19711	5.76025e-19
357.20942	5.77097e-19
357.22173	5.77776e-19
357.23404	5.77700e-19
357.24635	5.77931e-19
357.25866	5.77175e-19
357.27097	5.76746e-19
357.28328	5.74831e-19
357.29559	5.74967e-19
357.30791	5.74636e-19
357.32022	5.71934e-19
357.33254	5.71539e-19
357.34486	5.70077e-19
357.35717	5.68066e-19
357.36949	5.67298e-19
357.38181	5.65596e-19
357.39413	5.64912e-19
357.40645	5.63578e-19
357.41877	5.63072e-19
357.43110	5.63188e-19
357.44342	5.61496e-19
357.45574	5.60284e-19
357.46807	5.59640e-19
357.48040	5.61253e-19
357.49272	5.59849e-19
357.50505	5.58261e-19
357.51738	5.59370e-19
357.52971	5.56359e-19
357.54204	5.56239e-19
357.55437	5.55334e-19
357.56670	5.52454e-19
357.57903	5.53255e-19
357.59137	5.51759e-19
357.60370	5.50325e-19
357.61604	5.48232e-19
357.62837	5.46414e-19
357.64071	5.44978e-19
357.65305	5.42227e-19
357.66539	5.41514e-19
357.67773	5.37962e-19
357.69007	5.35502e-19
357.70241	5.34100e-19
357.71475	5.31377e-19
357.72710	5.30489e-19
357.73944	5.28099e-19
357.75178	5.27226e-19
357.76413	5.26380e-19
357.77648	5.24497e-19
357.78882	5.24015e-19
357.80117	5.23444e-19
357.81352	5.22658e-19
357.82587	5.20739e-19
357.83822	5.20329e-19
357.85057	5.21152e-19
357.86293	5.19691e-19
357.87528	5.18393e-19
357.88763	5.19165e-19
357.89999	5.20059e-19
357.91234	5.19909e-19
357.92470	5.17809e-19
357.93706	5.17136e-19
357.94942	5.18195e-19
357.96178	5.17273e-19
357.97414	5.16170e-19
357.98650	5.15737e-19
357.99886	5.14438e-19
358.01122	5.12199e-19
358.02358	5.12313e-19
358.03595	5.11733e-19
358.04831	5.09424e-19
358.06068	5.08162e-19
358.07305	5.06962e-19
358.08542	5.06750e-19
358.09778	5.04715e-19
358.11015	5.02713e-19
358.12252	5.02176e-19
358.13490	5.01992e-19
358.14727	5.00937e-19
358.15964	4.99101e-19
358.17201	4.98929e-19
358.18439	4.97890e-19
358.19676	4.98256e-19
358.20914	4.98108e-19
358.22152	4.95361e-19
358.23390	4.94666e-19
358.24627	4.95718e-19
358.25865	4.94042e-19
358.27104	4.92231e-19
358.28342	4.93307e-19
358.29580	4.91952e-19
358.30818	4.91395e-19
358.32057	4.92079e-19
358.33295	4.90935e-19
358.34534	4.89288e-19
358.35772	4.87654e-19
358.37011	4.87625e-19
358.38250	4.87893e-19
358.39489	4.86281e-19
358.40728	4.83712e-19
358.41967	4.84138e-19
358.43206	4.84077e-19
358.44445	4.82059e-19
358.45685	4.80729e-19
358.46924	4.80309e-19
358.48164	4.80422e-19
358.49403	4.79084e-19
358.50643	4.78491e-19
358.51883	4.76960e-19
358.53123	4.76088e-19
358.54363	4.75995e-19
358.55603	4.74848e-19
358.56843	4.74181e-19
358.58083	4.72877e-19
358.59323	4.72855e-19
358.60564	4.71829e-19
358.61804	4.71003e-19
358.63045	4.70236e-19
358.64285	4.69737e-19
358.65526	4.69098e-19
358.66767	4.67324e-19
358.68008	4.68127e-19
358.69249	4.65785e-19
358.70490	4.65804e-19
358.71731	4.66541e-19
358.72972	4.64051e-19
358.74213	4.64563e-19
358.75455	4.63507e-19
358.76696	4.63196e-19
358.77938	4.61686e-19
358.79180	4.59422e-19
358.80421	4.58891e-19
358.81663	4.58636e-19
358.82905	4.59276e-19
358.84147	4.57241e-19
358.85389	4.56528e-19
358.86631	4.56185e-19
358.87874	4.55203e-19
358.89116	4.54662e-19
358.90358	4.53170e-19
358.91601	4.52163e-19
358.92844	4.49781e-19
358.94086	4.48444e-19
358.95329	4.47417e-19
358.96572	4.45365e-19
358.97815	4.44521e-19
358.99058	4.43623e-19
359.00301	4.42542e-19
359.01544	4.41597e-19
359.02788	4.41388e-19
359.04031	4.41189e-19
359.05274	4.40956e-19
359.06518	4.40141e-19
359.07762	4.39360e-19
359.09005	4.41230e-19
359.10249	4.41236e-19
359.11493	4.41039e-19
359.12737	4.42687e-19
359.13981	4.42620e-19
359.15225	4.43812e-19
359.16470	4.43935e-19
359.17714	4.43615e-19
359.18958	4.45360e-19
359.20203	4.45802e-19
359.21447	4.44702e-19
359.22692	4.44827e-19
359.23937	4.46595e-19
359.25182	4.45550e-19
359.26427	4.45672e-19
359.27672	4.47505e-19
359.28917	4.47399e-19
359.30162	4.47734e-19
359.31407	4.48214e-19
359.32653	4.48696e-19
359.33898	4.49134e-19
359.35144	4.50796e-19
359.36389	4.51995e-19
359.37635	4.52199e-19
359.38881	4.52145e-19
359.40127	4.52265e-19
359.41373	4.53682e-19
359.42619	4.53638e-19
359.43865	4.53521e-19
359.45111	4.53783e-19
359.46357	4.53945e-19
359.47604	4.53589e-19
359.48850	4.52463e-19
359.50097	4.53362e-19
359.51344	4.54075e-19
359.52590	4.53048e-19
359.53837	4.52929e-19
359.55084	4.53348e-19
359.56331	4.53276e-19
359.57578	4.52636e-19
359.58825	4.52049e-19
359.60073	4.52911e-19
359.61320	4.53697e-19
359.62567	4.54364e-19
359.63815	4.54421e-19
359.65063	4.54764e-19
359.66310	4.56071e-19
359.67558	4.56391e-19
359.68806	4.56739e-19
359.70054	4.56842e-19
359.71302	4.56948e-19
359.72550	4.56612e-19
359.73798	4.57994e-19
359.75047	4.58453e-19
359.76295	4.57333e-19
359.77544	4.58124e-19
359.78792	4.56365e-19
359.80041	4.56499e-19
359.81290	4.56858e-19
359.82538	4.55759e-19
359.83787	4.56950e-19
359.85036	4.55363e-19
359.86285	4.54143e-19
359.87535	4.54254e-19
359.88784	4.53619e-19
359.90033	4.54062e-19
359.91283	4.53297e-19
359.92532	4.52297e-19
359.93782	4.52409e-19
359.95031	4.51848e-19
359.96281	4.51762e-19
359.97531	4.51683e-19
359.98781	4.51794e-19
360.00031	4.51561e-19
360.01281	4.50581e-19
360.02531	4.50915e-19
360.03782	4.50782e-19
360.05032	4.51424e-19
360.06283	4.51927e-19
360.07533	4.52167e-19
360.08784	4.53090e-19
360.10035	4.53486e-19
360.11285	4.55468e-19
360.12536	4.56356e-19
360.13787	4.56869e-19
360.15038	4.58918e-19
360.16290	4.60376e-19
360.17541	4.61891e-19
360.18792	4.64329e-19
360.20044	4.65042e-19
360.21295	4.64768e-19
360.22547	4.67440e-19
360.23798	4.69602e-19
360.25050	4.70637e-19
360.26302	4.71636e-19
360.27554	4.73346e-19
360.28806	4.75512e-19
360.30058	4.75415e-19
360.31310	4.76612e-19
360.32563	4.78142e-19
360.33815	4.78334e-19
360.35068	4.79387e-19
360.36320	4.81314e-19
360.37573	4.82702e-19
360.38826	4.83213e-19
360.40078	4.85828e-19
360.41331	4.87653e-19
360.42584	4.87776e-19
360.43837	4.89038e-19
360.45091	4.90149e-19
360.46344	4.91125e-19
360.47597	4.92436e-19
360.48851	4.94250e-19
360.50104	4.94670e-19
360.51358	4.95078e-19
360.52611	4.96778e-19
360.53865	4.97014e-19
360.55119	4.97524e-19
360.56373	4.99523e-19
360.57627	5.00631e-19
360.58881	5.02137e-19
360.60135	5.06058e-19
360.61390	5.07663e-19
360.62644	5.09627e-19
360.63899	5.11825e-19
360.65153	5.12192e-19
360.66408	5.15768e-19
360.67663	5.16966e-19
360.68917	5.20047e-19
360.70172	5.21998e-19
360.71427	5.20909e-19
360.72682	5.25215e-19
360.73938	5.24393e-19
360.75193	5.24671e-19
360.76448	5.27165e-19
360.77704	5.26333e-19
360.78959	5.27717e-19
360.80215	5.27503e-19
360.81471	5.29009e-19
360.82726	5.29754e-19
360.83982	5.29426e-19
360.85238	5.31169e-19
360.86494	5.31398e-19
360.87750	5.32303e-19
360.89007	5.33187e-19
360.90263	5.34790e-19
360.91519	5.36080e-19
360.92776	5.35894e-19
360.94032	5.36677e-19
360.95289	5.36808e-19
360.96546	5.36138e-19
360.97803	5.35737e-19
360.99060	5.36261e-19
361.00317	5.36662e-19
361.01574	5.35624e-19
361.02831	5.36182e-19
361.04088	5.36987e-19
361.05346	5.35716e-19
361.06603	5.36289e-19
361.07861	5.35977e-19
361.09118	5.34528e-19
361.10376	5.34847e-19
361.11634	5.35415e-19
361.12892	5.36436e-19
361.14150	5.35725e-19
361.15408	5.36270e-19
361.16666	5.36287e-19
361.17924	5.34338e-19
361.19182	5.34881e-19
361.20441	5.34232e-19
361.21699	5.34166e-19
361.22958	5.34267e-19
361.24217	5.32749e-19
361.25475	5.31941e-19
361.26734	5.31462e-19
361.27993	5.30792e-19
361.29252	5.29145e-19
361.30511	5.28278e-19
361.31771	5.27388e-19
361.33030	5.25944e-19
361.34289	5.24083e-19
361.35549	5.23204e-19
361.36808	5.23305e-19
361.38068	5.21406e-19
361.39328	5.20325e-19
361.40588	5.19742e-19
361.41847	5.18985e-19
361.43107	5.18632e-19
361.44368	5.17291e-19
361.45628	5.16101e-19
361.46888	5.15143e-19
361.48148	5.14818e-19
361.49409	5.13758e-19
361.50669	5.11114e-19
361.51930	5.09747e-19
361.53191	5.08789e-19
361.54451	5.06702e-19
361.55712	5.05075e-19
361.56973	5.05106e-19
361.58234	5.04154e-19
361.59495	5.02017e-19
361.60757	5.02247e-19
361.62018	5.01363e-19
361.63279	5.00017e-19
361.64541	4.99909e-19
361.65803	4.99376e-19
361.67064	5.00069e-19
361.68326	4.99339e-19
361.69588	4.99427e-19
361.70850	4.99170e-19
361.72112	4.97787e-19
361.73374	4.98872e-19
361.74636	4.98332e-19
361.75898	4.97915e-19
361.77161	4.96962e-19
361.78423	4.96520e-19
361.79686	4.98494e-19
361.80948	4.97988e-19
361.82211	4.98502e-19
361.83474	4.99558e-19
361.84737	4.98219e-19
361.86000	4.97545e-19
361.87263	4.97195e-19
361.88526	4.96319e-19
361.89789	4.95999e-19
361.91053	4.95276e-19
361.92316	4.95059e-19
361.93580	4.96821e-19
361.94843	4.96410e-19
361.96107	4.95985e-19
361.97371	4.97713e-19
361.98635	4.98206e-19
361.99899	4.99573e-19
362.01163	5.00640e-19
362.02427	5.00461e-19
362.03691	5.00918e-19
362.04955	5.01082e-19
362.06220	5.01099e-19
362.07484	5.02471e-19
362.08749	5.04019e-19
362.10013	5.03760e-19
362.11278	5.03794e-19
362.12543	5.03592e-19
362.13808	5.03794e-19
362.15073	5.05083e-19
362.16338	5.05928e-19
362.17603	5.06382e-19
362.18869	5.06869e-19
362.20134	5.09042e-19
362.21399	5.09331e-19
362.22665	5.09734e-19
362.23931	5.11688e-19
362.25196	5.11250e-19
362.26462	5.11672e-19
362.27728	5.12321e-19
362.28994	5.12576e-19
362.30260	5.13354e-19
362.31526	5.13118e-19
362.32793	5.13659e-19
362.34059	5.13902e-19
362.35325	5.12721e-19
362.36592	5.13829e-19
362.37859	5.14656e-19
362.39125	5.13504e-19
362.40392	5.13196e-19
362.41659	5.12899e-19
362.42926	5.13026e-19
362.44193	5.13570e-19
362.45460	5.14139e-19
362.46727	5.15651e-19
362.47995	5.17860e-19
362.49262	5.16701e-19
362.50530	5.16366e-19
362.51797	5.18264e-19
362.53065	5.16554e-19
362.54333	5.16932e-19
362.55600	5.17709e-19
362.56868	5.17767e-19
362.58136	5.17998e-19
362.59405	5.16901e-19
362.60673	5.17463e-19
362.61941	5.17690e-19
362.63209	5.17481e-19
362.64478	5.16042e-19
362.65746	5.14655e-19
362.67015	5.13538e-19
362.68284	5.12181e-19
362.69553	5.12074e-19
362.70822	5.11879e-19
362.72091	5.11014e-19
362.73360	5.09480e-19
362.74629	5.09277e-19
362.75898	5.08631e-19
362.77168	5.08270e-19
362.78437	5.09288e-19
362.79707	5.09114e-19
362.80976	5.09660e-19
362.82246	5.10736e-19
362.83516	5.10934e-19
362.84786	5.11960e-19
362.86056	5.13256e-19
362.87326	5.14048e-19
362.88596	5.14270e-19
362.89866	5.14450e-19
362.91136	5.15623e-19
362.92407	5.14526e-19
362.93677	5.14087e-19
362.94948	5.14426e-19
362.96219	5.13540e-19
362.97489	5.14100e-19
362.98760	5.14639e-19
363.00031	5.15877e-19
363.01302	5.15995e-19
363.02574	5.16541e-19
363.03845	5.16978e-19
363.05116	5.17047e-19
363.06387	5.17650e-19
363.07659	5.14918e-19
363.08931	5.13462e-19
363.10202	5.13684e-19
363.11474	5.13326e-19
363.12746	5.11670e-19
363.14018	5.09821e-19
363.15290	5.09696e-19
363.16562	5.09316e-19
363.17834	5.08544e-19
363.19106	5.08281e-19
363.20379	5.07092e-19
363.21651	5.06036e-19
363.22924	5.06938e-19
363.24197	5.05701e-19
363.25469	5.05488e-19
363.26742	5.05174e-19
363.28015	5.04680e-19
363.29288	5.05819e-19
363.30561	5.05011e-19
363.31834	5.05840e-19
363.33108	5.05168e-19
363.34381	5.04764e-19
363.35655	5.04322e-19
363.36928	5.03550e-19
363.38202	5.04782e-19
363.39475	5.03617e-19
363.40749	5.02887e-19
363.42023	5.02009e-19
363.43297	5.01535e-19
363.44571	5.00301e-19
363.45845	4.99246e-19
363.47120	4.99211e-19
363.48394	4.98108e-19
363.49668	4.98770e-19
363.50943	4.98099e-19
363.52218	4.98019e-19
363.53492	4.98141e-19
363.54767	4.96071e-19
363.56042	4.94805e-19
363.57317	4.93485e-19
363.58592	4.91137e-19
363.59867	4.89149e-19
363.61142	4.87893e-19
363.62418	4.86665e-19
363.63693	4.86180e-19
363.64969	4.84611e-19
363.66244	4.82220e-19
363.67520	4.80884e-19
363.68796	4.81060e-19
363.70072	4.79838e-19
363.71348	4.77427e-19
363.72624	4.77107e-19
363.73900	4.75244e-19
363.75176	4.74022e-19
363.76452	4.73416e-19
363.77729	4.72150e-19
363.79005	4.72378e-19
363.80282	4.71899e-19
363.81559	4.71783e-19
363.82835	4.71479e-19
363.84112	4.71899e-19
363.85389	4.71872e-19
363.86666	4.71065e-19
363.87943	4.71927e-19
363.89221	4.71684e-19
363.90498	4.72973e-19
363.91775	4.73725e-19
363.93053	4.73841e-19
363.94330	4.75615e-19
363.95608	4.75770e-19
363.96886	4.78194e-19
363.98164	4.80357e-19
363.99442	4.81325e-19
364.00720	4.83962e-19
364.01998	4.85988e-19
364.03276	4.87403e-19
364.04554	4.88855e-19
364.05833	4.91633e-19
364.07111	4.93245e-19
364.08390	4.95171e-19
364.09668	4.97307e-19
364.10947	4.97650e-19
364.12226	4.99415e-19
364.13505	5.01465e-19
364.14784	5.03060e-19
364.16063	5.04185e-19
364.17342	5.06421e-19
364.18621	5.08182e-19
364.19901	5.08787e-19
364.21180	5.10837e-19
364.22460	5.12213e-19
364.23739	5.14078e-19
364.25019	5.15411e-19
364.26299	5.15264e-19
364.27579	5.17576e-19
364.28859	5.19578e-19
364.30139	5.19418e-19
364.31419	5.22191e-19
364.32699	5.24809e-19
364.33980	5.26492e-19
364.35260	5.29609e-19
364.36541	5.30796e-19
364.37821	5.32661e-19
364.39102	5.33819e-19
364.40383	5.34459e-19
364.41664	5.35514e-19
364.42945	5.35839e-19
364.44226	5.37833e-19
364.45507	5.38611e-19
364.46788	5.39663e-19
364.48070	5.41087e-19
364.49351	5.42790e-19
364.50633	5.45143e-19
364.51914	5.45779e-19
364.53196	5.47629e-19
364.54478	5.48936e-19
364.55760	5.50743e-19
364.57042	5.54088e-19
364.58324	5.55755e-19
364.59606	5.58973e-19
364.60888	5.62329e-19
364.62171	5.63966e-19
364.63453	5.66499e-19
364.64735	5.67664e-19
364.66018	5.68378e-19
364.67301	5.70479e-19
364.68584	5.71517e-19
364.69866	5.72322e-19
364.71149	5.73039e-19
364.72433	5.74644e-19
364.73716	5.77436e-19
364.74999	5.79143e-19
364.76282	5.80644e-19
364.77566	5.81427e-19
364.78849	5.82931e-19
364.80133	5.84122e-19
364.81417	5.83524e-19
364.82700	5.84366e-19
364.83984	5.84704e-19
364.85268	5.84798e-19
364.86552	5.84912e-19
364.87836	5.84999e-19
364.89121	5.86085e-19
364.90405	5.85849e-19
364.91689	5.86441e-19
364.92974	5.88530e-19
364.94258	5.89129e-19
364.95543	5.88883e-19
364.96828	5.91095e-19
364.98113	5.93559e-19
364.99398	5.95076e-19
365.00683	5.97204e-19
365.01968	5.99238e-19
365.03253	6.01957e-19
365.04539	6.03240e-19
365.05824	6.05057e-19
365.07109	6.07041e-19
365.08395	6.07801e-19
365.09681	6.09284e-19
365.10967	6.10272e-19
365.12252	6.12412e-19
365.13538	6.14365e-19
365.14824	6.15559e-19
365.16111	6.16340e-19
365.17397	6.18103e-19
365.18683	6.21034e-19
365.19970	6.22867e-19
365.21256	6.24789e-19
365.22543	6.26005e-19
365.23829	6.28314e-19
365.25116	6.30863e-19
365.26403	6.31540e-19
365.27690	6.32383e-19
365.28977	6.33817e-19
365.30264	6.34618e-19
365.31551	6.34553e-19
365.32839	6.34965e-19
365.34126	6.34545e-19
365.35414	6.33240e-19
365.36701	6.33030e-19
365.37989	6.32551e-19
365.39277	6.30916e-19
365.40564	6.29466e-19
365.41852	6.27510e-19
365.43140	6.26357e-19
365.44429	6.25267e-19
365.45717	6.23510e-19
365.47005	6.22780e-19
365.48294	6.20969e-19
365.49582	6.19328e-19
365.50871	6.18163e-19
365.52159	6.17455e-19
365.53448	6.17348e-19
365.54737	6.16922e-19
365.56026	6.16651e-19
365.57315	6.16934e-19
365.58604	6.18689e-19
365.59893	6.19406e-19
365.61183	6.17930e-19
365.62472	6.16400e-19
365.63762	6.16363e-19
365.65051	6.14590e-19
365.66341	6.12132e-19
365.67631	6.10739e-19
365.68920	6.07190e-19
365.70210	6.04635e-19
365.71500	6.02829e-19
365.72791	5.99886e-19
365.74081	5.97136e-19
365.75371	5.95362e-19
365.76662	5.92644e-19
365.77952	5.89088e-19
365.79243	5.88329e-19
365.80533	5.87515e-19
365.81824	5.85686e-19
365.83115	5.84059e-19
365.84406	5.81483e-19
365.85697	5.80238e-19
365.86988	5.79991e-19
365.88279	5.77068e-19
365.89571	5.74715e-19
365.90862	5.73653e-19
365.92154	5.71851e-19
365.93445	5.71152e-19
365.94737	5.68952e-19
365.96029	5.66826e-19
365.97320	5.66426e-19
365.98612	5.64239e-19
365.99905	5.61699e-19
366.01197	5.59665e-19
366.02489	5.57058e-19
366.03781	5.55254e-19
366.05074	5.52501e-19
366.06366	5.48520e-19
366.07659	5.46362e-19
366.08951	5.44314e-19
366.10244	5.42202e-19
366.11537	5.39801e-19
366.12830	5.37120e-19
366.14123	5.34845e-19
366.15416	5.31153e-19
366.16709	5.28036e-19
366.18003	5.26179e-19
366.19296	5.24063e-19
366.20590	5.20631e-19
366.21883	5.17530e-19
366.23177	5.15818e-19
366.24471	5.13256e-19
366.25765	5.11221e-19
366.27059	5.09136e-19
366.28353	5.07119e-19
366.29647	5.05358e-19
366.30941	5.02501e-19
366.32235	5.01069e-19
366.33530	4.98734e-19
366.34824	4.96707e-19
366.36119	4.96417e-19
366.37414	4.94408e-19
366.38708	4.93647e-19
366.40003	4.93177e-19
366.41298	4.91568e-19
366.42593	4.90370e-19
366.43889	4.89160e-19
366.45184	4.88470e-19
366.46479	4.88435e-19
366.47775	4.87797e-19
366.49070	4.87219e-19
366.50366	4.87940e-19
366.51661	4.86460e-19
366.52957	4.85440e-19
366.54253	4.86417e-19
366.55549	4.85805e-19
366.56845	4.85641e-19
366.58141	4.86028e-19
366.59438	4.86311e-19
366.60734	4.86114e-19
366.62030	4.85961e-19
366.63327	4.87224e-19
366.64624	4.88036e-19
366.65920	4.87619e-19
366.67217	4.88442e-19
366.68514	4.89871e-19
366.69811	4.89654e-19
366.71108	4.90322e-19
366.72405	4.92238e-19
366.73702	4.92229e-19
366.75000	4.92047e-19
366.76297	4.93656e-19
366.77595	4.94329e-19
366.78892	4.95405e-19
366.80190	4.96838e-19
366.81488	4.97850e-19
366.82786	4.99495e-19
366.84084	5.00406e-19
366.85382	5.02347e-19
366.86680	5.04397e-19
366.87978	5.06411e-19
366.89277	5.08308e-19
366.90575	5.10040e-19
366.91874	5.12598e-19
366.93172	5.13758e-19
366.94471	5.15792e-19
366.95770	5.17769e-19
366.97069	5.19265e-19
366.98368	5.21443e-19
366.99667	5.22090e-19
367.00966	5.24108e-19
367.02266	5.25629e-19
367.03565	5.25804e-19
367.04864	5.28571e-19
367.06164	5.29587e-19
367.07464	5.30318e-19
367.08763	5.32911e-19
367.10063	5.34201e-19
367.11363	5.35837e-19
367.12663	5.37165e-19
367.13963	5.39102e-19
367.15263	5.40419e-19
367.16564	5.41380e-19
367.17864	5.44366e-19
367.19165	5.46462e-19
367.20465	5.48195e-19
367.21766	5.50414e-19
367.23067	5.53030e-19
367.24368	5.54645e-19
367.25668	5.57209e-19
367.26969	5.59559e-19
367.28271	5.60487e-19
367.29572	5.64280e-19
367.30873	5.66203e-19
367.32175	5.68076e-19
367.33476	5.70766e-19
367.34778	5.70659e-19
367.36079	5.71881e-19
367.37381	5.72985e-19
367.38683	5.73452e-19
367.39985	5.73538e-19
367.41287	5.72949e-19
367.42589	5.72910e-19
367.43891	5.72277e-19
367.45194	5.71711e-19
367.46496	5.71584e-19
367.47799	5.71694e-19
367.49101	5.71157e-19
367.50404	5.70493e-19
367.51707	5.69146e-19
367.53010	5.69287e-19
367.54313	5.71082e-19
367.55616	5.69287e-19
367.56919	5.69104e-19
367.58222	5.68899e-19
367.59525	5.67704e-19
367.60829	5.67365e-19
367.62132	5.64374e-19
367.63436	5.64290e-19
367.64740	5.63285e-19
367.66044	5.61767e-19
367.67347	5.61810e-19
367.68651	5.59969e-19
367.69955	5.59642e-19
367.71260	5.58639e-19
367.72564	5.58748e-19
367.73868	5.58922e-19
367.75173	5.58169e-19
367.76477	5.57841e-19
367.77782	5.56508e-19
367.79087	5.57851e-19
367.80391	5.57712e-19
367.81696	5.56532e-19
367.83001	5.57914e-19
367.84307	5.58375e-19
367.85612	5.59456e-19
367.86917	5.59826e-19
367.88222	5.59950e-19
367.89528	5.61545e-19
367.90833	5.61860e-19
367.92139	5.62557e-19
367.93445	5.62840e-19
367.94751	5.62068e-19
367.96057	5.62188e-19
367.97363	5.62590e-19
367.98669	5.61835e-19
367.99975	5.60329e-19
368.01281	5.60779e-19
368.02588	5.60643e-19
368.03894	5.59016e-19
368.05201	5.59096e-19
368.06507	5.58456e-19
368.07814	5.57417e-19
368.09121	5.58104e-19
368.10428	5.57179e-19
368.11735	5.56513e-19
368.13042	5.56344e-19
368.14349	5.55592e-19
368.15657	5.55977e-19
368.16964	5.55055e-19
368.18272	5.55388e-19
368.19579	5.54985e-19
368.20887	5.52844e-19
368.22195	5.51789e-19
368.23503	5.50781e-19
368.24811	5.50016e-19
368.26119	5.47887e-19
368.27427	5.47102e-19
368.28735	5.46583e-19
368.30044	5.45183e-19
368.31352	5.44916e-19
368.32660	5.44595e-19
368.33969	5.43440e-19
368.35278	5.43064e-19
368.36587	5.43819e-19
368.37896	5.43215e-19
368.39205	5.43486e-19
368.40514	5.43680e-19
368.41823	5.44036e-19
368.43132	5.43165e-19
368.44441	5.42052e-19
368.45751	5.43257e-19
368.47061	5.42222e-19
368.48370	5.41762e-19
368.49680	5.41925e-19
368.50990	5.41898e-19
368.52300	5.41624e-19
368.53610	5.41444e-19
368.54920	5.41157e-19
368.56230	5.40297e-19
368.57540	5.40973e-19
368.58851	5.40072e-19
368.60161	5.39748e-19
368.61472	5.38929e-19
368.62782	5.37411e-19
368.64093	5.36332e-19
368.65404	5.33605e-19
368.66715	5.31994e-19
368.68026	5.29730e-19
368.69337	5.27989e-19
368.70649	5.27211e-19
368.71960	5.25573e-19
368.73271	5.24556e-19
368.74583	5.22736e-19
368.75894	5.21613e-19
368.77206	5.22406e-19
368.78518	5.22689e-19
368.79830	5.22835e-19
368.81142	5.23124e-19
368.82454	5.23924e-19
368.83766	5.25273e-19
368.85078	5.25790e-19
368.86391	5.26809e-19
368.87703	5.28027e-19
368.89016	5.28495e-19
368.90328	5.29409e-19
368.91641	5.31116e-19
368.92954	5.32607e-19
368.94267	5.32879e-19
368.95580	5.33514e-19
368.96893	5.35454e-19
368.98206	5.35256e-19
368.99519	5.34586e-19
369.00833	5.35688e-19
369.02146	5.35285e-19
369.03460	5.36091e-19
369.04773	5.37910e-19
369.06087	5.38826e-19
369.07401	5.40089e-19
369.08715	5.41678e-19
369.10029	5.43496e-19
369.11343	5.43860e-19
369.12657	5.43959e-19
369.13972	5.44155e-19
369.15286	5.45212e-19
369.16601	5.47231e-19
369.17915	5.48844e-19
369.19230	5.50217e-19
369.20545	5.51140e-19
369.21860	5.52598e-19
369.23175	5.53639e-19
369.24490	5.53787e-19
369.25805	5.54644e-19
369.27120	5.55426e-19
369.28435	5.54968e-19
369.29751	5.55513e-19
369.31066	5.55052e-19
369.32382	5.54146e-19
369.33698	5.54866e-19
369.35014	5.53828e-19
369.36329	5.52743e-19
369.37645	5.51400e-19
369.38962	5.49957e-19
369.40278	5.49243e-19
369.41594	5.48688e-19
369.42910	5.47738e-19
369.44227	5.47209e-19
369.45543	5.47856e-19
369.46860	5.46189e-19
369.48177	5.45934e-19
369.49494	5.46044e-19
369.50811	5.45376e-19
369.52128	5.46016e-19
369.53445	5.44823e-19
369.54762	5.44847e-19
369.56079	5.44963e-19
369.57397	5.44224e-19
369.58714	5.43534e-19
369.60032	5.41975e-19
369.61350	5.41238e-19
369.62667	5.40033e-19
369.63985	5.40284e-19
369.65303	5.39906e-19
369.66621	5.38208e-19
369.67939	5.39391e-19
369.69258	5.38761e-19
369.70576	5.37549e-19
369.71895	5.37310e-19
369.73213	5.36025e-19
369.74532	5.35330e-19
369.75850	5.33449e-19
369.77169	5.32030e-19
369.78488	5.30993e-19
369.79807	5.29277e-19
369.81126	5.28720e-19
369.82446	5.28315e-19
369.83765	5.27901e-19
369.85084	5.27806e-19
369.86404	5.27969e-19
369.87723	5.29129e-19
369.89043	5.30674e-19
369.90363	5.31765e-19
369.91683	5.33585e-19
369.93002	5.34527e-19
369.94323	5.35260e-19
369.95643	5.37643e-19
369.96963	5.40275e-19
369.98283	5.42502e-19
369.99604	5.43820e-19
370.00924	5.45163e-19
370.02245	5.46188e-19
370.03566	5.47138e-19
370.04886	5.47734e-19
370.06207	5.48204e-19
370.07528	5.48110e-19
370.08849	5.47911e-19
370.10170	5.49090e-19
370.11492	5.48100e-19
370.12813	5.47790e-19
370.14135	5.48258e-19
370.15456	5.47511e-19
370.16778	5.47705e-19
370.18100	5.46977e-19
370.19421	5.46085e-19
370.20743	5.45130e-19
370.22065	5.43162e-19
370.23387	5.42408e-19
370.24710	5.42626e-19
370.26032	5.41609e-19
370.27354	5.41052e-19
370.28677	5.39935e-19
370.29999	5.39045e-19
370.31322	5.39295e-19
370.32645	5.37593e-19
370.33968	5.37079e-19
370.35291	5.35576e-19
370.36614	5.33753e-19
370.37937	5.33997e-19
370.39260	5.32679e-19
370.40584	5.32179e-19
370.41907	5.31834e-19
370.43231	5.29909e-19
370.44554	5.27456e-19
370.45878	5.26364e-19
370.47202	5.25556e-19
370.48526	5.23191e-19
370.49850	5.22270e-19
370.51174	5.20722e-19
370.52498	5.18938e-19
370.53822	5.18500e-19
370.55147	5.16630e-19
370.56471	5.15704e-19
370.57796	5.14986e-19
370.59120	5.13685e-19
370.60445	5.13327e-19
370.61770	5.11678e-19
370.63095	5.09868e-19
370.64420	5.08446e-19
370.65745	5.07022e-19
370.67071	5.05497e-19
370.68396	5.03422e-19
370.69721	5.01904e-19
370.71047	4.99719e-19
370.72372	4.97051e-19
370.73698	4.95392e-19
370.75024	4.93804e-19
370.76350	4.91771e-19
370.77676	4.90550e-19
370.79002	4.89353e-19
370.80328	4.87763e-19
370.81654	4.86307e-19
370.82981	4.85493e-19
370.84307	4.85656e-19
370.85634	4.84695e-19
370.86961	4.84921e-19
370.88287	4.85390e-19
370.89614	4.85165e-19
370.90941	4.86187e-19
370.92268	4.86689e-19
370.93595	4.87938e-19
370.94923	4.88208e-19
370.96250	4.89157e-19
370.97577	4.91062e-19
370.98905	4.91505e-19
371.00232	4.93732e-19
371.01560	4.95273e-19
371.02888	4.96641e-19
371.04216	4.99772e-19
371.05544	5.03039e-19
371.06872	5.06885e-19
371.08200	5.09929e-19
371.09528	5.12486e-19
371.10857	5.16008e-19
371.12185	5.19809e-19
371.13514	5.22551e-19
371.14842	5.23069e-19
371.16171	5.24248e-19
371.17500	5.25370e-19
371.18829	5.24704e-19
371.20158	5.26375e-19
371.21487	5.26835e-19
371.22816	5.25712e-19
371.24146	5.25938e-19
371.25475	5.26142e-19
371.26805	5.26980e-19
371.28134	5.26767e-19
371.29464	5.27295e-19
371.30794	5.28847e-19
371.32124	5.30448e-19
371.33454	5.32057e-19
371.34784	5.33403e-19
371.36114	5.35516e-19
371.37444	5.37083e-19
371.38775	5.39158e-19
371.40105	5.40492e-19
371.41436	5.41656e-19
371.42766	5.44571e-19
371.44097	5.47370e-19
371.45428	5.49656e-19
371.46759	5.51580e-19
371.48090	5.53565e-19
371.49421	5.55905e-19
371.50752	5.58001e-19
371.52084	5.59898e-19
371.53415	5.63498e-19
371.54747	5.65640e-19
371.56078	5.66836e-19
371.57410	5.70940e-19
371.58742	5.74708e-19
371.60074	5.78428e-19
371.61406	5.81349e-19
371.62738	5.82790e-19
371.64070	5.84830e-19
371.65402	5.86476e-19
371.66735	5.88493e-19
371.68067	5.90542e-19
371.69400	5.93219e-19
371.70732	5.96465e-19
371.72065	5.98800e-19
371.73398	6.01262e-19
371.74731	6.02337e-19
371.76064	6.04992e-19
371.77397	6.07417e-19
371.78730	6.07440e-19
371.80064	6.10056e-19
371.81397	6.10456e-19
371.82731	6.10531e-19
371.84064	6.12699e-19
371.85398	6.13063e-19
371.86732	6.13771e-19
371.88066	6.15969e-19
371.89400	6.18484e-19
371.90734	6.20374e-19
371.92068	6.23572e-19
371.93402	6.26178e-19
371.94737	6.28040e-19
371.96071	6.29900e-19
371.97406	6.31870e-19
371.98740	6.33835e-19
372.00075	6.34292e-19
372.01410	6.36292e-19
372.02745	6.37017e-19
372.04080	6.36753e-19
372.05415	6.36610e-19
372.06750	6.35120e-19
372.08086	6.33836e-19
372.09421	6.32440e-19
372.10757	6.31614e-19
372.12092	6.31413e-19
372.13428	6.31284e-19
372.14764	6.30098e-19
372.16100	6.29286e-19
372.17436	6.27915e-19
372.18772	6.26261e-19
372.20108	6.25933e-19
372.21445	6.25238e-19
372.22781	6.24308e-19
372.24117	6.22803e-19
372.25454	6.22206e-19
372.26791	6.21849e-19
372.28128	6.22344e-19
372.29464	6.24678e-19
372.30801	6.26367e-19
372.32138	6.27792e-19
372.33476	6.30169e-19
372.34813	6.31944e-19
372.36150	6.33450e-19
372.37488	6.35152e-19
372.38825	6.35042e-19
372.40163	6.35904e-19
372.41501	6.36737e-19
372.42838	6.36860e-19
372.44176	6.37414e-19
372.45514	6.37479e-19
372.46853	6.37866e-19
372.48191	6.37708e-19
372.49529	6.37560e-19
372.50868	6.37271e-19
372.52206	6.36326e-19
372.53545	6.34855e-19
372.54883	6.35435e-19
372.56222	6.35804e-19
372.57561	6.34819e-19
372.58900	6.35195e-19
372.60239	6.33887e-19
372.61578	6.32531e-19
372.62918	6.31439e-19
372.64257	6.30627e-19
372.65597	6.29386e-19
372.66936	6.26379e-19
372.68276	6.24314e-19
372.69616	6.22898e-19
372.70955	6.21110e-19
372.72295	6.18056e-19
372.73635	6.15299e-19
372.74976	6.13596e-19
372.76316	6.11156e-19
372.77656	6.08333e-19
372.78997	6.06960e-19
372.80337	6.04683e-19
372.81678	6.01778e-19
372.83018	6.00419e-19
372.84359	5.98305e-19
372.85700	5.96097e-19
372.87041	5.93666e-19
372.88382	5.91775e-19
372.89724	5.90143e-19
372.91065	5.88292e-19
372.92406	5.86198e-19
372.93748	5.83548e-19
372.95089	5.81849e-19
372.96431	5.79427e-19
372.97773	5.77244e-19
372.99115	5.74563e-19
373.00457	5.72543e-19
373.01799	5.71881e-19
373.03141	5.69762e-19
373.04483	5.69240e-19
373.05826	5.69350e-19
373.07168	5.69337e-19
373.08511	5.69901e-19
373.09853	5.68591e-19
373.11196	5.67101e-19
373.12539	5.65709e-19
373.13882	5.63455e-19
373.15225	5.62161e-19
373.16568	5.60179e-19
373.17911	5.58203e-19
373.19255	5.57695e-19
373.20598	5.56721e-19
373.21942	5.56315e-19
373.23285	5.54981e-19
373.24629	5.53175e-19
373.25973	5.52724e-19
373.27317	5.51873e-19
373.28661	5.51029e-19
373.30005	5.50479e-19
373.31349	5.50933e-19
373.32693	5.51322e-19
373.34038	5.50482e-19
373.35382	5.49630e-19
373.36727	5.48667e-19
373.38072	5.47701e-19
373.39416	5.46111e-19
373.40761	5.45176e-19
373.42106	5.44402e-19
373.43451	5.42685e-19
373.44796	5.42033e-19
373.46142	5.40230e-19
373.47487	5.38796e-19
373.48833	5.38146e-19
373.50178	5.36273e-19
373.51524	5.35526e-19
373.52870	5.34892e-19
373.54215	5.34410e-19
373.55561	5.34014e-19
373.56907	5.34572e-19
373.58254	5.35468e-19
373.59600	5.35949e-19
373.60946	5.37182e-19
373.62293	5.36943e-19
373.63639	5.37340e-19
373.64986	5.37642e-19
373.66332	5.37872e-19
373.67679	5.38837e-19
373.69026	5.38837e-19
373.70373	5.39493e-19
373.71720	5.39527e-19
373.73068	5.40068e-19
373.74415	5.41258e-19
373.75762	5.42704e-19
373.77110	5.44862e-19
373.78457	5.46563e-19
373.79805	5.48911e-19
373.81153	5.51123e-19
373.82501	5.53102e-19
373.83849	5.54913e-19
373.85197	5.56579e-19
373.86545	5.58728e-19
373.87893	5.59679e-19
373.89242	5.60614e-19
373.90590	5.63545e-19
373.91939	5.64861e-19
373.93287	5.65585e-19
373.94636	5.67516e-19
373.95985	5.66729e-19
373.97334	5.66640e-19
373.98683	5.66545e-19
374.00032	5.64686e-19
374.01382	5.64477e-19
374.02731	5.62721e-19
374.04080	5.60531e-19
374.05430	5.58935e-19
374.06780	5.57119e-19
374.08129	5.56272e-19
374.09479	5.54425e-19
374.10829	5.53027e-19
374.12179	5.52499e-19
374.13529	5.51781e-19
374.14879	5.51275e-19
374.16230	5.50437e-19
374.17580	5.49377e-19
374.18931	5.48588e-19
374.20281	5.47846e-19
374.21632	5.46081e-19
374.22983	5.44550e-19
374.24334	5.42470e-19
374.25685	5.40180e-19
374.27036	5.38926e-19
374.28387	5.37556e-19
374.29738	5.37226e-19
374.31090	5.35239e-19
374.32441	5.32509e-19
374.33793	5.30291e-19
374.35145	5.26623e-19
374.36496	5.23755e-19
374.37848	5.21088e-19
374.39200	5.18059e-19
374.40552	5.14970e-19
374.41905	5.12561e-19
374.43257	5.10450e-19
374.44609	5.08245e-19
374.45962	5.06974e-19
374.47314	5.05658e-19
374.48667	5.04158e-19
374.50020	5.03839e-19
374.51373	5.04229e-19
374.52726	5.02608e-19
374.54079	5.02168e-19
374.55432	5.02587e-19
374.56785	5.02232e-19
374.58138	5.02484e-19
374.59492	5.01325e-19
374.60845	5.01283e-19
374.62199	5.01338e-19
374.63553	5.01267e-19
374.64907	5.01483e-19
374.66261	5.01013e-19
374.67615	5.01661e-19
374.68969	5.01865e-19
374.70323	5.02345e-19
374.71677	5.02278e-19
374.73032	5.02350e-19
374.74386	5.03343e-19
374.75741	5.03742e-19
374.77096	5.05059e-19
374.78450	5.05648e-19
374.79805	5.05616e-19
374.81160	5.07781e-19
374.82515	5.09667e-19
374.83871	5.09545e-19
374.85226	5.10858e-19
374.86581	5.11806e-19
374.87937	5.12030e-19
374.89293	5.14172e-19
374.90648	5.15304e-19
374.92004	5.16176e-19
374.93360	5.18161e-19
374.94716	5.19812e-19
374.96072	5.21022e-19
374.97428	5.22382e-19
374.98784	5.23971e-19
375.00141	5.25776e-19
375.01497	5.28166e-19
375.02854	5.30951e-19
375.04211	5.34873e-19
375.05567	5.38623e-19
375.06924	5.42216e-19
375.08281	5.46774e-19
375.09638	5.50323e-19
375.10996	5.54182e-19
375.12353	5.58337e-19
375.13710	5.62456e-19
375.15068	5.67360e-19
375.16425	5.70662e-19
375.17783	5.74200e-19
375.19141	5.77574e-19
375.20499	5.79770e-19
375.21856	5.82082e-19
375.23215	5.82855e-19
375.24573	5.85170e-19
375.25931	5.88032e-19
375.27289	5.89270e-19
375.28648	5.92291e-19
375.30006	5.95294e-19
375.31365	5.97324e-19
375.32724	5.99903e-19
375.34083	6.01852e-19
375.35442	6.02590e-19
375.36801	6.03598e-19
375.38160	6.04936e-19
375.39519	6.04591e-19
375.40878	6.04117e-19
375.42238	6.04587e-19
375.43597	6.04973e-19
375.44957	6.06335e-19
375.46317	6.07210e-19
375.47676	6.08263e-19
375.49036	6.10359e-19
375.50396	6.11272e-19
375.51757	6.11979e-19
375.53117	6.11802e-19
375.54477	6.11193e-19
375.55838	6.11117e-19
375.57198	6.11012e-19
375.58559	6.11233e-19
375.59919	6.11724e-19
375.61280	6.13040e-19
375.62641	6.13955e-19
375.64002	6.14808e-19
375.65363	6.15061e-19
375.66724	6.14869e-19
375.68086	6.15465e-19
375.69447	6.15518e-19
375.70809	6.16546e-19
375.72170	6.17685e-19
375.73532	6.18749e-19
375.74894	6.20222e-19
375.76256	6.20984e-19
375.77618	6.22112e-19
375.78980	6.22295e-19
375.80342	6.21474e-19
375.81704	6.20707e-19
375.83067	6.19959e-19
375.84429	6.18207e-19
375.85792	6.15832e-19
375.87154	6.14388e-19
375.88517	6.12210e-19
375.89880	6.11145e-19
375.91243	6.11438e-19
375.92606	6.11376e-19
375.93969	6.12946e-19
375.95333	6.15425e-19
375.96696	6.18312e-19
375.98060	6.21581e-19
375.99423	6.25022e-19
376.00787	6.29790e-19
376.02151	6.35110e-19
376.03515	6.40485e-19
376.04878	6.46923e-19
376.06243	6.52562e-19
376.07607	6.57208e-19
376.08971	6.61970e-19
376.10335	6.65570e-19
376.11700	6.69571e-19
376.13064	6.72816e-19
376.14429	6.76136e-19
376.15794	6.80059e-19
376.17159	6.82500e-19
376.18524	6.86413e-19
376.19889	6.89426e-19
376.21254	6.91859e-19
376.22619	6.95671e-19
376.23985	6.97886e-19
376.25350	6.99538e-19
376.26716	7.01307e-19
376.28081	7.02129e-19
376.29447	7.02934e-19
376.30813	7.03814e-19
376.32179	7.03910e-19
376.33545	7.04017e-19
376.34911	7.02426e-19
376.36277	7.00484e-19
376.37644	6.99294e-19
376.39010	6.97667e-19
376.40377	6.97460e-19
376.41743	6.97079e-19
376.43110	6.96136e-19
376.44477	6.94838e-19
376.45844	6.93205e-19
376.47211	6.91585e-19
376.48578	6.89472e-19
376.49945	6.86560e-19
376.51313	6.83189e-19
376.52680	6.80780e-19
376.54048	6.77169e-19
376.55415	6.73936e-19
376.56783	6.72438e-19
376.58151	6.69960e-19
376.59519	6.67360e-19
376.60887	6.65244e-19
376.62255	6.64252e-19
376.63623	6.63478e-19
376.64992	6.61167e-19
376.66360	6.58943e-19
376.67729	6.57091e-19
376.69097	6.54624e-19
376.70466	6.51435e-19
376.71835	6.49360e-19
376.73204	6.48374e-19
376.74573	6.46143e-19
376.75942	6.45067e-19
376.77311	6.43129e-19
376.78681	6.40161e-19
376.80050	6.39616e-19
376.81420	6.37374e-19
376.82789	6.34674e-19
376.84159	6.32351e-19
376.85529	6.28636e-19
376.86899	6.24863e-19
376.88269	6.20076e-19
376.89639	6.15561e-19
376.91009	6.12132e-19
376.92379	6.08703e-19
376.93750	6.05549e-19
376.95120	6.02165e-19
376.96491	5.98744e-19
376.97862	5.96722e-19
376.99233	5.94481e-19
377.00603	5.91387e-19
377.01975	5.88819e-19
377.03346	5.86808e-19
377.04717	5.85276e-19
377.06088	5.83914e-19
377.07460	5.82773e-19
377.08831	5.81157e-19
377.10203	5.79794e-19
377.11575	5.78613e-19
377.12946	5.76525e-19
377.14318	5.74847e-19
377.15690	5.73287e-19
377.17062	5.71420e-19
377.18435	5.70353e-19
377.19807	5.69017e-19
377.21179	5.66013e-19
377.22552	5.63541e-19
377.23925	5.61566e-19
377.25297	5.57910e-19
377.26670	5.54069e-19
377.28043	5.51175e-19
377.29416	5.48317e-19
377.30789	5.45919e-19
377.32162	5.43573e-19
377.33536	5.40530e-19
377.34909	5.37974e-19
377.36283	5.35022e-19
377.37656	5.31807e-19
377.39030	5.29077e-19
377.40404	5.26363e-19
377.41778	5.24582e-19
377.43152	5.22736e-19
377.44526	5.20487e-19
377.45900	5.19338e-19
377.47275	5.18600e-19
377.48649	5.17477e-19
377.50023	5.16331e-19
377.51398	5.15205e-19
377.52773	5.14864e-19
377.54148	5.15180e-19
377.55523	5.15620e-19
377.56898	5.16280e-19
377.58273	5.17516e-19
377.59648	5.19058e-19
377.61023	5.19825e-19
377.62399	5.21005e-19
377.63774	5.21198e-19
377.65150	5.20672e-19
377.66526	5.21169e-19
377.67901	5.20342e-19
377.69277	5.19332e-19
377.70653	5.18465e-19
377.72030	5.17329e-19
377.73406	5.16498e-19
377.74782	5.15431e-19
377.76159	5.15031e-19
377.77535	5.14279e-19
377.78912	5.13581e-19
377.80288	5.14363e-19
377.81665	5.15557e-19
377.83042	5.16937e-19
377.84419	5.19855e-19
377.85796	5.26671e-19
377.87174	5.31850e-19
377.88551	5.29585e-19
377.89928	5.28815e-19
377.91306	5.33580e-19
377.92684	5.38189e-19
377.94061	5.39669e-19
377.95439	5.39036e-19
377.96817	5.39587e-19
377.98195	5.38616e-19
377.99573	5.37279e-19
378.00951	5.36851e-19
378.02330	5.33559e-19
378.03708	5.32931e-19
378.05087	5.32764e-19
378.06465	5.28825e-19
378.07844	5.27973e-19
378.09223	5.27806e-19
378.10602	5.24967e-19
378.11981	5.22801e-19
378.13360	5.21472e-19
378.14739	5.20782e-19
378.16119	5.18999e-19
378.17498	5.15051e-19
378.18878	5.14219e-19
378.20257	5.16594e-19
378.21637	5.16607e-19
378.23017	5.15015e-19
378.24397	5.13836e-19
378.25777	5.14652e-19
378.27157	5.16424e-19
378.28537	5.15776e-19
378.29918	5.14292e-19
378.31298	5.13307e-19
378.32679	5.14345e-19
378.34059	5.16933e-19
378.35440	5.17303e-19
378.36821	5.16779e-19
378.38202	5.17654e-19
378.39583	5.19294e-19
378.40964	5.21350e-19
378.42345	5.23344e-19
378.43727	5.24623e-19
378.45108	5.25521e-19
378.46490	5.26592e-19
378.47871	5.28444e-19
378.49253	5.29924e-19
378.50635	5.30707e-19
378.52017	5.30757e-19
378.53399	5.28588e-19
378.54781	5.26775e-19
378.56164	5.26091e-19
378.57546	5.25916e-19
378.58928	5.26365e-19
378.60311	5.25784e-19
378.61694	5.24935e-19
378.63076	5.24323e-19
378.64459	5.24485e-19
378.65842	5.25024e-19
378.67225	5.25961e-19
378.68609	5.27482e-19
378.69992	5.28541e-19
378.71375	5.30452e-19
378.72759	5.32354e-19
378.74142	5.34926e-19
378.75526	5.37649e-19
378.76910	5.38810e-19
378.78294	5.39570e-19
378.79678	5.39164e-19
378.81062	5.38365e-19
378.82446	5.37404e-19
378.83830	5.37225e-19
378.85215	5.37361e-19
378.86599	5.37475e-19
378.87984	5.38187e-19
378.89368	5.38097e-19
378.90753	5.39382e-19
378.92138	5.39906e-19
378.93523	5.40311e-19
378.94908	5.42487e-19
378.96293	5.43087e-19
378.97679	5.44158e-19
378.99064	5.45642e-19
379.00449	5.46642e-19
379.01835	5.48437e-19
379.03221	5.49868e-19
379.04607	5.51190e-19
379.05993	5.52502e-19
379.07379	5.52927e-19
379.08765	5.53875e-19
379.10151	5.55183e-19
379.11537	5.56520e-19
379.12924	5.57488e-19
379.14310	5.57771e-19
379.15697	5.59523e-19
379.17083	5.60576e-19
379.18470	5.61352e-19
379.19857	5.63549e-19
379.21244	5.65561e-19
379.22631	5.67273e-19
379.24019	5.69127e-19
379.25406	5.72192e-19
379.26793	5.75249e-19
379.28181	5.78382e-19
379.29568	5.81722e-19
379.30956	5.84753e-19
379.32344	5.87951e-19
379.33732	5.90458e-19
379.35120	5.92348e-19
379.36508	5.95138e-19
379.37896	5.97344e-19
379.39285	5.98616e-19
379.40673	6.02692e-19
379.42062	6.06150e-19
379.43450	6.09364e-19
379.44839	6.14601e-19
379.46228	6.19351e-19
379.47617	6.23887e-19
379.49006	6.27454e-19
379.50395	6.31982e-19
379.51784	6.35593e-19
379.53174	6.39044e-19
379.54563	6.42939e-19
379.55953	6.44572e-19
379.57342	6.48089e-19
379.58732	6.51513e-19
379.60122	6.54429e-19
379.61512	6.57228e-19
379.62902	6.59487e-19
379.64292	6.63214e-19
379.65683	6.64840e-19
379.67073	6.66304e-19
379.68463	6.68255e-19
379.69854	6.68928e-19
379.71245	6.69903e-19
379.72636	6.70002e-19
379.74026	6.70472e-19
379.75417	6.70062e-19
379.76808	6.68915e-19
379.78200	6.68691e-19
379.79591	6.67517e-19
379.80982	6.67782e-19
379.82374	6.68635e-19
379.83765	6.69563e-19
379.85157	6.71166e-19
379.86549	6.72009e-19
379.87941	6.73216e-19
379.89333	6.72686e-19
379.90725	6.71832e-19
379.92117	6.71386e-19
379.93510	6.69272e-19
379.94902	6.68025e-19
379.96294	6.66708e-19
379.97687	6.64808e-19
379.99080	6.64209e-19
380.00473	6.63482e-19
380.01866	6.61945e-19
380.03259	6.59866e-19
380.04652	6.57123e-19
380.06045	6.54872e-19
380.07438	6.51851e-19
380.08832	6.48053e-19
380.10225	6.45789e-19
380.11619	6.42907e-19
380.13013	6.40355e-19
380.14407	6.39536e-19
380.15800	6.37647e-19
380.17195	6.36613e-19
380.18589	6.36932e-19
380.19983	6.36778e-19
380.21377	6.37580e-19
380.22772	6.38305e-19
380.24166	6.37980e-19
380.25561	6.38341e-19
380.26956	6.38355e-19
380.28351	6.36680e-19
380.29746	6.35499e-19
380.31141	6.34845e-19
380.32536	6.33242e-19
380.33931	6.31689e-19
380.35327	6.29950e-19
380.36722	6.28112e-19
380.38118	6.27357e-19
380.39513	6.27062e-19
380.40909	6.26835e-19
380.42305	6.26475e-19
380.43701	6.26864e-19
380.45097	6.28702e-19
380.46493	6.29339e-19
380.47890	6.29743e-19
380.49286	6.30535e-19
380.50682	6.29751e-19
380.52079	6.29709e-19
380.53476	6.30000e-19
380.54873	6.30163e-19
380.56270	6.30963e-19
380.57667	6.31844e-19
380.59064	6.32737e-19
380.60461	6.32883e-19
380.61858	6.33253e-19
380.63256	6.33354e-19
380.64653	6.33311e-19
380.66051	6.33264e-19
380.67449	6.33131e-19
380.68846	6.33963e-19
380.70244	6.34461e-19
380.71642	6.34488e-19
380.73041	6.33943e-19
380.74439	6.33523e-19
380.75837	6.32745e-19
380.77236	6.30715e-19
380.78634	6.28914e-19
380.80033	6.26936e-19
380.81432	6.25026e-19
380.82831	6.22936e-19
380.84229	6.19982e-19
380.85629	6.17512e-19
380.87028	6.15374e-19
380.88427	6.12676e-19
380.89826	6.10592e-19
380.91226	6.09177e-19
380.92625	6.07366e-19
380.94025	6.05793e-19
380.95425	6.04666e-19
380.96825	6.03424e-19
380.98225	6.01942e-19
380.99625	6.00735e-19
381.01025	6.00015e-19
381.02425	5.99810e-19
381.03826	5.99749e-19
381.05226	5.99195e-19
381.06627	5.99046e-19
381.08028	5.99726e-19
381.09429	5.99699e-19
381.10830	5.99002e-19
381.12231	5.98396e-19
381.13632	5.97182e-19
381.15033	5.96348e-19
381.16434	5.95342e-19
381.17836	5.94296e-19
381.19237	5.94550e-19
381.20639	5.94550e-19
381.22041	5.94399e-19
381.23442	5.94003e-19
381.24844	5.93195e-19
381.26247	5.91864e-19
381.27649	5.90754e-19
381.29051	5.90095e-19
381.30453	5.88633e-19
381.31856	5.88699e-19
381.33258	5.89741e-19
381.34661	5.90897e-19
381.36064	5.92537e-19
381.37467	5.92715e-19
381.38870	5.92166e-19
381.40273	5.91237e-19
381.41676	5.89407e-19
381.43079	5.88744e-19
381.44483	5.88834e-19
381.45886	5.88180e-19
381.47290	5.88232e-19
381.48694	5.87343e-19
381.50097	5.86223e-19
381.51501	5.86483e-19
381.52905	5.86684e-19
381.54309	5.87147e-19
381.55714	5.87428e-19
381.57118	5.88467e-19
381.58522	5.89399e-19
381.59927	5.90441e-19
381.61332	5.91445e-19
381.62736	5.91765e-19
381.64141	5.93257e-19
381.65546	5.94931e-19
381.66951	5.97291e-19
381.68356	5.98875e-19
381.69762	6.00291e-19
381.71167	6.01151e-19
381.72572	6.01189e-19
381.73978	6.02289e-19
381.75384	6.01084e-19
381.76789	6.00238e-19
381.78195	5.99911e-19
381.79601	5.98771e-19
381.81007	5.97770e-19
381.82414	5.96012e-19
381.83820	5.94978e-19
381.85226	5.93667e-19
381.86633	5.91588e-19
381.88039	5.88823e-19
381.89446	5.86651e-19
381.90853	5.85263e-19
381.92260	5.84166e-19
381.93667	5.83993e-19
381.95074	5.83833e-19
381.96481	5.84015e-19
381.97889	5.84526e-19
381.99296	5.85173e-19
382.00704	5.85830e-19
382.02111	5.86910e-19
382.03519	5.87276e-19
382.04927	5.87747e-19
382.06335	5.88877e-19
382.07743	5.88928e-19
382.09151	5.90172e-19
382.10559	5.92272e-19
382.11968	5.95176e-19
382.13376	5.98329e-19
382.14785	6.00833e-19
382.16193	6.03513e-19
382.17602	6.03880e-19
382.19011	6.03348e-19
382.20420	6.02355e-19
382.21829	5.99796e-19
382.23238	5.97887e-19
382.24648	5.95185e-19
382.26057	5.91771e-19
382.27467	5.89746e-19
382.28876	5.86806e-19
382.30286	5.83267e-19
382.31696	5.80451e-19
382.33106	5.76703e-19
382.34516	5.72644e-19
382.35926	5.68670e-19
382.37336	5.64851e-19
382.38746	5.61025e-19
382.40157	5.56811e-19
382.41567	5.52585e-19
382.42978	5.48264e-19
382.44389	5.44952e-19
382.45800	5.42461e-19
382.47211	5.40353e-19
382.48622	5.38945e-19
382.50033	5.39068e-19
382.51444	5.39549e-19
382.52856	5.39065e-19
382.54267	5.39441e-19
382.55679	5.37986e-19
382.57090	5.35578e-19
382.58502	5.34593e-19
382.59914	5.33033e-19
382.61326	5.32415e-19
382.62738	5.32763e-19
382.64151	5.33741e-19
382.65563	5.34912e-19
382.66975	5.36226e-19
382.68388	5.38070e-19
382.69800	5.39835e-19
382.71213	5.42601e-19
382.72626	5.45572e-19
382.74039	5.48073e-19
382.75452	5.50159e-19
382.76865	5.52341e-19
382.78279	5.53849e-19
382.79692	5.54733e-19
382.81105	5.56197e-19
382.82519	5.56421e-19
382.83933	5.56616e-19
382.85346	5.57990e-19
382.86760	5.58602e-19
382.88174	5.57490e-19
382.89588	5.56262e-19
382.91003	5.54895e-19
382.92417	5.53113e-19
382.93831	5.52568e-19
382.95246	5.51976e-19
382.96660	5.51740e-19
382.98075	5.51356e-19
382.99490	5.50754e-19
383.00905	5.51355e-19
383.02320	5.51534e-19
383.03735	5.52161e-19
383.05150	5.52117e-19
383.06566	5.51651e-19
383.07981	5.52278e-19
383.09397	5.51138e-19
383.10812	5.50559e-19
383.12228	5.50871e-19
383.13644	5.50383e-19
383.15060	5.51532e-19
383.16476	5.53108e-19
383.17892	5.55817e-19
383.19309	5.59818e-19
383.20725	5.64427e-19
383.22142	5.69865e-19
383.23558	5.72957e-19
383.24975	5.75633e-19
383.26392	5.77748e-19
383.27809	5.77593e-19
383.29226	5.77060e-19
383.30643	5.75864e-19
383.32060	5.75060e-19
383.33477	5.74488e-19
383.34895	5.73964e-19
383.36312	5.73775e-19
383.37730	5.73618e-19
383.39148	5.73714e-19
383.40566	5.74042e-19
383.41984	5.74183e-19
383.43402	5.73605e-19
383.44820	5.73518e-19
383.46238	5.73496e-19
383.47657	5.73588e-19
383.49075	5.72630e-19
383.50494	5.71162e-19
383.51912	5.69969e-19
383.53331	5.67076e-19
383.54750	5.66086e-19
383.56169	5.64995e-19
383.57588	5.64144e-19
383.59007	5.65626e-19
383.60427	5.65361e-19
383.61846	5.66957e-19
383.63266	5.70174e-19
383.64685	5.73012e-19
383.66105	5.77117e-19
383.67525	5.81474e-19
383.68945	5.85667e-19
383.70365	5.90052e-19
383.71785	5.94089e-19
383.73206	5.96718e-19
383.74626	5.98802e-19
383.76046	5.99198e-19
383.77467	5.99757e-19
383.78888	6.01770e-19
383.80309	6.02607e-19
383.81729	6.03867e-19
383.83150	6.05671e-19
383.84572	6.07239e-19
383.85993	6.09430e-19
383.87414	6.12338e-19
383.88836	6.14660e-19
383.90257	6.17215e-19
383.91679	6.20702e-19
383.93101	6.23300e-19
383.94522	6.25251e-19
383.95944	6.25635e-19
383.97366	6.25734e-19
383.98789	6.26836e-19
384.00211	6.26582e-19
384.01633	6.26237e-19
384.03056	6.25913e-19
384.04478	6.23655e-19
384.05901	6.21010e-19
384.07324	6.18388e-19
384.08747	6.15166e-19
384.10170	6.11462e-19
384.11593	6.07258e-19
384.13016	6.03553e-19
384.14440	6.00059e-19
384.15863	5.97351e-19
384.17287	5.96326e-19
384.18710	5.95325e-19
384.20134	5.94236e-19
384.21558	5.94229e-19
384.22982	5.95057e-19
384.24406	5.97271e-19
384.25830	6.00633e-19
384.27254	6.02692e-19
384.28679	6.02517e-19
384.30103	6.00465e-19
384.31528	5.99374e-19
384.32953	6.00487e-19
384.34377	6.02783e-19
384.35802	6.07253e-19
384.37227	6.11699e-19
384.38652	6.15531e-19
384.40078	6.20317e-19
384.41503	6.24695e-19
384.42928	6.28726e-19
384.44354	6.32085e-19
384.45780	6.34311e-19
384.47205	6.36093e-19
384.48631	6.36977e-19
384.50057	6.37446e-19
384.51483	6.38125e-19
384.52910	6.39387e-19
384.54336	6.40486e-19
384.55762	6.40742e-19
384.57189	6.41299e-19
384.58615	6.40866e-19
384.60042	6.39740e-19
384.61469	6.38983e-19
384.62896	6.37501e-19
384.64323	6.36792e-19
384.65750	6.37572e-19
384.67177	6.38169e-19
384.68605	6.39108e-19
384.70032	6.42076e-19
384.71460	6.46886e-19
384.72887	6.52541e-19
384.74315	6.57012e-19
384.75743	6.59839e-19
384.77171	6.62524e-19
384.78599	6.66089e-19
384.80027	6.69745e-19
384.81456	6.71420e-19
384.82884	6.72204e-19
384.84313	6.71522e-19
384.85741	6.69465e-19
384.87170	6.67478e-19
384.88599	6.63904e-19
384.90028	6.60215e-19
384.91457	6.57050e-19
384.92886	6.52344e-19
384.94315	6.46978e-19
384.95744	6.42633e-19
384.97174	6.38321e-19
384.98604	6.34816e-19
385.00033	6.33715e-19
385.01463	6.32998e-19
385.02893	6.32720e-19
385.04323	6.32423e-19
385.05753	6.30267e-19
385.07183	6.27234e-19
385.08614	6.23411e-19
385.10044	6.19257e-19
385.11475	6.15089e-19
385.12905	6.10686e-19
385.14336	6.07443e-19
385.15767	6.04709e-19
385.17198	6.02104e-19
385.18629	6.00249e-19
385.20060	5.97966e-19
385.21491	5.96395e-19
385.22923	5.96371e-19
385.24354	5.95466e-19
385.25786	5.94375e-19
385.27217	5.94903e-19
385.28649	5.96839e-19
385.30081	5.99854e-19
385.31513	6.02037e-19
385.32945	6.02974e-19
385.34378	6.03457e-19
385.35810	6.03159e-19
385.37242	6.02968e-19
385.38675	6.03658e-19
385.40108	6.03683e-19
385.41540	6.02478e-19
385.42973	6.00994e-19
385.44406	5.98891e-19
385.45839	5.96797e-19
385.47273	5.94551e-19
385.48706	5.92792e-19
385.50139	5.91543e-19
385.51573	5.90813e-19
385.53006	5.91986e-19
385.54440	5.93497e-19
385.55874	5.97741e-19
385.57308	6.02236e-19
385.58742	6.05237e-19
385.60176	6.10718e-19
385.61610	6.15502e-19
385.63045	6.20784e-19
385.64479	6.26559e-19
385.65914	6.32117e-19
385.67348	6.38752e-19
385.68783	6.45014e-19
385.70218	6.51515e-19
385.71653	6.54377e-19
385.73088	6.54700e-19
385.74524	6.53336e-19
385.75959	6.49487e-19
385.77394	6.45939e-19
385.78830	6.40990e-19
385.80266	6.36689e-19
385.81701	6.31536e-19
385.83137	6.26343e-19
385.84573	6.23993e-19
385.86009	6.21453e-19
385.87445	6.20150e-19
385.88882	6.18558e-19
385.90318	6.16698e-19
385.91755	6.15033e-19
385.93191	6.11114e-19
385.94628	6.06008e-19
385.96065	6.00870e-19
385.97502	5.96509e-19
385.98939	5.92561e-19
386.00376	5.89142e-19
386.01813	5.85839e-19
386.03250	5.82982e-19
386.04688	5.80480e-19
386.06126	5.78356e-19
386.07563	5.77274e-19
386.09001	5.76479e-19
386.10439	5.75784e-19
386.11877	5.73770e-19
386.13315	5.71950e-19
386.14753	5.70206e-19
386.16192	5.68218e-19
386.17630	5.67517e-19
386.19069	5.66279e-19
386.20507	5.64403e-19
386.21946	5.62066e-19
386.23385	5.59774e-19
386.24824	5.57396e-19
386.26263	5.54519e-19
386.27702	5.51848e-19
386.29141	5.49513e-19
386.30581	5.47365e-19
386.32020	5.45104e-19
386.33460	5.43553e-19
386.34900	5.42874e-19
386.36339	5.41958e-19
386.37779	5.40348e-19
386.39219	5.38891e-19
386.40660	5.37232e-19
386.42100	5.35860e-19
386.43540	5.34465e-19
386.44981	5.31986e-19
386.46421	5.30921e-19
386.47862	5.31066e-19
386.49303	5.31479e-19
386.50744	5.32319e-19
386.52185	5.32608e-19
386.53626	5.32347e-19
386.55067	5.32058e-19
386.56508	5.32385e-19
386.57950	5.32858e-19
386.59391	5.32902e-19
386.60833	5.33684e-19
386.62275	5.35687e-19
386.63717	5.37364e-19
386.65159	5.39106e-19
386.66601	5.41582e-19
386.68043	5.44071e-19
386.69485	5.47135e-19
386.70927	5.49690e-19
386.72370	5.51464e-19
386.73813	5.52902e-19
386.75255	5.53213e-19
386.76698	5.54245e-19
386.78141	5.56681e-19
386.79584	5.59804e-19
386.81027	5.63583e-19
386.82471	5.67495e-19
386.83914	5.71058e-19
386.85357	5.75190e-19
386.86801	5.80278e-19
386.88245	5.84000e-19
386.89689	5.87245e-19
386.91132	5.89566e-19
386.92577	5.89323e-19
386.94021	5.88431e-19
386.95465	5.88074e-19
386.96909	5.88988e-19
386.98354	5.89270e-19
386.99798	5.89765e-19
387.01243	5.91369e-19
387.02688	5.91946e-19
387.04133	5.93392e-19
387.05578	5.95192e-19
387.07023	5.96223e-19
387.08468	5.97691e-19
387.09913	5.99031e-19
387.11359	6.01232e-19
387.12804	6.03328e-19
387.14250	6.04081e-19
387.15696	6.05934e-19
387.17141	6.07573e-19
387.18587	6.09183e-19
387.20033	6.10706e-19
387.21480	6.10638e-19
387.22926	6.11278e-19
387.24372	6.11572e-19
387.25819	6.11542e-19
387.27265	6.11162e-19
387.28712	6.10942e-19
387.30159	6.12186e-19
387.31606	6.13723e-19
387.33053	6.16298e-19
387.34500	6.18257e-19
387.35947	6.20294e-19
387.37395	6.22676e-19
387.38842	6.23556e-19
387.40290	6.24187e-19
387.41737	6.24251e-19
387.43185	6.24762e-19
387.44633	6.24964e-19
387.46081	6.24240e-19
387.47529	6.24185e-19
387.48978	6.23805e-19
387.50426	6.24386e-19
387.51874	6.24770e-19
387.53323	6.24026e-19
387.54772	6.24238e-19
387.56220	6.23987e-19
387.57669	6.23276e-19
387.59118	6.21788e-19
387.60567	6.20362e-19
387.62017	6.20142e-19
387.63466	6.19680e-19
387.64915	6.19185e-19
387.66365	6.18727e-19
387.67814	6.18525e-19
387.69264	6.18743e-19
387.70714	6.20053e-19
387.72164	6.21352e-19
387.73614	6.22150e-19
387.75064	6.23826e-19
387.76515	6.25438e-19
387.77965	6.27550e-19
387.79416	6.29852e-19
387.80866	6.30919e-19
387.82317	6.32336e-19
387.83768	6.33923e-19
387.85219	6.34531e-19
387.86670	6.36314e-19
387.88121	6.37140e-19
387.89572	6.36598e-19
387.91024	6.37191e-19
387.92475	6.36807e-19
387.93927	6.36710e-19
387.95378	6.36732e-19
387.96830	6.36031e-19
387.98282	6.34883e-19
387.99734	6.32692e-19
388.01186	6.30363e-19
388.02638	6.26750e-19
388.04091	6.23022e-19
388.05543	6.20056e-19
388.06996	6.17327e-19
388.08449	6.16003e-19
388.09901	6.15234e-19
388.11354	6.14574e-19
388.12807	6.13929e-19
388.14260	6.12676e-19
388.15714	6.11903e-19
388.17167	6.11485e-19
388.18620	6.10875e-19
388.20074	6.10288e-19
388.21528	6.09711e-19
388.22981	6.09136e-19
388.24435	6.07994e-19
388.25889	6.06229e-19
388.27343	6.03833e-19
388.28798	6.01637e-19
388.30252	5.99398e-19
388.31706	5.97418e-19
388.33161	5.96417e-19
388.34615	5.94962e-19
388.36070	5.93582e-19
388.37525	5.92594e-19
388.38980	5.91625e-19
388.40435	5.90908e-19
388.41890	5.90395e-19
388.43346	5.90401e-19
388.44801	5.91875e-19
388.46257	5.93593e-19
388.47712	5.94207e-19
388.49168	5.94319e-19
388.50624	5.94102e-19
388.52080	5.94183e-19
388.53536	5.93851e-19
388.54992	5.92926e-19
388.56448	5.91371e-19
388.57905	5.90015e-19
388.59361	5.89510e-19
388.60818	5.89062e-19
388.62274	5.89336e-19
388.63731	5.90238e-19
388.65188	5.91611e-19
388.66645	5.92702e-19
388.68102	5.94672e-19
388.69560	5.97860e-19
388.71017	6.00526e-19
388.72475	6.02855e-19
388.73932	6.04506e-19
388.75390	6.05086e-19
388.76848	6.04417e-19
388.78306	6.02696e-19
388.79764	6.01338e-19
388.81222	6.01182e-19
388.82680	6.00976e-19
388.84138	6.01867e-19
388.85597	6.03838e-19
388.87055	6.05780e-19
388.88514	6.08594e-19
388.89973	6.10534e-19
388.91432	6.12424e-19
388.92891	6.14622e-19
388.94350	6.16233e-19
388.95809	6.18664e-19
388.97268	6.21403e-19
388.98728	6.24693e-19
389.00187	6.27991e-19
389.01647	6.29595e-19
389.03107	6.31171e-19
389.04567	6.33316e-19
389.06027	6.35397e-19
389.07487	6.37800e-19
389.08947	6.40951e-19
389.10407	6.43940e-19
389.11868	6.45436e-19
389.13328	6.47105e-19
389.14789	6.48391e-19
389.16250	6.49719e-19
389.17711	6.51319e-19
389.19172	6.52533e-19
389.20633	6.54313e-19
389.22094	6.54785e-19
389.23555	6.54885e-19
389.25017	6.53715e-19
389.26478	6.51065e-19
389.27940	6.47684e-19
389.29402	6.44367e-19
389.30863	6.42365e-19
389.32325	6.38772e-19
389.33788	6.36613e-19
389.35250	6.35882e-19
389.36712	6.34843e-19
389.38174	6.35497e-19
389.39637	6.36480e-19
389.41100	6.37583e-19
389.42562	6.37493e-19
389.44025	6.36963e-19
389.45488	6.36987e-19
389.46951	6.35188e-19
389.48414	6.32807e-19
389.49878	6.30937e-19
389.51341	6.28690e-19
389.52805	6.26056e-19
389.54268	6.23491e-19
389.55732	6.21487e-19
389.57196	6.18643e-19
389.58660	6.15008e-19
389.60124	6.11220e-19
389.61588	6.07622e-19
389.63052	6.04939e-19
389.64517	6.02143e-19
389.65981	6.00757e-19
389.67446	6.00140e-19
389.68910	5.98675e-19
389.70375	5.98143e-19
389.71840	5.97544e-19
389.73305	5.96883e-19
389.74770	5.96941e-19
389.76236	5.97026e-19
389.77701	5.97504e-19
389.79167	5.97412e-19
389.80632	5.97582e-19
389.82098	5.98046e-19
389.83564	5.98354e-19
389.85030	6.00011e-19
389.86496	6.01743e-19
389.87962	6.03767e-19
389.89428	6.04888e-19
389.90895	6.06780e-19
389.92361	6.10610e-19
389.93828	6.13868e-19
389.95294	6.18145e-19
389.96761	6.21042e-19
389.98228	6.22978e-19
389.99695	6.24356e-19
390.01162	6.23568e-19
390.02630	6.21571e-19
390.04097	6.18642e-19
390.05564	6.16532e-19
390.07032	6.15456e-19
390.08500	6.14913e-19
390.09967	6.14418e-19
390.11435	6.14858e-19
390.12903	6.14936e-19
390.14372	6.15248e-19
390.15840	6.16424e-19
390.17308	6.17248e-19
390.18777	6.18924e-19
390.20245	6.20008e-19
390.21714	6.21402e-19
390.23183	6.23161e-19
390.24652	6.25752e-19
390.26121	6.28980e-19
390.27590	6.31353e-19
390.29059	6.33972e-19
390.30528	6.36183e-19
390.31998	6.37681e-19
390.33467	6.38158e-19
390.34937	6.37724e-19
390.36407	6.36688e-19
390.37877	6.35087e-19
390.39347	6.31505e-19
390.40817	6.27697e-19
390.42287	6.26005e-19
390.43758	6.24705e-19
390.45228	6.24136e-19
390.46699	6.23748e-19
390.48169	6.21736e-19
390.49640	6.18786e-19
390.51111	6.16371e-19
390.52582	6.15289e-19
390.54053	6.15471e-19
390.55524	6.14183e-19
390.56996	6.11538e-19
390.58467	6.08265e-19
390.59939	6.05034e-19
390.61410	6.03031e-19
390.62882	6.02054e-19
390.64354	6.03788e-19
390.65826	6.05908e-19
390.67298	6.07816e-19
390.68771	6.08729e-19
390.70243	6.07943e-19
390.71715	6.06449e-19
390.73188	6.04459e-19
390.74661	6.03388e-19
390.76133	6.01397e-19
390.77606	5.99541e-19
390.79079	5.97921e-19
390.80552	5.96189e-19
390.82026	5.94540e-19
390.83499	5.93346e-19
390.84972	5.94409e-19
390.86446	5.96930e-19
390.87920	5.99445e-19
390.89394	6.00226e-19
390.90867	5.99022e-19
390.92341	5.96070e-19
390.93816	5.94033e-19
390.95290	5.91916e-19
390.96764	5.93189e-19
390.98239	6.05268e-19
390.99713	6.12438e-19
391.01188	6.02402e-19
391.02663	5.97168e-19
391.04138	6.05774e-19
391.05613	6.11435e-19
391.07088	6.10575e-19
391.08563	6.08297e-19
391.10038	6.09862e-19
391.11514	6.09931e-19
391.12989	6.11644e-19
391.14465	6.16188e-19
391.15941	6.13597e-19
391.17417	6.18977e-19
391.18893	6.21010e-19
391.20369	6.13510e-19
391.21845	6.15494e-19
391.23321	6.15121e-19
391.24798	6.12645e-19
391.26274	6.12395e-19
391.27751	6.12656e-19
391.29228	6.19916e-19
391.30705	6.23616e-19
391.32182	6.15323e-19
391.33659	6.08736e-19
391.35136	6.12900e-19
391.36614	6.11847e-19
391.38091	5.99799e-19
391.39569	5.92741e-19
391.41046	5.94547e-19
391.42524	6.00197e-19
391.44002	6.02589e-19
391.45480	6.03085e-19
391.46958	6.10364e-19
391.48436	6.20955e-19
391.49915	6.33299e-19
391.51393	6.42441e-19
391.52872	6.45458e-19
391.54351	6.49197e-19
391.55829	6.52905e-19
391.57308	6.58703e-19
391.58787	6.66182e-19
391.60266	6.69085e-19
391.61746	6.69673e-19
391.63225	6.73817e-19
391.64705	6.79539e-19
391.66184	6.85072e-19
391.67664	6.90395e-19
391.69144	6.90456e-19
391.70624	6.90824e-19
391.72104	6.95983e-19
391.73584	7.02205e-19
391.75064	7.11545e-19
391.76544	7.21992e-19
391.78025	7.28266e-19
391.79505	7.30850e-19
391.80986	7.32083e-19
391.82467	7.30824e-19
391.83948	7.27650e-19
391.85429	7.24951e-19
391.86910	7.20989e-19
391.88391	7.16376e-19
391.89873	7.11638e-19
391.91354	7.06222e-19
391.92836	7.01105e-19
391.94318	6.94865e-19
391.95799	6.88360e-19
391.97281	6.81059e-19
391.98763	6.72651e-19
392.00246	6.65188e-19
392.01728	6.58885e-19
392.03210	6.55252e-19
392.04693	6.51946e-19
392.06175	6.48861e-19
392.07658	6.47844e-19
392.09141	6.45208e-19
392.10624	6.41439e-19
392.12107	6.37935e-19
392.13590	6.33949e-19
392.15073	6.30731e-19
392.16557	6.27494e-19
392.18040	6.24085e-19
392.19524	6.22156e-19
392.21008	6.21418e-19
392.22491	6.20704e-19
392.23975	6.20086e-19
392.25460	6.19850e-19
392.26944	6.19181e-19
392.28428	6.19903e-19
392.29912	6.21290e-19
392.31397	6.22769e-19
392.32882	6.26003e-19
392.34366	6.28267e-19
392.35851	6.31015e-19
392.37336	6.33470e-19
392.38821	6.33354e-19
392.40306	6.32119e-19
392.41792	6.28759e-19
392.43277	6.24593e-19
392.44763	6.20334e-19
392.46248	6.16873e-19
392.47734	6.15660e-19
392.49220	6.15886e-19
392.50706	6.17356e-19
392.52192	6.19694e-19
392.53678	6.22005e-19
392.55165	6.23545e-19
392.56651	6.24765e-19
392.58137	6.26474e-19
392.59624	6.28555e-19
392.61111	6.29618e-19
392.62598	6.28386e-19
392.64085	6.25599e-19
392.65572	6.22174e-19
392.67059	6.20151e-19
392.68546	6.21371e-19
392.70034	6.22693e-19
392.71521	6.24383e-19
392.73009	6.27566e-19
392.74497	6.30283e-19
392.75985	6.33265e-19
392.77473	6.34647e-19
392.78961	6.34901e-19
392.80449	6.34134e-19
392.81938	6.32560e-19
392.83426	6.31241e-19
392.84915	6.27961e-19
392.86403	6.24613e-19
392.87892	6.19571e-19
392.89381	6.13806e-19
392.90870	6.09276e-19
392.92359	6.04409e-19
392.93848	6.00326e-19
392.95338	5.95895e-19
392.96827	5.92446e-19
392.98317	5.89248e-19
392.99806	5.85084e-19
393.01296	5.80698e-19
393.02786	5.75916e-19
393.04276	5.71296e-19
393.05766	5.66817e-19
393.07257	5.62629e-19
393.08747	5.56944e-19
393.10238	5.51317e-19
393.11728	5.46405e-19
393.13219	5.42104e-19
393.14710	5.40275e-19
393.16201	5.39526e-19
393.17692	5.39096e-19
393.19183	5.38786e-19
393.20674	5.39472e-19
393.22166	5.39648e-19
393.23657	5.38605e-19
393.25149	5.36967e-19
393.26640	5.34879e-19
393.28132	5.34422e-19
393.29624	5.32950e-19
393.31116	5.30074e-19
393.32609	5.28069e-19
393.34101	5.26737e-19
393.35593	5.26667e-19
393.37086	5.28282e-19
393.38578	5.30729e-19
393.40071	5.33604e-19
393.41564	5.36569e-19
393.43057	5.38760e-19
393.44550	5.41814e-19
393.46043	5.45933e-19
393.47537	5.50284e-19
393.49030	5.54469e-19
393.50524	5.58411e-19
393.52017	5.60929e-19
393.53511	5.61942e-19
393.55005	5.64089e-19
393.56499	5.64769e-19
393.57993	5.63738e-19
393.59487	5.62419e-19
393.60982	5.61754e-19
393.62476	5.63677e-19
393.63971	5.67242e-19
393.65465	5.71631e-19
393.66960	5.73835e-19
393.68455	5.74715e-19
393.69950	5.76250e-19
393.71445	5.76972e-19
393.72940	5.77318e-19
393.74436	5.77048e-19
393.75931	5.75926e-19
393.77427	5.74396e-19
393.78923	5.73273e-19
393.80418	5.73574e-19
393.81914	5.73753e-19
393.83410	5.72225e-19
393.84907	5.71106e-19
393.86403	5.70235e-19
393.87899	5.69007e-19
393.89396	5.68493e-19
393.90892	5.67082e-19
393.92389	5.65354e-19
393.93886	5.65572e-19
393.95383	5.68037e-19
393.96880	5.71197e-19
393.98377	5.73761e-19
393.99874	5.74696e-19
394.01372	5.73746e-19
394.02869	5.72153e-19
394.04367	5.70663e-19
394.05865	5.70450e-19
394.07363	5.70511e-19
394.08861	5.70131e-19
394.10359	5.69814e-19
394.11857	5.68334e-19
394.13355	5.64999e-19
394.14854	5.59441e-19
394.16352	5.54149e-19
394.17851	5.50545e-19
394.19350	5.46713e-19
394.20849	5.44754e-19
394.22348	5.43926e-19
394.23847	5.41716e-19
394.25346	5.40218e-19
394.26845	5.39269e-19
394.28345	5.39321e-19
394.29844	5.39674e-19
394.31344	5.40066e-19
394.32844	5.41633e-19
394.34344	5.41317e-19
394.35844	5.40824e-19
394.37344	5.41442e-19
394.38844	5.42176e-19
394.40344	5.43712e-19
394.41845	5.44608e-19
394.43346	5.44768e-19
394.44846	5.44129e-19
394.46347	5.44341e-19
394.47848	5.45332e-19
394.49349	5.45124e-19
394.50850	5.45050e-19
394.52352	5.43979e-19
394.53853	5.42009e-19
394.55355	5.41033e-19
394.56856	5.40285e-19
394.58358	5.39847e-19
394.59860	5.40177e-19
394.61362	5.41432e-19
394.62864	5.42908e-19
394.64366	5.43284e-19
394.65868	5.43063e-19
394.67371	5.42112e-19
394.68873	5.39992e-19
394.70376	5.37212e-19
394.71879	5.35200e-19
394.73382	5.35571e-19
394.74885	5.37470e-19
394.76388	5.41306e-19
394.77891	5.47168e-19
394.79394	5.53323e-19
394.80898	5.58539e-19
394.82401	5.62338e-19
394.83905	5.66397e-19
394.85409	5.70227e-19
394.86913	5.73477e-19
394.88417	5.76615e-19
394.89921	5.79625e-19
394.91425	5.83075e-19
394.92930	5.85292e-19
394.94434	5.86117e-19
394.95939	5.86260e-19
394.97443	5.87460e-19
394.98948	5.89656e-19
395.00453	5.90967e-19
395.01958	5.92391e-19
395.03463	5.91622e-19
395.04969	5.89010e-19
395.06474	5.87364e-19
395.07980	5.86847e-19
395.09485	5.89625e-19
395.10991	5.94495e-19
395.12497	5.97485e-19
395.14003	5.99126e-19
395.15509	6.02027e-19
395.17015	6.05757e-19
395.18522	6.10330e-19
395.20028	6.14718e-19
395.21535	6.17736e-19
395.23041	6.21306e-19
395.24548	6.23033e-19
395.26055	6.23003e-19
395.27562	6.22910e-19
395.29069	6.24182e-19
395.30576	6.29623e-19
395.32084	6.36589e-19
395.33591	6.42675e-19
395.35099	6.45302e-19
395.36606	6.47184e-19
395.38114	6.50723e-19
395.39622	6.53683e-19
395.41130	6.59288e-19
395.42638	6.67028e-19
395.44147	6.73713e-19
395.45655	6.77441e-19
395.47164	6.79495e-19
395.48672	6.79641e-19
395.50181	6.75890e-19
395.51690	6.71518e-19
395.53199	6.67693e-19
395.54708	6.63723e-19
395.56217	6.58670e-19
395.57726	6.53438e-19
395.59236	6.49869e-19
395.60745	6.49237e-19
395.62255	6.50056e-19
395.63765	6.50330e-19
395.65275	6.51938e-19
395.66785	6.53745e-19
395.68295	6.54590e-19
395.69805	6.56385e-19
395.71316	6.61233e-19
395.72826	6.66548e-19
395.74337	6.68941e-19
395.75847	6.68914e-19
395.77358	6.67331e-19
395.78869	6.66806e-19
395.80380	6.69607e-19
395.81891	6.73897e-19
395.83403	6.76460e-19
395.84914	6.78466e-19
395.86425	6.81276e-19
395.87937	6.84892e-19
395.89449	6.89110e-19
395.90961	6.93582e-19
395.92473	6.95700e-19
395.93985	6.92325e-19
395.95497	6.87716e-19
395.97009	6.83893e-19
395.98522	6.78053e-19
396.00034	6.69454e-19
396.01547	6.60449e-19
396.03060	6.52436e-19
396.04573	6.46717e-19
396.06086	6.43556e-19
396.07599	6.39640e-19
396.09112	6.36738e-19
396.10625	6.36955e-19
396.12139	6.38510e-19
396.13652	6.38168e-19
396.15166	6.34021e-19
396.16680	6.26789e-19
396.18194	6.19490e-19
396.19708	6.14483e-19
396.21222	6.09807e-19
396.22736	6.05944e-19
396.24251	6.03659e-19
396.25765	6.02348e-19
396.27280	6.01259e-19
396.28795	6.00552e-19
396.30309	6.01317e-19
396.31824	6.03170e-19
396.33340	6.04954e-19
396.34855	6.04005e-19
396.36370	5.99963e-19
396.37885	5.93652e-19
396.39401	5.86314e-19
396.40917	5.80770e-19
396.42433	5.77327e-19
396.43948	5.74281e-19
396.45464	5.72990e-19
396.46981	5.73081e-19
396.48497	5.71143e-19
396.50013	5.67435e-19
396.51530	5.62837e-19
396.53046	5.60117e-19
396.54563	5.60367e-19
396.56080	5.60787e-19
396.57597	5.60591e-19
396.59114	5.60934e-19
396.60631	5.63036e-19
396.62148	5.64008e-19
396.63666	5.61234e-19
396.65183	5.56585e-19
396.66701	5.51347e-19
396.68219	5.46221e-19
396.69737	5.42456e-19
396.71255	5.40544e-19
396.72773	5.40568e-19
396.74291	5.41033e-19
396.75809	5.41751e-19
396.77328	5.44005e-19
396.78846	5.46404e-19
396.80365	5.48629e-19
396.81884	5.50811e-19
396.83403	5.50726e-19
396.84922	5.49867e-19
396.86441	5.52140e-19
396.87960	5.55718e-19
396.89480	5.57288e-19
396.90999	5.55323e-19
396.92519	5.50100e-19
396.94038	5.46284e-19
396.95558	5.47269e-19
396.97078	5.50616e-19
396.98598	5.54015e-19
397.00119	5.57489e-19
397.01639	5.56942e-19
397.03159	5.51440e-19
397.04680	5.47682e-19
397.06200	5.48659e-19
397.07721	5.51215e-19
397.09242	5.54074e-19
397.10763	5.57672e-19
397.12284	5.60776e-19
397.13806	5.64560e-19
397.15327	5.66778e-19
397.16848	5.64387e-19
397.18370	5.60593e-19
397.19892	5.56931e-19
397.21414	5.53137e-19
397.22936	5.49485e-19
397.24458	5.46146e-19
397.25980	5.44305e-19
397.27502	5.43883e-19
397.29025	5.43333e-19
397.30547	5.42587e-19
397.32070	5.43090e-19
397.33592	5.44536e-19
397.35115	5.45078e-19
397.36638	5.46299e-19
397.38161	5.49081e-19
397.39685	5.50648e-19
397.41208	5.48956e-19
397.42732	5.45244e-19
397.44255	5.41386e-19
397.45779	5.38159e-19
397.47303	5.37654e-19
397.48827	5.37177e-19
397.50351	5.38060e-19
397.51875	5.44293e-19
397.53399	5.52608e-19
397.54923	5.58332e-19
397.56448	5.59411e-19
397.57973	5.63782e-19
397.59497	5.71555e-19
397.61022	5.78905e-19
397.62547	5.88646e-19
397.64072	5.97128e-19
397.65598	6.04693e-19
397.67123	6.10243e-19
397.68648	6.11821e-19
397.70174	6.12424e-19
397.71700	6.13606e-19
397.73225	6.16272e-19
397.74751	6.17380e-19
397.76277	6.16124e-19
397.77804	6.14837e-19
397.79330	6.14479e-19
397.80856	6.17118e-19
397.82383	6.23993e-19
397.83909	6.34776e-19
397.85436	6.52964e-19
397.86963	6.75042e-19
397.88490	6.84895e-19
397.90017	6.77951e-19
397.91544	6.69302e-19
397.93072	6.71964e-19
397.94599	6.79863e-19
397.96127	6.87659e-19
397.97654	6.95482e-19
397.99182	6.96325e-19
398.00710	6.92057e-19
398.02238	6.88013e-19
398.03766	6.86464e-19
398.05294	6.85464e-19
398.06823	6.81210e-19
398.08351	6.77174e-19
398.09880	6.73971e-19
398.11409	6.73061e-19
398.12938	6.75280e-19
398.14467	6.81016e-19
398.15996	6.92967e-19
398.17525	7.06331e-19
398.19054	7.10726e-19
398.20584	7.04398e-19
398.22113	6.97874e-19
398.23643	6.97262e-19
398.25173	7.00871e-19
398.26703	7.03188e-19
398.28233	7.03924e-19
398.29763	7.01310e-19
398.31293	6.96028e-19
398.32823	6.95796e-19
398.34354	6.98055e-19
398.35885	7.08656e-19
398.37415	7.23895e-19
398.38946	7.30590e-19
398.40477	7.32277e-19
398.42008	7.30186e-19
398.43539	7.31984e-19
398.45071	7.40053e-19
398.46602	7.40883e-19
398.48134	7.38154e-19
398.49665	7.39084e-19
398.51197	7.34830e-19
398.52729	7.30430e-19
398.54261	7.31374e-19
398.55793	7.29604e-19
398.57326	7.25726e-19
398.58858	7.17013e-19
398.60390	7.02959e-19
398.61923	6.91548e-19
398.63456	6.84786e-19
398.64989	6.82271e-19
398.66522	6.84690e-19
398.68055	6.86346e-19
398.69588	6.82402e-19
398.71121	6.76640e-19
398.72655	6.67839e-19
398.74188	6.58347e-19
398.75722	6.53853e-19
398.77256	6.48885e-19
398.78790	6.42177e-19
398.80324	6.39238e-19
398.81858	6.33660e-19
398.83392	6.20284e-19
398.84927	6.09647e-19
398.86461	6.02874e-19
398.87996	5.94688e-19
398.89530	5.87230e-19
398.91065	5.80548e-19
398.92600	5.75403e-19
398.94135	5.70478e-19
398.95671	5.63346e-19
398.97206	5.57796e-19
398.98741	5.56475e-19
399.00277	5.54903e-19
399.01813	5.52719e-19
399.03348	5.53616e-19
399.04884	5.52067e-19
399.06420	5.48658e-19
399.07957	5.48451e-19
399.09493	5.49884e-19
399.11029	5.51659e-19
399.12566	5.48953e-19
399.14102	5.45728e-19
399.15639	5.45915e-19
399.17176	5.43626e-19
399.18713	5.41855e-19
399.20250	5.41082e-19
399.21787	5.38979e-19
399.23325	5.38534e-19
399.24862	5.41810e-19
399.26400	5.49518e-19
399.27937	5.51680e-19
399.29475	5.43238e-19
399.31013	5.34978e-19
399.32551	5.34113e-19
399.34089	5.41255e-19
399.35628	5.49824e-19
399.37166	5.55024e-19
399.38705	5.58678e-19
399.40243	5.63983e-19
399.41782	5.69363e-19
399.43321	5.71686e-19
399.44860	5.74586e-19
399.46399	5.71845e-19
399.47938	5.68528e-19
399.49478	5.75553e-19
399.51017	5.84000e-19
399.52557	5.85168e-19
399.54096	5.84891e-19
399.55636	6.01197e-19
399.57176	6.17382e-19
399.58716	6.16726e-19
399.60257	6.18314e-19
399.61797	6.18525e-19
399.63337	6.08779e-19
399.64878	6.04186e-19
399.66418	6.13156e-19
399.67959	6.15693e-19
399.69500	6.07874e-19
399.71041	6.11098e-19
399.72582	6.18908e-19
399.74124	6.24363e-19
399.75665	6.36674e-19
399.77206	6.44941e-19
399.78748	6.41668e-19
399.80290	6.49688e-19
399.81832	6.64680e-19
399.83374	6.61020e-19
399.84916	6.55480e-19
399.86458	6.56387e-19
399.88000	6.56017e-19
399.89543	6.63032e-19
399.91085	6.68599e-19
399.92628	6.71662e-19
399.94171	6.77960e-19
399.95714	6.82140e-19
399.97257	6.92842e-19
399.98800	7.06824e-19
400.00343	7.08091e-19
400.01887	7.03015e-19
400.03430	7.10774e-19
400.04974	7.22513e-19
400.06518	7.20944e-19
400.08061	7.19435e-19
400.09605	7.20783e-19
400.11150	7.18334e-19
400.12694	7.20914e-19
400.14238	7.18989e-19
400.15783	7.06776e-19
400.17327	6.96961e-19
400.18872	6.92280e-19
400.20417	7.05431e-19
400.21962	7.24523e-19
400.23507	7.20153e-19
400.25052	7.14781e-19
400.26597	7.18585e-19
400.28143	7.12143e-19
400.29688	7.05956e-19
400.31234	6.96009e-19
400.32780	6.72445e-19
400.34326	6.69723e-19
400.35872	6.80840e-19
400.37418	6.77542e-19
400.38964	6.81345e-19
400.40510	6.86265e-19
400.42057	6.82508e-19
400.43604	6.86336e-19
400.45150	6.99558e-19
400.46697	7.09996e-19
400.48244	7.06620e-19
400.49791	7.05946e-19
400.51338	7.10947e-19
400.52886	7.10340e-19
400.54433	7.14544e-19
400.55981	7.18665e-19
400.57528	7.04617e-19
400.59076	6.79283e-19
400.60624	6.69097e-19
400.62172	6.76137e-19
400.63720	6.77819e-19
400.65269	6.67582e-19
400.66817	6.59451e-19
400.68366	6.64000e-19
400.69914	6.70588e-19
400.71463	6.72019e-19
400.73012	6.73276e-19
400.74561	6.67067e-19
400.76110	6.60416e-19
400.77659	6.64107e-19
400.79209	6.66690e-19
400.80758	6.73402e-19
400.82308	6.82030e-19
400.83858	6.78762e-19
400.85408	6.78660e-19
400.86958	6.90249e-19
400.88508	7.00676e-19
400.90058	6.98843e-19
400.91608	6.93972e-19
400.93159	6.92302e-19
400.94709	6.77665e-19
400.96260	6.63939e-19
400.97811	6.75109e-19
400.99362	6.85323e-19
401.00913	6.69743e-19
401.02464	6.54438e-19
401.04015	6.60645e-19
401.05567	6.84371e-19
401.07118	7.04644e-19
401.08670	6.97466e-19
401.10221	6.89309e-19
401.11773	7.00465e-19
401.13325	7.09331e-19
401.14878	7.00321e-19
401.16430	6.81706e-19
401.17982	6.76966e-19
401.19535	6.78575e-19
401.21087	6.69989e-19
401.22640	6.61439e-19
401.24193	6.62108e-19
401.25746	6.60966e-19
401.27299	6.52107e-19
401.28852	6.53078e-19
401.30405	6.66481e-19
401.31959	6.69757e-19
401.33513	6.55592e-19
401.35066	6.42088e-19
401.36620	6.36580e-19
401.38174	6.37769e-19
401.39728	6.47619e-19
401.41282	6.52571e-19
401.42836	6.44967e-19
401.44391	6.39250e-19
401.45945	6.39792e-19
401.47500	6.40127e-19
401.49055	6.40046e-19
401.50610	6.37414e-19
401.52165	6.34323e-19
401.53720	6.31205e-19
401.55275	6.33481e-19
401.56831	6.40976e-19
401.58386	6.37875e-19
401.59942	6.35600e-19
401.61497	6.41729e-19
401.63053	6.37826e-19
401.64609	6.25540e-19
401.66165	6.18315e-19
401.67722	6.13865e-19
401.69278	6.12423e-19
401.70834	6.12808e-19
401.72391	6.11250e-19
401.73948	6.14402e-19
401.75505	6.17504e-19
401.77061	6.21864e-19
401.78619	6.32234e-19
401.80176	6.40959e-19
401.81733	6.36241e-19
401.83291	6.17066e-19
401.84848	6.10772e-19
401.86406	6.24110e-19
401.87964	6.28809e-19
401.89521	6.19634e-19
401.91079	6.24348e-19
401.92638	6.27963e-19
401.94196	6.02346e-19
401.95754	5.82605e-19
401.97313	5.88310e-19
401.98871	6.00589e-19
402.00430	6.02624e-19
402.01989	5.93020e-19
402.03548	5.87451e-19
402.05107	5.88892e-19
402.06666	5.90229e-19
402.08226	5.90862e-19
402.09785	5.94119e-19
402.11345	5.96545e-19
402.12905	5.91540e-19
402.14465	5.75782e-19
402.16024	5.57876e-19
402.17585	5.53878e-19
402.19145	5.64884e-19
402.20705	5.68927e-19
402.22266	5.55629e-19
402.23826	5.52135e-19
402.25387	5.56870e-19
402.26948	5.50315e-19
402.28509	5.47179e-19
402.30070	5.58887e-19
402.31631	5.69026e-19
402.33192	5.62782e-19
402.34754	5.57909e-19
402.36315	5.57345e-19
402.37877	5.56001e-19
402.39439	5.64356e-19
402.41000	5.66226e-19
402.42562	5.52108e-19
402.44125	5.43837e-19
402.45687	5.48035e-19
402.47249	5.49932e-19
402.48812	5.49073e-19
402.50374	5.41353e-19
402.51937	5.32351e-19
402.53500	5.39336e-19
402.55063	5.45639e-19
402.56626	5.40850e-19
402.58189	5.32385e-19
402.59753	5.30167e-19
402.61316	5.38282e-19
402.62880	5.43270e-19
402.64444	5.41077e-19
402.66007	5.35580e-19
402.67571	5.26896e-19
402.69136	5.24564e-19
402.70700	5.29240e-19
402.72264	5.23975e-19
402.73829	5.14242e-19
402.75393	5.16735e-19
402.76958	5.35840e-19
402.78523	5.51362e-19
402.80088	5.44105e-19
402.81653	5.33988e-19
402.83218	5.33372e-19
402.84783	5.40329e-19
402.86349	5.46636e-19
402.87914	5.48459e-19
402.89480	5.50707e-19
402.91046	5.50890e-19
402.92612	5.51772e-19
402.94178	5.44780e-19
402.95744	5.35728e-19
402.97310	5.37646e-19
402.98876	5.44562e-19
403.00443	5.49930e-19
403.02010	5.45429e-19
403.03576	5.42731e-19
403.05143	5.42829e-19
403.06710	5.33716e-19
403.08277	5.24627e-19
403.09845	5.16952e-19
403.11412	5.17010e-19
403.12980	5.22193e-19
403.14547	5.16831e-19
403.16115	5.16910e-19
403.17683	5.24997e-19
403.19251	5.24285e-19
403.20819	5.18342e-19
403.22387	5.20481e-19
403.23955	5.33021e-19
403.25524	5.37240e-19
403.27093	5.29681e-19
403.28661	5.23112e-19
403.30230	5.24393e-19
403.31799	5.25511e-19
403.33368	5.19279e-19
403.34937	5.18074e-19
403.36507	5.17953e-19
403.38076	5.22246e-19
403.39646	5.29797e-19
403.41215	5.28733e-19
403.42785	5.37823e-19
403.44355	5.53071e-19
403.45925	5.60309e-19
403.47495	5.55108e-19
403.49066	5.35896e-19
403.50636	5.37144e-19
403.52207	5.56854e-19
403.53777	5.55566e-19
403.55348	5.45980e-19
403.56919	5.41600e-19
403.58490	5.41049e-19
403.60061	5.46182e-19
403.61633	5.40728e-19
403.63204	5.34922e-19
403.64776	5.43133e-19
403.66347	5.48493e-19
403.67919	5.44839e-19
403.69491	5.49642e-19
403.71063	5.60001e-19
403.72635	5.60087e-19
403.74207	5.67076e-19
403.75780	5.88897e-19
403.77352	6.01964e-19
403.78925	6.01935e-19
403.80498	6.14604e-19
403.82070	6.24915e-19
403.83643	6.16782e-19
403.85217	6.24275e-19
403.86790	6.33748e-19
403.88363	6.28155e-19
403.89937	6.27864e-19
403.91510	6.25824e-19
403.93084	6.24461e-19
403.94658	6.29019e-19
403.96232	6.28171e-19
403.97806	6.37730e-19
403.99380	6.55793e-19
404.00955	6.64410e-19
404.02529	6.56334e-19
404.04104	6.33768e-19
404.05678	6.36447e-19
404.07253	6.42475e-19
404.08828	6.28372e-19
404.10403	6.30062e-19
404.11978	6.29864e-19
404.13554	6.24279e-19
404.15129	6.24935e-19
404.16705	6.20211e-19
404.18281	6.17194e-19
404.19856	6.22350e-19
404.21432	6.17987e-19
404.23008	6.00887e-19
404.24585	5.99283e-19
404.26161	6.07753e-19
404.27737	6.15520e-19
404.29314	6.17993e-19
404.30891	6.00926e-19
404.32467	5.82458e-19
404.34044	5.80080e-19
404.35621	5.87036e-19
404.37198	5.91851e-19
404.38776	5.94889e-19
404.40353	5.97211e-19
404.41931	5.90556e-19
404.43508	5.83023e-19
404.45086	5.76964e-19
404.46664	5.70931e-19
404.48242	5.79973e-19
404.49820	5.96004e-19
404.51399	5.96578e-19
404.52977	5.85655e-19
404.54556	5.79813e-19
404.56134	5.73531e-19
404.57713	5.69654e-19
404.59292	5.75596e-19
404.60871	5.74867e-19
404.62450	5.72461e-19
404.64029	5.70417e-19
404.65609	5.74025e-19
404.67188	5.86203e-19
404.68768	5.83500e-19
404.70348	5.83221e-19
404.71928	5.95059e-19
404.73508	6.02520e-19
404.75088	6.14643e-19
404.76668	6.37442e-19
404.78248	6.44665e-19
404.79829	6.28659e-19
404.81409	6.35271e-19
404.82990	6.62519e-19
404.84571	6.85285e-19
404.86152	7.07227e-19
404.87733	7.12742e-19
404.89314	7.14518e-19
404.90896	7.12266e-19
404.92477	6.98535e-19
404.94059	6.96740e-19
404.95641	6.83261e-19
404.97222	6.53198e-19
404.98804	6.29802e-19
405.00387	6.21927e-19
405.01969	6.26576e-19
405.03551	6.31012e-19
405.05134	6.49530e-19
405.06716	6.68170e-19
405.08299	6.70600e-19
405.09882	6.76511e-19
405.11465	6.96976e-19
405.13048	7.20676e-19
405.14631	7.30575e-19
405.16214	7.41608e-19
405.17798	7.47883e-19
405.19381	7.29553e-19
405.20965	7.25191e-19
405.22549	7.49357e-19
405.24133	7.60336e-19
405.25717	7.63769e-19
405.27301	7.62758e-19
405.28886	7.48715e-19
405.30470	7.49765e-19
405.32055	7.36672e-19
405.33639	7.05959e-19
405.35224	6.97740e-19
405.36809	6.86319e-19
405.38394	6.57936e-19
405.39979	6.40117e-19
405.41565	6.48550e-19
405.43150	6.61707e-19
405.44736	6.59094e-19
405.46322	6.50985e-19
405.47907	6.46906e-19
405.49493	6.50014e-19
405.51079	6.40486e-19
405.52666	6.18318e-19
405.54252	6.07421e-19
405.55838	5.95882e-19
405.57425	5.99769e-19
405.59012	6.14609e-19
405.60598	6.00676e-19
405.62185	5.88272e-19
405.63772	5.96851e-19
405.65360	6.10168e-19
405.66947	6.09361e-19
405.68534	5.87191e-19
405.70122	5.73269e-19
405.71710	5.67178e-19
405.73297	5.55287e-19
405.74885	5.49564e-19
405.76473	5.50760e-19
405.78062	5.47193e-19
405.79650	5.44469e-19
405.81238	5.47516e-19
405.82827	5.49043e-19
405.84416	5.59392e-19
405.86004	5.69325e-19
405.87593	5.63690e-19
405.89182	5.62038e-19
405.90772	5.64350e-19
405.92361	5.59296e-19
405.93950	5.57109e-19
405.95540	5.66000e-19
405.97129	5.83590e-19
405.98719	5.87633e-19
406.00309	5.69830e-19
406.01899	5.65904e-19
406.03489	5.76477e-19
406.05080	5.69841e-19
406.06670	5.62305e-19
406.08261	5.65009e-19
406.09851	5.53424e-19
406.11442	5.39176e-19
406.13033	5.49617e-19
406.14624	5.72690e-19
406.16215	5.86898e-19
406.17807	5.85190e-19
406.19398	5.83546e-19
406.20990	5.85380e-19
406.22581	5.79110e-19
406.24173	5.91872e-19
406.25765	6.05363e-19
406.27357	5.88297e-19
406.28949	5.78605e-19
406.30541	5.83983e-19
406.32134	5.93999e-19
406.33726	5.96500e-19
406.35319	5.80507e-19
406.36912	5.67127e-19
406.38505	5.52394e-19
406.40098	5.39841e-19
406.41691	5.40723e-19
406.43284	5.39460e-19
406.44878	5.34686e-19
406.46471	5.23828e-19
406.48065	5.06859e-19
406.49659	5.01247e-19
406.51253	5.14670e-19
406.52847	5.29457e-19
406.54441	5.29664e-19
406.56035	5.31037e-19
406.57630	5.30881e-19
406.59224	5.21539e-19
406.60819	5.19479e-19
406.62414	5.11572e-19
406.64008	4.93178e-19
406.65603	4.81979e-19
406.67199	4.74375e-19
406.68794	4.69616e-19
406.70389	4.71905e-19
406.71985	4.70276e-19
406.73581	4.66600e-19
406.75176	4.75898e-19
406.76772	4.82835e-19
406.78368	4.80155e-19
406.79964	4.82400e-19
406.81561	4.85080e-19
406.83157	4.89034e-19
406.84754	4.90398e-19
406.86350	4.84098e-19
406.87947	4.84879e-19
406.89544	4.84253e-19
406.91141	4.74816e-19
406.92738	4.68302e-19
406.94336	4.65747e-19
406.95933	4.73477e-19
406.97531	4.85303e-19
406.99128	4.91120e-19
407.00726	4.91912e-19
407.02324	4.85457e-19
407.03922	4.83024e-19
407.05520	4.81377e-19
407.07119	4.72681e-19
407.08717	4.69450e-19
407.10316	4.69640e-19
407.11914	4.64173e-19
407.13513	4.60609e-19
407.15112	4.64598e-19
407.16711	4.68450e-19
407.18310	4.76591e-19
407.19909	4.89269e-19
407.21509	4.89883e-19
407.23108	4.82432e-19
407.24708	4.83547e-19
407.26308	4.93420e-19
407.27908	5.00682e-19
407.29508	4.93928e-19
407.31108	4.77217e-19
407.32708	4.72428e-19
407.34309	4.78631e-19
407.35909	4.81677e-19
407.37510	4.82670e-19
407.39111	4.77804e-19
407.40712	4.74284e-19
407.42313	4.79179e-19
407.43914	4.86118e-19
407.45515	4.93157e-19
407.47117	4.95480e-19
407.48718	5.04042e-19
407.50320	5.19722e-19
407.51922	5.19648e-19
407.53524	5.08046e-19
407.55126	5.02696e-19
407.56728	5.03399e-19
407.58331	5.03613e-19
407.59933	5.04240e-19
407.61536	5.04394e-19
407.63138	5.07589e-19
407.64741	5.18683e-19
407.66344	5.26445e-19
407.67947	5.35619e-19
407.69550	5.60579e-19
407.71154	5.83269e-19
407.72757	5.80565e-19
407.74361	5.66303e-19
407.75964	5.62251e-19
407.77568	5.66600e-19
407.79172	5.68590e-19
407.80776	5.56977e-19
407.82381	5.46904e-19
407.83985	5.58790e-19
407.85589	5.72233e-19
407.87194	5.82337e-19
407.88799	5.95583e-19
407.90403	5.99044e-19
407.92008	6.11736e-19
407.93614	6.41633e-19
407.95219	6.60698e-19
407.96824	6.73655e-19
407.98430	6.87233e-19
408.00035	6.84645e-19
408.01641	6.65475e-19
408.03247	6.36328e-19
408.04853	6.12985e-19
408.06459	6.03385e-19
408.08065	6.04791e-19
408.09672	6.23294e-19
408.11278	6.32111e-19
408.12885	6.38546e-19
408.14491	6.65457e-19
408.16098	6.69110e-19
408.17705	6.69460e-19
408.19312	6.96950e-19
408.20920	7.02697e-19
408.22527	6.95967e-19
408.24134	6.99092e-19
408.25742	7.23551e-19
408.27350	7.82921e-19
408.28958	8.06897e-19
408.30566	8.03436e-19
408.32174	8.02835e-19
408.33782	7.58326e-19
408.35391	7.32742e-19
408.36999	7.53990e-19
408.38608	7.67767e-19
408.40216	7.70833e-19
408.41825	7.72391e-19
408.43434	7.80255e-19
408.45044	7.79457e-19
408.46653	7.70638e-19
408.48262	7.65481e-19
408.49872	7.43749e-19
408.51481	7.29283e-19
408.53091	7.45242e-19
408.54701	7.53825e-19
408.56311	7.52569e-19
408.57921	7.39358e-19
408.59532	7.04650e-19
408.61142	6.88331e-19
408.62753	6.94931e-19
408.64363	7.03036e-19
408.65974	7.05025e-19
408.67585	6.97724e-19
408.69196	6.93142e-19
408.70807	6.93853e-19
408.72418	6.85846e-19
408.74030	6.81645e-19
408.75641	6.81764e-19
408.77253	6.63150e-19
408.78865	6.46450e-19
408.80477	6.38338e-19
408.82089	6.37567e-19
408.83701	6.48964e-19
408.85314	6.55190e-19
408.86926	6.50060e-19
408.88539	6.42931e-19
408.90151	6.51486e-19
408.91764	6.58139e-19
408.93377	6.46159e-19
408.94990	6.37183e-19
408.96603	6.48348e-19
408.98217	6.67433e-19
408.99830	6.69795e-19
409.01444	6.64921e-19
409.03057	6.65750e-19
409.04671	6.51629e-19
409.06285	6.24975e-19
409.07899	6.17161e-19
409.09514	6.09410e-19
409.11128	5.90579e-19
409.12742	5.87608e-19
409.14357	5.91905e-19
409.15972	5.82503e-19
409.17587	5.71611e-19
409.19202	5.83655e-19
409.20817	5.95210e-19
409.22432	5.92367e-19
409.24047	6.02566e-19
409.25663	6.18641e-19
409.27279	6.26273e-19
409.28894	6.31264e-19
409.30510	6.22827e-19
409.32126	6.15214e-19
409.33742	6.32949e-19
409.35359	6.39377e-19
409.36975	6.33232e-19
409.38592	6.38768e-19
409.40208	6.47528e-19
409.41825	6.62134e-19
409.43442	6.72706e-19
409.45059	6.79688e-19
409.46676	6.69252e-19
409.48294	6.42784e-19
409.49911	6.52412e-19
409.51528	6.68508e-19
409.53146	6.55462e-19
409.54764	6.54486e-19
409.56382	6.63309e-19
409.58000	6.59199e-19
409.59618	6.55531e-19
409.61236	6.73897e-19
409.62855	6.96826e-19
409.64473	6.78647e-19
409.66092	6.46500e-19
409.67711	6.32279e-19
409.69330	6.22447e-19
409.70949	6.30266e-19
409.72568	6.36176e-19
409.74188	6.10499e-19
409.75807	5.88556e-19
409.77427	5.88322e-19
409.79046	5.87711e-19
409.80666	5.89142e-19
409.82286	5.89294e-19
409.83906	5.78085e-19
409.85527	5.66191e-19
409.87147	5.64542e-19
409.88767	5.76780e-19
409.90388	5.81771e-19
409.92009	5.77079e-19
409.93630	5.81009e-19
409.95251	5.83280e-19
409.96872	5.82647e-19
409.98493	5.83440e-19
410.00114	5.78177e-19
410.01736	5.74975e-19
410.03358	5.83231e-19
410.04979	5.97454e-19
410.06601	6.13351e-19
410.08223	6.19507e-19
410.09846	6.08072e-19
410.11468	5.89262e-19
410.13090	5.81509e-19
410.14713	6.02183e-19
410.16335	6.23603e-19
410.17958	6.31688e-19
410.19581	6.53623e-19
410.21204	6.64547e-19
410.22827	6.63289e-19
410.24451	6.88458e-19
410.26074	7.08586e-19
410.27698	7.09036e-19
410.29321	7.21497e-19
410.30945	7.39754e-19
410.32569	7.53965e-19
410.34193	7.58255e-19
410.35818	7.43943e-19
410.37442	7.12954e-19
410.39066	6.89861e-19
410.40691	6.97777e-19
410.42316	7.01694e-19
410.43941	6.93211e-19
410.45566	6.98168e-19
410.47191	7.15861e-19
410.48816	7.44462e-19
410.50441	7.64471e-19
410.52067	7.56188e-19
410.53692	7.33539e-19
410.55318	7.33340e-19
410.56944	7.37467e-19
410.58570	7.10633e-19
410.60196	6.92798e-19
410.61823	7.05535e-19
410.63449	7.20035e-19
410.65075	7.05192e-19
410.66702	6.69324e-19
410.68329	6.51291e-19
410.69956	6.56306e-19
410.71583	6.70995e-19
410.73210	6.73603e-19
410.74837	6.59850e-19
410.76465	6.52401e-19
410.78092	6.60287e-19
410.79720	6.72075e-19
410.81348	6.67697e-19
410.82976	6.60467e-19
410.84604	6.74971e-19
410.86232	6.95062e-19
410.87860	6.89575e-19
410.89489	6.63900e-19
410.91118	6.54068e-19
410.92746	6.53669e-19
410.94375	6.41276e-19
410.96004	6.31594e-19
410.97633	6.34827e-19
410.99262	6.46794e-19
411.00892	6.51923e-19
411.02521	6.40051e-19
411.04151	6.11911e-19
411.05781	5.83383e-19
411.07411	5.82868e-19
411.09041	5.86889e-19
411.10671	5.75209e-19
411.12301	5.75374e-19
411.13931	5.81029e-19
411.15562	5.81053e-19
411.17193	5.88428e-19
411.18823	5.87265e-19
411.20454	5.70566e-19
411.22085	5.64817e-19
411.23717	5.69384e-19
411.25348	5.69331e-19
411.26979	5.64009e-19
411.28611	5.55300e-19
411.30243	5.54147e-19
411.31874	5.57974e-19
411.33506	5.53546e-19
411.35138	5.44188e-19
411.36771	5.42725e-19
411.38403	5.44987e-19
411.40036	5.38885e-19
411.41668	5.38508e-19
411.43301	5.33823e-19
411.44934	5.21115e-19
411.46567	5.30399e-19
411.48200	5.42263e-19
411.49833	5.46673e-19
411.51466	5.51290e-19
411.53100	5.35292e-19
411.54734	5.12118e-19
411.56367	5.04631e-19
411.58001	5.05867e-19
411.59635	5.13241e-19
411.61270	5.19145e-19
411.62904	5.12285e-19
411.64538	5.08933e-19
411.66173	5.12895e-19
411.67807	5.13980e-19
411.69442	5.20952e-19
411.71077	5.30298e-19
411.72712	5.38682e-19
411.74347	5.50629e-19
411.75983	5.56333e-19
411.77618	5.49305e-19
411.79254	5.36197e-19
411.80890	5.31893e-19
411.82525	5.29490e-19
411.84161	5.12493e-19
411.85798	5.09063e-19
411.87434	5.22362e-19
411.89070	5.17781e-19
411.90707	5.13684e-19
411.92343	5.27579e-19
411.93980	5.43893e-19
411.95617	5.53358e-19
411.97254	5.49891e-19
411.98891	5.38754e-19
412.00528	5.31353e-19
412.02166	5.32431e-19
412.03803	5.38054e-19
412.05441	5.38298e-19
412.07079	5.24920e-19
412.08717	5.07997e-19
412.10355	5.06378e-19
412.11993	5.17322e-19
412.13631	5.25612e-19
412.15270	5.20656e-19
412.16908	5.20833e-19
412.18547	5.35696e-19
412.20186	5.32522e-19
412.21825	5.26163e-19
412.23464	5.36937e-19
412.25103	5.28257e-19
412.26743	5.11588e-19
412.28382	5.12857e-19
412.30022	5.15157e-19
412.31661	5.12337e-19
412.33301	5.09308e-19
412.34941	5.11479e-19
412.36581	5.15199e-19
412.38222	5.28198e-19
412.39862	5.58327e-19
412.41503	5.71195e-19
412.43143	5.59263e-19
412.44784	5.45805e-19
412.46425	5.36138e-19
412.48066	5.36077e-19
412.49707	5.36633e-19
412.51349	5.41861e-19
412.52990	5.65583e-19
412.54632	5.91759e-19
412.56273	6.01633e-19
412.57915	5.92721e-19
412.59557	5.98238e-19
412.61199	6.14651e-19
412.62842	6.11095e-19
412.64484	6.06651e-19
412.66126	6.06631e-19
412.67769	6.02339e-19
412.69412	6.03394e-19
412.71055	6.22415e-19
412.72698	6.35197e-19
412.74341	6.34157e-19
412.75984	6.40103e-19
412.77628	6.29495e-19
412.79271	5.97889e-19
412.80915	5.84005e-19
412.82559	6.15942e-19
412.84203	6.35666e-19
412.85847	6.19140e-19
412.87491	6.29331e-19
412.89135	6.41571e-19
412.90780	6.26234e-19
412.92424	6.14090e-19
412.94069	6.21184e-19
412.95714	6.39581e-19
412.97359	6.56672e-19
412.99004	6.64873e-19
413.00649	6.67992e-19
413.02295	6.79194e-19
413.03940	7.07065e-19
413.05586	7.44968e-19
413.07231	7.48347e-19
413.08877	7.19853e-19
413.10523	7.14563e-19
413.12170	7.33493e-19
413.13816	7.35271e-19
413.15462	7.32551e-19
413.17109	7.53024e-19
413.18756	7.54548e-19
413.20402	7.44648e-19
413.22049	7.48151e-19
413.23696	7.45828e-19
413.25344	7.42940e-19
413.26991	7.33202e-19
413.28638	7.38390e-19
413.30286	7.69744e-19
413.31934	7.78539e-19
413.33582	7.98935e-19
413.35230	8.51764e-19
413.36878	8.71487e-19
413.38526	8.60802e-19
413.40174	8.46529e-19
413.41823	8.48098e-19
413.43472	8.48866e-19
413.45120	8.32314e-19
413.46769	8.16857e-19
413.48418	7.81883e-19
413.50068	7.79402e-19
413.51717	8.15532e-19
413.53366	8.29711e-19
413.55016	8.39370e-19
413.56666	8.34098e-19
413.58316	8.18514e-19
413.59965	8.10143e-19
413.61616	8.10398e-19
413.63266	8.23727e-19
413.64916	8.21086e-19
413.66567	7.93917e-19
413.68217	7.61136e-19
413.69868	7.53308e-19
413.71519	7.57245e-19
413.73170	7.34130e-19
413.74821	7.09918e-19
413.76472	7.17784e-19
413.78124	7.48572e-19
413.79775	7.55892e-19
413.81427	7.31482e-19
413.83079	6.97914e-19
413.84731	6.71069e-19
413.86383	6.68896e-19
413.88035	6.55217e-19
413.89688	6.34148e-19
413.91340	6.31518e-19
413.92993	6.30116e-19
413.94645	6.23017e-19
413.96298	6.06612e-19
413.97951	5.89775e-19
413.99604	5.76413e-19
414.01258	5.82791e-19
414.02911	5.94502e-19
414.04565	5.82100e-19
414.06218	5.71129e-19
414.07872	5.71925e-19
414.09526	5.69824e-19
414.11180	5.61438e-19
414.12834	5.59433e-19
414.14489	5.53163e-19
414.16143	5.30984e-19
414.17798	5.15910e-19
414.19452	5.11374e-19
414.21107	5.15166e-19
414.22762	5.34369e-19
414.24417	5.46998e-19
414.26073	5.49245e-19
414.27728	5.53656e-19
414.29384	5.46062e-19
414.31039	5.32138e-19
414.32695	5.22434e-19
414.34351	5.18937e-19
414.36007	5.16330e-19
414.37663	5.18565e-19
414.39319	5.32100e-19
414.40976	5.45262e-19
414.42633	5.60300e-19
414.44289	5.69980e-19
414.45946	5.79296e-19
414.47603	5.82424e-19
414.49260	5.73181e-19
414.50917	5.78430e-19
414.52575	5.92686e-19
414.54232	5.93548e-19
414.55890	5.81682e-19
414.57548	5.79433e-19
414.59206	5.93497e-19
414.60864	6.13193e-19
414.62522	6.13055e-19
414.64180	5.96379e-19
414.65839	5.96001e-19
414.67497	5.93730e-19
414.69156	5.84467e-19
414.70815	5.94341e-19
414.72474	6.11570e-19
414.74133	6.07024e-19
414.75792	5.87004e-19
414.77451	5.88422e-19
414.79111	5.97235e-19
414.80770	5.79604e-19
414.82430	5.92910e-19
414.84090	6.26755e-19
414.85750	5.97747e-19
414.87410	5.60660e-19
414.89071	5.67702e-19
414.90731	5.79778e-19
414.92392	5.81457e-19
414.94052	5.83724e-19
414.95713	5.84340e-19
414.97374	5.90925e-19
414.99035	5.96384e-19
415.00696	5.89809e-19
415.02358	6.02355e-19
415.04019	6.22456e-19
415.05681	6.24776e-19
415.07343	6.13814e-19
415.09004	6.05477e-19
415.10666	6.05702e-19
415.12329	6.05630e-19
415.13991	6.07158e-19
415.15653	5.94263e-19
415.17316	5.81519e-19
415.18979	5.84985e-19
415.20641	5.80690e-19
415.22304	5.78027e-19
415.23967	5.96500e-19
415.25631	5.99264e-19
415.27294	5.75333e-19
415.28957	5.56314e-19
415.30621	5.26537e-19
415.32285	5.09974e-19
415.33949	5.30106e-19
415.35613	5.40705e-19
415.37277	5.37418e-19
415.38941	5.38306e-19
415.40606	5.33590e-19
415.42270	5.23091e-19
415.43935	5.18314e-19
415.45600	5.18172e-19
415.47265	5.14742e-19
415.48930	5.05664e-19
415.50595	4.97182e-19
415.52260	4.86636e-19
415.53926	4.77476e-19
415.55591	4.78255e-19
415.57257	4.76159e-19
415.58923	4.68263e-19
415.60589	4.62955e-19
415.62255	4.65398e-19
415.63922	4.67404e-19
415.65588	4.62961e-19
415.67255	4.60649e-19
415.68921	4.56674e-19
415.70588	4.49366e-19
415.72255	4.47925e-19
415.73922	4.50968e-19
415.75589	4.51636e-19
415.77257	4.61213e-19
415.78924	4.70985e-19
415.80592	4.63449e-19
415.82260	4.59852e-19
415.83927	4.69437e-19
415.85595	4.84003e-19
415.87264	4.89214e-19
415.88932	4.79914e-19
415.90600	4.76516e-19
415.92269	4.87315e-19
415.93938	4.98947e-19
415.95606	4.95795e-19
415.97275	4.87843e-19
415.98945	4.83211e-19
416.00614	4.82520e-19
416.02283	4.81499e-19
416.03953	4.70427e-19
416.05622	4.68623e-19
416.07292	4.70310e-19
416.08962	4.64621e-19
416.10632	4.63368e-19
416.12302	4.63231e-19
416.13972	4.73496e-19
416.15643	4.81362e-19
416.17313	4.72467e-19
416.18984	4.74749e-19
416.20655	4.85224e-19
416.22326	4.89658e-19
416.23997	4.93008e-19
416.25668	4.91464e-19
416.27340	4.87017e-19
416.29011	4.85977e-19
416.30683	5.04673e-19
416.32355	5.17051e-19
416.34027	4.85215e-19
416.35699	4.59897e-19
416.37371	4.73622e-19
416.39043	4.90118e-19
416.40716	4.95058e-19
416.42388	4.95410e-19
416.44061	4.85758e-19
416.45734	4.81524e-19
416.47407	4.83267e-19
416.49080	4.68609e-19
416.50753	4.63413e-19
416.52426	4.82941e-19
416.54100	5.03040e-19
416.55774	5.06769e-19
416.57447	5.05118e-19
416.59121	5.04413e-19
416.60795	5.03197e-19
416.62470	5.18494e-19
416.64144	5.28343e-19
416.65818	5.11603e-19
416.67493	4.97187e-19
416.69168	4.98013e-19
416.70843	5.00078e-19
416.72518	4.95463e-19
416.74193	4.84523e-19
416.75868	4.85277e-19
416.77544	4.93992e-19
416.79219	4.89577e-19
416.80895	4.85223e-19
416.82571	4.75789e-19
416.84247	4.69053e-19
416.85923	4.85234e-19
416.87599	4.93916e-19
416.89275	4.86962e-19
416.90952	4.82026e-19
416.92628	4.82610e-19
416.94305	4.89889e-19
416.95982	4.92412e-19
416.97659	4.94052e-19
416.99336	5.02623e-19
417.01013	5.16692e-19
417.02691	5.37901e-19
417.04368	5.34923e-19
417.06046	5.22829e-19
417.07724	5.40780e-19
417.09402	5.62788e-19
417.11080	5.54630e-19
417.12758	5.24551e-19
417.14437	5.21829e-19
417.16115	5.33119e-19
417.17794	5.44641e-19
417.19473	5.68986e-19
417.21152	5.76929e-19
417.22831	5.87683e-19
417.24510	6.04256e-19
417.26189	5.96621e-19
417.27869	5.85247e-19
417.29548	6.00649e-19
417.31228	6.10536e-19
417.32908	5.83083e-19
417.34588	5.68767e-19
417.36268	5.65892e-19
417.37948	5.50993e-19
417.39629	5.53393e-19
417.41309	5.50360e-19
417.42990	5.40583e-19
417.44671	5.56395e-19
417.46352	5.74911e-19
417.48033	5.78663e-19
417.49714	5.65140e-19
417.51395	5.36773e-19
417.53077	5.20736e-19
417.54758	5.35317e-19
417.56440	5.49920e-19
417.58122	5.30411e-19
417.59804	5.11007e-19
417.61486	5.20804e-19
417.63169	5.45399e-19
417.64851	5.57534e-19
417.66534	5.45738e-19
417.68216	5.40538e-19
417.69899	5.38213e-19
417.71582	5.39618e-19
417.73265	5.61853e-19
417.74948	5.63376e-19
417.76632	5.49615e-19
417.78315	5.59064e-19
417.79999	5.88071e-19
417.81683	6.12860e-19
417.83367	5.97824e-19
417.85051	5.73161e-19
417.86735	5.80442e-19
417.88419	5.90573e-19
417.90104	5.91549e-19
417.91788	5.87137e-19
417.93473	5.69507e-19
417.95158	5.65678e-19
417.96843	5.80720e-19
417.98528	5.68684e-19
418.00213	5.35219e-19
418.01899	5.21206e-19
418.03584	5.23679e-19
418.05270	5.25168e-19
418.06956	5.35094e-19
418.08642	5.51650e-19
418.10328	5.61663e-19
418.12014	5.75792e-19
418.13701	5.80385e-19
418.15387	5.71160e-19
418.17074	5.67084e-19
418.18761	5.69894e-19
418.20448	5.83606e-19
418.22135	5.92125e-19
418.23822	5.84693e-19
418.25509	5.76532e-19
418.27197	5.58831e-19
418.28884	5.39540e-19
418.30572	5.48337e-19
418.32260	5.52818e-19
418.33948	5.51311e-19
418.35636	5.68831e-19
418.37324	5.68028e-19
418.39013	5.62813e-19
418.40701	5.61100e-19
418.42390	5.57198e-19
418.44079	5.74637e-19
418.45768	5.82119e-19
418.47457	5.97101e-19
418.49146	6.16588e-19
418.50835	6.09568e-19
418.52525	6.21104e-19
418.54215	6.29635e-19
418.55904	6.18700e-19
418.57594	6.00882e-19
418.59284	5.87581e-19
418.60975	6.11286e-19
418.62665	6.22632e-19
418.64355	6.11044e-19
418.66046	6.00704e-19
418.67737	5.93814e-19
418.69428	6.00087e-19
418.71119	5.83813e-19
418.72810	5.62993e-19
418.74501	5.64253e-19
418.76192	5.52428e-19
418.77884	5.28401e-19
418.79576	5.21411e-19
418.81267	5.26501e-19
418.82959	5.17705e-19
418.84652	5.06287e-19
418.86344	5.13700e-19
418.88036	5.24184e-19
418.89729	5.22630e-19
418.91421	5.13396e-19
418.93114	5.06510e-19
418.94807	5.14222e-19
418.96500	5.13250e-19
418.98193	4.97622e-19
418.99887	5.05454e-19
419.01580	5.20951e-19
419.03274	5.21137e-19
419.04967	5.22863e-19
419.06661	5.25694e-19
419.08355	5.29632e-19
419.10050	5.30768e-19
419.11744	5.13408e-19
419.13438	5.03102e-19
419.15133	5.11194e-19
419.16828	5.23347e-19
419.18522	5.43526e-19
419.20217	5.62683e-19
419.21912	5.79362e-19
419.23608	5.86624e-19
419.25303	5.84416e-19
419.26999	6.00934e-19
419.28694	6.32399e-19
419.30390	6.42775e-19
419.32086	6.20646e-19
419.33782	5.98980e-19
419.35478	5.98815e-19
419.37175	6.01785e-19
419.38871	5.98521e-19
419.40568	6.06345e-19
419.42265	6.09823e-19
419.43961	6.00829e-19
419.45658	6.00729e-19
419.47356	5.95351e-19
419.49053	5.89697e-19
419.50750	5.94963e-19
419.52448	5.96597e-19
419.54146	6.01753e-19
419.55844	6.11772e-19
419.57542	6.15304e-19
419.59240	6.31216e-19
419.60938	6.51067e-19
419.62636	6.59962e-19
419.64335	6.81001e-19
419.66034	6.70003e-19
419.67732	6.30360e-19
419.69431	6.18285e-19
419.71131	6.10763e-19
419.72830	6.23430e-19
419.74529	6.44633e-19
419.76229	6.36768e-19
419.77928	6.40300e-19
419.79628	6.54772e-19
419.81328	6.50767e-19
419.83028	6.37267e-19
419.84728	6.34062e-19
419.86429	6.38351e-19
419.88129	6.23530e-19
419.89830	6.09652e-19
419.91530	6.20749e-19
419.93231	6.18214e-19
419.94932	5.96493e-19
419.96634	5.88463e-19
419.98335	5.86677e-19
420.00036	5.88441e-19
420.01738	5.92838e-19
420.03440	5.88683e-19
420.05141	5.83506e-19
420.06843	5.66616e-19
420.08546	5.54180e-19
420.10248	5.67588e-19
420.11950	5.85500e-19
420.13653	6.01997e-19
420.15355	6.06509e-19
420.17058	6.04459e-19
420.18761	6.23361e-19
420.20464	6.41260e-19
420.22168	6.30055e-19
420.23871	6.24746e-19
420.25574	6.46921e-19
420.27278	6.49930e-19
420.28982	6.28824e-19
420.30686	6.28871e-19
420.32390	6.43060e-19
420.34094	6.43019e-19
420.35798	6.30336e-19
420.37503	6.23872e-19
420.39207	6.33815e-19
420.40912	6.32464e-19
420.42617	6.27661e-19
420.44322	6.26999e-19
420.46027	6.12875e-19
420.47733	6.14975e-19
420.49438	6.28460e-19
420.51144	6.45625e-19
420.52849	6.38529e-19
420.54555	6.13557e-19
420.56261	6.21342e-19
420.57967	6.11002e-19
420.59674	6.00352e-19
420.61380	6.03278e-19
420.63087	5.79634e-19
420.64793	5.77493e-19
420.66500	6.09112e-19
420.68207	6.18718e-19
420.69914	5.91964e-19
420.71621	5.87521e-19
420.73329	6.06042e-19
420.75036	6.16397e-19
420.76744	6.23391e-19
420.78452	6.34456e-19
420.80160	6.58103e-19
420.81868	6.69876e-19
420.83576	6.79181e-19
420.85284	6.86519e-19
420.86993	6.71051e-19
420.88701	6.53778e-19
420.90410	6.27139e-19
420.92119	6.05282e-19
420.93828	6.13107e-19
420.95537	6.20903e-19
420.97247	6.26522e-19
420.98956	6.40359e-19
421.00666	6.39709e-19
421.02376	6.36213e-19
421.04085	6.51824e-19
421.05795	6.53942e-19
421.07506	6.31340e-19
421.09216	6.08204e-19
421.10926	5.93985e-19
421.12637	6.00125e-19
421.14348	6.06658e-19
421.16058	5.96983e-19
421.17769	5.93690e-19
421.19481	5.91737e-19
421.21192	5.83452e-19
421.22903	5.79834e-19
421.24615	5.70519e-19
421.26326	5.50463e-19
421.28038	5.44953e-19
421.29750	5.67883e-19
421.31462	5.91011e-19
421.33175	5.74455e-19
421.34887	5.41292e-19
421.36600	5.37704e-19
421.38312	5.48327e-19
421.40025	5.43696e-19
421.41738	5.32031e-19
421.43451	5.38159e-19
421.45164	5.46148e-19
421.46878	5.43618e-19
421.48591	5.42344e-19
421.50305	5.30125e-19
421.52018	5.16203e-19
421.53732	5.27269e-19
421.55446	5.56048e-19
421.57161	5.65726e-19
421.58875	5.57293e-19
421.60589	5.65061e-19
421.62304	5.84778e-19
421.64019	5.88866e-19
421.65734	5.74253e-19
421.67449	5.61872e-19
421.69164	5.54583e-19
421.70879	5.46853e-19
421.72595	5.50741e-19
421.74310	5.70718e-19
421.76026	5.89460e-19
421.77742	6.08485e-19
421.79458	6.24710e-19
421.81174	6.14454e-19
421.82890	6.12552e-19
421.84607	6.42555e-19
421.86323	6.58025e-19
421.88040	6.49716e-19
421.89757	6.40503e-19
421.91474	6.32771e-19
421.93191	6.56993e-19
421.94908	6.99766e-19
421.96626	7.07787e-19
421.98343	6.95413e-19
422.00061	6.64132e-19
422.01779	6.37117e-19
422.03497	6.51704e-19
422.05215	6.66539e-19
422.06933	6.66971e-19
422.08651	6.76912e-19
422.10370	6.81370e-19
422.12089	6.57820e-19
422.13807	6.43425e-19
422.15526	6.45834e-19
422.17245	6.13071e-19
422.18965	5.85529e-19
422.20684	6.07819e-19
422.22403	6.32356e-19
422.24123	6.35190e-19
422.25843	6.16367e-19
422.27563	5.93161e-19
422.29283	6.02429e-19
422.31003	6.25588e-19
422.32723	6.27263e-19
422.34444	6.11713e-19
422.36165	6.07170e-19
422.37885	6.21150e-19
422.39606	6.24359e-19
422.41327	6.20303e-19
422.43048	6.13535e-19
422.44770	5.99217e-19
422.46491	6.02889e-19
422.48213	6.01666e-19
422.49935	5.95680e-19
422.51656	6.20352e-19
422.53379	6.37916e-19
422.55101	6.22542e-19
422.56823	5.98639e-19
422.58545	5.88857e-19
422.60268	5.82824e-19
422.61991	5.68168e-19
422.63714	5.70420e-19
422.65437	5.91497e-19
422.67160	6.07575e-19
422.68883	6.01000e-19
422.70606	5.73122e-19
422.72330	5.62825e-19
422.74054	5.81795e-19
422.75778	6.00841e-19
422.77502	6.00147e-19
422.79226	5.82894e-19
422.80950	5.75974e-19
422.82674	5.69637e-19
422.84399	5.60279e-19
422.86124	5.70761e-19
422.87849	5.82244e-19
422.89574	5.99073e-19
422.91299	6.12141e-19
422.93024	5.87332e-19
422.94749	5.58725e-19
422.96475	5.59403e-19
422.98201	5.66366e-19
422.99926	5.73843e-19
423.01652	5.77146e-19
423.03378	5.61159e-19
423.05105	5.62568e-19
423.06831	5.77781e-19
423.08558	5.76199e-19
423.10284	5.73676e-19
423.12011	5.65213e-19
423.13738	5.50465e-19
423.15465	5.38028e-19
423.17192	5.32855e-19
423.18920	5.55062e-19
423.20647	5.80686e-19
423.22375	5.95185e-19
423.24103	6.34843e-19
423.25831	6.65907e-19
423.27559	6.58360e-19
423.29287	6.52390e-19
423.31015	6.44969e-19
423.32744	6.26349e-19
423.34472	6.09971e-19
423.36201	5.90991e-19
423.37930	5.73507e-19
423.39659	5.71315e-19
423.41388	5.86311e-19
423.43118	6.24402e-19
423.44847	6.60998e-19
423.46577	6.73760e-19
423.48307	6.90670e-19
423.50037	6.93861e-19
423.51767	6.60052e-19
423.53497	6.32715e-19
423.55227	6.36163e-19
423.56958	6.43986e-19
423.58688	6.33761e-19
423.60419	6.16997e-19
423.62150	6.25915e-19
423.63881	6.42848e-19
423.65612	6.39438e-19
423.67343	6.35806e-19
423.69075	6.17063e-19
423.70807	5.98473e-19
423.72538	6.04295e-19
423.74270	6.01776e-19
423.76002	6.06484e-19
423.77734	6.33664e-19
423.79467	6.64425e-19
423.81199	6.83148e-19
423.82932	6.75771e-19
423.84665	6.56047e-19
423.86397	6.46473e-19
423.88130	6.49993e-19
423.89864	6.51811e-19
423.91597	6.37541e-19
423.93330	6.29373e-19
423.95064	6.27470e-19
423.96798	6.12618e-19
423.98532	6.31649e-19
424.00266	6.65852e-19
424.02000	6.53395e-19
424.03734	6.41889e-19
424.05469	6.58323e-19
424.07203	6.94332e-19
424.08938	7.54328e-19
424.10673	7.62896e-19
424.12408	7.03159e-19
424.14143	6.49523e-19
424.15878	6.15707e-19
424.17614	6.12493e-19
424.19349	6.13576e-19
424.21085	5.97716e-19
424.22821	6.11205e-19
424.24557	6.33483e-19
424.26293	6.36280e-19
424.28029	6.23894e-19
424.29766	6.31210e-19
424.31502	6.65412e-19
424.33239	6.75708e-19
424.34976	6.66229e-19
424.36713	6.54350e-19
424.38450	6.75945e-19
424.40187	7.11934e-19
424.41925	7.17023e-19
424.43662	7.27067e-19
424.45400	7.24771e-19
424.47138	7.21807e-19
424.48876	7.22828e-19
424.50614	6.96533e-19
424.52352	6.86148e-19
424.54091	6.81414e-19
424.55829	6.82991e-19
424.57568	6.94546e-19
424.59307	6.82087e-19
424.61046	6.80991e-19
424.62785	6.94522e-19
424.64524	6.82272e-19
424.66264	6.72163e-19
424.68003	6.88628e-19
424.69743	6.77288e-19
424.71483	6.52056e-19
424.73223	6.54506e-19
424.74963	6.48126e-19
424.76703	6.60615e-19
424.78444	6.87473e-19
424.80184	6.71050e-19
424.81925	6.56299e-19
424.83666	6.60546e-19
424.85407	6.50710e-19
424.87148	6.35022e-19
424.88889	6.28764e-19
424.90631	6.25286e-19
424.92372	5.97942e-19
424.94114	5.72652e-19
424.95856	5.76028e-19
424.97598	5.78664e-19
424.99340	5.86268e-19
425.01082	5.83881e-19
425.02824	5.53758e-19
425.04567	5.52690e-19
425.06310	5.74076e-19
425.08053	5.53613e-19
425.09796	5.22007e-19
425.11539	5.35520e-19
425.13282	5.56005e-19
425.15025	5.48891e-19
425.16769	5.45329e-19
425.18513	5.40987e-19
425.20257	5.29118e-19
425.22001	5.33111e-19
425.23745	5.29428e-19
425.25489	5.13244e-19
425.27233	5.03728e-19
425.28978	4.98533e-19
425.30723	5.03269e-19
425.32467	5.00871e-19
425.34212	4.97676e-19
425.35958	5.02302e-19
425.37703	5.04578e-19
425.39448	5.29671e-19
425.41194	5.47302e-19
425.42940	5.44661e-19
425.44685	5.45715e-19
425.46431	5.33021e-19
425.48178	5.30572e-19
425.49924	5.25158e-19
425.51670	5.16560e-19
425.53417	5.50329e-19
425.55164	5.68800e-19
425.56910	5.39379e-19
425.58657	5.08604e-19
425.60405	4.90265e-19
425.62152	4.73182e-19
425.63899	4.66112e-19
425.65647	4.72821e-19
425.67395	4.76224e-19
425.69142	4.84477e-19
425.70890	4.94497e-19
425.72639	4.80713e-19
425.74387	4.63189e-19
425.76135	4.67268e-19
425.77884	4.70258e-19
425.79633	4.56939e-19
425.81381	4.42888e-19
425.83130	4.39162e-19
425.84880	4.39717e-19
425.86629	4.36855e-19
425.88378	4.35862e-19
425.90128	4.44940e-19
425.91878	4.58166e-19
425.93628	4.64677e-19
425.95378	4.59694e-19
425.97128	4.42864e-19
425.98878	4.31376e-19
426.00628	4.27669e-19
426.02379	4.18741e-19
426.04130	4.04376e-19
426.05881	3.91572e-19
426.07632	3.96042e-19
426.09383	4.11450e-19
426.11134	4.23218e-19
426.12886	4.22851e-19
426.14637	4.11535e-19
426.16389	4.06708e-19
426.18141	4.07827e-19
426.19893	4.06317e-19
426.21645	4.01387e-19
426.23397	3.99322e-19
426.25150	4.05691e-19
426.26902	4.15515e-19
426.28655	4.23504e-19
426.30408	4.27607e-19
426.32161	4.22098e-19
426.33914	4.18994e-19
426.35668	4.26147e-19
426.37421	4.26133e-19
426.39175	4.22776e-19
426.40929	4.19881e-19
426.42682	4.15050e-19
426.44436	4.11604e-19
426.46191	4.05924e-19
426.47945	4.07416e-19
426.49699	4.22199e-19
426.51454	4.33096e-19
426.53209	4.32861e-19
426.54964	4.27955e-19
426.56719	4.23157e-19
426.58474	4.23502e-19
426.60229	4.13886e-19
426.61985	4.02237e-19
426.63741	4.01112e-19
426.65496	3.95978e-19
426.67252	4.01186e-19
426.69008	4.12549e-19
426.70765	4.08527e-19
426.72521	3.98787e-19
426.74277	3.98556e-19
426.76034	4.04303e-19
426.77791	4.02540e-19
426.79548	3.97494e-19
426.81305	4.03369e-19
426.83062	4.19053e-19
426.84819	4.32399e-19
426.86577	4.45190e-19
426.88335	4.64190e-19
426.90092	4.81889e-19
426.91850	4.77207e-19
426.93608	4.59113e-19
426.95367	4.64121e-19
426.97125	4.87634e-19
426.98884	5.13291e-19
427.00642	5.41539e-19
427.02401	5.66653e-19
427.04160	5.78203e-19
427.05919	5.82988e-19
427.07678	5.89852e-19
427.09438	5.77420e-19
427.11197	5.46373e-19
427.12957	5.19974e-19
427.14717	5.09556e-19
427.16477	5.20025e-19
427.18237	5.33180e-19
427.19997	5.39894e-19
427.21758	5.55653e-19
427.23518	5.86956e-19
427.25279	6.11560e-19
427.27040	6.08967e-19
427.28801	6.07543e-19
427.30562	6.20420e-19
427.32323	6.21008e-19
427.34085	6.12267e-19
427.35846	6.17501e-19
427.37608	6.50556e-19
427.39370	6.81231e-19
427.41132	6.72634e-19
427.42894	6.66218e-19
427.44656	6.66929e-19
427.46419	6.43896e-19
427.48181	6.34847e-19
427.49944	6.38065e-19
427.51707	6.28377e-19
427.53470	6.11654e-19
427.55233	5.95126e-19
427.56997	5.93904e-19
427.58760	6.00018e-19
427.60524	5.93407e-19
427.62287	5.78586e-19
427.64051	5.73652e-19
427.65815	5.80594e-19
427.67580	6.04101e-19
427.69344	6.30316e-19
427.71108	6.28328e-19
427.72873	6.23723e-19
427.74638	6.31646e-19
427.76403	6.47873e-19
427.78168	6.85476e-19
427.79933	6.91747e-19
427.81698	6.45272e-19
427.83464	6.15740e-19
427.85229	6.10719e-19
427.86995	6.06581e-19
427.88761	5.97750e-19
427.90527	5.88947e-19
427.92294	6.12461e-19
427.94060	6.52546e-19
427.95826	6.67312e-19
427.97593	6.57073e-19
427.99360	6.52504e-19
428.01127	6.61289e-19
428.02894	6.60531e-19
428.04661	6.64547e-19
428.06429	6.88496e-19
428.08196	6.99455e-19
428.09964	6.82031e-19
428.11732	6.55589e-19
428.13500	6.33338e-19
428.15268	6.17147e-19
428.17036	6.07877e-19
428.18805	6.05267e-19
428.20573	5.99988e-19
428.22342	6.05191e-19
428.24111	6.23059e-19
428.25880	6.21774e-19
428.27649	6.12910e-19
428.29418	6.12686e-19
428.31188	6.06091e-19
428.32957	5.95516e-19
428.34727	5.90238e-19
428.36497	5.85549e-19
428.38267	5.84050e-19
428.40037	6.04001e-19
428.41807	6.25614e-19
428.43578	6.10461e-19
428.45348	5.99269e-19
428.47119	6.15819e-19
428.48890	6.11001e-19
428.50661	5.86042e-19
428.52432	5.69359e-19
428.54204	5.66620e-19
428.55975	5.63894e-19
428.57747	5.56297e-19
428.59519	5.45346e-19
428.61291	5.35227e-19
428.63063	5.33854e-19
428.64835	5.12539e-19
428.66607	4.94925e-19
428.68380	5.04457e-19
428.70152	5.17674e-19
428.71925	5.31268e-19
428.73698	5.27559e-19
428.75471	5.10649e-19
428.77245	5.01662e-19
428.79018	5.08726e-19
428.80791	5.19949e-19
428.82565	5.21251e-19
428.84339	5.21955e-19
428.86113	5.17852e-19
428.87887	5.10128e-19
428.89661	5.19311e-19
428.91436	5.30286e-19
428.93210	5.19402e-19
428.94985	5.17821e-19
428.96760	5.28202e-19
428.98535	5.11518e-19
429.00310	4.82949e-19
429.02085	4.77518e-19
429.03861	4.87630e-19
429.05637	4.92166e-19
429.07412	4.85594e-19
429.09188	4.74508e-19
429.10964	4.65195e-19
429.12740	4.59731e-19
429.14517	4.55569e-19
429.16293	4.37634e-19
429.18070	4.18263e-19
429.19847	4.13321e-19
429.21624	4.17972e-19
429.23401	4.40165e-19
429.25178	4.66009e-19
429.26955	4.71789e-19
429.28733	4.55131e-19
429.30510	4.32156e-19
429.32288	4.23504e-19
429.34066	4.22793e-19
429.35844	4.22388e-19
429.37622	4.24187e-19
429.39401	4.20362e-19
429.41179	4.21783e-19
429.42958	4.24980e-19
429.44737	4.14120e-19
429.46516	4.04349e-19
429.48295	3.94052e-19
429.50074	3.90118e-19
429.51854	4.01204e-19
429.53633	4.03482e-19
429.55413	4.00453e-19
429.57193	4.12679e-19
429.58973	4.25055e-19
429.60753	4.18138e-19
429.62533	4.05699e-19
429.64314	4.01676e-19
429.66095	4.04302e-19
429.67875	4.01613e-19
429.69656	3.97616e-19
429.71437	4.01680e-19
429.73218	4.09398e-19
429.75000	4.12099e-19
429.76781	3.95195e-19
429.78563	3.85812e-19
429.80345	3.99267e-19
429.82127	4.04485e-19
429.83909	4.02657e-19
429.85691	4.06601e-19
429.87473	4.08238e-19
429.89256	4.00342e-19
429.91039	3.90322e-19
429.92821	3.96095e-19
429.94604	4.11770e-19
429.96387	4.18071e-19
429.98171	4.23861e-19
429.99954	4.34161e-19
430.01738	4.44076e-19
430.03521	4.42365e-19
430.05305	4.28320e-19
430.07089	4.37622e-19
430.08873	4.65687e-19
430.10658	4.86581e-19
430.12442	5.19094e-19
430.14227	5.50841e-19
430.16012	5.35295e-19
430.17796	5.05469e-19
430.19582	4.97615e-19
430.21367	4.95096e-19
430.23152	5.14377e-19
430.24938	5.31747e-19
430.26723	5.24275e-19
430.28509	5.11146e-19
430.30295	5.09231e-19
430.32081	5.34777e-19
430.33867	5.41583e-19
430.35654	5.67332e-19
430.37440	6.37321e-19
430.39227	6.55155e-19
430.41014	6.52979e-19
430.42801	6.40907e-19
430.44588	5.90647e-19
430.46375	5.69739e-19
430.48162	5.94917e-19
430.49950	6.42623e-19
430.51738	6.70578e-19
430.53526	6.63137e-19
430.55314	6.53123e-19
430.57102	6.45915e-19
430.58890	6.30559e-19
430.60678	6.12429e-19
430.62467	6.26593e-19
430.64256	6.51838e-19
430.66045	6.21434e-19
430.67834	5.76227e-19
430.69623	5.82861e-19
430.71412	6.18933e-19
430.73202	6.31203e-19
430.74991	6.23610e-19
430.76781	6.38183e-19
430.78571	6.43565e-19
430.80361	6.24256e-19
430.82152	6.14401e-19
430.83942	6.34749e-19
430.85732	6.69334e-19
430.87523	6.70069e-19
430.89314	6.77137e-19
430.91105	6.87152e-19
430.92896	6.62371e-19
430.94687	6.48733e-19
430.96479	6.60849e-19
430.98270	6.85946e-19
431.00062	6.81034e-19
431.01854	6.58560e-19
431.03646	6.69938e-19
431.05438	6.71270e-19
431.07231	6.37790e-19
431.09023	6.10577e-19
431.10816	5.84043e-19
431.12608	5.62344e-19
431.14401	5.80128e-19
431.16194	6.02816e-19
431.17988	6.13824e-19
431.19781	6.24353e-19
431.21575	6.18601e-19
431.23368	6.03628e-19
431.25162	6.07273e-19
431.26956	6.17424e-19
431.28750	6.14608e-19
431.30544	6.08489e-19
431.32339	5.92182e-19
431.34133	5.97582e-19
431.35928	6.11007e-19
431.37723	5.96823e-19
431.39518	5.98043e-19
431.41313	6.04511e-19
431.43108	5.96752e-19
431.44904	5.91686e-19
431.46699	5.89161e-19
431.48495	5.85346e-19
431.50291	5.84442e-19
431.52087	5.76412e-19
431.53883	5.59330e-19
431.55680	5.61109e-19
431.57476	5.78262e-19
431.59273	5.90502e-19
431.61070	5.81498e-19
431.62867	5.58991e-19
431.64664	5.56698e-19
431.66461	5.61129e-19
431.68258	5.48162e-19
431.70056	5.42058e-19
431.71854	5.40877e-19
431.73652	5.22519e-19
431.75450	5.14050e-19
431.77248	5.23062e-19
431.79046	5.27647e-19
431.80844	5.25671e-19
431.82643	5.19733e-19
431.84442	5.13861e-19
431.86241	5.20305e-19
431.88040	5.30239e-19
431.89839	5.16943e-19
431.91638	4.93820e-19
431.93438	4.92033e-19
431.95237	5.02215e-19
431.97037	4.89540e-19
431.98837	4.76471e-19
432.00637	4.86732e-19
432.02438	4.80957e-19
432.04238	4.67151e-19
432.06039	4.66485e-19
432.07839	4.62154e-19
432.09640	4.43758e-19
432.11441	4.31025e-19
432.13242	4.40817e-19
432.15044	4.39173e-19
432.16845	4.28142e-19
432.18647	4.29376e-19
432.20448	4.28081e-19
432.22250	4.22228e-19
432.24052	4.16605e-19
432.25855	4.17979e-19
432.27657	4.28786e-19
432.29459	4.35961e-19
432.31262	4.27491e-19
432.33065	4.13065e-19
432.34868	4.10750e-19
432.36671	4.15060e-19
432.38474	4.15277e-19
432.40278	4.16930e-19
432.42081	4.17886e-19
432.43885	4.09352e-19
432.45689	3.96363e-19
432.47493	3.88158e-19
432.49297	3.86804e-19
432.51101	3.81056e-19
432.52906	3.75202e-19
432.54710	3.76185e-19
432.56515	3.77394e-19
432.58320	3.83605e-19
432.60125	3.94827e-19
432.61930	4.15927e-19
432.63736	4.28370e-19
432.65541	4.18029e-19
432.67347	4.17350e-19
432.69153	4.21831e-19
432.70959	4.20131e-19
432.72765	4.22810e-19
432.74571	4.18202e-19
432.76377	4.08527e-19
432.78184	4.03972e-19
432.79991	4.06877e-19
432.81797	4.23102e-19
432.83604	4.33654e-19
432.85412	4.30453e-19
432.87219	4.33630e-19
432.89026	4.44372e-19
432.90834	4.57415e-19
432.92642	4.64592e-19
432.94450	4.65897e-19
432.96258	4.74306e-19
432.98066	4.83078e-19
432.99874	4.81081e-19
433.01683	4.74476e-19
433.03492	4.81777e-19
433.05301	4.99016e-19
433.07110	4.96406e-19
433.08919	4.78831e-19
433.10728	4.77084e-19
433.12537	4.89597e-19
433.14347	5.01098e-19
433.16157	5.03390e-19
433.17967	4.92579e-19
433.19777	4.90305e-19
433.21587	4.96591e-19
433.23397	4.91062e-19
433.25208	4.92506e-19
433.27018	5.05864e-19
433.28829	5.22996e-19
433.30640	5.32842e-19
433.32451	5.21490e-19
433.34262	5.21222e-19
433.36074	5.29709e-19
433.37885	5.29803e-19
433.39697	5.34463e-19
433.41509	5.31038e-19
433.43321	5.46540e-19
433.45133	5.75423e-19
433.46945	5.70084e-19
433.48758	5.63847e-19
433.50571	5.67085e-19
433.52383	5.76017e-19
433.54196	5.82767e-19
433.56009	5.52022e-19
433.57823	5.36565e-19
433.59636	5.52691e-19
433.61449	5.67509e-19
433.63263	5.75624e-19
433.65077	5.57053e-19
433.66891	5.53123e-19
433.68705	5.68594e-19
433.70519	5.76120e-19
433.72334	5.91991e-19
433.74148	6.04169e-19
433.75963	6.19525e-19
433.77778	6.14574e-19
433.79593	5.82613e-19
433.81408	5.68526e-19
433.83224	5.67349e-19
433.85039	5.89158e-19
433.86855	6.05557e-19
433.88671	5.96385e-19
433.90487	6.01985e-19
433.92303	5.96267e-19
433.94119	5.92951e-19
433.95935	6.15193e-19
433.97752	6.29386e-19
433.99569	6.30008e-19
434.01385	6.10359e-19
434.03203	5.86615e-19
434.05020	5.76641e-19
434.06837	5.73115e-19
434.08654	5.74223e-19
434.10472	5.75158e-19
434.12290	5.69762e-19
434.14108	5.68630e-19
434.15926	5.72335e-19
434.17744	5.52291e-19
434.19563	5.29779e-19
434.21381	5.28463e-19
434.23200	5.16916e-19
434.25019	4.89459e-19
434.26838	4.82680e-19
434.28657	5.10769e-19
434.30476	5.49548e-19
434.32296	5.66055e-19
434.34115	5.41969e-19
434.35935	5.17852e-19
434.37755	5.23305e-19
434.39575	5.34430e-19
434.41395	5.34734e-19
434.43216	5.30109e-19
434.45036	5.37510e-19
434.46857	5.56923e-19
434.48678	5.65869e-19
434.50499	5.37842e-19
434.52320	5.14421e-19
434.54141	5.40276e-19
434.55962	5.59725e-19
434.57784	5.50627e-19
434.59606	5.51927e-19
434.61428	5.59922e-19
434.63250	5.73360e-19
434.65072	5.78698e-19
434.66894	5.62099e-19
434.68717	5.75962e-19
434.70539	6.12377e-19
434.72362	6.35733e-19
434.74185	6.59328e-19
434.76008	6.99843e-19
434.77832	7.33299e-19
434.79655	7.42508e-19
434.81479	7.68365e-19
434.83302	7.68743e-19
434.85126	7.66559e-19
434.86950	8.16424e-19
434.88774	8.00385e-19
434.90599	7.17773e-19
434.92423	7.05331e-19
434.94248	7.34643e-19
434.96073	7.45285e-19
434.97898	7.96518e-19
434.99723	8.46071e-19
435.01548	8.98614e-19
435.03374	9.46539e-19
435.05199	8.93091e-19
435.07025	8.17273e-19
435.08851	7.72098e-19
435.10677	7.75344e-19
435.12503	7.91026e-19
435.14329	7.81667e-19
435.16156	7.91193e-19
435.17982	7.87554e-19
435.19809	8.05004e-19
435.21636	8.16202e-19
435.23463	7.86725e-19
435.25291	7.69322e-19
435.27118	7.71836e-19
435.28945	8.05220e-19
435.30773	8.10707e-19
435.32601	7.71965e-19
435.34429	7.58271e-19
435.36257	7.58647e-19
435.38086	7.10984e-19
435.39914	6.44044e-19
435.41743	6.40555e-19
435.43572	6.54503e-19
435.45400	6.28295e-19
435.47230	6.11662e-19
435.49059	6.22082e-19
435.50888	6.40724e-19
435.52718	6.38583e-19
435.54548	6.07633e-19
435.56377	6.00273e-19
435.58207	6.08006e-19
435.60038	6.03331e-19
435.61868	5.98867e-19
435.63698	6.06431e-19
435.65529	6.29042e-19
435.67360	6.29481e-19
435.69191	6.11695e-19
435.71022	6.14854e-19
435.72853	6.28810e-19
435.74685	6.25585e-19
435.76516	6.22441e-19
435.78348	6.27356e-19
435.80180	6.15659e-19
435.82012	6.12756e-19
435.83844	6.26477e-19
435.85676	6.26652e-19
435.87509	6.11762e-19
435.89341	6.01543e-19
435.91174	5.91459e-19
435.93007	5.70461e-19
435.94840	5.59861e-19
435.96673	5.72478e-19
435.98507	5.79669e-19
436.00340	5.71108e-19
436.02174	5.73213e-19
436.04008	5.60338e-19
436.05842	5.57136e-19
436.07676	5.76040e-19
436.09511	5.80828e-19
436.11345	6.11699e-19
436.13180	6.13313e-19
436.15015	5.91613e-19
436.16849	6.05766e-19
436.18685	5.90901e-19
436.20520	5.82078e-19
436.22355	5.87479e-19
436.24191	5.48868e-19
436.26027	5.11892e-19
436.27862	5.23682e-19
436.29698	5.51621e-19
436.31535	5.40634e-19
436.33371	5.28314e-19
436.35207	5.43084e-19
436.37044	5.44350e-19
436.38881	5.47118e-19
436.40718	5.45815e-19
436.42555	5.20992e-19
436.44392	5.04453e-19
436.46230	5.10146e-19
436.48067	5.37835e-19
436.49905	5.55305e-19
436.51743	5.39408e-19
436.53581	5.20161e-19
436.55419	5.05334e-19
436.57258	5.01353e-19
436.59096	5.07386e-19
436.60935	4.95587e-19
436.62774	4.81038e-19
436.64613	4.73765e-19
436.66452	4.77465e-19
436.68291	5.12082e-19
436.70130	5.38236e-19
436.71970	5.27271e-19
436.73810	5.04290e-19
436.75650	5.07458e-19
436.77490	5.24735e-19
436.79330	5.12859e-19
436.81170	5.09865e-19
436.83011	5.10919e-19
436.84851	4.85112e-19
436.86692	4.82283e-19
436.88533	4.92637e-19
436.90374	4.74885e-19
436.92216	4.66521e-19
436.94057	4.71833e-19
436.95899	4.46689e-19
436.97741	4.36221e-19
436.99582	4.50770e-19
437.01425	4.26209e-19
437.03267	4.01140e-19
437.05109	4.11666e-19
437.06952	4.16518e-19
437.08794	4.12093e-19
437.10637	4.05229e-19
437.12480	3.94826e-19
437.14323	3.94040e-19
437.16167	3.92603e-19
437.18010	3.90935e-19
437.19854	3.91482e-19
437.21698	3.86474e-19
437.23542	3.86653e-19
437.25386	3.88568e-19
437.27230	3.83572e-19
437.29074	3.74461e-19
437.30919	3.74948e-19
437.32764	3.83697e-19
437.34609	3.82633e-19
437.36454	3.70130e-19
437.38299	3.59787e-19
437.40144	3.64163e-19
437.41990	3.72359e-19
437.43835	3.80713e-19
437.45681	3.82591e-19
437.47527	3.66012e-19
437.49373	3.53429e-19
437.51219	3.54946e-19
437.53066	3.58661e-19
437.54912	3.58118e-19
437.56759	3.56405e-19
437.58606	3.62135e-19
437.60453	3.68777e-19
437.62300	3.69097e-19
437.64148	3.68914e-19
437.65995	3.64257e-19
437.67843	3.54962e-19
437.69691	3.54015e-19
437.71539	3.56194e-19
437.73387	3.58666e-19
437.75235	3.61205e-19
437.77084	3.60133e-19
437.78932	3.64265e-19
437.80781	3.65633e-19
437.82630	3.70382e-19
437.84479	3.77692e-19
437.86328	3.67705e-19
437.88178	3.58768e-19
437.90027	3.53187e-19
437.91877	3.42274e-19
437.93727	3.41106e-19
437.95577	3.51341e-19
437.97427	3.46004e-19
437.99277	3.30263e-19
438.01128	3.33306e-19
438.02978	3.34952e-19
438.04829	3.32774e-19
438.06680	3.41711e-19
438.08531	3.56343e-19
438.10383	3.66315e-19
438.12234	3.61997e-19
438.14086	3.50207e-19
438.15937	3.46888e-19
438.17789	3.54857e-19
438.19641	3.54480e-19
438.21494	3.56699e-19
438.23346	3.66903e-19
438.25198	3.76278e-19
438.27051	3.80843e-19
438.28904	3.68815e-19
438.30757	3.63597e-19
438.32610	3.63678e-19
438.34463	3.70038e-19
438.36317	3.96623e-19
438.38171	4.07107e-19
438.40024	3.99798e-19
438.41878	3.99527e-19
438.43732	4.02930e-19
438.45587	4.11296e-19
438.47441	4.23946e-19
438.49296	4.50805e-19
438.51150	4.78911e-19
438.53005	4.87955e-19
438.54860	5.20312e-19
438.56715	5.65065e-19
438.58571	5.94154e-19
438.60426	6.03931e-19
438.62282	5.80613e-19
438.64138	5.68056e-19
438.65994	5.84780e-19
438.67850	6.09217e-19
438.69706	6.27646e-19
438.71563	6.35980e-19
438.73419	6.29305e-19
438.75276	6.39059e-19
438.77133	6.71447e-19
438.78990	6.70291e-19
438.80847	6.54741e-19
438.82705	6.41499e-19
438.84562	6.31162e-19
438.86420	6.37229e-19
438.88278	6.58511e-19
438.90136	6.71982e-19
438.91994	6.71868e-19
438.93852	7.12248e-19
438.95711	7.55070e-19
438.97569	7.76601e-19
438.99428	8.04959e-19
439.01287	8.07426e-19
439.03146	7.92984e-19
439.05006	7.66919e-19
439.06865	7.38977e-19
439.08725	7.35541e-19
439.10584	7.12213e-19
439.12444	6.71784e-19
439.14304	6.47928e-19
439.16164	6.32567e-19
439.18025	6.52014e-19
439.19885	6.87519e-19
439.21746	6.93760e-19
439.23607	7.11923e-19
439.25468	7.57888e-19
439.27329	7.68720e-19
439.29190	7.53231e-19
439.31052	7.57360e-19
439.32914	7.75143e-19
439.34775	8.05753e-19
439.36637	7.97812e-19
439.38499	7.77124e-19
439.40362	8.00656e-19
439.42224	7.87355e-19
439.44087	7.44719e-19
439.45950	7.28233e-19
439.47812	7.21803e-19
439.49675	7.15099e-19
439.51539	6.97011e-19
439.53402	6.81403e-19
439.55266	6.79171e-19
439.57129	6.88145e-19
439.58993	7.10135e-19
439.60857	6.97458e-19
439.62721	6.64528e-19
439.64586	6.49311e-19
439.66450	6.35320e-19
439.68315	6.37041e-19
439.70180	6.22900e-19
439.72045	5.93559e-19
439.73910	5.83453e-19
439.75775	5.83972e-19
439.77640	5.93995e-19
439.79506	5.94303e-19
439.81372	5.96306e-19
439.83238	6.02164e-19
439.85104	6.16050e-19
439.86970	6.57661e-19
439.88836	6.80264e-19
439.90703	6.53045e-19
439.92570	6.10390e-19
439.94436	5.81184e-19
439.96303	5.74521e-19
439.98171	5.93848e-19
440.00038	6.09025e-19
440.01905	6.21636e-19
440.03773	6.42127e-19
440.05641	6.35763e-19
440.07509	6.06505e-19
440.09377	5.87348e-19
440.11245	5.95637e-19
440.13114	6.09597e-19
440.14982	6.03143e-19
440.16851	5.88461e-19
440.18720	5.77672e-19
440.20589	5.56894e-19
440.22458	5.24711e-19
440.24328	5.15350e-19
440.26197	5.13875e-19
440.28067	4.89729e-19
440.29937	4.71864e-19
440.31807	4.60235e-19
440.33677	4.48924e-19
440.35548	4.52269e-19
440.37418	4.58269e-19
440.39289	4.67932e-19
440.41160	4.55554e-19
440.43030	4.24214e-19
440.44902	4.17718e-19
440.46773	4.05243e-19
440.48644	3.92598e-19
440.50516	3.98852e-19
440.52388	3.94525e-19
440.54260	3.86450e-19
440.56132	3.88796e-19
440.58004	4.10824e-19
440.59877	4.29085e-19
440.61749	4.18727e-19
440.63622	4.11501e-19
440.65495	4.23883e-19
440.67368	4.32342e-19
440.69241	4.34151e-19
440.71114	4.42634e-19
440.72988	4.31987e-19
440.74862	4.05227e-19
440.76735	3.92483e-19
440.78609	3.90068e-19
440.80484	3.93875e-19
440.82358	3.96536e-19
440.84232	3.95084e-19
440.86107	4.02349e-19
440.87982	4.20689e-19
440.89857	4.22023e-19
440.91732	4.16913e-19
440.93607	4.21390e-19
440.95483	4.06916e-19
440.97358	4.05466e-19
440.99234	4.30330e-19
441.01110	4.31968e-19
441.02986	4.11354e-19
441.04862	4.06026e-19
441.06739	4.13498e-19
441.08615	4.20765e-19
441.10492	4.30717e-19
441.12369	4.25036e-19
441.14246	4.13632e-19
441.16123	4.12487e-19
441.18001	4.12722e-19
441.19878	4.12085e-19
441.21756	4.01945e-19
441.23634	3.84427e-19
441.25512	3.70137e-19
441.27390	3.62289e-19
441.29268	3.58092e-19
441.31147	3.60887e-19
441.33025	3.69475e-19
441.34904	3.65188e-19
441.36783	3.53844e-19
441.38662	3.55594e-19
441.40541	3.59597e-19
441.42421	3.55822e-19
441.44300	3.50431e-19
441.46180	3.45359e-19
441.48060	3.42239e-19
441.49940	3.38490e-19
441.51820	3.35485e-19
441.53701	3.35489e-19
441.55581	3.38279e-19
441.57462	3.40990e-19
441.59343	3.44577e-19
441.61224	3.45910e-19
441.63105	3.32977e-19
441.64987	3.38247e-19
441.66868	3.59471e-19
441.68750	3.59419e-19
441.70632	3.62603e-19
441.72514	3.56460e-19
441.74396	3.33018e-19
441.76278	3.31683e-19
441.78161	3.39325e-19
441.80043	3.33710e-19
441.81926	3.15640e-19
441.83809	3.06360e-19
441.85692	3.09427e-19
441.87575	3.12456e-19
441.89459	3.23178e-19
441.91342	3.21238e-19
441.93226	3.09080e-19
441.95110	3.10701e-19
441.96994	3.14191e-19
441.98879	3.17553e-19
442.00763	3.26117e-19
442.02648	3.27758e-19
442.04532	3.30589e-19
442.06417	3.50531e-19
442.08302	3.83865e-19
442.10187	4.13264e-19
442.12073	4.05808e-19
442.13958	3.85813e-19
442.15844	3.77043e-19
442.17730	3.66827e-19
442.19616	3.76237e-19
442.21502	3.89305e-19
442.23388	3.87752e-19
442.25275	3.78960e-19
442.27162	3.67276e-19
442.29048	3.57220e-19
442.30935	3.45300e-19
442.32823	3.43221e-19
442.34710	3.56275e-19
442.36597	3.74652e-19
442.38485	3.80054e-19
442.40373	3.70649e-19
442.42261	3.59399e-19
442.44149	3.57633e-19
442.46037	3.75117e-19
442.47926	3.90968e-19
442.49814	3.85228e-19
442.51703	3.73154e-19
442.53592	3.79863e-19
442.55481	3.87943e-19
442.57370	3.77393e-19
442.59260	3.75819e-19
442.61149	3.78413e-19
442.63039	3.74858e-19
442.64929	3.82753e-19
442.66819	3.88926e-19
442.68709	3.86289e-19
442.70599	3.82184e-19
442.72490	3.92064e-19
442.74381	4.05764e-19
442.76271	3.97781e-19
442.78162	4.06594e-19
442.80054	4.25035e-19
442.81945	4.20205e-19
442.83836	4.15007e-19
442.85728	4.16389e-19
442.87620	4.22172e-19
442.89512	4.13401e-19
442.91404	3.98306e-19
442.93296	4.08821e-19
442.95189	4.27876e-19
442.97081	4.31542e-19
442.98974	4.13565e-19
443.00867	3.97824e-19
443.02760	4.01634e-19
443.04654	4.20393e-19
443.06547	4.34875e-19
443.08441	4.22107e-19
443.10334	4.09199e-19
443.12228	3.97780e-19
443.14122	3.94448e-19
443.16017	4.05509e-19
443.17911	3.95903e-19
443.19806	3.92332e-19
443.21700	3.98509e-19
443.23595	4.05373e-19
443.25490	4.11995e-19
443.27386	4.03058e-19
443.29281	4.00241e-19
443.31177	3.98935e-19
443.33072	4.08282e-19
443.34968	4.34894e-19
443.36864	4.49385e-19
443.38760	4.58798e-19
443.40657	4.73062e-19
443.42553	4.64035e-19
443.44450	4.35537e-19
443.46347	4.23304e-19
443.48244	4.20573e-19
443.50141	4.24954e-19
443.52038	4.37012e-19
443.53936	4.42160e-19
443.55833	4.37718e-19
443.57731	4.27340e-19
443.59629	4.20906e-19
443.61527	4.28303e-19
443.63426	4.40205e-19
443.65324	4.44970e-19
443.67223	4.52741e-19
443.69122	4.51624e-19
443.71021	4.28724e-19
443.72920	4.14243e-19
443.74819	4.33926e-19
443.76718	4.39849e-19
443.78618	4.15145e-19
443.80518	4.11862e-19
443.82418	4.22414e-19
443.84318	4.36746e-19
443.86218	4.43702e-19
443.88118	4.35392e-19
443.90019	4.35320e-19
443.91920	4.29133e-19
443.93821	4.15105e-19
443.95722	4.14062e-19
443.97623	4.21241e-19
443.99524	4.27089e-19
444.01426	4.41883e-19
444.03328	4.69694e-19
444.05230	4.93886e-19
444.07132	4.87780e-19
444.09034	4.68818e-19
444.10936	4.91152e-19
444.12839	5.13456e-19
444.14741	4.98497e-19
444.16644	4.92544e-19
444.18547	4.93897e-19
444.20451	5.06708e-19
444.22354	5.20106e-19
444.24257	5.22178e-19
444.26161	5.60472e-19
444.28065	5.95386e-19
444.29969	6.05829e-19
444.31873	5.92833e-19
444.33777	5.52276e-19
444.35682	5.47215e-19
444.37587	5.48703e-19
444.39491	5.29877e-19
444.41396	5.23216e-19
444.43302	5.37058e-19
444.45207	5.46557e-19
444.47112	5.41309e-19
444.49018	5.52530e-19
444.50924	5.75258e-19
444.52830	5.95943e-19
444.54736	5.99548e-19
444.56642	6.10854e-19
444.58549	6.75902e-19
444.60455	7.43562e-19
444.62362	7.59845e-19
444.64269	7.45382e-19
444.66176	7.07811e-19
444.68083	6.69507e-19
444.69991	6.55666e-19
444.71898	6.67487e-19
444.73806	7.07397e-19
444.75714	7.16226e-19
444.77622	7.24555e-19
444.79530	7.80589e-19
444.81439	8.01716e-19
444.83347	7.48461e-19
444.85256	7.16267e-19
444.87165	7.41246e-19
444.89074	7.19382e-19
444.90983	7.13338e-19
444.92893	7.39566e-19
444.94802	7.01296e-19
444.96712	6.73997e-19
444.98622	6.59037e-19
445.00532	6.25857e-19
445.02442	6.21505e-19
445.04353	6.26519e-19
445.06263	6.21481e-19
445.08174	6.22986e-19
445.10085	6.14865e-19
445.11996	6.15264e-19
445.13907	6.25209e-19
445.15818	5.97854e-19
445.17730	5.97948e-19
445.19642	6.12938e-19
445.21554	5.65830e-19
445.23466	5.60826e-19
445.25378	5.98111e-19
445.27290	5.56576e-19
445.29203	5.12299e-19
445.31115	5.23540e-19
445.33028	5.35087e-19
445.34941	5.48820e-19
445.36854	5.58167e-19
445.38768	5.58647e-19
445.40681	5.56154e-19
445.42595	5.41343e-19
445.44509	5.22907e-19
445.46423	5.11981e-19
445.48337	5.10879e-19
445.50251	5.21135e-19
445.52166	5.47035e-19
445.54080	5.67019e-19
445.55995	5.49724e-19
445.57910	5.20601e-19
445.59825	5.20209e-19
445.61741	5.21778e-19
445.63656	5.13772e-19
445.65572	5.16836e-19
445.67488	5.22996e-19
445.69404	5.27765e-19
445.71320	5.16931e-19
445.73236	4.90719e-19
445.75152	4.71622e-19
445.77069	4.59879e-19
445.78986	4.59969e-19
445.80903	4.74322e-19
445.82820	4.85627e-19
445.84737	4.91126e-19
445.86655	4.86001e-19
445.88572	4.80256e-19
445.90490	4.83130e-19
445.92408	4.62144e-19
445.94326	4.44725e-19
445.96244	4.55049e-19
445.98163	4.49903e-19
446.00082	4.39968e-19
446.02000	4.46473e-19
446.03919	4.47013e-19
446.05838	4.39752e-19
446.07758	4.39976e-19
446.09677	4.63187e-19
446.11597	4.98713e-19
446.13516	5.01437e-19
446.15436	4.78763e-19
446.17356	4.55444e-19
446.19277	4.37441e-19
446.21197	4.38424e-19
446.23118	4.37608e-19
446.25039	4.25681e-19
446.26959	4.11437e-19
446.28881	3.88957e-19
446.30802	3.77164e-19
446.32723	3.84738e-19
446.34645	3.91396e-19
446.36567	3.98542e-19
446.38488	4.04711e-19
446.40411	4.00036e-19
446.42333	3.86261e-19
446.44255	3.68675e-19
446.46178	3.67486e-19
446.48101	3.84291e-19
446.50023	3.90258e-19
446.51947	3.77247e-19
446.53870	3.74604e-19
446.55793	3.80456e-19
446.57717	3.79241e-19
446.59641	3.82724e-19
446.61564	3.80010e-19
446.63488	3.74825e-19
446.65413	3.71444e-19
446.67337	3.58724e-19
446.69262	3.53769e-19
446.71186	3.67199e-19
446.73111	3.65542e-19
446.75036	3.43651e-19
446.76962	3.53289e-19
446.78887	3.83146e-19
446.80813	3.96563e-19
446.82738	3.84877e-19
446.84664	3.61424e-19
446.86590	3.64273e-19
446.88517	3.79230e-19
446.90443	3.85395e-19
446.92369	3.86088e-19
446.94296	3.85222e-19
446.96223	4.03783e-19
446.98150	4.31906e-19
447.00077	4.27155e-19
447.02005	4.00791e-19
447.03932	3.99341e-19
447.05860	4.05784e-19
447.07788	3.94755e-19
447.09716	3.95295e-19
447.11644	4.02917e-19
447.13573	4.08617e-19
447.15501	4.26693e-19
447.17430	4.18867e-19
447.19359	4.08358e-19
447.21288	4.18875e-19
447.23217	4.20369e-19
447.25146	4.49781e-19
447.27076	4.77138e-19
447.29006	4.72224e-19
447.30936	4.60575e-19
447.32866	4.47531e-19
447.34796	4.64093e-19
447.36726	4.79269e-19
447.38657	4.76526e-19
447.40588	5.01082e-19
447.42518	5.16898e-19
447.44450	5.09645e-19
447.46381	5.36121e-19
447.48312	5.57304e-19
447.50244	5.58316e-19
447.52175	5.67447e-19
447.54107	5.52256e-19
447.56039	5.68966e-19
447.57972	6.21536e-19
447.59904	6.55793e-19
447.61836	6.66130e-19
447.63769	6.33459e-19
447.65702	6.30700e-19
447.67635	6.65362e-19
447.69568	6.62620e-19
447.71502	6.43723e-19
447.73435	6.47776e-19
447.75369	6.78055e-19
447.77303	6.97891e-19
447.79237	7.23411e-19
447.81171	7.36050e-19
447.83106	7.15745e-19
447.85040	7.52098e-19
447.86975	7.86286e-19
447.88910	8.25426e-19
447.90845	9.03113e-19
447.92780	8.74211e-19
447.94715	8.29501e-19
447.96651	8.43450e-19
447.98587	8.14467e-19
448.00523	7.73337e-19
448.02459	7.58764e-19
448.04395	7.79234e-19
448.06331	8.35384e-19
448.08268	8.48257e-19
448.10205	8.09123e-19
448.12142	7.93647e-19
448.14079	7.60209e-19
448.16016	7.41834e-19
448.17953	7.94050e-19
448.19891	8.22451e-19
448.21829	8.11171e-19
448.23766	7.96579e-19
448.25705	7.87942e-19
448.27643	7.65899e-19
448.29581	7.60375e-19
448.31520	7.82060e-19
448.33459	7.51739e-19
448.35397	6.97505e-19
448.37337	6.49223e-19
448.39276	6.18068e-19
448.41215	6.43691e-19
448.43155	6.56553e-19
448.45095	6.30908e-19
448.47034	6.21993e-19
448.48975	6.11795e-19
448.50915	5.92906e-19
448.52855	5.79157e-19
448.54796	5.62675e-19
448.56737	5.37308e-19
448.58677	5.03840e-19
448.60619	4.93708e-19
448.62560	5.01769e-19
448.64501	5.01533e-19
448.66443	4.92812e-19
448.68385	4.84257e-19
448.70327	4.88035e-19
448.72269	4.96124e-19
448.74211	4.97803e-19
448.76153	5.03298e-19
448.78096	5.28191e-19
448.80039	5.38604e-19
448.81982	5.25091e-19
448.83925	5.34159e-19
448.85868	5.46121e-19
448.87812	5.39091e-19
448.89755	5.31214e-19
448.91699	5.08678e-19
448.93643	4.76168e-19
448.95587	4.57939e-19
448.97531	4.51092e-19
448.99476	4.55990e-19
449.01420	4.62675e-19
449.03365	4.74331e-19
449.05310	4.84102e-19
449.07255	4.63269e-19
449.09201	4.39301e-19
449.11146	4.29783e-19
449.13092	4.30606e-19
449.15037	4.43117e-19
449.16983	4.52404e-19
449.18930	4.57011e-19
449.20876	4.44576e-19
449.22822	4.27798e-19
449.24769	4.40159e-19
449.26716	4.44265e-19
449.28663	4.24186e-19
449.30610	4.25959e-19
449.32557	4.45229e-19
449.34505	4.56558e-19
449.36452	4.54985e-19
449.38400	4.34363e-19
449.40348	4.15957e-19
449.42296	4.07415e-19
449.44245	3.90747e-19
449.46193	3.78559e-19
449.48142	3.73467e-19
449.50091	3.67035e-19
449.52040	3.65998e-19
449.53989	3.78150e-19
449.55938	3.95991e-19
449.57888	3.97496e-19
449.59838	3.86766e-19
449.61787	3.83271e-19
449.63737	3.86665e-19
449.65688	3.78546e-19
449.67638	3.63602e-19
449.69589	3.60994e-19
449.71539	3.58186e-19
449.73490	3.52011e-19
449.75441	3.65105e-19
449.77392	3.72193e-19
449.79344	3.55193e-19
449.81295	3.54949e-19
449.83247	3.55720e-19
449.85199	3.46446e-19
449.87151	3.47075e-19
449.89103	3.53937e-19
449.91056	3.59750e-19
449.93008	3.49783e-19
449.94961	3.48967e-19
449.96914	3.56591e-19
449.98867	3.57959e-19
450.00820	3.56320e-19
450.02774	3.48687e-19
450.04727	3.58034e-19
450.06681	3.85280e-19
450.08635	4.00711e-19
450.10589	3.87157e-19
450.12543	3.77876e-19
450.14498	3.82286e-19
450.16452	3.89909e-19
450.18407	4.18682e-19
450.20362	4.44582e-19
450.22317	4.48930e-19
450.24272	4.42412e-19
450.26228	4.27470e-19
450.28183	4.18357e-19
450.30139	4.21253e-19
450.32095	4.39153e-19
450.34051	4.63968e-19
450.36008	4.67926e-19
450.37964	4.54967e-19
450.39921	4.45394e-19
450.41878	4.62566e-19
450.43835	4.76770e-19
450.45792	4.49902e-19
450.47749	4.31176e-19
450.49706	4.24897e-19
450.51664	4.29180e-19
450.53622	4.47640e-19
450.55580	4.49293e-19
450.57538	4.47352e-19
450.59496	4.40282e-19
450.61455	4.39335e-19
450.63414	4.50461e-19
450.65373	4.56822e-19
450.67332	4.70055e-19
450.69291	4.78321e-19
450.71250	4.71570e-19
450.73210	4.62574e-19
450.75169	4.54942e-19
450.77129	4.43356e-19
450.79089	4.27700e-19
450.81049	4.20053e-19
450.83010	4.17334e-19
450.84970	4.17760e-19
450.86931	4.21350e-19
450.88892	4.10985e-19
450.90853	4.10517e-19
450.92814	4.24967e-19
450.94776	4.26320e-19
450.96737	4.26240e-19
450.98699	4.28015e-19
451.00661	4.18320e-19
451.02623	4.00654e-19
451.04585	3.97203e-19
451.06548	4.14994e-19
451.08510	4.32768e-19
451.10473	4.31810e-19
451.12436	4.26555e-19
451.14399	4.23224e-19
451.16363	4.12932e-19
451.18326	4.03907e-19
451.20290	3.99769e-19
451.22253	4.00114e-19
451.24217	3.92474e-19
451.26182	3.94097e-19
451.28146	4.12112e-19
451.30110	4.37160e-19
451.32075	4.52658e-19
451.34040	4.31814e-19
451.36005	4.18238e-19
451.37970	4.18315e-19
451.39935	4.06099e-19
451.41901	3.85611e-19
451.43867	3.70497e-19
451.45832	3.76349e-19
451.47798	3.86017e-19
451.49765	3.91204e-19
451.51731	3.86637e-19
451.53698	3.85313e-19
451.55664	3.86959e-19
451.57631	3.76621e-19
451.59598	3.82962e-19
451.61565	4.00542e-19
451.63533	4.19667e-19
451.65500	4.33148e-19
451.67468	4.17262e-19
451.69436	4.14171e-19
451.71404	4.35302e-19
451.73372	4.51452e-19
451.75341	4.59692e-19
451.77309	4.53434e-19
451.79278	4.42544e-19
451.81247	4.28110e-19
451.83216	4.28765e-19
451.85185	4.33841e-19
451.87155	4.38130e-19
451.89125	4.70549e-19
451.91094	4.78172e-19
451.93064	4.62505e-19
451.95034	4.64133e-19
451.97005	4.83087e-19
451.98975	5.16299e-19
452.00946	5.22856e-19
452.02917	5.02852e-19
452.04888	4.81820e-19
452.06859	4.57613e-19
452.08830	4.43407e-19
452.10802	4.54449e-19
452.12773	4.81351e-19
452.14745	4.77641e-19
452.16717	4.68902e-19
452.18690	4.76433e-19
452.20662	4.45245e-19
452.22634	4.33776e-19
452.24607	4.36989e-19
452.26580	4.41684e-19
452.28553	4.74785e-19
452.30526	4.58118e-19
452.32500	4.52242e-19
452.34473	4.87651e-19
452.36447	4.95343e-19
452.38421	4.70945e-19
452.40395	4.50239e-19
452.42369	4.69376e-19
452.44344	4.91795e-19
452.46318	5.08587e-19
452.48293	5.13014e-19
452.50268	4.90618e-19
452.52243	4.70342e-19
452.54219	4.74808e-19
452.56194	4.96694e-19
452.58170	5.07102e-19
452.60146	4.93952e-19
452.62122	4.78284e-19
452.64098	4.82552e-19
452.66074	4.94654e-19
452.68051	5.03257e-19
452.70027	5.05974e-19
452.72004	5.04355e-19
452.73981	4.82604e-19
452.75958	4.50875e-19
452.77936	4.42803e-19
452.79913	4.46169e-19
452.81891	4.50078e-19
452.83869	4.40858e-19
452.85847	4.45682e-19
452.87825	4.50996e-19
452.89804	4.18404e-19
452.91782	3.90672e-19
452.93761	3.91645e-19
452.95740	4.16302e-19
452.97719	4.14911e-19
452.99698	4.06846e-19
453.01678	4.30641e-19
453.03657	4.32053e-19
453.05637	4.35961e-19
453.07617	4.55718e-19
453.09597	4.52204e-19
453.11578	4.22986e-19
453.13558	4.20294e-19
453.15539	4.87028e-19
453.17520	5.08225e-19
453.19501	4.75812e-19
453.21482	4.78771e-19
453.23463	4.67781e-19
453.25445	4.68583e-19
453.27426	4.88856e-19
453.29408	4.97002e-19
453.31390	5.07372e-19
453.33372	5.05642e-19
453.35355	5.11855e-19
453.37337	4.98230e-19
453.39320	4.57787e-19
453.41303	4.37161e-19
453.43286	4.50010e-19
453.45269	4.68158e-19
453.47253	4.66106e-19
453.49236	4.72392e-19
453.51220	4.55179e-19
453.53204	4.26576e-19
453.55188	4.26234e-19
453.57173	4.23909e-19
453.59157	4.33174e-19
453.61142	4.48855e-19
453.63127	4.49254e-19
453.65112	4.20128e-19
453.67097	3.81424e-19
453.69082	3.78482e-19
453.71068	3.78669e-19
453.73053	3.75333e-19
453.75039	3.76038e-19
453.77025	3.70049e-19
453.79011	3.81550e-19
453.80998	3.81018e-19
453.82984	3.56945e-19
453.84971	3.50629e-19
453.86958	3.56487e-19
453.88945	3.67546e-19
453.90932	3.87724e-19
453.92920	3.83057e-19
453.94907	3.53808e-19
453.96895	3.41580e-19
453.98883	3.33564e-19
454.00871	3.27934e-19
454.02860	3.32183e-19
454.04848	3.36904e-19
454.06837	3.55237e-19
454.08825	3.62167e-19
454.10814	3.52148e-19
454.12804	3.48977e-19
454.14793	3.39112e-19
454.16783	3.23740e-19
454.18772	3.29132e-19
454.20762	3.45913e-19
454.22752	3.55515e-19
454.24742	3.71222e-19
454.26733	3.67515e-19
454.28723	3.45124e-19
454.30714	3.47074e-19
454.32705	3.54564e-19
454.34696	3.56052e-19
454.36687	3.65364e-19
454.38679	3.72765e-19
454.40670	3.66208e-19
454.42662	3.56883e-19
454.44654	3.66289e-19
454.46646	4.11727e-19
454.48639	4.67027e-19
454.50631	4.70512e-19
454.52624	4.51992e-19
454.54617	4.64326e-19
454.56610	4.84832e-19
454.58603	4.90981e-19
454.60596	4.87950e-19
454.62590	4.97626e-19
454.64583	4.98181e-19
454.66577	4.88057e-19
454.68571	4.88135e-19
454.70566	4.45660e-19
454.72560	4.40800e-19
454.74555	4.88594e-19
454.76549	4.48588e-19
454.78544	4.36063e-19
454.80539	4.80654e-19
454.82535	4.48363e-19
454.84530	4.11015e-19
454.86526	4.17771e-19
454.88522	4.26439e-19
454.90518	4.19279e-19
454.92514	4.17946e-19
454.94510	4.20381e-19
454.96507	4.14074e-19
454.98503	4.38606e-19
455.00500	4.57712e-19
455.02497	4.43967e-19
455.04494	4.32258e-19
455.06492	4.48557e-19
455.08489	4.71779e-19
455.10487	4.39817e-19
455.12485	4.00279e-19
455.14483	3.96478e-19
455.16481	3.99982e-19
455.18480	4.06392e-19
455.20478	3.98893e-19
455.22477	3.93114e-19
455.24476	4.00591e-19
455.26475	4.03029e-19
455.28475	4.03714e-19
455.30474	4.03383e-19
455.32474	3.97508e-19
455.34474	3.89434e-19
455.36474	3.94407e-19
455.38474	4.03101e-19
455.40474	4.07586e-19
455.42475	4.07584e-19
455.44475	3.88394e-19
455.46476	3.65264e-19
455.48477	3.59702e-19
455.50479	3.66333e-19
455.52480	3.66364e-19
455.54482	3.64766e-19
455.56483	3.66894e-19
455.58485	3.68782e-19
455.60488	3.72444e-19
455.62490	3.69123e-19
455.64492	3.70482e-19
455.66495	3.81627e-19
455.68498	3.88604e-19
455.70501	3.99007e-19
455.72504	4.04948e-19
455.74507	3.81316e-19
455.76511	3.82799e-19
455.78515	4.21097e-19
455.80519	4.26650e-19
455.82523	4.39055e-19
455.84527	4.53658e-19
455.86531	4.19152e-19
455.88536	3.98732e-19
455.90541	4.08897e-19
455.92546	4.10254e-19
455.94551	4.11586e-19
455.96556	4.21696e-19
455.98562	4.24805e-19
456.00567	4.16225e-19
456.02573	4.25064e-19
456.04579	4.34616e-19
456.06585	4.23035e-19
456.08592	4.18626e-19
456.10598	4.03582e-19
456.12605	3.92157e-19
456.14612	3.92626e-19
456.16619	3.95429e-19
456.18626	4.09556e-19
456.20633	3.95481e-19
456.22641	3.68684e-19
456.24649	3.49913e-19
456.26657	3.51804e-19
456.28665	3.68397e-19
456.30673	3.67210e-19
456.32682	3.66745e-19
456.34690	3.78325e-19
456.36699	3.96231e-19
456.38708	3.84077e-19
456.40717	3.54504e-19
456.42727	3.54806e-19
456.44736	3.64137e-19
456.46746	3.49847e-19
456.48756	3.26043e-19
456.50766	3.20179e-19
456.52776	3.16754e-19
456.54787	3.04346e-19
456.56797	2.94647e-19
456.58808	2.94287e-19
456.60819	2.91680e-19
456.62830	2.97611e-19
456.64841	3.08211e-19
456.66853	2.96264e-19
456.68865	2.92325e-19
456.70876	3.04201e-19
456.72888	2.99321e-19
456.74901	2.95175e-19
456.76913	3.12132e-19
456.78926	3.14032e-19
456.80938	3.05025e-19
456.82951	3.11489e-19
456.84964	3.24032e-19
456.86978	3.21275e-19
456.88991	3.07728e-19
456.91005	3.29487e-19
456.93018	3.53051e-19
456.95032	3.34477e-19
456.97047	3.15172e-19
456.99061	3.19521e-19
457.01075	3.35861e-19
457.03090	3.64817e-19
457.05105	3.87634e-19
457.07120	3.81481e-19
457.09135	3.62325e-19
457.11151	3.49469e-19
457.13166	3.56631e-19
457.15182	3.60792e-19
457.17198	3.77115e-19
457.19214	4.11167e-19
457.21230	4.14809e-19
457.23247	4.15288e-19
457.25263	4.21062e-19
457.27280	4.21771e-19
457.29297	4.36326e-19
457.31314	4.60427e-19
457.33332	4.76078e-19
457.35349	4.72703e-19
457.37367	4.68654e-19
457.39385	4.85657e-19
457.41403	5.12677e-19
457.43421	5.21205e-19
457.45439	5.08144e-19
457.47458	5.18575e-19
457.49477	5.48534e-19
457.51496	5.31442e-19
457.53515	5.16134e-19
457.55534	5.20907e-19
457.57554	5.02341e-19
457.59573	5.02576e-19
457.61593	5.14752e-19
457.63613	5.21257e-19
457.65633	5.20526e-19
457.67654	5.02349e-19
457.69674	4.92029e-19
457.71695	5.02758e-19
457.73716	5.18555e-19
457.75737	5.19341e-19
457.77758	5.19310e-19
457.79780	5.25455e-19
457.81801	5.34957e-19
457.83823	5.53914e-19
457.85845	5.54544e-19
457.87867	5.37566e-19
457.89890	5.34571e-19
457.91912	5.20014e-19
457.93935	5.09035e-19
457.95958	5.49744e-19
457.97981	5.82916e-19
458.00004	5.83017e-19
458.02028	5.84589e-19
458.04051	5.54291e-19
458.06075	5.17284e-19
458.08099	5.23679e-19
458.10123	5.19723e-19
458.12147	4.88088e-19
458.14172	4.74841e-19
458.16197	4.85547e-19
458.18221	4.92540e-19
458.20246	4.75390e-19
458.22272	4.54306e-19
458.24297	4.45748e-19
458.26323	4.54803e-19
458.28348	4.69071e-19
458.30374	4.70395e-19
458.32400	4.76045e-19
458.34427	4.90203e-19
458.36453	4.98169e-19
458.38480	4.99648e-19
458.40506	4.97158e-19
458.42533	4.97829e-19
458.44561	5.10331e-19
458.46588	5.02655e-19
458.48616	4.82072e-19
458.50643	4.87226e-19
458.52671	4.97737e-19
458.54699	4.96832e-19
458.56727	4.73630e-19
458.58756	4.45839e-19
458.60785	4.45460e-19
458.62813	4.51248e-19
458.64842	4.48431e-19
458.66871	4.50742e-19
458.68901	4.56534e-19
458.70930	4.45014e-19
458.72960	4.35092e-19
458.74990	4.47705e-19
458.77020	4.36031e-19
458.79050	4.15542e-19
458.81080	4.30439e-19
458.83111	4.34253e-19
458.85142	4.13097e-19
458.87173	3.88615e-19
458.89204	3.74941e-19
458.91235	3.79666e-19
458.93267	3.77141e-19
458.95298	3.72749e-19
458.97330	3.66628e-19
458.99362	3.44350e-19
459.01394	3.28057e-19
459.03427	3.33975e-19
459.05459	3.37271e-19
459.07492	3.32731e-19
459.09525	3.46680e-19
459.11558	3.61705e-19
459.13591	3.74278e-19
459.15625	3.85481e-19
459.17659	3.87035e-19
459.19692	4.03164e-19
459.21726	4.15788e-19
459.23761	4.01849e-19
459.25795	3.69416e-19
459.27829	3.46451e-19
459.29864	3.55822e-19
459.31899	3.68396e-19
459.33934	3.84264e-19
459.35969	4.13986e-19
459.38005	4.25863e-19
459.40041	4.22283e-19
459.42076	4.23519e-19
459.44112	4.44734e-19
459.46149	4.59436e-19
459.48185	4.34099e-19
459.50221	4.03987e-19
459.52258	4.03865e-19
459.54295	4.04529e-19
459.56332	3.89359e-19
459.58369	4.13590e-19
459.60407	4.48881e-19
459.62444	4.42909e-19
459.64482	4.24033e-19
459.66520	4.05373e-19
459.68558	4.11812e-19
459.70597	4.25300e-19
459.72635	4.26570e-19
459.74674	4.24689e-19
459.76713	4.00538e-19
459.78752	3.86660e-19
459.80791	4.12993e-19
459.82830	4.43660e-19
459.84870	4.57092e-19
459.86910	4.56367e-19
459.88950	4.51483e-19
459.90990	4.58108e-19
459.93030	4.52440e-19
459.95071	4.44285e-19
459.97111	4.29871e-19
459.99152	4.16530e-19
460.01193	4.58372e-19
460.03235	4.80209e-19
460.05276	4.64786e-19
460.07318	4.83802e-19
460.09359	4.93666e-19
460.11401	4.80730e-19
460.13443	4.63738e-19
460.15486	4.68287e-19
460.17528	4.84977e-19
460.19571	4.79631e-19
460.21614	4.87361e-19
460.23657	4.77261e-19
460.25700	4.62243e-19
460.27744	4.93440e-19
460.29787	5.04315e-19
460.31831	4.93312e-19
460.33875	5.05630e-19
460.35919	5.22129e-19
460.37963	5.08548e-19
460.40008	5.02491e-19
460.42052	5.48159e-19
460.44097	5.93587e-19
460.46142	5.97421e-19
460.48188	5.61964e-19
460.50233	5.45768e-19
460.52279	5.44694e-19
460.54324	5.16215e-19
460.56370	5.07163e-19
460.58416	4.92055e-19
460.60463	4.58302e-19
460.62509	4.49303e-19
460.64556	4.77168e-19
460.66603	5.13900e-19
460.68650	4.92513e-19
460.70697	4.50399e-19
460.72744	4.54396e-19
460.74792	4.75941e-19
460.76840	4.72063e-19
460.78888	4.80825e-19
460.80936	5.01274e-19
460.82984	4.84535e-19
460.85033	4.76213e-19
460.87081	4.85097e-19
460.89130	4.62762e-19
460.91179	4.36056e-19
460.93228	4.30530e-19
460.95278	4.22622e-19
460.97327	3.98693e-19
460.99377	3.99210e-19
461.01427	4.15651e-19
461.03477	3.98236e-19
461.05528	3.95689e-19
461.07578	4.19636e-19
461.09629	4.35541e-19
461.11680	4.45760e-19
461.13731	4.51001e-19
461.15782	4.44199e-19
461.17833	4.23068e-19
461.19885	4.35815e-19
461.21937	4.51618e-19
461.23989	4.32512e-19
461.26041	4.22311e-19
461.28093	4.06687e-19
461.30146	3.98519e-19
461.32198	3.97282e-19
461.34251	3.85793e-19
461.36304	3.83958e-19
461.38358	3.99826e-19
461.40411	4.19338e-19
461.42465	4.00198e-19
461.44518	3.71256e-19
461.46572	3.74079e-19
461.48627	3.79012e-19
461.50681	3.73018e-19
461.52735	3.80378e-19
461.54790	3.81909e-19
461.56845	3.68599e-19
461.58900	3.66768e-19
461.60955	3.54960e-19
461.63011	3.52946e-19
461.65066	3.71834e-19
461.67122	3.64579e-19
461.69178	3.55567e-19
461.71234	3.41590e-19
461.73291	3.26097e-19
461.75347	3.41565e-19
461.77404	3.44578e-19
461.79461	3.43076e-19
461.81518	3.42656e-19
461.83575	3.33119e-19
461.85633	3.48379e-19
461.87690	3.46199e-19
461.89748	3.34359e-19
461.91806	3.30899e-19
461.93864	3.22842e-19
461.95923	3.29704e-19
461.97981	3.23980e-19
462.00040	3.37752e-19
462.02099	3.68961e-19
462.04158	3.60971e-19
462.06217	3.49626e-19
462.08277	3.46196e-19
462.10336	3.51155e-19
462.12396	3.50919e-19
462.14456	3.41546e-19
462.16516	3.53759e-19
462.18577	3.64783e-19
462.20637	3.48590e-19
462.22698	3.36644e-19
462.24759	3.45291e-19
462.26820	3.55734e-19
462.28881	3.64546e-19
462.30943	3.65841e-19
462.33005	3.49982e-19
462.35066	3.45501e-19
462.37128	3.57161e-19
462.39191	3.50382e-19
462.41253	3.49997e-19
462.43316	3.66655e-19
462.45378	3.69972e-19
462.47441	3.77252e-19
462.49505	3.79268e-19
462.51568	3.60644e-19
462.53631	3.45469e-19
462.55695	3.75028e-19
462.57759	4.20277e-19
462.59823	4.17600e-19
462.61887	4.35432e-19
462.63952	4.62169e-19
462.66016	4.37120e-19
462.68081	3.95915e-19
462.70146	3.81580e-19
462.72211	4.11051e-19
462.74277	4.48289e-19
462.76342	5.09571e-19
462.78408	6.07186e-19
462.80474	6.01601e-19
462.82540	5.28084e-19
462.84606	5.38334e-19
462.86673	6.01825e-19
462.88739	6.43845e-19
462.90806	6.47555e-19
462.92873	6.21128e-19
462.94940	6.61501e-19
462.97008	6.98694e-19
462.99075	6.22308e-19
463.01143	5.99574e-19
463.03211	6.29682e-19
463.05279	5.96715e-19
463.07347	5.52667e-19
463.09416	5.42453e-19
463.11485	5.32150e-19
463.13553	5.38280e-19
463.15623	5.74990e-19
463.17692	5.88256e-19
463.19761	5.76989e-19
463.21831	6.14621e-19
463.23901	6.19729e-19
463.25971	5.90846e-19
463.28041	6.29168e-19
463.30111	6.08585e-19
463.32182	5.86433e-19
463.34252	6.24915e-19
463.36323	6.21079e-19
463.38394	5.85105e-19
463.40466	5.46337e-19
463.42537	5.69555e-19
463.44609	5.98837e-19
463.46680	5.65328e-19
463.48752	5.60489e-19
463.50825	5.73520e-19
463.52897	5.66370e-19
463.54970	5.63608e-19
463.57042	5.56971e-19
463.59115	5.17506e-19
463.61188	5.11895e-19
463.63262	5.17417e-19
463.65335	4.92474e-19
463.67409	5.03176e-19
463.69483	5.01490e-19
463.71557	4.80592e-19
463.73631	4.82502e-19
463.75705	4.58310e-19
463.77780	4.34214e-19
463.79855	4.53604e-19
463.81930	4.57525e-19
463.84005	4.34546e-19
463.86080	4.35236e-19
463.88156	4.38353e-19
463.90232	4.50804e-19
463.92307	4.64214e-19
463.94384	4.52792e-19
463.96460	4.42629e-19
463.98536	4.49913e-19
464.00613	4.83452e-19
464.02690	4.81367e-19
464.04767	4.50159e-19
464.06844	4.36589e-19
464.08921	4.24689e-19
464.10999	4.31826e-19
464.13077	4.34881e-19
464.15155	4.20748e-19
464.17233	4.08859e-19
464.19311	3.97167e-19
464.21390	3.89358e-19
464.23468	4.02303e-19
464.25547	4.29219e-19
464.27626	4.41343e-19
464.29706	4.55767e-19
464.31785	4.58977e-19
464.33865	4.76472e-19
464.35944	5.02718e-19
464.38024	4.53735e-19
464.40105	4.16491e-19
464.42185	4.32599e-19
464.44266	4.50369e-19
464.46346	4.55808e-19
464.48427	4.69159e-19
464.50508	4.45684e-19
464.52590	4.10332e-19
464.54671	4.17612e-19
464.56753	4.08810e-19
464.58835	4.30277e-19
464.60917	4.47250e-19
464.62999	4.05863e-19
464.65081	4.14281e-19
464.67164	4.30581e-19
464.69247	4.44742e-19
464.71330	4.44943e-19
464.73413	4.00613e-19
464.75496	3.79064e-19
464.77580	3.76680e-19
464.79664	3.83813e-19
464.81747	3.81188e-19
464.83832	3.80798e-19
464.85916	3.86330e-19
464.88000	3.82903e-19
464.90085	3.96789e-19
464.92170	3.86875e-19
464.94255	3.63040e-19
464.96340	3.73834e-19
464.98425	3.76793e-19
465.00511	3.54526e-19
465.02597	3.56711e-19
465.04683	3.59019e-19
465.06769	3.34920e-19
465.08855	3.39007e-19
465.10942	3.43068e-19
465.13029	3.23831e-19
465.15116	3.25227e-19
465.17203	3.31928e-19
465.19290	3.36350e-19
465.21377	3.41419e-19
465.23465	3.29815e-19
465.25553	3.18953e-19
465.27641	3.19128e-19
465.29729	3.03315e-19
465.31818	2.88070e-19
465.33906	2.94020e-19
465.35995	2.92514e-19
465.38084	2.95326e-19
465.40173	2.91959e-19
465.42262	2.65285e-19
465.44352	2.58659e-19
465.46442	2.61175e-19
465.48532	2.58392e-19
465.50622	2.57041e-19
465.52712	2.53434e-19
465.54802	2.58789e-19
465.56893	2.59432e-19
465.58984	2.47419e-19
465.61075	2.47726e-19
465.63166	2.66784e-19
465.65258	2.73216e-19
465.67349	2.62887e-19
465.69441	2.60210e-19
465.71533	2.52681e-19
465.73625	2.42918e-19
465.75717	2.50140e-19
465.77810	2.55606e-19
465.79903	2.41002e-19
465.81996	2.31298e-19
465.84089	2.30228e-19
465.86182	2.31058e-19
465.88276	2.44692e-19
465.90369	2.52199e-19
465.92463	2.57993e-19
465.94557	2.61870e-19
465.96651	2.48430e-19
465.98746	2.57843e-19
466.00840	2.77983e-19
466.02935	2.67357e-19
466.05030	2.51488e-19
466.07125	2.43692e-19
466.09221	2.35703e-19
466.11316	2.35505e-19
466.13412	2.55899e-19
466.15508	2.79855e-19
466.17604	2.77329e-19
466.19700	2.62863e-19
466.21797	2.69931e-19
466.23893	3.09289e-19
466.25990	3.36857e-19
466.28087	3.16552e-19
466.30185	3.04454e-19
466.32282	3.29060e-19
466.34380	3.48998e-19
466.36478	3.25268e-19
466.38576	3.07066e-19
466.40674	3.28840e-19
466.42772	3.38602e-19
466.44871	3.34671e-19
466.46969	3.46149e-19
466.49068	3.42633e-19
466.51167	3.41766e-19
466.53267	3.63833e-19
466.55366	3.59516e-19
466.57466	3.55462e-19
466.59566	4.01212e-19
466.61666	4.35785e-19
466.63766	4.45740e-19
466.65867	4.60309e-19
466.67967	4.41690e-19
466.70068	4.26012e-19
466.72169	4.11672e-19
466.74270	3.94864e-19
466.76372	4.25371e-19
466.78473	4.31323e-19
466.80575	4.15933e-19
466.82677	4.52584e-19
466.84779	4.58886e-19
466.86882	4.63201e-19
466.88984	5.12785e-19
466.91087	5.21388e-19
466.93190	4.97851e-19
466.95293	4.84211e-19
466.97396	4.94118e-19
466.99500	5.13182e-19
467.01603	5.14784e-19
467.03707	4.83853e-19
467.05811	4.38140e-19
467.07916	4.19762e-19
467.10020	4.46752e-19
467.12125	4.95822e-19
467.14229	4.79140e-19
467.16334	4.36785e-19
467.18440	4.26995e-19
467.20545	4.25504e-19
467.22651	4.23810e-19
467.24756	4.26185e-19
467.26862	4.38475e-19
467.28968	4.19794e-19
467.31075	4.08849e-19
467.33181	4.11980e-19
467.35288	3.96357e-19
467.37395	4.16325e-19
467.39502	4.15751e-19
467.41609	4.00959e-19
467.43717	4.11423e-19
467.45824	4.12963e-19
467.47932	4.47477e-19
467.50040	4.56053e-19
467.52149	4.16970e-19
467.54257	3.97172e-19
467.56366	3.93419e-19
467.58474	4.05581e-19
467.60583	3.89355e-19
467.62693	3.70818e-19
467.64802	3.84030e-19
467.66912	3.75430e-19
467.69021	3.79340e-19
467.71131	4.33360e-19
467.73241	4.63966e-19
467.75352	4.54557e-19
467.77462	4.44996e-19
467.79573	4.22061e-19
467.81684	4.14633e-19
467.83795	4.19912e-19
467.85906	4.23861e-19
467.88018	4.46293e-19
467.90129	4.40125e-19
467.92241	4.21923e-19
467.94353	4.10943e-19
467.96465	3.83697e-19
467.98578	4.03921e-19
468.00690	4.62022e-19
468.02803	4.65971e-19
468.04916	4.60499e-19
468.07029	4.77807e-19
468.09143	4.39474e-19
468.11256	3.89208e-19
468.13370	3.76355e-19
468.15484	3.77342e-19
468.17598	4.05326e-19
468.19713	4.22317e-19
468.21827	3.96989e-19
468.23942	3.52080e-19
468.26057	3.17386e-19
468.28172	3.25822e-19
468.30287	3.23501e-19
468.32403	3.07593e-19
468.34518	3.08108e-19
468.36634	3.14057e-19
468.38750	3.38382e-19
468.40866	3.38845e-19
468.42983	3.36613e-19
468.45099	3.60220e-19
468.47216	3.57756e-19
468.49333	3.46371e-19
468.51450	3.39373e-19
468.53568	3.36515e-19
468.55685	3.32497e-19
468.57803	3.19645e-19
468.59921	3.24687e-19
468.62039	3.36737e-19
468.64158	3.18283e-19
468.66276	3.05627e-19
468.68395	3.29231e-19
468.70514	3.27081e-19
468.72633	3.12128e-19
468.74752	3.31378e-19
468.76872	3.49808e-19
468.78991	3.46897e-19
468.81111	3.29833e-19
468.83231	3.27176e-19
468.85352	3.36523e-19
468.87472	3.31385e-19
468.89593	3.15292e-19
468.91714	3.11421e-19
468.93835	3.15284e-19
468.95956	3.11415e-19
468.98077	3.24572e-19
469.00199	3.19326e-19
469.02321	2.98291e-19
469.04443	3.00462e-19
469.06565	3.14249e-19
469.08687	3.42126e-19
469.10810	3.41839e-19
469.12932	3.21050e-19
469.15055	3.03402e-19
469.17179	2.88222e-19
469.19302	2.95668e-19
469.21425	2.94201e-19
469.23549	2.84288e-19
469.25673	2.81610e-19
469.27797	2.81148e-19
469.29921	2.87631e-19
469.32046	3.01130e-19
469.34171	3.18220e-19
469.36295	3.13790e-19
469.38421	2.92486e-19
469.40546	2.83155e-19
469.42671	2.76056e-19
469.44797	2.63271e-19
469.46923	2.63993e-19
469.49049	2.65190e-19
469.51175	2.57987e-19
469.53301	2.60532e-19
469.55428	2.61115e-19
469.57555	2.58463e-19
469.59682	2.64754e-19
469.61809	2.67578e-19
469.63936	2.59363e-19
469.66064	2.61262e-19
469.68192	2.65279e-19
469.70320	2.47863e-19
469.72448	2.39696e-19
469.74576	2.57763e-19
469.76705	2.66617e-19
469.78833	2.64885e-19
469.80962	2.89067e-19
469.83091	3.07286e-19
469.85221	2.96482e-19
469.87350	2.92008e-19
469.89480	3.05843e-19
469.91610	3.19971e-19
469.93740	3.08244e-19
469.95870	3.03871e-19
469.98001	3.10100e-19
470.00131	3.16027e-19
470.02262	3.26289e-19
470.04393	3.26338e-19
470.06524	3.30589e-19
470.08656	3.15306e-19
470.10787	3.03896e-19
470.12919	3.10234e-19
470.15051	3.04229e-19
470.17183	3.09585e-19
470.19316	3.04718e-19
470.21448	2.98508e-19
470.23581	3.08389e-19
470.25714	3.10221e-19
470.27847	3.16009e-19
470.29981	3.36446e-19
470.32114	3.60004e-19
470.34248	3.51741e-19
470.36382	3.43680e-19
470.38516	3.50431e-19
470.40650	3.35062e-19
470.42785	3.29289e-19
470.44920	3.33286e-19
470.47055	3.30701e-19
470.49190	3.30636e-19
470.51325	3.28593e-19
470.53460	3.20422e-19
470.55596	3.09401e-19
470.57732	3.06249e-19
470.59868	2.99102e-19
470.62004	2.99539e-19
470.64141	3.14735e-19
470.66278	3.11728e-19
470.68414	2.99323e-19
470.70551	2.93271e-19
470.72689	2.91278e-19
470.74826	2.89663e-19
470.76964	2.87688e-19
470.79102	2.95527e-19
470.81240	3.00358e-19
470.83378	2.82909e-19
470.85516	2.69102e-19
470.87655	2.78103e-19
470.89794	2.80669e-19
470.91933	2.84226e-19
470.94072	3.05648e-19
470.96211	3.08949e-19
470.98351	3.04379e-19
471.00490	3.14369e-19
471.02630	3.16750e-19
471.04771	3.11477e-19
471.06911	3.03629e-19
471.09051	2.87596e-19
471.11192	2.74817e-19
471.13333	2.65962e-19
471.15474	2.62802e-19
471.17616	2.70429e-19
471.19757	2.81014e-19
471.21899	2.91556e-19
471.24041	2.88526e-19
471.26183	2.84290e-19
471.28325	2.97129e-19
471.30468	3.05219e-19
471.32610	3.10911e-19
471.34753	3.15353e-19
471.36896	3.03323e-19
471.39039	2.99553e-19
471.41183	3.10464e-19
471.43327	3.09544e-19
471.45470	2.94939e-19
471.47614	2.80261e-19
471.49759	2.80926e-19
471.51903	2.88619e-19
471.54048	2.89110e-19
471.56193	3.01330e-19
471.58338	3.28503e-19
471.60483	3.40759e-19
471.62628	3.25543e-19
471.64774	3.26530e-19
471.66920	3.36930e-19
471.69066	3.31066e-19
471.71212	3.35088e-19
471.73358	3.33255e-19
471.75505	3.31320e-19
471.77652	3.37454e-19
471.79799	3.55432e-19
471.81946	3.75836e-19
471.84093	3.67945e-19
471.86241	3.73984e-19
471.88388	3.65478e-19
471.90536	3.46423e-19
471.92685	3.55931e-19
471.94833	3.40001e-19
471.96981	3.26348e-19
471.99130	3.40383e-19
472.01279	3.43924e-19
472.03428	3.46827e-19
472.05578	3.40171e-19
472.07727	3.26373e-19
472.09877	3.40559e-19
472.12027	3.35729e-19
472.14177	3.17393e-19
472.16327	3.37789e-19
472.18478	3.61196e-19
472.20628	3.55607e-19
472.22779	3.37348e-19
472.24930	3.44301e-19
472.27082	3.52384e-19
472.29233	3.33932e-19
472.31385	3.26819e-19
472.33537	3.29045e-19
472.35689	3.24653e-19
472.37841	3.14530e-19
472.39993	3.10715e-19
472.42146	3.02604e-19
472.44299	2.99086e-19
472.46452	3.05121e-19
472.48605	3.07697e-19
472.50759	3.23050e-19
472.52912	3.23054e-19
472.55066	3.05627e-19
472.57220	2.96588e-19
472.59374	3.15313e-19
472.61529	3.38924e-19
472.63683	3.22384e-19
472.65838	3.19693e-19
472.67993	3.27794e-19
472.70148	3.37099e-19
472.72304	3.52843e-19
472.74459	3.53622e-19
472.76615	3.51057e-19
472.78771	3.19885e-19
472.80927	3.09949e-19
472.83084	3.23144e-19
472.85240	3.09803e-19
472.87397	3.28083e-19
472.89554	3.48627e-19
472.91711	3.33733e-19
472.93869	3.24315e-19
472.96026	3.05304e-19
472.98184	2.93236e-19
473.00342	3.03246e-19
473.02500	3.10538e-19
473.04658	3.06527e-19
473.06817	3.14324e-19
473.08976	3.23404e-19
473.11135	3.10555e-19
473.13294	3.08236e-19
473.15453	3.21074e-19
473.17613	3.54288e-19
473.19772	3.90079e-19
473.21932	3.83387e-19
473.24093	3.61916e-19
473.26253	3.39367e-19
473.28413	3.26554e-19
473.30574	3.33029e-19
473.32735	3.59684e-19
473.34896	3.74451e-19
473.37057	3.71171e-19
473.39219	3.79060e-19
473.41381	3.70140e-19
473.43543	3.65931e-19
473.45705	3.70383e-19
473.47867	3.77810e-19
473.50029	3.99295e-19
473.52192	4.36100e-19
473.54355	5.05277e-19
473.56518	5.19518e-19
473.58681	4.70520e-19
473.60845	4.70377e-19
473.63009	5.02470e-19
473.65172	4.72937e-19
473.67337	4.52259e-19
473.69501	4.71181e-19
473.71665	4.62685e-19
473.73830	4.84889e-19
473.75995	5.20878e-19
473.78160	5.66911e-19
473.80325	6.09880e-19
473.82491	5.94230e-19
473.84656	5.94289e-19
473.86822	5.86989e-19
473.88988	5.94618e-19
473.91154	5.67255e-19
473.93321	5.30021e-19
473.95488	5.24819e-19
473.97654	4.97395e-19
473.99821	5.10734e-19
474.01989	5.43037e-19
474.04156	5.36667e-19
474.06324	5.08177e-19
474.08492	5.30013e-19
474.10660	5.46749e-19
474.12828	4.76904e-19
474.14996	4.71307e-19
474.17165	4.91687e-19
474.19334	4.75399e-19
474.21503	4.78502e-19
474.23672	4.83877e-19
474.25841	4.89042e-19
474.28011	4.88464e-19
474.30181	4.65870e-19
474.32351	4.29238e-19
474.34521	4.31753e-19
474.36692	4.53769e-19
474.38862	4.32769e-19
474.41033	4.34203e-19
474.43204	4.60129e-19
474.45375	4.80154e-19
474.47547	5.04602e-19
474.49718	4.88391e-19
474.51890	4.57534e-19
474.54062	4.21142e-19
474.56234	4.21635e-19
474.58407	4.82146e-19
474.60579	4.58604e-19
474.62752	4.48533e-19
474.64925	5.32770e-19
474.67098	5.46254e-19
474.69272	5.40594e-19
474.71445	5.55671e-19
474.73619	5.42929e-19
474.75793	5.22374e-19
474.77967	4.78758e-19
474.80142	4.66641e-19
474.82316	4.75043e-19
474.84491	4.67667e-19
474.86666	4.80322e-19
474.88841	5.06649e-19
474.91017	5.12355e-19
474.93192	4.94033e-19
474.95368	4.65945e-19
474.97544	4.50052e-19
474.99720	4.55448e-19
475.01897	4.42652e-19
475.04073	4.23910e-19
475.06250	4.49915e-19
475.08427	4.77711e-19
475.10604	4.71859e-19
475.12782	4.70797e-19
475.14959	4.63969e-19
475.17137	4.39035e-19
475.19315	4.32362e-19
475.21493	4.33925e-19
475.23672	4.25165e-19
475.25850	4.29182e-19
475.28029	4.26983e-19
475.30208	4.34300e-19
475.32387	4.62445e-19
475.34566	4.56801e-19
475.36746	4.42946e-19
475.38926	4.31635e-19
475.41106	4.11776e-19
475.43286	4.12190e-19
475.45466	4.24547e-19
475.47647	4.32523e-19
475.49828	4.16704e-19
475.52009	3.74991e-19
475.54190	3.56256e-19
475.56371	3.68251e-19
475.58553	3.70814e-19
475.60735	3.47771e-19
475.62917	3.18714e-19
475.65099	3.11564e-19
475.67281	3.24562e-19
475.69464	3.44632e-19
475.71647	3.61678e-19
475.73830	3.66947e-19
475.76013	3.69731e-19
475.78196	3.65814e-19
475.80380	3.66871e-19
475.82564	3.72000e-19
475.84748	3.80717e-19
475.86932	3.90122e-19
475.89116	3.73879e-19
475.91301	3.55985e-19
475.93486	3.40671e-19
475.95671	3.36375e-19
475.97856	3.27484e-19
476.00041	3.06689e-19
476.02227	3.06045e-19
476.04412	3.17945e-19
476.06598	3.45890e-19
476.08785	3.49224e-19
476.10971	3.39728e-19
476.13158	3.57927e-19
476.15344	3.54797e-19
476.17531	3.44734e-19
476.19719	3.49352e-19
476.21906	3.45984e-19
476.24094	3.32117e-19
476.26281	3.26878e-19
476.28469	3.27760e-19
476.30658	3.34854e-19
476.32846	3.25604e-19
476.35035	3.06090e-19
476.37223	3.21190e-19
476.39413	3.05637e-19
476.41602	2.74856e-19
476.43791	2.79445e-19
476.45981	2.87175e-19
476.48171	2.94458e-19
476.50361	3.08461e-19
476.52551	3.34107e-19
476.54741	3.32148e-19
476.56932	3.24487e-19
476.59123	3.41193e-19
476.61314	3.30563e-19
476.63505	2.98469e-19
476.65696	2.78783e-19
476.67888	2.87148e-19
476.70080	2.95455e-19
476.72272	2.93628e-19
476.74464	2.91775e-19
476.76656	2.87614e-19
476.78849	3.13937e-19
476.81042	3.42072e-19
476.83235	3.29123e-19
476.85428	3.17615e-19
476.87622	3.06636e-19
476.89815	2.87457e-19
476.92009	2.93156e-19
476.94203	2.95664e-19
476.96397	2.85829e-19
476.98592	2.88366e-19
477.00787	2.82268e-19
477.02981	2.86745e-19
477.05176	2.93080e-19
477.07372	2.93358e-19
477.09567	3.11310e-19
477.11763	3.11711e-19
477.13959	3.03114e-19
477.16155	2.98766e-19
477.18351	2.97128e-19
477.20548	3.09835e-19
477.22744	3.11490e-19
477.24941	3.17746e-19
477.27138	3.17406e-19
477.29335	2.95280e-19
477.31533	2.97264e-19
477.33731	2.90479e-19
477.35928	2.75253e-19
477.38127	2.83336e-19
477.40325	2.83217e-19
477.42523	2.86506e-19
477.44722	2.96266e-19
477.46921	2.94273e-19
477.49120	3.06118e-19
477.51319	3.38187e-19
477.53519	3.34035e-19
477.55719	3.05805e-19
477.57919	3.10903e-19
477.60119	3.11187e-19
477.62319	3.13099e-19
477.64519	3.26317e-19
477.66720	3.08993e-19
477.68921	2.92444e-19
477.71122	2.94647e-19
477.73324	3.02979e-19
477.75525	2.91597e-19
477.77727	2.70757e-19
477.79929	2.78897e-19
477.82131	2.92835e-19
477.84333	2.84272e-19
477.86536	2.87835e-19
477.88739	3.17474e-19
477.90942	3.23235e-19
477.93145	3.17167e-19
477.95348	3.23326e-19
477.97552	3.20966e-19
477.99755	3.09272e-19
478.01959	2.85364e-19
478.04164	2.81023e-19
478.06368	2.88565e-19
478.08573	2.81386e-19
478.10777	2.76590e-19
478.12982	2.71333e-19
478.15187	2.67720e-19
478.17393	2.70830e-19
478.19598	2.90545e-19
478.21804	2.91362e-19
478.24010	2.67278e-19
478.26216	2.75545e-19
478.28423	2.96515e-19
478.30630	3.01176e-19
478.32836	2.77637e-19
478.35043	2.68655e-19
478.37251	2.86228e-19
478.39458	2.77532e-19
478.41666	2.89354e-19
478.43874	3.13733e-19
478.46082	3.09398e-19
478.48290	2.97118e-19
478.50498	2.75345e-19
478.52707	2.66257e-19
478.54916	2.65361e-19
478.57125	2.70345e-19
478.59334	2.88642e-19
478.61544	3.10435e-19
478.63753	3.23699e-19
478.65963	3.16427e-19
478.68173	3.09342e-19
478.70383	3.02787e-19
478.72594	3.04407e-19
478.74805	3.19322e-19
478.77016	3.22146e-19
478.79227	3.29060e-19
478.81438	3.28522e-19
478.83649	2.96021e-19
478.85861	2.82826e-19
478.88073	3.02846e-19
478.90285	3.24362e-19
478.92498	3.29141e-19
478.94710	3.16166e-19
478.96923	3.16179e-19
478.99136	3.18587e-19
479.01349	3.06254e-19
479.03562	3.07369e-19
479.05776	3.16886e-19
479.07990	3.28056e-19
479.10204	3.42064e-19
479.12418	3.49001e-19
479.14632	3.41721e-19
479.16847	3.25577e-19
479.19061	3.27029e-19
479.21276	3.41537e-19
479.23492	3.47225e-19
479.25707	3.67455e-19
479.27923	3.97371e-19
479.30138	4.09747e-19
479.32354	4.32171e-19
479.34571	4.47931e-19
479.36787	4.44356e-19
479.39004	4.23189e-19
479.41221	3.89718e-19
479.43438	3.86329e-19
479.45655	4.11798e-19
479.47872	4.55576e-19
479.50090	4.48779e-19
479.52308	4.16197e-19
479.54526	4.34721e-19
479.56744	4.44409e-19
479.58963	4.28672e-19
479.61181	4.06180e-19
479.63400	4.13154e-19
479.65619	4.41277e-19
479.67839	4.42322e-19
479.70058	4.45917e-19
479.72278	4.58457e-19
479.74498	4.85285e-19
479.76718	4.82689e-19
479.78938	4.46814e-19
479.81159	4.23806e-19
479.83379	4.33450e-19
479.85600	4.70626e-19
479.87821	4.51680e-19
479.90043	4.13154e-19
479.92264	3.90640e-19
479.94486	3.88548e-19
479.96708	4.02201e-19
479.98930	3.84527e-19
480.01153	3.81192e-19
480.03375	3.82949e-19
480.05598	3.67525e-19
480.07821	3.52282e-19
480.10044	3.45520e-19
480.12268	3.58974e-19
480.14491	3.47437e-19
480.16715	3.24627e-19
480.18939	3.38663e-19
480.21163	3.70889e-19
480.23388	3.61363e-19
480.25612	3.28288e-19
480.27837	3.29166e-19
480.30062	3.44897e-19
480.32288	3.53148e-19
480.34513	3.61478e-19
480.36739	3.73509e-19
480.38965	3.55182e-19
480.41191	3.41809e-19
480.43417	3.59473e-19
480.45643	3.60364e-19
480.47870	3.94712e-19
480.50097	4.09579e-19
480.52324	3.45533e-19
480.54552	3.34207e-19
480.56779	3.62565e-19
480.59007	3.55420e-19
480.61235	3.48610e-19
480.63463	3.47233e-19
480.65691	3.29081e-19
480.67920	3.37762e-19
480.70149	3.43768e-19
480.72378	3.39496e-19
480.74607	3.65321e-19
480.76836	3.61036e-19
480.79066	3.41321e-19
480.81296	3.39747e-19
480.83526	3.33158e-19
480.85756	3.15483e-19
480.87986	3.03240e-19
480.90217	3.09034e-19
480.92448	3.17292e-19
480.94679	3.25146e-19
480.96910	3.25111e-19
480.99141	3.42016e-19
481.01373	3.57625e-19
481.03605	3.42459e-19
481.05837	3.47754e-19
481.08069	3.54413e-19
481.10302	3.45242e-19
481.12535	3.32367e-19
481.14767	3.15796e-19
481.17001	3.20794e-19
481.19234	3.74415e-19
481.21467	4.19704e-19
481.23701	3.99479e-19
481.25935	4.09822e-19
481.28169	4.20826e-19
481.30404	3.97564e-19
481.32638	3.84385e-19
481.34873	3.50528e-19
481.37108	3.32666e-19
481.39343	3.36621e-19
481.41579	3.34020e-19
481.43814	3.47849e-19
481.46050	3.63190e-19
481.48286	3.65426e-19
481.50522	3.57130e-19
481.52759	3.37587e-19
481.54995	3.46236e-19
481.57232	3.55951e-19
481.59469	3.30605e-19
481.61707	3.10282e-19
481.63944	2.99732e-19
481.66182	3.17085e-19
481.68420	3.31689e-19
481.70658	3.16440e-19
481.72896	3.16784e-19
481.75135	3.06837e-19
481.77373	2.97094e-19
481.79612	3.08861e-19
481.81851	3.26759e-19
481.84091	3.30497e-19
481.86330	3.05224e-19
481.88570	2.94907e-19
481.90810	2.94629e-19
481.93050	2.85409e-19
481.95291	2.80382e-19
481.97531	2.75409e-19
481.99772	2.70863e-19
482.02013	2.78395e-19
482.04254	2.94720e-19
482.06496	2.85686e-19
482.08737	2.67592e-19
482.10979	2.65465e-19
482.13221	2.70976e-19
482.15463	2.77797e-19
482.17706	2.64566e-19
482.19949	2.51669e-19
482.22191	2.52707e-19
482.24435	2.49184e-19
482.26678	2.47226e-19
482.28921	2.44226e-19
482.31165	2.42188e-19
482.33409	2.52771e-19
482.35653	2.74295e-19
482.37898	2.88883e-19
482.40142	2.81045e-19
482.42387	2.69858e-19
482.44632	2.69764e-19
482.46877	2.76518e-19
482.49122	2.75821e-19
482.51368	2.64806e-19
482.53614	2.57509e-19
482.55860	2.47190e-19
482.58106	2.44275e-19
482.60353	2.65961e-19
482.62599	2.76590e-19
482.64846	2.61828e-19
482.67093	2.52062e-19
482.69340	2.42113e-19
482.71588	2.36699e-19
482.73836	2.44789e-19
482.76084	2.46352e-19
482.78332	2.42330e-19
482.80580	2.36379e-19
482.82829	2.38689e-19
482.85077	2.43995e-19
482.87326	2.22476e-19
482.89575	2.14808e-19
482.91825	2.30717e-19
482.94074	2.22863e-19
482.96324	2.05098e-19
482.98574	1.96741e-19
483.00824	1.93826e-19
483.03075	1.91652e-19
483.05325	1.91535e-19
483.07576	1.99048e-19
483.09827	2.01893e-19
483.12079	2.13022e-19
483.14330	2.39639e-19
483.16582	2.38191e-19
483.18834	2.16304e-19
483.21086	2.14335e-19
483.23338	2.16345e-19
483.25591	2.11428e-19
483.27843	2.13124e-19
483.30096	2.16379e-19
483.32349	2.15516e-19
483.34603	2.16382e-19
483.36856	2.23319e-19
483.39110	2.07535e-19
483.41364	1.87918e-19
483.43618	2.03678e-19
483.45873	2.08775e-19
483.48127	2.06690e-19
483.50382	2.06472e-19
483.52637	1.90204e-19
483.54892	1.94609e-19
483.57148	1.90436e-19
483.59404	1.91808e-19
483.61660	2.16755e-19
483.63916	2.11832e-19
483.66172	2.08400e-19
483.68428	2.13569e-19
483.70685	2.14151e-19
483.72942	2.13516e-19
483.75199	2.07912e-19
483.77457	2.09264e-19
483.79714	1.96931e-19
483.81972	1.89898e-19
483.84230	2.06187e-19
483.86488	2.16134e-19
483.88747	2.12308e-19
483.91005	2.15783e-19
483.93264	2.27982e-19
483.95523	2.29393e-19
483.97782	2.35309e-19
484.00042	2.35838e-19
484.02301	2.29939e-19
484.04561	2.39950e-19
484.06821	2.35360e-19
484.09082	2.22622e-19
484.11342	2.17138e-19
484.13603	2.09250e-19
484.15864	2.12967e-19
484.18125	2.31721e-19
484.20386	2.48119e-19
484.22648	2.50087e-19
484.24910	2.44472e-19
484.27172	2.34939e-19
484.29434	2.24734e-19
484.31696	2.26900e-19
484.33959	2.41311e-19
484.36222	2.57681e-19
484.38485	2.70773e-19
484.40748	2.72406e-19
484.43012	2.62581e-19
484.45275	2.55807e-19
484.47539	2.69128e-19
484.49803	2.83334e-19
484.52068	2.67770e-19
484.54332	2.58180e-19
484.56597	2.52091e-19
484.58862	2.37554e-19
484.61127	2.41082e-19
484.63393	2.50719e-19
484.65658	2.53451e-19
484.67924	2.39993e-19
484.70190	2.37197e-19
484.72456	2.62485e-19
484.74723	2.78935e-19
484.76989	2.82885e-19
484.79256	2.80064e-19
484.81523	2.78360e-19
484.83791	2.82477e-19
484.86058	2.82402e-19
484.88326	2.77366e-19
484.90594	2.63294e-19
484.92862	2.52456e-19
484.95130	2.58774e-19
484.97399	2.52819e-19
484.99668	2.35394e-19
485.01937	2.55985e-19
485.04206	2.94527e-19
485.06475	3.09897e-19
485.08745	2.85602e-19
485.11015	2.60217e-19
485.13285	2.67753e-19
485.15555	2.67107e-19
485.17825	2.74084e-19
485.20096	2.68197e-19
485.22367	2.59501e-19
485.24638	2.73679e-19
485.26910	2.59073e-19
485.29181	2.62836e-19
485.31453	2.56674e-19
485.33725	2.35101e-19
485.35997	2.45581e-19
485.38269	2.47338e-19
485.40542	2.56107e-19
485.42815	2.60325e-19
485.45088	2.45914e-19
485.47361	2.29864e-19
485.49634	2.24987e-19
485.51908	2.63185e-19
485.54182	2.93787e-19
485.56456	2.73703e-19
485.58730	2.76975e-19
485.61005	2.88346e-19
485.63280	2.54174e-19
485.65555	2.46097e-19
485.67830	2.66662e-19
485.70105	2.81061e-19
485.72381	2.82285e-19
485.74657	2.62853e-19
485.76933	2.78304e-19
485.79209	2.77513e-19
485.81485	2.46460e-19
485.83762	2.52925e-19
485.86039	2.51571e-19
485.88316	2.49284e-19
485.90593	2.81876e-19
485.92871	2.99747e-19
485.95148	2.72466e-19
485.97426	2.56593e-19
485.99704	2.69641e-19
486.01983	2.82467e-19
486.04261	2.79449e-19
486.06540	2.78521e-19
486.08819	2.92238e-19
486.11098	2.77365e-19
486.13378	2.82167e-19
486.15657	3.03675e-19
486.17937	2.76561e-19
486.20217	2.71095e-19
486.22498	2.65329e-19
486.24778	2.42862e-19
486.27059	2.39765e-19
486.29340	2.42648e-19
486.31621	2.51868e-19
486.33902	2.37561e-19
486.36184	2.20058e-19
486.38466	2.18651e-19
486.40748	2.06657e-19
486.43030	2.05672e-19
486.45312	2.11396e-19
486.47595	2.08828e-19
486.49878	2.07028e-19
486.52161	2.05584e-19
486.54444	2.26551e-19
486.56728	2.50559e-19
486.59011	2.38573e-19
486.61295	2.27700e-19
486.63579	2.32736e-19
486.65864	2.36912e-19
486.68148	2.25566e-19
486.70433	2.20167e-19
486.72718	2.34184e-19
486.75003	2.29308e-19
486.77289	2.27647e-19
486.79574	2.43823e-19
486.81860	2.47401e-19
486.84146	2.44475e-19
486.86433	2.45286e-19
486.88719	2.46486e-19
486.91006	2.45636e-19
486.93293	2.39142e-19
486.95580	2.26778e-19
486.97867	2.23760e-19
487.00155	2.11457e-19
487.02443	2.01823e-19
487.04731	2.13289e-19
487.07019	2.08639e-19
487.09307	2.08244e-19
487.11596	2.15901e-19
487.13885	2.11539e-19
487.16174	2.06839e-19
487.18463	2.11262e-19
487.20753	2.31723e-19
487.23042	2.35121e-19
487.25332	2.23554e-19
487.27622	2.21057e-19
487.29913	2.20187e-19
487.32203	2.26694e-19
487.34494	2.30501e-19
487.36785	2.20275e-19
487.39076	2.26927e-19
487.41368	2.38013e-19
487.43660	2.23080e-19
487.45951	2.29290e-19
487.48244	2.49791e-19
487.50536	2.53329e-19
487.52828	2.56757e-19
487.55121	2.55175e-19
487.57414	2.43770e-19
487.59707	2.37682e-19
487.62001	2.58043e-19
487.64294	2.78326e-19
487.66588	2.82727e-19
487.68882	2.77948e-19
487.71176	2.75275e-19
487.73471	2.92113e-19
487.75765	2.89087e-19
487.78060	2.84264e-19
487.80355	2.86012e-19
487.82651	2.81430e-19
487.84946	2.94848e-19
487.87242	2.93505e-19
487.89538	2.84414e-19
487.91834	2.89976e-19
487.94131	2.96791e-19
487.96427	3.14343e-19
487.98724	3.16058e-19
488.01021	2.98160e-19
488.03319	3.06063e-19
488.05616	3.11909e-19
488.07914	3.20179e-19
488.10212	3.50714e-19
488.12510	3.31765e-19
488.14808	3.02202e-19
488.17107	3.15200e-19
488.19405	3.42154e-19
488.21704	3.55148e-19
488.24004	3.60786e-19
488.26303	4.09516e-19
488.28603	4.63649e-19
488.30903	4.55657e-19
488.33203	4.45459e-19
488.35503	4.26694e-19
488.37804	3.99266e-19
488.40104	4.30274e-19
488.42405	4.60630e-19
488.44706	4.28689e-19
488.47008	4.08928e-19
488.49309	4.02801e-19
488.51611	4.14542e-19
488.53913	4.48108e-19
488.56216	4.64718e-19
488.58518	4.65608e-19
488.60821	4.79590e-19
488.63124	4.96301e-19
488.65427	4.76827e-19
488.67730	4.68024e-19
488.70034	4.91754e-19
488.72337	5.07005e-19
488.74641	5.22082e-19
488.76946	5.72717e-19
488.79250	5.95343e-19
488.81555	5.49675e-19
488.83860	5.47321e-19
488.86165	5.44312e-19
488.88470	5.21129e-19
488.90776	5.32128e-19
488.93081	4.76151e-19
488.95387	4.14753e-19
488.97693	4.39971e-19
489.00000	4.47461e-19
489.02306	4.09112e-19
489.04613	4.17761e-19
489.06920	4.23220e-19
489.09227	3.98916e-19
489.11535	3.92476e-19
489.13843	3.86126e-19
489.16151	3.85995e-19
489.18459	3.95421e-19
489.20767	3.94892e-19
489.23076	4.19099e-19
489.25384	4.54014e-19
489.27693	4.36382e-19
489.30003	4.21440e-19
489.32312	4.09959e-19
489.34622	3.88043e-19
489.36932	4.10800e-19
489.39242	4.52127e-19
489.41552	4.67521e-19
489.43862	4.26724e-19
489.46173	3.82876e-19
489.48484	3.80729e-19
489.50795	3.79912e-19
489.53107	3.78364e-19
489.55418	3.66839e-19
489.57730	3.56149e-19
489.60042	3.51072e-19
489.62355	3.66350e-19
489.64667	3.98510e-19
489.66980	3.76813e-19
489.69293	3.59288e-19
489.71606	3.55339e-19
489.73919	3.48734e-19
489.76233	3.58369e-19
489.78547	3.45164e-19
489.80861	3.28377e-19
489.83175	3.21379e-19
489.85489	3.22867e-19
489.87804	3.26555e-19
489.90119	3.21358e-19
489.92434	3.13465e-19
489.94749	3.12405e-19
489.97065	3.15643e-19
489.99381	2.93078e-19
490.01697	2.84502e-19
490.04013	2.77017e-19
490.06329	2.56315e-19
490.08646	2.89132e-19
490.10963	3.22209e-19
490.13280	3.07170e-19
490.15597	3.04618e-19
490.17915	3.22555e-19
490.20232	3.65877e-19
490.22550	3.72461e-19
490.24869	3.09081e-19
490.27187	3.01768e-19
490.29506	3.26628e-19
490.31824	2.93238e-19
490.34143	2.72566e-19
490.36463	2.87125e-19
490.38782	2.98201e-19
490.41102	2.87151e-19
490.43422	2.70139e-19
490.45742	2.68394e-19
490.48062	2.74533e-19
490.50383	2.80907e-19
490.52704	2.76797e-19
490.55025	2.74295e-19
490.57346	2.63928e-19
490.59668	2.49231e-19
490.61989	2.34336e-19
490.64311	2.19922e-19
490.66633	2.40386e-19
490.68956	2.53090e-19
490.71278	2.46753e-19
490.73601	2.46675e-19
490.75924	2.36726e-19
490.78247	2.30310e-19
490.80571	2.25652e-19
490.82894	2.30383e-19
490.85218	2.37886e-19
490.87542	2.37512e-19
490.89867	2.24666e-19
490.92191	2.12414e-19
490.94516	2.16869e-19
490.96841	2.07772e-19
490.99166	2.02108e-19
491.01492	2.03708e-19
491.03817	2.00882e-19
491.06143	1.96598e-19
491.08469	1.85489e-19
491.10796	1.89008e-19
491.13122	1.89930e-19
491.15449	1.86313e-19
491.17776	1.90202e-19
491.20103	1.85520e-19
491.22430	1.84682e-19
491.24758	1.90798e-19
491.27086	1.97000e-19
491.29414	2.03343e-19
491.31742	2.02950e-19
491.34071	1.92201e-19
491.36400	1.91672e-19
491.38729	2.01923e-19
491.41058	1.97479e-19
491.43387	1.88782e-19
491.45717	1.78786e-19
491.48047	1.71217e-19
491.50377	1.78793e-19
491.52707	1.86610e-19
491.55037	1.92507e-19
491.57368	1.99460e-19
491.59699	2.07255e-19
491.62030	2.20206e-19
491.64362	2.20207e-19
491.66693	2.10074e-19
491.69025	2.06316e-19
491.71357	2.05211e-19
491.73689	2.07493e-19
491.76022	2.13147e-19
491.78355	2.28115e-19
491.80688	2.41728e-19
491.83021	2.39399e-19
491.85354	2.44798e-19
491.87688	2.58638e-19
491.90022	2.63348e-19
491.92356	2.54644e-19
491.94690	2.41939e-19
491.97024	2.35223e-19
491.99359	2.37272e-19
492.01694	2.52094e-19
492.04029	2.53774e-19
492.06365	2.45900e-19
492.08700	2.43700e-19
492.11036	2.32242e-19
492.13372	2.33990e-19
492.15708	2.44289e-19
492.18045	2.42653e-19
492.20381	2.34899e-19
492.22718	2.26084e-19
492.25056	2.31245e-19
492.27393	2.29261e-19
492.29731	2.15562e-19
492.32068	2.15018e-19
492.34406	2.19331e-19
492.36745	2.21308e-19
492.39083	2.11150e-19
492.41422	1.97338e-19
492.43761	1.95711e-19
492.46100	1.99914e-19
492.48439	2.06402e-19
492.50779	2.09258e-19
492.53119	2.10218e-19
492.55459	2.12322e-19
492.57799	2.17736e-19
492.60139	2.22596e-19
492.62480	2.25537e-19
492.64821	2.32353e-19
492.67162	2.28267e-19
492.69504	2.25718e-19
492.71845	2.21774e-19
492.74187	2.14655e-19
492.76529	2.29294e-19
492.78871	2.29073e-19
492.81214	2.11086e-19
492.83557	2.13420e-19
492.85899	2.24216e-19
492.88243	2.18379e-19
492.90586	2.12087e-19
492.92930	2.26213e-19
492.95273	2.30195e-19
492.97617	2.31603e-19
492.99962	2.48254e-19
493.02306	2.51883e-19
493.04651	2.50533e-19
493.06996	2.59833e-19
493.09341	2.64957e-19
493.11686	2.53690e-19
493.14032	2.51828e-19
493.16378	2.77179e-19
493.18724	2.94671e-19
493.21070	2.88980e-19
493.23417	2.85923e-19
493.25763	2.70674e-19
493.28110	2.60253e-19
493.30458	2.95442e-19
493.32805	3.12391e-19
493.35153	2.79596e-19
493.37500	2.70911e-19
493.39848	2.75315e-19
493.42197	2.61416e-19
493.44545	2.78331e-19
493.46894	3.07632e-19
493.49243	2.95419e-19
493.51592	2.90826e-19
493.53941	2.88817e-19
493.56291	3.02825e-19
493.58641	3.20472e-19
493.60991	2.86311e-19
493.63341	2.86212e-19
493.65692	3.05433e-19
493.68043	2.79509e-19
493.70394	2.62578e-19
493.72745	2.83849e-19
493.75096	3.02277e-19
493.77448	2.76632e-19
493.79800	2.55638e-19
493.82152	2.67321e-19
493.84504	2.86982e-19
493.86857	2.91910e-19
493.89209	2.96049e-19
493.91562	3.13433e-19
493.93916	3.17504e-19
493.96269	3.05000e-19
493.98623	3.07419e-19
494.00977	3.19542e-19
494.03331	3.17661e-19
494.05685	3.29814e-19
494.08040	3.37365e-19
494.10394	3.22069e-19
494.12749	3.15586e-19
494.15105	3.02191e-19
494.17460	2.88840e-19
494.19816	2.95819e-19
494.22172	3.16435e-19
494.24528	3.32579e-19
494.26884	3.65716e-19
494.29241	3.95304e-19
494.31598	3.63418e-19
494.33955	3.32672e-19
494.36312	3.30033e-19
494.38669	3.38012e-19
494.41027	3.34315e-19
494.43385	3.33900e-19
494.45743	3.44395e-19
494.48101	3.50465e-19
494.50460	3.64537e-19
494.52819	3.51635e-19
494.55178	3.55049e-19
494.57537	3.56934e-19
494.59897	3.12859e-19
494.62256	3.24342e-19
494.64616	3.56215e-19
494.66977	3.56202e-19
494.69337	3.89164e-19
494.71698	4.11790e-19
494.74058	3.86260e-19
494.76420	3.77321e-19
494.78781	3.59625e-19
494.81142	3.11104e-19
494.83504	3.03903e-19
494.85866	3.35787e-19
494.88228	3.37355e-19
494.90591	3.16394e-19
494.92953	3.10779e-19
494.95316	3.10473e-19
494.97679	3.09002e-19
495.00043	3.07265e-19
495.02406	3.05955e-19
495.04770	3.08297e-19
495.07134	3.01733e-19
495.09498	3.09159e-19
495.11863	3.22163e-19
495.14227	3.13821e-19
495.16592	3.18470e-19
495.18958	2.96335e-19
495.21323	2.77575e-19
495.23688	3.06807e-19
495.26054	2.94590e-19
495.28420	2.83920e-19
495.30787	2.89756e-19
495.33153	2.70560e-19
495.35520	2.94959e-19
495.37887	3.22457e-19
495.40254	3.18370e-19
495.42621	3.15744e-19
495.44989	3.22047e-19
495.47357	3.39862e-19
495.49725	3.34260e-19
495.52093	3.38634e-19
495.54462	3.31969e-19
495.56831	3.01479e-19
495.59200	3.03072e-19
495.61569	3.17540e-19
495.63938	3.23756e-19
495.66308	3.22101e-19
495.68678	3.24380e-19
495.71048	3.25038e-19
495.73418	3.42233e-19
495.75789	3.67557e-19
495.78160	3.41193e-19
495.80531	3.17022e-19
495.82902	3.05082e-19
495.85273	2.97074e-19
495.87645	3.23153e-19
495.90017	3.44186e-19
495.92389	3.28885e-19
495.94762	3.15779e-19
495.97134	3.25765e-19
495.99507	3.21982e-19
496.01880	3.11386e-19
496.04253	3.18998e-19
496.06627	3.08474e-19
496.09001	2.98123e-19
496.11375	3.18914e-19
496.13749	3.34976e-19
496.16123	3.21814e-19
496.18498	3.24255e-19
496.20873	3.40434e-19
496.23248	3.23137e-19
496.25623	3.22854e-19
496.27999	3.29712e-19
496.30375	3.08468e-19
496.32751	3.13713e-19
496.35127	3.18060e-19
496.37503	3.06824e-19
496.39880	2.99334e-19
496.42257	2.90499e-19
496.44634	3.02492e-19
496.47012	3.20299e-19
496.49389	3.35321e-19
496.51767	3.32954e-19
496.54145	3.10010e-19
496.56523	3.08539e-19
496.58902	3.11744e-19
496.61281	3.07724e-19
496.63660	3.12684e-19
496.66039	3.21074e-19
496.68418	3.32523e-19
496.70798	3.43478e-19
496.73178	3.29856e-19
496.75558	3.00453e-19
496.77938	2.77388e-19
496.80319	2.63545e-19
496.82700	2.74948e-19
496.85081	2.82836e-19
496.87462	2.64495e-19
496.89844	2.60416e-19
496.92225	2.72664e-19
496.94607	2.80622e-19
496.96989	2.68362e-19
496.99372	2.45958e-19
497.01754	2.34513e-19
497.04137	2.34130e-19
497.06520	2.40702e-19
497.08904	2.39938e-19
497.11287	2.37950e-19
497.13671	2.44384e-19
497.16055	2.49225e-19
497.18439	2.40922e-19
497.20824	2.25860e-19
497.23208	2.31861e-19
497.25593	2.36915e-19
497.27978	2.26194e-19
497.30364	2.24055e-19
497.32749	2.21028e-19
497.35135	2.23867e-19
497.37521	2.21687e-19
497.39908	2.08984e-19
497.42294	2.11883e-19
497.44681	2.07210e-19
497.47068	1.99036e-19
497.49455	1.97783e-19
497.51843	1.97057e-19
497.54230	2.11233e-19
497.56618	2.13301e-19
497.59006	2.00980e-19
497.61395	1.93657e-19
497.63783	1.91561e-19
497.66172	1.92919e-19
497.68561	1.84994e-19
497.70950	1.91786e-19
497.73340	2.00980e-19
497.75730	1.92032e-19
497.78120	1.92386e-19
497.80510	1.89295e-19
497.82900	1.81505e-19
497.85291	1.83563e-19
497.87682	1.92809e-19
497.90073	1.99999e-19
497.92464	2.04619e-19
497.94856	2.12124e-19
497.97247	2.11688e-19
497.99639	2.11437e-19
498.02032	2.08486e-19
498.04424	1.96618e-19
498.06817	1.87818e-19
498.09210	1.87123e-19
498.11603	1.85974e-19
498.13996	1.76227e-19
498.16390	1.72723e-19
498.18784	1.66133e-19
498.21178	1.56438e-19
498.23572	1.59945e-19
498.25967	1.61741e-19
498.28362	1.56419e-19
498.30757	1.60267e-19
498.33152	1.69211e-19
498.35548	1.64065e-19
498.37943	1.64211e-19
498.40339	1.75485e-19
498.42735	1.79315e-19
498.45132	1.73742e-19
498.47528	1.66812e-19
498.49925	1.67774e-19
498.52322	1.63066e-19
498.54720	1.62893e-19
498.57117	1.66860e-19
498.59515	1.62305e-19
498.61913	1.59977e-19
498.64311	1.53242e-19
498.66710	1.54765e-19
498.69108	1.63509e-19
498.71507	1.68178e-19
498.73907	1.70050e-19
498.76306	1.62768e-19
498.78706	1.55573e-19
498.81105	1.49658e-19
498.83506	1.49722e-19
498.85906	1.51476e-19
498.88306	1.43954e-19
498.90707	1.44585e-19
498.93108	1.53958e-19
498.95509	1.56453e-19
498.97911	1.52294e-19
499.00313	1.44196e-19
499.02715	1.51481e-19
499.05117	1.69057e-19
499.07519	1.60571e-19
499.09922	1.55081e-19
499.12325	1.57016e-19
499.14728	1.43434e-19
499.17131	1.36342e-19
499.19535	1.36036e-19
499.21938	1.40860e-19
499.24342	1.39321e-19
499.26747	1.31934e-19
499.29151	1.33921e-19
499.31556	1.32559e-19
499.33961	1.36588e-19
499.36366	1.39205e-19
499.38771	1.29469e-19
499.41177	1.26713e-19
499.43583	1.22989e-19
499.45989	1.15755e-19
499.48395	1.21927e-19
499.50802	1.30392e-19
499.53209	1.30294e-19
499.55616	1.29175e-19
499.58023	1.25559e-19
499.60431	1.25661e-19
499.62838	1.32075e-19
499.65246	1.33449e-19
499.67654	1.28873e-19
499.70063	1.28896e-19
499.72472	1.31237e-19
499.74880	1.31043e-19
499.77290	1.36179e-19
499.79699	1.34983e-19
499.82109	1.27245e-19
499.84518	1.27531e-19
499.86928	1.38534e-19
499.89339	1.48492e-19
499.91749	1.42119e-19
499.94160	1.40730e-19
499.96571	1.43037e-19
499.98982	1.37242e-19
500.01394	1.29451e-19
500.03805	1.22660e-19
500.06217	1.25562e-19
500.08629	1.20680e-19
500.11042	1.15660e-19
500.13454	1.29233e-19
500.15867	1.36723e-19
500.18280	1.31277e-19
500.20694	1.38339e-19
500.23107	1.53160e-19
500.25521	1.49381e-19
500.27935	1.41355e-19
500.30349	1.38066e-19
500.32764	1.35938e-19
500.35178	1.37474e-19
500.37593	1.40790e-19
500.40008	1.45048e-19
500.42424	1.45067e-19
500.44839	1.50389e-19
500.47255	1.54439e-19
500.49671	1.51415e-19
500.52088	1.45070e-19
500.54504	1.40041e-19
500.56921	1.42527e-19
500.59338	1.37911e-19
500.61756	1.45091e-19
500.64173	1.62271e-19
500.66591	1.64982e-19
500.69009	1.60615e-19
500.71427	1.47716e-19
500.73845	1.42846e-19
500.76264	1.49960e-19
500.78683	1.52431e-19
500.81102	1.50870e-19
500.83521	1.47317e-19
500.85941	1.48402e-19
500.88361	1.59761e-19
500.90781	1.61599e-19
500.93201	1.64900e-19
500.95622	1.81947e-19
500.98043	1.81012e-19
501.00464	1.84754e-19
501.02885	1.85791e-19
501.05306	1.75836e-19
501.07728	1.88601e-19
501.10150	1.83788e-19
501.12572	1.71509e-19
501.14995	1.80904e-19
501.17417	1.78892e-19
501.19840	1.65757e-19
501.22263	1.57147e-19
501.24687	1.51365e-19
501.27110	1.50999e-19
501.29534	1.51011e-19
501.31958	1.48441e-19
501.34382	1.51786e-19
501.36807	1.50915e-19
501.39232	1.52669e-19
501.41657	1.59374e-19
501.44082	1.59489e-19
501.46507	1.63324e-19
501.48933	1.69216e-19
501.51359	1.69556e-19
501.53785	1.61981e-19
501.56212	1.63368e-19
501.58638	1.73328e-19
501.61065	1.70636e-19
501.63492	1.58099e-19
501.65920	1.56450e-19
501.68347	1.66048e-19
501.70775	1.69070e-19
501.73203	1.75427e-19
501.75631	1.73115e-19
501.78060	1.74790e-19
501.80489	1.80653e-19
501.82918	1.72536e-19
501.85347	1.81843e-19
501.87776	1.85240e-19
501.90206	1.94971e-19
501.92636	2.06848e-19
501.95066	1.95876e-19
501.97496	1.97445e-19
501.99927	2.02411e-19
502.02358	2.19986e-19
502.04789	2.16218e-19
502.07220	2.00672e-19
502.09652	2.09858e-19
502.12084	2.03855e-19
502.14516	2.12453e-19
502.16948	2.25275e-19
502.19381	2.27339e-19
502.21813	2.37288e-19
502.24246	2.27336e-19
502.26680	2.24540e-19
502.29113	2.35417e-19
502.31547	2.56080e-19
502.33981	2.84906e-19
502.36415	2.70939e-19
502.38849	2.52275e-19
502.41284	2.49867e-19
502.43719	2.38376e-19
502.46154	2.61070e-19
502.48589	2.93212e-19
502.51025	2.77933e-19
502.53461	2.56390e-19
502.55897	2.56319e-19
502.58333	2.58383e-19
502.60770	2.41152e-19
502.63206	2.53083e-19
502.65643	2.91904e-19
502.68081	2.92684e-19
502.70518	2.93237e-19
502.72956	3.00110e-19
502.75394	2.91868e-19
502.77832	2.98011e-19
502.80270	3.01728e-19
502.82709	3.06957e-19
502.85148	3.39207e-19
502.87587	3.47219e-19
502.90026	3.24887e-19
502.92466	3.16329e-19
502.94906	3.22126e-19
502.97346	3.13470e-19
502.99786	2.67990e-19
503.02227	2.46557e-19
503.04668	2.44803e-19
503.07109	2.33004e-19
503.09550	2.37067e-19
503.11991	2.32447e-19
503.14433	2.28619e-19
503.16875	2.28790e-19
503.19317	2.19521e-19
503.21760	2.20724e-19
503.24202	2.31524e-19
503.26645	2.53964e-19
503.29089	2.54065e-19
503.31532	2.43271e-19
503.33976	2.43878e-19
503.36419	2.16561e-19
503.38864	1.86412e-19
503.41308	1.95703e-19
503.43752	2.13022e-19
503.46197	1.92669e-19
503.48642	1.84645e-19
503.51088	1.89496e-19
503.53533	1.92759e-19
503.55979	2.14905e-19
503.58425	2.11387e-19
503.60871	2.17355e-19
503.63318	2.27997e-19
503.65764	1.98999e-19
503.68211	1.90913e-19
503.70659	1.93939e-19
503.73106	1.93219e-19
503.75554	2.07637e-19
503.78002	2.16762e-19
503.80450	2.02729e-19
503.82898	1.91828e-19
503.85347	1.91803e-19
503.87796	1.90086e-19
503.90245	2.00649e-19
503.92694	2.09190e-19
503.95144	2.13748e-19
503.97593	2.14635e-19
504.00044	2.11243e-19
504.02494	2.22036e-19
504.04944	2.28358e-19
504.07395	2.30603e-19
504.09846	2.37777e-19
504.12297	2.60453e-19
504.14749	2.63344e-19
504.17201	2.40392e-19
504.19653	2.51831e-19
504.22105	2.56125e-19
504.24557	2.63587e-19
504.27010	2.87443e-19
504.29463	2.95457e-19
504.31916	3.19563e-19
504.34369	3.15441e-19
504.36823	2.97133e-19
504.39277	2.94927e-19
504.41731	2.89720e-19
504.44185	2.97028e-19
504.46640	3.04339e-19
504.49095	3.00417e-19
504.51550	2.79903e-19
504.54005	2.86943e-19
504.56461	3.17759e-19
504.58916	3.20769e-19
504.61372	3.27974e-19
504.63829	3.34802e-19
504.66285	3.38182e-19
504.68742	3.64494e-19
504.71199	4.01125e-19
504.73656	4.23067e-19
504.76113	4.40711e-19
504.78571	4.24896e-19
504.81029	3.76111e-19
504.83487	3.55690e-19
504.85946	3.19403e-19
504.88404	3.05243e-19
504.90863	3.32080e-19
504.93322	3.29292e-19
504.95782	3.17645e-19
504.98241	2.97664e-19
505.00701	2.80869e-19
505.03161	2.79599e-19
505.05622	2.94870e-19
505.08082	3.25518e-19
505.10543	3.13125e-19
505.13004	2.84311e-19
505.15465	2.83237e-19
505.17927	2.90180e-19
505.20389	3.00040e-19
505.22851	3.18775e-19
505.25313	3.18605e-19
505.27775	2.99699e-19
505.30238	2.87959e-19
505.32701	2.86315e-19
505.35164	2.82495e-19
505.37628	2.49826e-19
505.40091	2.28981e-19
505.42555	2.42524e-19
505.45019	2.52273e-19
505.47484	2.45250e-19
505.49949	2.36998e-19
505.52413	2.41729e-19
505.54879	2.47406e-19
505.57344	2.37210e-19
505.59810	2.24699e-19
505.62275	2.28499e-19
505.64741	2.27005e-19
505.67208	2.13797e-19
505.69674	2.08218e-19
505.72141	2.12123e-19
505.74608	2.11805e-19
505.77076	1.99236e-19
505.79543	2.06953e-19
505.82011	2.11924e-19
505.84479	2.06406e-19
505.86947	2.12377e-19
505.89416	2.08917e-19
505.91884	2.21736e-19
505.94353	2.31592e-19
505.96823	2.01656e-19
505.99292	1.75838e-19
506.01762	1.92107e-19
506.04232	2.07531e-19
506.06702	2.11320e-19
506.09172	2.31671e-19
506.11643	2.10732e-19
506.14114	2.10762e-19
506.16585	2.35649e-19
506.19056	2.24207e-19
506.21528	2.21519e-19
506.24000	2.21088e-19
506.26472	2.44191e-19
506.28944	2.54078e-19
506.31417	2.34883e-19
506.33890	2.34738e-19
506.36363	2.17534e-19
506.38836	2.15080e-19
506.41310	2.43546e-19
506.43784	2.33136e-19
506.46258	1.95931e-19
506.48732	2.01218e-19
506.51207	2.11117e-19
506.53681	2.14533e-19
506.56156	2.32091e-19
506.58632	2.22221e-19
506.61107	2.21166e-19
506.63583	2.02413e-19
506.66059	1.79944e-19
506.68535	1.93771e-19
506.71011	1.92185e-19
506.73488	2.05348e-19
506.75965	2.24848e-19
506.78442	2.24848e-19
506.80920	2.29624e-19
506.83397	2.16595e-19
506.85875	1.99325e-19
506.88354	1.96057e-19
506.90832	1.96109e-19
506.93311	1.81978e-19
506.95789	1.66299e-19
506.98269	1.67591e-19
507.00748	1.83953e-19
507.03228	2.02284e-19
507.05707	1.87800e-19
507.08188	1.73505e-19
507.10668	1.92254e-19
507.13149	1.88577e-19
507.15629	1.75272e-19
507.18110	1.95210e-19
507.20592	1.92725e-19
507.23073	1.69282e-19
507.25555	1.59889e-19
507.28037	1.49982e-19
507.30519	1.50086e-19
507.33002	1.57362e-19
507.35485	1.74927e-19
507.37968	1.81999e-19
507.40451	1.58778e-19
507.42935	1.70784e-19
507.45418	2.11534e-19
507.47902	2.14510e-19
507.50386	1.86148e-19
507.52871	1.62977e-19
507.55356	1.53851e-19
507.57841	1.48722e-19
507.60326	1.50598e-19
507.62811	1.51627e-19
507.65297	1.49367e-19
507.67783	1.47445e-19
507.70269	1.47411e-19
507.72756	1.70350e-19
507.75242	1.91691e-19
507.77729	1.94430e-19
507.80216	1.91409e-19
507.82704	1.68986e-19
507.85191	1.58349e-19
507.87679	1.64166e-19
507.90167	1.69325e-19
507.92656	1.76286e-19
507.95144	1.76667e-19
507.97633	1.80425e-19
508.00122	1.75382e-19
508.02612	1.83411e-19
508.05101	2.06393e-19
508.07591	1.90049e-19
508.10081	1.77161e-19
508.12571	1.77629e-19
508.15062	1.78645e-19
508.17553	1.85750e-19
508.20044	1.74067e-19
508.22535	1.65686e-19
508.25027	1.65480e-19
508.27519	1.63559e-19
508.30011	1.69512e-19
508.32503	1.83066e-19
508.34995	1.97072e-19
508.37488	2.09685e-19
508.39981	2.12737e-19
508.42474	2.03967e-19
508.44968	2.24269e-19
508.47462	2.41802e-19
508.49956	2.41590e-19
508.52450	2.60942e-19
508.54944	2.45305e-19
508.57439	2.23569e-19
508.59934	2.18546e-19
508.62429	2.00032e-19
508.64925	1.88240e-19
508.67420	1.85115e-19
508.69916	1.87413e-19
508.72413	1.85642e-19
508.74909	1.92057e-19
508.77406	2.11668e-19
508.79903	2.24786e-19
508.82400	2.37357e-19
508.84897	2.35466e-19
508.87395	2.25300e-19
508.89893	2.19710e-19
508.92391	2.18549e-19
508.94889	2.23816e-19
508.97388	2.31728e-19
508.99887	2.46240e-19
509.02386	2.47969e-19
509.04885	2.54808e-19
509.07385	2.77260e-19
509.09885	2.86889e-19
509.12385	2.85279e-19
509.14885	2.65639e-19
509.17386	2.54913e-19
509.19887	2.51339e-19
509.22388	2.26717e-19
509.24889	2.18386e-19
509.27391	2.34360e-19
509.29893	2.36426e-19
509.32395	2.32921e-19
509.34897	2.44639e-19
509.37400	2.52666e-19
509.39902	2.56347e-19
509.42406	2.51277e-19
509.44909	2.33679e-19
509.47412	2.15731e-19
509.49916	2.11697e-19
509.52420	2.24374e-19
509.54925	2.39614e-19
509.57429	2.64746e-19
509.59934	2.77670e-19
509.62439	3.11849e-19
509.64944	3.37431e-19
509.67450	3.05248e-19
509.69956	3.30276e-19
509.72462	3.13087e-19
509.74968	2.69673e-19
509.77474	2.90212e-19
509.79981	2.77556e-19
509.82488	2.57629e-19
509.84995	2.48353e-19
509.87503	2.51285e-19
509.90011	2.59542e-19
509.92519	2.51579e-19
509.95027	2.58230e-19
509.97535	2.54509e-19
510.00044	2.42015e-19
510.02553	2.45545e-19
510.05062	2.53940e-19
510.07572	2.34185e-19
510.10081	2.28835e-19
510.12591	2.65666e-19
510.15102	2.79046e-19
510.17612	2.72544e-19
510.20123	2.60621e-19
510.22634	2.44426e-19
510.25145	2.34098e-19
510.27656	2.31895e-19
510.30168	2.39636e-19
510.32680	2.39388e-19
510.35192	2.35632e-19
510.37705	2.32245e-19
510.40217	2.39563e-19
510.42730	2.51738e-19
510.45243	2.50970e-19
510.47757	2.47952e-19
510.50271	2.44882e-19
510.52785	2.35202e-19
510.55299	2.19469e-19
510.57813	2.12174e-19
510.60328	2.17111e-19
510.62843	2.30141e-19
510.65358	2.34978e-19
510.67873	2.34067e-19
510.70389	2.40394e-19
510.72905	2.38619e-19
510.75421	2.37084e-19
510.77937	2.42924e-19
510.80454	2.63177e-19
510.82971	2.74532e-19
510.85488	2.41362e-19
510.88005	2.17074e-19
510.90523	2.28779e-19
510.93041	2.36939e-19
510.95559	2.23204e-19
510.98078	2.13673e-19
511.00596	2.15311e-19
511.03115	2.38526e-19
511.05634	2.66162e-19
511.08154	2.48612e-19
511.10673	2.21050e-19
511.13193	2.16836e-19
511.15713	2.33059e-19
511.18234	2.43921e-19
511.20754	2.45625e-19
511.23275	2.60947e-19
511.25796	2.51726e-19
511.28318	2.42666e-19
511.30839	2.79194e-19
511.33361	3.08115e-19
511.35883	2.96808e-19
511.38406	2.72254e-19
511.40928	2.33561e-19
511.43451	2.18402e-19
511.45974	2.48261e-19
511.48497	2.38941e-19
511.51021	2.05716e-19
511.53545	2.13566e-19
511.56069	2.06322e-19
511.58593	1.94641e-19
511.61118	2.15830e-19
511.63643	2.09485e-19
511.66168	1.96187e-19
511.68693	2.19886e-19
511.71219	2.13090e-19
511.73745	1.96766e-19
511.76271	2.12773e-19
511.78797	2.12128e-19
511.81324	2.16989e-19
511.83851	2.28549e-19
511.86378	2.15273e-19
511.88905	2.15481e-19
511.91433	2.36857e-19
511.93961	2.58240e-19
511.96489	2.50999e-19
511.99017	2.10282e-19
512.01546	2.04185e-19
512.04074	2.43197e-19
512.06604	2.60352e-19
512.09133	2.61873e-19
512.11662	2.45313e-19
512.14192	2.08362e-19
512.16722	1.93215e-19
512.19253	2.09820e-19
512.21783	2.77336e-19
512.24314	2.97338e-19
512.26845	2.50223e-19
512.29377	2.43931e-19
512.31908	2.27684e-19
512.34440	2.28210e-19
512.36972	2.52236e-19
512.39505	2.33201e-19
512.42037	2.16437e-19
512.44570	2.25886e-19
512.47103	2.43561e-19
512.49636	2.70314e-19
512.52170	2.94510e-19
512.54704	2.84825e-19
512.57238	2.67929e-19
512.59772	2.49869e-19
512.62307	2.29909e-19
512.64842	2.27410e-19
512.67377	2.24172e-19
512.69912	2.25737e-19
512.72448	2.08121e-19
512.74984	1.97140e-19
512.77520	2.14167e-19
512.80056	1.97344e-19
512.82593	1.93345e-19
512.85130	2.14038e-19
512.87667	2.16722e-19
512.90204	2.07149e-19
512.92742	1.76906e-19
512.95280	1.70923e-19
512.97818	1.96306e-19
513.00356	2.03587e-19
513.02895	2.01345e-19
513.05434	2.05026e-19
513.07973	2.09863e-19
513.10512	2.14102e-19
513.13052	2.02260e-19
513.15591	1.83313e-19
513.18132	1.80310e-19
513.20672	1.71789e-19
513.23213	1.62866e-19
513.25753	1.71532e-19
513.28295	1.74211e-19
513.30836	1.69273e-19
513.33378	1.67674e-19
513.35920	1.78402e-19
513.38462	1.76010e-19
513.41004	1.60094e-19
513.43547	1.70514e-19
513.46090	1.68695e-19
513.48633	1.61287e-19
513.51176	1.68341e-19
513.53720	1.66015e-19
513.56264	1.79827e-19
513.58808	1.83432e-19
513.61352	1.71281e-19
513.63897	1.75565e-19
513.66442	1.74365e-19
513.68987	1.66868e-19
513.71532	1.62479e-19
513.74078	1.70982e-19
513.76624	1.77236e-19
513.79170	1.63509e-19
513.81717	1.55448e-19
513.84263	1.51254e-19
513.86810	1.41165e-19
513.89357	1.34252e-19
513.91905	1.34455e-19
513.94452	1.37278e-19
513.97000	1.40426e-19
513.99549	1.45191e-19
514.02097	1.44174e-19
514.04646	1.45695e-19
514.07195	1.56549e-19
514.09744	1.59537e-19
514.12293	1.57947e-19
514.14843	1.58344e-19
514.17393	1.52422e-19
514.19943	1.47392e-19
514.22494	1.47362e-19
514.25044	1.56603e-19
514.27595	1.72440e-19
514.30147	1.71448e-19
514.32698	1.58032e-19
514.35250	1.51096e-19
514.37802	1.49945e-19
514.40354	1.46636e-19
514.42907	1.46654e-19
514.45459	1.53333e-19
514.48012	1.54988e-19
514.50566	1.50917e-19
514.53119	1.44804e-19
514.55673	1.54005e-19
514.58227	1.69071e-19
514.60781	1.54816e-19
514.63336	1.41188e-19
514.65890	1.46962e-19
514.68445	1.48298e-19
514.71001	1.38034e-19
514.73556	1.33206e-19
514.76112	1.40880e-19
514.78668	1.42994e-19
514.81224	1.39938e-19
514.83781	1.37350e-19
514.86338	1.33525e-19
514.88895	1.35114e-19
514.91452	1.34381e-19
514.94010	1.25777e-19
514.96567	1.26823e-19
514.99125	1.39455e-19
515.01684	1.39738e-19
515.04242	1.32569e-19
515.06801	1.31812e-19
515.09360	1.27288e-19
515.11920	1.25317e-19
515.14479	1.34462e-19
515.17039	1.32716e-19
515.19599	1.20348e-19
515.22160	1.22772e-19
515.24720	1.28338e-19
515.27281	1.24854e-19
515.29842	1.23984e-19
515.32404	1.28561e-19
515.34965	1.30442e-19
515.37527	1.31643e-19
515.40089	1.42128e-19
515.42652	1.45594e-19
515.45214	1.34732e-19
515.47777	1.26742e-19
515.50340	1.29054e-19
515.52904	1.36908e-19
515.55467	1.42818e-19
515.58031	1.43651e-19
515.60596	1.40131e-19
515.63160	1.38260e-19
515.65725	1.37567e-19
515.68290	1.40769e-19
515.70855	1.36422e-19
515.73420	1.28621e-19
515.75986	1.38796e-19
515.78552	1.45470e-19
515.81118	1.43804e-19
515.83685	1.37623e-19
515.86251	1.26669e-19
515.88818	1.20939e-19
515.91386	1.16703e-19
515.93953	1.18341e-19
515.96521	1.18186e-19
515.99089	1.18074e-19
516.01657	1.22849e-19
516.04226	1.26385e-19
516.06795	1.30712e-19
516.09364	1.29737e-19
516.11933	1.27926e-19
516.14502	1.28668e-19
516.17072	1.29668e-19
516.19642	1.26073e-19
516.22213	1.25504e-19
516.24783	1.33114e-19
516.27354	1.32035e-19
516.29925	1.33089e-19
516.32496	1.34311e-19
516.35068	1.27816e-19
516.37640	1.27985e-19
516.40212	1.34822e-19
516.42784	1.45492e-19
516.45357	1.47512e-19
516.47930	1.39095e-19
516.50503	1.26371e-19
516.53076	1.17020e-19
516.55650	1.20745e-19
516.58224	1.22568e-19
516.60798	1.17862e-19
516.63372	1.10421e-19
516.65947	1.07725e-19
516.68522	1.13056e-19
516.71097	1.13932e-19
516.73673	1.16789e-19
516.76248	1.18954e-19
516.78824	1.18846e-19
516.81401	1.20435e-19
516.83977	1.11544e-19
516.86554	1.02951e-19
516.89131	1.02977e-19
516.91708	1.03384e-19
516.94285	1.01916e-19
516.96863	1.00679e-19
516.99441	1.05030e-19
517.02019	1.06857e-19
517.04598	1.02092e-19
517.07177	1.08152e-19
517.09756	1.17146e-19
517.12335	1.17737e-19
517.14915	1.15200e-19
517.17495	1.11679e-19
517.20075	1.20776e-19
517.22655	1.20116e-19
517.25235	1.12346e-19
517.27816	1.23302e-19
517.30397	1.23915e-19
517.32979	1.22790e-19
517.35560	1.25646e-19
517.38142	1.19902e-19
517.40724	1.18418e-19
517.43307	1.18512e-19
517.45889	1.19876e-19
517.48472	1.16450e-19
517.51056	1.10581e-19
517.53639	1.08819e-19
517.56223	1.06244e-19
517.58807	1.01680e-19
517.61391	9.77410e-20
517.63975	9.97395e-20
517.66560	1.05354e-19
517.69145	1.12091e-19
517.71730	1.18770e-19
517.74316	1.16143e-19
517.76901	1.10497e-19
517.79487	1.31819e-19
517.82074	1.55084e-19
517.84660	1.47226e-19
517.87247	1.35895e-19
517.89834	1.30142e-19
517.92421	1.41481e-19
517.95009	1.48067e-19
517.97597	1.42438e-19
518.00185	1.49530e-19
518.02773	1.53775e-19
518.05362	1.54394e-19
518.07950	1.46730e-19
518.10539	1.42004e-19
518.13129	1.48994e-19
518.15718	1.60751e-19
518.18308	1.67988e-19
518.20898	1.59799e-19
518.23489	1.67380e-19
518.26080	1.83976e-19
518.28670	1.91021e-19
518.31262	2.02625e-19
518.33853	2.23426e-19
518.36445	2.29068e-19
518.39037	2.12704e-19
518.41629	2.00730e-19
518.44221	1.89824e-19
518.46814	2.05779e-19
518.49407	2.16518e-19
518.52000	1.96375e-19
518.54594	1.96178e-19
518.57188	2.07920e-19
518.59782	2.27446e-19
518.62376	2.18580e-19
518.64970	2.03115e-19
518.67565	2.06979e-19
518.70160	1.89441e-19
518.72756	1.72825e-19
518.75351	1.56728e-19
518.77947	1.64804e-19
518.80543	1.77000e-19
518.83140	1.62154e-19
518.85736	1.70172e-19
518.88333	1.68848e-19
518.90930	1.52713e-19
518.93528	1.48736e-19
518.96125	1.50711e-19
518.98723	1.57234e-19
519.01321	1.65334e-19
519.03920	1.74683e-19
519.06519	1.70812e-19
519.09118	1.71355e-19
519.11717	1.77779e-19
519.14316	1.83353e-19
519.16916	1.86588e-19
519.19516	1.73664e-19
519.22116	1.68253e-19
519.24717	1.72349e-19
519.27318	1.81532e-19
519.29919	1.84309e-19
519.32520	1.75553e-19
519.35121	1.71351e-19
519.37723	1.65331e-19
519.40325	1.65736e-19
519.42928	1.71047e-19
519.45530	1.74371e-19
519.48133	1.83352e-19
519.50736	1.91860e-19
519.53340	1.87548e-19
519.55943	1.70968e-19
519.58547	1.63149e-19
519.61152	1.72433e-19
519.63756	1.68540e-19
519.66361	1.54036e-19
519.68966	1.54529e-19
519.71571	1.57308e-19
519.74176	1.76457e-19
519.76782	1.93639e-19
519.79388	1.89537e-19
519.81994	1.95951e-19
519.84601	1.91474e-19
519.87208	1.82435e-19
519.89815	1.73164e-19
519.92422	1.77832e-19
519.95030	1.99986e-19
519.97637	1.99481e-19
520.00246	2.03682e-19
520.02854	1.94332e-19
520.05462	1.78235e-19
520.08071	1.88564e-19
520.10681	1.84990e-19
520.13290	1.85522e-19
520.15900	1.94211e-19
520.18510	1.84939e-19
520.21120	1.79383e-19
520.23730	1.70898e-19
520.26341	1.63720e-19
520.28952	1.63476e-19
520.31563	1.49926e-19
520.34175	1.50295e-19
520.36786	1.59108e-19
520.39398	1.53697e-19
520.42011	1.61513e-19
520.44623	1.66444e-19
520.47236	1.56292e-19
520.49849	1.55675e-19
520.52462	1.64937e-19
520.55076	1.66629e-19
520.57690	1.56524e-19
520.60304	1.49923e-19
520.62918	1.48458e-19
520.65533	1.52090e-19
520.68148	1.59613e-19
520.70763	1.58263e-19
520.73379	1.53547e-19
520.75994	1.56447e-19
520.78610	1.61720e-19
520.81227	1.63678e-19
520.83843	1.55682e-19
520.86460	1.56351e-19
520.89077	1.64811e-19
520.91694	1.62855e-19
520.94312	1.75426e-19
520.96929	1.71523e-19
520.99547	1.55482e-19
521.02166	1.59372e-19
521.04784	1.52508e-19
521.07403	1.48178e-19
521.10022	1.37886e-19
521.12642	1.26015e-19
521.15261	1.31393e-19
521.17881	1.32337e-19
521.20501	1.33312e-19
521.23122	1.35367e-19
521.25743	1.34537e-19
521.28364	1.30232e-19
521.30985	1.26011e-19
521.33606	1.29437e-19
521.36228	1.36283e-19
521.38850	1.37464e-19
521.41472	1.38498e-19
521.44095	1.42353e-19
521.46718	1.39961e-19
521.49341	1.46726e-19
521.51964	1.51584e-19
521.54588	1.43322e-19
521.57212	1.34994e-19
521.59836	1.30434e-19
521.62460	1.33614e-19
521.65085	1.30465e-19
521.67710	1.26146e-19
521.70335	1.30437e-19
521.72960	1.31285e-19
521.75586	1.23724e-19
521.78212	1.24766e-19
521.80838	1.34324e-19
521.83465	1.33591e-19
521.86092	1.26965e-19
521.88719	1.23831e-19
521.91346	1.44365e-19
521.93973	1.59738e-19
521.96601	1.40960e-19
521.99229	1.26173e-19
522.01858	1.24756e-19
522.04486	1.36621e-19
522.07115	1.38474e-19
522.09744	1.28226e-19
522.12374	1.29275e-19
522.15004	1.31525e-19
522.17633	1.34795e-19
522.20264	1.35109e-19
522.22894	1.30289e-19
522.25525	1.24729e-19
522.28156	1.18782e-19
522.30787	1.16044e-19
522.33419	1.20620e-19
522.36051	1.26484e-19
522.38683	1.25626e-19
522.41315	1.28535e-19
522.43948	1.34644e-19
522.46580	1.39695e-19
522.49214	1.36807e-19
522.51847	1.31890e-19
522.54481	1.32579e-19
522.57115	1.26485e-19
522.59749	1.34181e-19
522.62383	1.50752e-19
522.65018	1.52244e-19
522.67653	1.50980e-19
522.70288	1.47201e-19
522.72924	1.47952e-19
522.75559	1.50024e-19
522.78195	1.46536e-19
522.80832	1.47490e-19
522.83468	1.41298e-19
522.86105	1.35752e-19
522.88742	1.45458e-19
522.91380	1.52484e-19
522.94017	1.48539e-19
522.96655	1.38982e-19
522.99293	1.43440e-19
523.01932	1.69616e-19
523.04571	1.76538e-19
523.07210	1.62803e-19
523.09849	1.53901e-19
523.12488	1.40487e-19
523.15128	1.35823e-19
523.17768	1.52425e-19
523.20409	1.70937e-19
523.23049	1.72866e-19
523.25690	1.57580e-19
523.28331	1.29091e-19
523.30972	1.11081e-19
523.33614	1.15444e-19
523.36256	1.20938e-19
523.38898	1.22467e-19
523.41541	1.14096e-19
523.44183	1.13084e-19
523.46826	1.26143e-19
523.49470	1.11716e-19
523.52113	1.05093e-19
523.54757	1.24230e-19
523.57401	1.30635e-19
523.60045	1.31498e-19
523.62690	1.31200e-19
523.65335	1.29486e-19
523.67980	1.24350e-19
523.70625	1.21479e-19
523.73271	1.29964e-19
523.75917	1.37557e-19
523.78563	1.36087e-19
523.81209	1.22503e-19
523.83856	1.20260e-19
523.86503	1.21953e-19
523.89150	1.24608e-19
523.91798	1.47655e-19
523.94446	1.46405e-19
523.97094	1.34224e-19
523.99742	1.33549e-19
524.02391	1.29789e-19
524.05039	1.37094e-19
524.07689	1.32768e-19
524.10338	1.26821e-19
524.12988	1.31544e-19
524.15638	1.36268e-19
524.18288	1.50577e-19
524.20938	1.55296e-19
524.23589	1.53791e-19
524.26240	1.54140e-19
524.28891	1.41030e-19
524.31543	1.31476e-19
524.34195	1.46213e-19
524.36847	1.57487e-19
524.39499	1.48822e-19
524.42152	1.45712e-19
524.44804	1.48660e-19
524.47458	1.61564e-19
524.50111	1.69192e-19
524.52765	1.55294e-19
524.55419	1.48511e-19
524.58073	1.66939e-19
524.60727	1.77231e-19
524.63382	1.63234e-19
524.66037	1.72263e-19
524.68692	1.72104e-19
524.71348	1.71555e-19
524.74004	2.03927e-19
524.76660	2.03533e-19
524.79316	2.02361e-19
524.81973	2.22770e-19
524.84630	2.27749e-19
524.87287	2.33300e-19
524.89945	2.51519e-19
524.92602	2.49119e-19
524.95260	2.20735e-19
524.97919	2.14885e-19
525.00577	2.09400e-19
525.03236	2.06955e-19
525.05895	2.18581e-19
525.08554	2.20507e-19
525.11214	2.26204e-19
525.13874	2.29859e-19
525.16534	2.28928e-19
525.19194	2.26854e-19
525.21855	2.41097e-19
525.24516	2.49549e-19
525.27177	2.33004e-19
525.29839	2.35970e-19
525.32500	2.45395e-19
525.35162	2.46140e-19
525.37825	2.50197e-19
525.40487	2.60441e-19
525.43150	2.41398e-19
525.45813	2.19386e-19
525.48477	2.39295e-19
525.51140	2.30089e-19
525.53804	2.08624e-19
525.56468	2.13091e-19
525.59133	2.01477e-19
525.61798	1.96031e-19
525.64463	1.97400e-19
525.67128	1.86118e-19
525.69793	1.87659e-19
525.72459	1.93104e-19
525.75125	1.99159e-19
525.77792	2.13300e-19
525.80458	2.01407e-19
525.83125	1.94831e-19
525.85792	2.15657e-19
525.88460	2.15257e-19
525.91127	2.11137e-19
525.93795	2.27832e-19
525.96464	2.36079e-19
525.99132	2.17105e-19
526.01801	1.92923e-19
526.04470	1.93403e-19
526.07139	1.96259e-19
526.09809	1.86014e-19
526.12479	1.90244e-19
526.15149	1.99366e-19
526.17819	2.03133e-19
526.20490	2.12373e-19
526.23161	2.22259e-19
526.25832	2.20828e-19
526.28504	2.11259e-19
526.31175	2.19743e-19
526.33848	2.25399e-19
526.36520	2.13852e-19
526.39192	2.05562e-19
526.41865	2.02092e-19
526.44538	2.13674e-19
526.47212	2.24147e-19
526.49885	2.21273e-19
526.52559	2.07989e-19
526.55234	2.10402e-19
526.57908	2.33243e-19
526.60583	2.27601e-19
526.63258	2.14739e-19
526.65933	2.06904e-19
526.68609	2.01934e-19
526.71285	2.04297e-19
526.73961	1.90394e-19
526.76637	1.76772e-19
526.79314	1.76210e-19
526.81991	1.72975e-19
526.84668	1.74605e-19
526.87345	1.91720e-19
526.90023	1.81218e-19
526.92701	1.59879e-19
526.95379	1.62773e-19
526.98058	1.55987e-19
527.00737	1.52145e-19
527.03416	1.58068e-19
527.06095	1.54628e-19
527.08775	1.44299e-19
527.11455	1.32105e-19
527.14135	1.29830e-19
527.16816	1.40729e-19
527.19496	1.44563e-19
527.22177	1.42584e-19
527.24859	1.56146e-19
527.27540	1.56764e-19
527.30222	1.51760e-19
527.32904	1.53954e-19
527.35586	1.56225e-19
527.38269	1.70801e-19
527.40952	1.63968e-19
527.43635	1.58104e-19
527.46319	1.72055e-19
527.49002	1.82488e-19
527.51687	1.84145e-19
527.54371	1.63128e-19
527.57055	1.62135e-19
527.59740	1.83419e-19
527.62425	1.76423e-19
527.65111	1.74403e-19
527.67796	1.85283e-19
527.70482	1.69961e-19
527.73168	1.71780e-19
527.75855	1.85969e-19
527.78542	1.87444e-19
527.81229	1.90020e-19
527.83916	1.65547e-19
527.86604	1.69382e-19
527.89291	1.94662e-19
527.91980	1.90208e-19
527.94668	1.83988e-19
527.97357	1.82018e-19
528.00046	1.97618e-19
528.02735	1.85501e-19
528.05424	1.71413e-19
528.08114	1.80671e-19
528.10804	1.74607e-19
528.13494	1.80589e-19
528.16185	1.75481e-19
528.18876	1.63048e-19
528.21567	1.55009e-19
528.24258	1.51801e-19
528.26950	1.72836e-19
528.29642	1.85757e-19
528.32334	1.66617e-19
528.35027	1.55466e-19
528.37720	1.73065e-19
528.40413	1.63884e-19
528.43106	1.59927e-19
528.45800	1.59216e-19
528.48493	1.34440e-19
528.51188	1.50691e-19
528.53882	1.57443e-19
528.56577	1.51558e-19
528.59272	1.59981e-19
528.61967	1.52010e-19
528.64662	1.55804e-19
528.67358	1.49598e-19
528.70054	1.38529e-19
528.72751	1.42675e-19
528.75447	1.38473e-19
528.78144	1.34929e-19
528.80841	1.47630e-19
528.83539	1.51540e-19
528.86237	1.41909e-19
528.88935	1.42976e-19
528.91633	1.39560e-19
528.94331	1.42024e-19
528.97030	1.43085e-19
528.99729	1.34605e-19
529.02429	1.43113e-19
529.05128	1.40376e-19
529.07828	1.37492e-19
529.10528	1.50859e-19
529.13229	1.44891e-19
529.15930	1.39270e-19
529.18631	1.46244e-19
529.21332	1.42269e-19
529.24034	1.41117e-19
529.26735	1.48504e-19
529.29438	1.50131e-19
529.32140	1.46798e-19
529.34843	1.42835e-19
529.37546	1.43931e-19
529.40249	1.50980e-19
529.42952	1.52469e-19
529.45656	1.35536e-19
529.48360	1.24173e-19
529.51065	1.20721e-19
529.53769	1.09339e-19
529.56474	1.14154e-19
529.59179	1.24152e-19
529.61885	1.25371e-19
529.64591	1.28219e-19
529.67297	1.28350e-19
529.70003	1.29009e-19
529.72709	1.29568e-19
529.75416	1.25352e-19
529.78123	1.34823e-19
529.80831	1.60162e-19
529.83538	1.46061e-19
529.86246	1.33237e-19
529.88955	1.49793e-19
529.91663	1.41703e-19
529.94372	1.47657e-19
529.97081	1.54621e-19
529.99790	1.40989e-19
530.02500	1.39269e-19
530.05210	1.38077e-19
530.07920	1.38590e-19
530.10630	1.38722e-19
530.13341	1.60511e-19
530.16052	1.67156e-19
530.18763	1.50148e-19
530.21475	1.66649e-19
530.24187	1.55228e-19
530.26899	1.46531e-19
530.29611	1.69475e-19
530.32324	1.65754e-19
530.35037	1.66988e-19
530.37750	1.61430e-19
530.40463	1.48146e-19
530.43177	1.50954e-19
530.45891	1.59590e-19
530.48605	1.73965e-19
530.51320	1.69683e-19
530.54035	1.54350e-19
530.56750	1.37209e-19
530.59465	1.28999e-19
530.62181	1.26260e-19
530.64897	1.21818e-19
530.67613	1.37787e-19
530.70330	1.36047e-19
530.73047	1.26881e-19
530.75764	1.29653e-19
530.78481	1.27403e-19
530.81199	1.33793e-19
530.83917	1.31067e-19
530.86635	1.29931e-19
530.89353	1.30470e-19
530.92072	1.39172e-19
530.94791	1.55568e-19
530.97511	1.42332e-19
531.00230	1.35360e-19
531.02950	1.40655e-19
531.05670	1.43315e-19
531.08391	1.39794e-19
531.11111	1.34971e-19
531.13832	1.42691e-19
531.16554	1.48356e-19
531.19275	1.52884e-19
531.21997	1.47292e-19
531.24719	1.42694e-19
531.27442	1.45355e-19
531.30164	1.46090e-19
531.32887	1.54794e-19
531.35610	1.49606e-19
531.38334	1.37986e-19
531.41058	1.30827e-19
531.43782	1.26068e-19
531.46506	1.35384e-19
531.49231	1.38763e-19
531.51956	1.40208e-19
531.54681	1.44067e-19
531.57406	1.32454e-19
531.60132	1.34753e-19
531.62858	1.51130e-19
531.65584	1.56592e-19
531.68311	1.51313e-19
531.71038	1.41358e-19
531.73765	1.47998e-19
531.76492	1.51208e-19
531.79220	1.42113e-19
531.81948	1.38707e-19
531.84676	1.37445e-19
531.87405	1.42363e-19
531.90134	1.38810e-19
531.92863	1.34109e-19
531.95592	1.34288e-19
531.98322	1.36787e-19
532.01052	1.43812e-19
532.03782	1.39158e-19
532.06512	1.37001e-19
532.09243	1.40605e-19
532.11974	1.38732e-19
532.14706	1.34507e-19
532.17437	1.41099e-19
532.20169	1.58076e-19
532.22901	1.67820e-19
532.25634	1.58891e-19
532.28367	1.40023e-19
532.31100	1.32760e-19
532.33833	1.32644e-19
532.36566	1.54387e-19
532.39300	1.70297e-19
532.42034	1.57718e-19
532.44769	1.48637e-19
532.47504	1.37451e-19
532.50239	1.58038e-19
532.52974	1.65246e-19
532.55709	1.42745e-19
532.58445	1.67483e-19
532.61181	1.91764e-19
532.63918	1.77405e-19
532.66654	1.52649e-19
532.69391	1.38971e-19
532.72129	1.40372e-19
532.74866	1.50612e-19
532.77604	1.56853e-19
532.80342	1.45865e-19
532.83080	1.43758e-19
532.85819	1.41928e-19
532.88558	1.33897e-19
532.91297	1.34395e-19
532.94037	1.37510e-19
532.96776	1.33397e-19
532.99516	1.24830e-19
533.02257	1.24919e-19
533.04997	1.28063e-19
533.07738	1.32731e-19
533.10480	1.32376e-19
533.13221	1.33697e-19
533.15963	1.44960e-19
533.18705	1.49822e-19
533.21447	1.50385e-19
533.24190	1.52858e-19
533.26933	1.55855e-19
533.29676	1.44112e-19
533.32419	1.33980e-19
533.35163	1.35044e-19
533.37907	1.26704e-19
533.40651	1.23760e-19
533.43396	1.19994e-19
533.46141	1.15768e-19
533.48886	1.16634e-19
533.51631	1.03269e-19
533.54377	9.45604e-20
533.57123	9.89528e-20
533.59869	1.04716e-19
533.62616	1.08337e-19
533.65362	1.12129e-19
533.68109	1.12571e-19
533.70857	1.05427e-19
533.73605	1.12236e-19
533.76353	1.13200e-19
533.79101	1.05251e-19
533.81849	1.13493e-19
533.84598	1.09775e-19
533.87347	1.08594e-19
533.90097	1.12426e-19
533.92846	1.06467e-19
533.95596	1.14483e-19
533.98346	1.28094e-19
534.01097	1.38523e-19
534.03848	1.37647e-19
534.06599	1.27661e-19
534.09350	1.20210e-19
534.12102	1.15489e-19
534.14854	1.07320e-19
534.17606	1.02349e-19
534.20358	1.07468e-19
534.23111	1.00730e-19
534.25864	1.04375e-19
534.28618	1.08698e-19
534.31371	1.07051e-19
534.34125	1.24276e-19
534.36879	1.19702e-19
534.39634	1.17275e-19
534.42389	1.26852e-19
534.45144	1.19744e-19
534.47899	1.14619e-19
534.50655	1.05910e-19
534.53410	9.64594e-20
534.56167	9.68170e-20
534.58923	9.56749e-20
534.61680	9.14149e-20
534.64437	1.06427e-19
534.67194	1.13268e-19
534.69952	9.54056e-20
534.72710	9.05833e-20
534.75468	9.49155e-20
534.78226	9.90593e-20
534.80985	9.39956e-20
534.83744	9.51919e-20
534.86503	1.03238e-19
534.89263	9.66080e-20
534.92023	9.21023e-20
534.94783	8.85845e-20
534.97543	8.62014e-20
535.00304	8.33890e-20
535.03065	7.81746e-20
535.05827	7.33603e-20
535.08588	7.17790e-20
535.11350	7.29213e-20
535.14112	6.57393e-20
535.16875	6.51617e-20
535.19637	6.10144e-20
535.22400	5.53138e-20
535.25164	6.34723e-20
535.27927	6.38407e-20
535.30691	6.19893e-20
535.33455	6.54151e-20
535.36220	6.51936e-20
535.38984	6.39452e-20
535.41749	6.84571e-20
535.44515	6.54020e-20
535.47280	5.79611e-20
535.50046	6.43949e-20
535.52812	6.69131e-20
535.55579	6.79190e-20
535.58346	7.19445e-20
535.61113	7.36596e-20
535.63880	7.57313e-20
535.66647	7.34815e-20
535.69415	7.29944e-20
535.72183	6.85787e-20
535.74952	6.52421e-20
535.77721	6.74824e-20
535.80490	7.14742e-20
535.83259	7.11650e-20
535.86029	6.27694e-20
535.88798	6.88916e-20
535.91569	7.02244e-20
535.94339	6.12693e-20
535.97110	7.08339e-20
535.99881	7.73589e-20
536.02652	6.99755e-20
536.05424	7.17860e-20
536.08196	8.61633e-20
536.10968	9.21297e-20
536.13740	9.04441e-20
536.16513	9.23883e-20
536.19286	9.41158e-20
536.22059	9.31429e-20
536.24833	8.35486e-20
536.27607	7.54912e-20
536.30381	7.37689e-20
536.33155	7.49378e-20
536.35930	8.05009e-20
536.38705	8.70717e-20
536.41481	9.17581e-20
536.44256	9.18616e-20
536.47032	9.38595e-20
536.49808	9.01329e-20
536.52585	8.13820e-20
536.55362	7.91169e-20
536.58139	7.48860e-20
536.60916	7.42987e-20
536.63694	7.30293e-20
536.66471	6.69046e-20
536.69250	7.11954e-20
536.72028	7.55262e-20
536.74807	7.09226e-20
536.77586	6.72539e-20
536.80365	6.67662e-20
536.83145	6.46258e-20
536.85925	6.34913e-20
536.88705	6.99248e-20
536.91486	7.41111e-20
536.94266	7.13643e-20
536.97047	6.89285e-20
536.99829	7.07059e-20
537.02610	6.96484e-20
537.05392	6.27712e-20
537.08175	6.61977e-20
537.10957	7.03845e-20
537.13740	7.40054e-20
537.16523	8.13774e-20
537.19306	7.66777e-20
537.22090	7.85002e-20
537.24874	8.12817e-20
537.27658	7.37680e-20
537.30443	7.36606e-20
537.33228	7.66965e-20
537.36013	7.55592e-20
537.38798	7.11081e-20
537.41584	6.74101e-20
537.44370	6.66864e-20
537.47156	7.19844e-20
537.49943	7.50052e-20
537.52730	7.62125e-20
537.55517	7.70599e-20
537.58304	7.00806e-20
537.61092	6.91655e-20
537.63880	6.93184e-20
537.66668	7.98845e-20
537.69457	9.29042e-20
537.72246	7.65337e-20
537.75035	6.60301e-20
537.77824	7.16521e-20
537.80614	7.49051e-20
537.83404	7.93445e-20
537.86194	8.09574e-20
537.88985	8.11436e-20
537.91776	9.62346e-20
537.94567	1.14165e-19
537.97358	1.15270e-19
538.00150	1.17339e-19
538.02942	1.22023e-19
538.05735	1.26188e-19
538.08527	1.26061e-19
538.11320	1.12042e-19
538.14113	1.02728e-19
538.16907	1.01574e-19
538.19701	1.03885e-19
538.22495	1.15442e-19
538.25289	1.16006e-19
538.28084	1.07899e-19
538.30879	1.18393e-19
538.33674	1.24072e-19
538.36470	1.31409e-19
538.39265	1.51603e-19
538.42062	1.44679e-19
538.44858	1.39720e-19
538.47655	1.48728e-19
538.50452	1.47347e-19
538.53249	1.39832e-19
538.56046	1.29813e-19
538.58844	1.31636e-19
538.61643	1.26692e-19
538.64441	1.16089e-19
538.67240	1.24599e-19
538.70039	1.28462e-19
538.72838	1.20196e-19
538.75638	1.11478e-19
538.78438	1.07498e-19
538.81238	1.09483e-19
538.84038	1.05194e-19
538.86839	1.03595e-19
538.89640	1.20918e-19
538.92441	1.31511e-19
538.95243	1.23236e-19
538.98045	1.28454e-19
539.00847	1.23560e-19
539.03650	1.07893e-19
539.06453	1.16078e-19
539.09256	1.20337e-19
539.12059	1.35051e-19
539.14863	1.53644e-19
539.17667	1.37487e-19
539.20471	1.33285e-19
539.23276	1.40040e-19
539.26080	1.36564e-19
539.28886	1.25431e-19
539.31691	1.18948e-19
539.34497	1.43402e-19
539.37303	1.54007e-19
539.40109	1.22313e-19
539.42916	1.07721e-19
539.45722	1.12478e-19
539.48530	1.03143e-19
539.51337	9.24145e-20
539.54145	9.48353e-20
539.56953	1.02724e-19
539.59761	1.03741e-19
539.62570	9.50320e-20
539.65379	8.93947e-20
539.68188	9.62997e-20
539.70998	1.02448e-19
539.73808	1.00244e-19
539.76618	1.04022e-19
539.79428	9.39715e-20
539.82239	8.18846e-20
539.85050	8.80041e-20
539.87861	8.60736e-20
539.90673	8.83856e-20
539.93484	8.99116e-20
539.96297	8.57172e-20
539.99109	9.16100e-20
540.01922	9.01461e-20
540.04735	8.48797e-20
540.07548	8.15322e-20
540.10362	7.92592e-20
540.13176	7.62323e-20
540.15990	7.09172e-20
540.18804	6.67901e-20
540.21619	6.41587e-20
540.24434	6.98086e-20
540.27250	7.32601e-20
540.30065	6.96064e-20
540.32881	6.60999e-20
540.35698	6.41221e-20
540.38514	6.65488e-20
540.41331	6.51118e-20
540.44148	5.99420e-20
540.46966	5.94874e-20
540.49783	5.93252e-20
540.52601	5.69182e-20
540.55420	5.51606e-20
540.58238	5.58548e-20
540.61057	5.99906e-20
540.63876	6.03991e-20
540.66696	5.84788e-20
540.69516	6.24119e-20
540.72336	6.30737e-20
540.75156	5.89028e-20
540.77977	6.04884e-20
540.80798	6.83772e-20
540.83619	7.07503e-20
540.86441	6.47369e-20
540.89263	6.61204e-20
540.92085	6.80766e-20
540.94907	6.56059e-20
540.97730	7.14570e-20
541.00553	7.39860e-20
541.03376	7.35836e-20
541.06200	7.39873e-20
541.09024	7.13874e-20
541.11848	7.47006e-20
541.14672	7.66505e-20
541.17497	8.15138e-20
541.20322	9.04943e-20
541.23148	9.19912e-20
541.25973	8.77029e-20
541.28799	8.08400e-20
541.31626	7.97107e-20
541.34452	7.67889e-20
541.37279	8.14453e-20
541.40106	9.50720e-20
541.42934	9.32710e-20
541.45761	9.51444e-20
541.48590	9.55863e-20
541.51418	9.52448e-20
541.54246	1.19166e-19
541.57075	1.31803e-19
541.59905	1.31258e-19
541.62734	1.33506e-19
541.65564	1.23720e-19
541.68394	1.20754e-19
541.71225	1.17989e-19
541.74055	1.24093e-19
541.76886	1.44966e-19
541.79718	1.38930e-19
541.82549	1.29471e-19
541.85381	1.28858e-19
541.88213	1.18341e-19
541.91046	1.14981e-19
541.93878	1.17317e-19
541.96712	1.18684e-19
541.99545	1.29132e-19
542.02379	1.46859e-19
542.05213	1.50148e-19
542.08047	1.39502e-19
542.10881	1.28636e-19
542.13716	1.20863e-19
542.16551	1.29941e-19
542.19387	1.48365e-19
542.22223	1.59892e-19
542.25059	1.62721e-19
542.27895	1.50660e-19
542.30732	1.38937e-19
542.33568	1.46763e-19
542.36406	1.58764e-19
542.39243	1.49492e-19
542.42081	1.41471e-19
542.44919	1.46869e-19
542.47758	1.36781e-19
542.50596	1.27253e-19
542.53435	1.29175e-19
542.56275	1.30547e-19
542.59114	1.28881e-19
542.61954	1.24989e-19
542.64794	1.32642e-19
542.67635	1.30727e-19
542.70476	1.29955e-19
542.73317	1.40933e-19
542.76158	1.45884e-19
542.79000	1.54445e-19
542.81842	1.41182e-19
542.84684	1.40511e-19
542.87527	1.57944e-19
542.90369	1.43415e-19
542.93213	1.33769e-19
542.96056	1.42325e-19
542.98900	1.40727e-19
543.01744	1.31167e-19
543.04588	1.43035e-19
543.07433	1.57308e-19
543.10278	1.66456e-19
543.13123	1.71568e-19
543.15969	1.56701e-19
543.18815	1.45008e-19
543.21661	1.35852e-19
543.24507	1.44395e-19
543.27354	1.32243e-19
543.30201	1.20405e-19
543.33048	1.45560e-19
543.35896	1.43336e-19
543.38744	1.41478e-19
543.41592	1.34175e-19
543.44441	1.32850e-19
543.47290	1.48875e-19
543.50139	1.45823e-19
543.52988	1.48436e-19
543.55838	1.36480e-19
543.58688	1.42176e-19
543.61538	1.45008e-19
543.64389	1.29653e-19
543.67240	1.39363e-19
543.70091	1.26703e-19
543.72943	1.21856e-19
543.75794	1.29873e-19
543.78646	1.25978e-19
543.81499	1.26934e-19
543.84352	1.18727e-19
543.87205	1.16010e-19
543.90058	1.15138e-19
543.92912	1.11576e-19
543.95766	1.12106e-19
543.98620	1.16805e-19
544.01474	1.27378e-19
544.04329	1.23233e-19
544.07184	1.18315e-19
544.10040	1.25291e-19
544.12895	1.26916e-19
544.15751	1.25169e-19
544.18608	1.20523e-19
544.21464	1.13134e-19
544.24321	1.06653e-19
544.27178	1.04446e-19
544.30036	1.07209e-19
544.32894	1.06008e-19
544.35752	1.08373e-19
544.38610	1.13671e-19
544.41469	1.09062e-19
544.44328	1.05289e-19
544.47187	1.09661e-19
544.50047	1.15385e-19
544.52907	1.19426e-19
544.55767	1.23315e-19
544.58628	1.21276e-19
544.61488	1.15907e-19
544.64350	1.19321e-19
544.67211	1.27334e-19
544.70073	1.35906e-19
544.72935	1.35267e-19
544.75797	1.22470e-19
544.78660	1.23319e-19
544.81523	1.27299e-19
544.84386	1.24137e-19
544.87249	1.36707e-19
544.90113	1.42595e-19
544.92977	1.40603e-19
544.95842	1.45631e-19
544.98707	1.38498e-19
545.01572	1.38516e-19
545.04437	1.51370e-19
545.07303	1.71999e-19
545.10169	1.85389e-19
545.13035	1.73169e-19
545.15901	1.73715e-19
545.18768	1.78806e-19
545.21635	1.69840e-19
545.24503	1.52986e-19
545.27370	1.49148e-19
545.30239	1.72375e-19
545.33107	1.62621e-19
545.35976	1.36766e-19
545.38844	1.37085e-19
545.41714	1.41444e-19
545.44583	1.42902e-19
545.47453	1.32552e-19
545.50323	1.26623e-19
545.53194	1.34194e-19
545.56065	1.44022e-19
545.58936	1.43871e-19
545.61807	1.30772e-19
545.64679	1.24599e-19
545.67551	1.19500e-19
545.70423	1.20321e-19
545.73296	1.21065e-19
545.76168	1.14771e-19
545.79042	1.11998e-19
545.81915	1.04433e-19
545.84789	1.08999e-19
545.87663	1.17088e-19
545.90537	1.14280e-19
545.93412	1.13693e-19
545.96287	1.08645e-19
545.99162	1.06415e-19
546.02038	1.12999e-19
546.04914	1.21108e-19
546.07790	1.19689e-19
546.10667	1.10237e-19
546.13543	1.09822e-19
546.16421	1.14759e-19
546.19298	1.21476e-19
546.22176	1.29177e-19
546.25054	1.25042e-19
546.27932	1.15202e-19
546.30811	1.13435e-19
546.33690	1.16426e-19
546.36569	1.09459e-19
546.39448	1.01635e-19
546.42328	1.01386e-19
546.45208	9.17938e-20
546.48089	8.93624e-20
546.50970	8.72648e-20
546.53851	8.25179e-20
546.56732	9.63054e-20
546.59614	9.21819e-20
546.62496	8.37897e-20
546.65378	9.12449e-20
546.68261	9.26884e-20
546.71144	9.74238e-20
546.74027	1.02335e-19
546.76910	9.39079e-20
546.79794	8.08680e-20
546.82678	8.40637e-20
546.85563	8.95354e-20
546.88447	9.82283e-20
546.91332	1.11553e-19
546.94218	1.04332e-19
546.97103	1.03849e-19
546.99989	1.09380e-19
547.02875	1.05854e-19
547.05762	9.76333e-20
547.08649	9.05771e-20
547.11536	9.29403e-20
547.14423	1.02995e-19
547.17311	1.30695e-19
547.20199	1.49544e-19
547.23088	1.42884e-19
547.25976	1.40399e-19
547.28865	1.38635e-19
547.31755	1.33571e-19
547.34644	1.35794e-19
547.37534	1.26611e-19
547.40424	1.17214e-19
547.43315	1.29938e-19
547.46206	1.25308e-19
547.49097	1.20357e-19
547.51988	1.31404e-19
547.54880	1.30603e-19
547.57772	1.39480e-19
547.60664	1.39532e-19
547.63557	1.23916e-19
547.66450	1.32808e-19
547.69343	1.48263e-19
547.72237	1.45626e-19
547.75130	1.47265e-19
547.78025	1.45129e-19
547.80919	1.28676e-19
547.83814	1.21332e-19
547.86709	1.23507e-19
547.89604	1.30418e-19
547.92500	1.31932e-19
547.95396	1.31186e-19
547.98292	1.26963e-19
548.01189	1.15295e-19
548.04086	1.22036e-19
548.06983	1.22949e-19
548.09881	1.16164e-19
548.12779	1.25482e-19
548.15677	1.26932e-19
548.18575	1.31991e-19
548.21474	1.32444e-19
548.24373	1.17811e-19
548.27272	1.20198e-19
548.30172	1.19270e-19
548.33072	1.13422e-19
548.35972	1.13579e-19
548.38873	1.04623e-19
548.41774	1.07882e-19
548.44675	1.11059e-19
548.47577	1.02149e-19
548.50479	1.01239e-19
548.53381	1.03065e-19
548.56283	1.15313e-19
548.59186	1.29975e-19
548.62089	1.36295e-19
548.64992	1.41603e-19
548.67896	1.34864e-19
548.70800	1.25754e-19
548.73704	1.22931e-19
548.76609	1.19366e-19
548.79514	1.21726e-19
548.82419	1.29351e-19
548.85325	1.21596e-19
548.88230	1.12984e-19
548.91136	1.19570e-19
548.94043	1.13687e-19
548.96950	1.12436e-19
548.99857	1.28769e-19
549.02764	1.38673e-19
549.05672	1.46743e-19
549.08580	1.44106e-19
549.11488	1.39887e-19
549.14397	1.43414e-19
549.17306	1.37602e-19
549.20215	1.41779e-19
549.23124	1.55334e-19
549.26034	1.50473e-19
549.28944	1.41686e-19
549.31855	1.40134e-19
549.34766	1.28501e-19
549.37677	1.21873e-19
549.40588	1.24702e-19
549.43500	1.23474e-19
549.46412	1.26199e-19
549.49324	1.21152e-19
549.52237	1.14095e-19
549.55149	1.17022e-19
549.58063	1.19012e-19
549.60976	1.16300e-19
549.63890	1.13908e-19
549.66804	1.16656e-19
549.69719	1.18964e-19
549.72633	1.16391e-19
549.75549	1.00507e-19
549.78464	9.44319e-20
549.81380	1.04009e-19
549.84296	9.89726e-20
549.87212	9.58035e-20
549.90129	1.00665e-19
549.93046	1.00451e-19
549.95963	9.29012e-20
549.98880	8.77962e-20
550.01798	9.32238e-20
550.04716	9.61107e-20
550.07635	9.73262e-20
550.10554	9.66703e-20
550.13473	9.47890e-20
550.16392	9.72599e-20
550.19312	9.63323e-20
550.22232	8.96218e-20
550.25152	8.79433e-20
550.28073	8.90206e-20
550.30994	8.75059e-20
550.33915	9.10906e-20
550.36837	9.13838e-20
550.39759	9.21429e-20
550.42681	9.46428e-20
550.45603	9.09991e-20
550.48526	8.89438e-20
550.51449	8.43919e-20
550.54373	8.39198e-20
550.57297	8.88452e-20
550.60221	8.65297e-20
550.63145	8.31713e-20
550.66070	8.36123e-20
550.68995	8.36937e-20
550.71920	8.57901e-20
550.74846	8.56276e-20
550.77772	8.31788e-20
550.80698	8.79040e-20
550.83624	8.90699e-20
550.86551	8.49193e-20
550.89478	8.38492e-20
550.92406	8.67393e-20
550.95334	8.44960e-20
550.98262	7.31582e-20
551.01190	7.20141e-20
551.04119	7.29122e-20
551.07048	6.77779e-20
551.09977	6.78268e-20
551.12907	6.96464e-20
551.15837	7.19109e-20
551.18767	7.24342e-20
551.21698	7.26691e-20
551.24629	7.49293e-20
551.27560	7.35993e-20
551.30492	7.18617e-20
551.33423	7.37365e-20
551.36356	7.13946e-20
551.39288	6.75820e-20
551.42221	7.05536e-20
551.45154	7.29352e-20
551.48087	7.35919e-20
551.51021	7.66586e-20
551.53955	8.01195e-20
551.56889	8.14411e-20
551.59824	8.13294e-20
551.62759	7.95433e-20
551.65694	7.59827e-20
551.68630	7.69517e-20
551.71566	7.89916e-20
551.74502	8.13078e-20
551.77439	8.17497e-20
551.80376	7.87202e-20
551.83313	8.47971e-20
551.86250	8.51858e-20
551.89188	7.94421e-20
551.92126	8.50120e-20
551.95064	8.40403e-20
551.98003	7.93420e-20
552.00942	8.16657e-20
552.03882	8.01872e-20
552.06821	7.93482e-20
552.09761	8.07487e-20
552.12701	7.93124e-20
552.15642	8.30518e-20
552.18583	8.45556e-20
552.21524	8.20375e-20
552.24466	9.56227e-20
552.27408	1.04030e-19
552.30350	9.68688e-20
552.33292	1.00971e-19
552.36235	1.12248e-19
552.39178	1.15526e-19
552.42122	1.05495e-19
552.45065	9.64300e-20
552.48009	9.17516e-20
552.50954	9.08404e-20
552.53898	9.58079e-20
552.56843	9.57242e-20
552.59789	9.58851e-20
552.62734	9.40183e-20
552.65680	9.00623e-20
552.68626	8.88618e-20
552.71573	9.50635e-20
552.74520	1.02740e-19
552.77467	9.83106e-20
552.80415	9.37659e-20
552.83362	8.86117e-20
552.86311	9.73661e-20
552.89259	1.20293e-19
552.92208	1.38770e-19
552.95157	1.51319e-19
552.98106	1.44403e-19
553.01056	1.31795e-19
553.04006	1.12703e-19
553.06956	1.02266e-19
553.09907	1.10339e-19
553.12858	1.18893e-19
553.15809	1.29153e-19
553.18761	1.25695e-19
553.21713	1.37117e-19
553.24665	1.45032e-19
553.27617	1.17324e-19
553.30570	1.13207e-19
553.33523	1.15345e-19
553.36477	1.08342e-19
553.39431	1.11022e-19
553.42385	1.10559e-19
553.45339	1.03728e-19
553.48294	9.14430e-20
553.51249	8.55409e-20
553.54204	8.24603e-20
553.57160	8.20127e-20
553.60116	8.91499e-20
553.63072	8.92093e-20
553.66029	8.27322e-20
553.68986	8.29118e-20
553.71943	9.25257e-20
553.74901	9.14397e-20
553.77859	9.11922e-20
553.80817	1.02999e-19
553.83776	1.00302e-19
553.86734	9.41780e-20
553.89694	9.31382e-20
553.92653	9.80922e-20
553.95613	1.06832e-19
553.98573	9.63082e-20
554.01533	8.32596e-20
554.04494	8.63915e-20
554.07455	8.93514e-20
554.10417	8.78949e-20
554.13378	9.22738e-20
554.16340	9.53502e-20
554.19303	9.31860e-20
554.22265	8.74860e-20
554.25228	8.50259e-20
554.28192	8.62828e-20
554.31155	7.89949e-20
554.34119	7.78730e-20
554.37083	8.43465e-20
554.40048	8.50674e-20
554.43013	8.30863e-20
554.45978	8.14701e-20
554.48943	7.86655e-20
554.51909	7.84474e-20
554.54875	8.23706e-20
554.57842	7.57774e-20
554.60809	7.53249e-20
554.63776	7.67455e-20
554.66743	6.66992e-20
554.69711	6.87413e-20
554.72679	6.71251e-20
554.75647	6.44834e-20
554.78616	6.71734e-20
554.81585	5.97494e-20
554.84554	5.82873e-20
554.87524	6.36131e-20
554.90494	6.52703e-20
554.93464	6.04853e-20
554.96435	5.55241e-20
554.99406	5.77700e-20
555.02377	5.94596e-20
555.05348	5.66191e-20
555.08320	5.87831e-20
555.11292	6.16593e-20
555.14265	5.70814e-20
555.17238	6.40682e-20
555.20211	7.23951e-20
555.23184	6.34485e-20
555.26158	5.71498e-20
555.29132	5.73128e-20
555.32106	5.74842e-20
555.35081	5.46329e-20
555.38056	5.29898e-20
555.41032	5.93494e-20
555.44007	6.32235e-20
555.46983	5.83413e-20
555.49960	5.37832e-20
555.52936	5.38167e-20
555.55913	5.24544e-20
555.58890	5.07662e-20
555.61868	4.90414e-20
555.64846	4.55858e-20
555.67824	4.46688e-20
555.70803	4.48530e-20
555.73782	4.47326e-20
555.76761	4.51849e-20
555.79740	5.02502e-20
555.82720	5.25095e-20
555.85700	4.98918e-20
555.88681	5.21802e-20
555.91661	4.92965e-20
555.94643	4.43476e-20
555.97624	4.34237e-20
556.00606	4.38792e-20
556.03588	4.54421e-20
556.06570	4.46360e-20
556.09553	4.70846e-20
556.12536	5.00829e-20
556.15519	5.05155e-20
556.18503	5.05288e-20
556.21487	5.22371e-20
556.24471	5.46509e-20
556.27456	5.82180e-20
556.30441	6.06254e-20
556.33426	5.49337e-20
556.36412	5.12357e-20
556.39398	4.85853e-20
556.42384	5.79963e-20
556.45370	7.16176e-20
556.48357	6.33536e-20
556.51344	5.62514e-20
556.54332	5.79634e-20
556.57320	6.44637e-20
556.60308	6.50087e-20
556.63296	6.00628e-20
556.66285	5.80829e-20
556.69274	5.35679e-20
556.72264	5.46980e-20
556.75253	5.32684e-20
556.78244	5.12805e-20
556.81234	4.94160e-20
556.84225	5.16557e-20
556.87216	5.69067e-20
556.90207	5.07978e-20
556.93199	5.79256e-20
556.96191	6.50910e-20
556.99183	5.87306e-20
557.02176	5.88615e-20
557.05169	5.69118e-20
557.08162	5.42511e-20
557.11156	5.56675e-20
557.14150	5.29125e-20
557.17144	5.11025e-20
557.20138	5.57996e-20
557.23133	5.33422e-20
557.26129	5.25621e-20
557.29124	5.60822e-20
557.32120	4.96707e-20
557.35116	4.86027e-20
557.38113	5.60214e-20
557.41109	6.53237e-20
557.44107	6.68196e-20
557.47104	5.59980e-20
557.50102	5.01372e-20
557.53100	5.07141e-20
557.56098	4.95890e-20
557.59097	5.07067e-20
557.62096	5.57741e-20
557.65096	5.78779e-20
557.68095	5.73015e-20
557.71096	5.53276e-20
557.74096	5.57153e-20
557.77097	5.65138e-20
557.80098	5.44587e-20
557.83099	5.72964e-20
557.86101	6.02177e-20
557.89103	6.45377e-20
557.92105	6.62352e-20
557.95108	6.04762e-20
557.98111	5.98678e-20
558.01114	6.13492e-20
558.04118	6.55433e-20
558.07121	7.15632e-20
558.10126	7.28961e-20
558.13130	7.26965e-20
558.16135	7.04314e-20
558.19140	6.81483e-20
558.22146	6.48920e-20
558.25152	6.06868e-20
558.28158	5.97860e-20
558.31165	6.18062e-20
558.34171	6.30835e-20
558.37179	6.21926e-20
558.40186	6.26173e-20
558.43194	6.10622e-20
558.46202	5.68379e-20
558.49211	5.49506e-20
558.52219	5.41810e-20
558.55228	5.28731e-20
558.58238	5.35381e-20
558.61248	5.48988e-20
558.64258	5.48458e-20
558.67268	5.82599e-20
558.70279	5.50938e-20
558.73290	4.74277e-20
558.76301	5.07703e-20
558.79313	5.13366e-20
558.82325	5.09756e-20
558.85337	5.52005e-20
558.88350	5.38659e-20
558.91363	5.61934e-20
558.94376	5.66921e-20
558.97390	5.05920e-20
559.00404	4.89878e-20
559.03418	4.60852e-20
559.06433	4.26736e-20
559.09448	4.35242e-20
559.12463	4.10037e-20
559.15479	3.86582e-20
559.18495	4.12085e-20
559.21511	4.05958e-20
559.24528	3.73865e-20
559.27545	3.65383e-20
559.30562	3.70762e-20
559.33579	3.92776e-20
559.36597	4.00662e-20
559.39616	4.17193e-20
559.42634	4.71003e-20
559.45653	4.77292e-20
559.48672	4.90540e-20
559.51692	5.17351e-20
559.54712	4.82695e-20
559.57732	4.84701e-20
559.60752	4.62741e-20
559.63773	4.17733e-20
559.66794	4.47945e-20
559.69816	4.58852e-20
559.72837	4.64424e-20
559.75860	4.43828e-20
559.78882	4.03288e-20
559.81905	4.13523e-20
559.84928	3.94197e-20
559.87951	4.04312e-20
559.90975	4.25834e-20
559.93999	4.25791e-20
559.97024	4.87801e-20
560.00048	5.39249e-20
560.03073	5.92679e-20
560.06099	5.89934e-20
560.09125	5.52309e-20
560.12151	5.73708e-20
560.15177	5.41679e-20
560.18204	5.02428e-20
560.21231	4.58606e-20
560.24258	4.54987e-20
560.27286	4.54562e-20
560.30314	4.20595e-20
560.33342	5.37862e-20
560.36371	6.47748e-20
560.39400	6.35438e-20
560.42429	5.61317e-20
560.45459	5.55079e-20
560.48489	5.96353e-20
560.51519	5.48042e-20
560.54550	5.57541e-20
560.57581	5.15793e-20
560.60612	5.02631e-20
560.63643	5.53244e-20
560.66675	5.43865e-20
560.69708	5.72172e-20
560.72740	5.27394e-20
560.75773	5.78109e-20
560.78806	6.24935e-20
560.81840	5.44495e-20
560.84874	6.07349e-20
560.87908	5.71050e-20
560.90943	4.81027e-20
560.93978	5.30831e-20
560.97013	5.35335e-20
561.00048	5.72969e-20
561.03084	6.41565e-20
561.06121	6.26208e-20
561.09157	6.54529e-20
561.12194	6.92172e-20
561.15231	6.95200e-20
561.18269	6.29131e-20
561.21306	5.30785e-20
561.24345	6.36630e-20
561.27383	7.04612e-20
561.30422	5.75998e-20
561.33461	5.43092e-20
561.36501	5.61214e-20
561.39541	5.29711e-20
561.42581	5.63290e-20
561.45621	6.21591e-20
561.48662	6.14189e-20
561.51703	6.38010e-20
561.54745	6.36747e-20
561.57786	6.40165e-20
561.60829	6.73290e-20
561.63871	6.45708e-20
561.66914	6.74446e-20
561.69957	7.01601e-20
561.73000	6.89799e-20
561.76044	6.34951e-20
561.79088	6.38702e-20
561.82133	7.24179e-20
561.85177	6.27272e-20
561.88223	5.50827e-20
561.91268	6.17353e-20
561.94314	6.76191e-20
561.97360	6.47975e-20
562.00406	5.71032e-20
562.03453	5.73272e-20
562.06500	5.95419e-20
562.09548	6.13231e-20
562.12595	5.72611e-20
562.15643	5.75536e-20
562.18692	6.59697e-20
562.21741	5.98022e-20
562.24790	5.37596e-20
562.27839	5.67657e-20
562.30889	5.84689e-20
562.33939	5.92065e-20
562.36989	5.95254e-20
562.40040	5.98411e-20
562.43091	5.91346e-20
562.46142	5.79556e-20
562.49194	6.00061e-20
562.52246	7.12830e-20
562.55298	8.16800e-20
562.58351	8.07386e-20
562.61404	8.04536e-20
562.64458	7.76525e-20
562.67511	6.71036e-20
562.70565	7.12637e-20
562.73620	8.30228e-20
562.76674	7.72644e-20
562.79729	7.52016e-20
562.82785	7.66838e-20
562.85840	7.22193e-20
562.88896	7.86816e-20
562.91953	8.58269e-20
562.95009	9.05700e-20
562.98067	9.15978e-20
563.01124	7.93976e-20
563.04182	7.48814e-20
563.07240	7.70947e-20
563.10298	7.17790e-20
563.13357	7.44369e-20
563.16416	8.23159e-20
563.19475	8.03556e-20
563.22535	8.14580e-20
563.25595	9.01755e-20
563.28655	9.38625e-20
563.31716	9.15799e-20
563.34777	9.37370e-20
563.37838	9.66569e-20
563.40900	9.91889e-20
563.43962	1.14856e-19
563.47024	1.23245e-19
563.50087	1.11975e-19
563.53150	1.08981e-19
563.56213	1.12251e-19
563.59277	1.16731e-19
563.62341	1.27162e-19
563.65405	1.32944e-19
563.68470	1.52504e-19
563.71535	1.65061e-19
563.74600	1.41998e-19
563.77666	1.39011e-19
563.80732	1.40484e-19
563.83798	1.23374e-19
563.86865	1.13749e-19
563.89932	1.02774e-19
563.92999	8.75051e-20
563.96067	8.56987e-20
563.99135	1.11530e-19
564.02203	1.11586e-19
564.05272	8.59667e-20
564.08341	8.85931e-20
564.11410	9.11367e-20
564.14480	8.85668e-20
564.17550	9.56216e-20
564.20620	1.12947e-19
564.23691	1.23665e-19
564.26762	1.29218e-19
564.29833	1.45047e-19
564.32905	1.54979e-19
564.35977	1.60404e-19
564.39049	1.42893e-19
564.42122	1.36459e-19
564.45195	1.38343e-19
564.48268	1.28960e-19
564.51342	1.40748e-19
564.54416	1.29673e-19
564.57490	1.33144e-19
564.60565	1.51286e-19
564.63640	1.29730e-19
564.66715	1.28236e-19
564.69791	1.31921e-19
564.72867	1.25066e-19
564.75944	1.21980e-19
564.79020	1.13243e-19
564.82097	1.08318e-19
564.85175	9.89009e-20
564.88252	1.00946e-19
564.91330	1.20419e-19
564.94409	1.17623e-19
564.97487	1.01806e-19
565.00567	9.65160e-20
565.03646	9.30168e-20
565.06726	9.63231e-20
565.09806	9.52982e-20
565.12886	9.01363e-20
565.15967	9.60918e-20
565.19048	9.58367e-20
565.22129	9.46388e-20
565.25211	9.44387e-20
565.28293	8.97434e-20
565.31375	9.22610e-20
565.34458	9.33041e-20
565.37541	9.72269e-20
565.40625	1.06174e-19
565.43708	1.03391e-19
565.46793	9.62193e-20
565.49877	9.60831e-20
565.52962	9.81524e-20
565.56047	9.30565e-20
565.59132	9.24210e-20
565.62218	9.82795e-20
565.65304	9.03452e-20
565.68391	8.62951e-20
565.71477	8.80134e-20
565.74565	7.98522e-20
565.77652	7.43991e-20
565.80740	6.50762e-20
565.83828	5.75229e-20
565.86916	6.05830e-20
565.90005	5.91766e-20
565.93094	5.58074e-20
565.96184	5.81976e-20
565.99274	6.17496e-20
566.02364	6.00549e-20
566.05454	5.46266e-20
566.08545	5.24851e-20
566.11636	5.39090e-20
566.14728	5.06320e-20
566.17820	4.63191e-20
566.20912	4.57315e-20
566.24004	4.52419e-20
566.27097	4.80402e-20
566.30190	4.55245e-20
566.33284	4.11738e-20
566.36378	4.14335e-20
566.39472	4.01399e-20
566.42567	4.56879e-20
566.45661	4.68933e-20
566.48757	4.58534e-20
566.51852	5.21262e-20
566.54948	4.77311e-20
566.58044	5.03699e-20
566.61141	5.87978e-20
566.64238	5.49904e-20
566.67335	5.43836e-20
566.70433	5.00136e-20
566.73531	4.66049e-20
566.76629	4.90498e-20
566.79727	5.09575e-20
566.82826	5.27116e-20
566.85926	4.51557e-20
566.89025	4.32863e-20
566.92125	4.60197e-20
566.95226	4.64695e-20
566.98326	4.82508e-20
567.01427	4.53579e-20
567.04529	4.37287e-20
567.07630	4.19547e-20
567.10732	4.66780e-20
567.13835	4.72153e-20
567.16937	4.40836e-20
567.20040	5.04253e-20
567.23144	5.07585e-20
567.26247	5.97025e-20
567.29351	7.33352e-20
567.32456	8.07365e-20
567.35560	8.06065e-20
567.38665	7.20970e-20
567.41771	7.16777e-20
567.44877	6.61233e-20
567.47983	6.41257e-20
567.51089	6.76440e-20
567.54196	7.05231e-20
567.57303	7.15081e-20
567.60410	6.49226e-20
567.63518	7.29619e-20
567.66626	7.45098e-20
567.69735	7.10961e-20
567.72843	7.53745e-20
567.75953	7.14779e-20
567.79062	7.96076e-20
567.82172	8.25663e-20
567.85282	7.73749e-20
567.88393	8.10635e-20
567.91503	7.73778e-20
567.94615	7.67401e-20
567.97726	7.70216e-20
568.00838	7.14905e-20
568.03950	8.00828e-20
568.07063	9.29514e-20
568.10176	9.18736e-20
568.13289	8.84440e-20
568.16402	9.15867e-20
568.19516	9.87888e-20
568.22631	9.30224e-20
568.25745	9.02449e-20
568.28860	9.96380e-20
568.31975	8.65405e-20
568.35091	7.65905e-20
568.38207	7.87365e-20
568.41323	7.83991e-20
568.44440	8.00984e-20
568.47557	7.17400e-20
568.50674	6.94876e-20
568.53792	6.64330e-20
568.56910	6.90250e-20
568.60028	8.24977e-20
568.63147	7.19343e-20
568.66266	6.40931e-20
568.69385	6.19000e-20
568.72505	5.53432e-20
568.75625	5.77195e-20
568.78746	5.76309e-20
568.81866	6.02765e-20
568.84987	6.11806e-20
568.88109	5.82258e-20
568.91231	6.14320e-20
568.94353	6.45433e-20
568.97475	6.81115e-20
569.00598	6.87993e-20
569.03721	6.71541e-20
569.06845	6.69906e-20
569.09968	6.53325e-20
569.13093	6.90194e-20
569.16217	7.40924e-20
569.19342	6.97303e-20
569.22467	6.29685e-20
569.25593	6.13111e-20
569.28719	5.97484e-20
569.31845	5.69807e-20
569.34971	6.20751e-20
569.38098	6.69218e-20
569.41226	6.27500e-20
569.44353	6.27656e-20
569.47481	6.60001e-20
569.50609	6.06934e-20
569.53738	5.56258e-20
569.56867	5.92859e-20
569.59996	5.59211e-20
569.63126	5.35827e-20
569.66256	6.51452e-20
569.69386	6.83728e-20
569.72517	6.43278e-20
569.75648	6.45069e-20
569.78780	6.92082e-20
569.81911	7.33849e-20
569.85043	7.24158e-20
569.88176	7.30275e-20
569.91309	7.09984e-20
569.94442	7.13507e-20
569.97575	7.39675e-20
570.00709	7.83798e-20
570.03843	8.60714e-20
570.06978	8.45605e-20
570.10112	8.96814e-20
570.13248	9.39853e-20
570.16383	8.37801e-20
570.19519	8.14914e-20
570.22655	7.96974e-20
570.25792	7.89665e-20
570.28929	8.21930e-20
570.32066	7.52737e-20
570.35204	7.36655e-20
570.38341	7.31101e-20
570.41480	7.62819e-20
570.44618	9.15568e-20
570.47757	9.52547e-20
570.50897	1.02914e-19
570.54036	1.06800e-19
570.57176	1.01595e-19
570.60317	1.09073e-19
570.63457	1.08002e-19
570.66598	1.06272e-19
570.69740	1.09005e-19
570.72882	1.16988e-19
570.76024	1.23049e-19
570.79166	1.21535e-19
570.82309	1.23146e-19
570.85452	9.81327e-20
570.88596	7.92561e-20
570.91739	7.79981e-20
570.94884	7.78778e-20
570.98028	9.12027e-20
571.01173	9.40052e-20
571.04318	9.90293e-20
571.07464	1.04803e-19
571.10610	9.67776e-20
571.13756	9.56441e-20
571.16902	9.69976e-20
571.20049	9.92936e-20
571.23197	9.69758e-20
571.26344	9.07375e-20
571.29492	8.43344e-20
571.32641	8.43410e-20
571.35789	9.01795e-20
571.38938	8.37738e-20
571.42088	8.37842e-20
571.45237	9.14618e-20
571.48387	8.76207e-20
571.51538	8.88142e-20
571.54689	9.55465e-20
571.57840	9.65111e-20
571.60991	1.01584e-19
571.64143	1.06338e-19
571.67295	1.05038e-19
571.70447	1.01319e-19
571.73600	9.38930e-20
571.76754	9.18150e-20
571.79907	9.27361e-20
571.83061	9.54695e-20
571.86215	9.93902e-20
571.89370	9.39530e-20
571.92525	8.51973e-20
571.95680	8.57099e-20
571.98836	1.07119e-19
572.01992	1.14181e-19
572.05148	9.47610e-20
572.08305	1.01773e-19
572.11462	1.11296e-19
572.14619	1.03956e-19
572.17777	1.07936e-19
572.20935	1.04104e-19
572.24093	9.62879e-20
572.27252	9.53038e-20
572.30411	8.83846e-20
572.33570	8.53977e-20
572.36730	8.78815e-20
572.39890	8.38328e-20
572.43051	7.64291e-20
572.46212	7.50729e-20
572.49373	7.29973e-20
572.52535	6.75662e-20
572.55696	7.32341e-20
572.58859	8.05947e-20
572.62021	7.52330e-20
572.65184	6.97881e-20
572.68348	6.66294e-20
572.71511	6.23540e-20
572.74675	6.18788e-20
572.77839	6.00730e-20
572.81004	5.72564e-20
572.84169	5.69498e-20
572.87335	5.79810e-20
572.90500	6.45793e-20
572.93666	7.03691e-20
572.96833	7.06552e-20
573.00000	6.45330e-20
573.03167	5.87131e-20
573.06334	6.98670e-20
573.09502	7.87531e-20
573.12670	7.12207e-20
573.15839	7.01757e-20
573.19008	7.27291e-20
573.22177	7.06514e-20
573.25347	7.35771e-20
573.28517	7.05492e-20
573.31687	6.02383e-20
573.34858	6.14058e-20
573.38029	6.27507e-20
573.41200	5.62146e-20
573.44372	5.27158e-20
573.47544	5.29172e-20
573.50716	5.46556e-20
573.53889	5.50556e-20
573.57062	5.69505e-20
573.60235	5.78706e-20
573.63409	5.59786e-20
573.66583	5.72680e-20
573.69758	5.60500e-20
573.72933	5.47582e-20
573.76108	5.75193e-20
573.79284	5.74925e-20
573.82459	5.89799e-20
573.85636	5.96171e-20
573.88812	5.28449e-20
573.91989	4.92287e-20
573.95167	4.79664e-20
573.98344	4.73039e-20
574.01522	4.92985e-20
574.04701	4.59475e-20
574.07879	4.43154e-20
574.11059	4.39050e-20
574.14238	4.13463e-20
574.17418	4.37959e-20
574.20598	4.36196e-20
574.23778	4.28618e-20
574.26959	4.50777e-20
574.30140	4.43745e-20
574.33322	4.47642e-20
574.36504	4.61578e-20
574.39686	4.32521e-20
574.42869	4.01498e-20
574.46052	4.26828e-20
574.49235	4.29031e-20
574.52419	3.90714e-20
574.55603	3.98845e-20
574.58787	4.19487e-20
574.61972	4.07598e-20
574.65157	3.79626e-20
574.68342	3.57497e-20
574.71528	3.41334e-20
574.74714	3.50917e-20
574.77901	3.91516e-20
574.81088	4.06413e-20
574.84275	4.05159e-20
574.87462	4.02887e-20
574.90650	4.39832e-20
574.93838	5.15191e-20
574.97027	4.99594e-20
575.00216	4.42081e-20
575.03405	4.33322e-20
575.06595	4.35259e-20
575.09785	4.10823e-20
575.12975	3.62388e-20
575.16166	3.45422e-20
575.19357	3.51322e-20
575.22549	3.64918e-20
575.25740	3.73581e-20
575.28933	3.69006e-20
575.32125	3.82386e-20
575.35318	3.90968e-20
575.38511	4.46914e-20
575.41705	4.74172e-20
575.44899	3.88469e-20
575.48093	3.51477e-20
575.51288	3.24810e-20
575.54483	3.18550e-20
575.57678	3.69782e-20
575.60874	3.24539e-20
575.64070	3.02192e-20
575.67266	3.27656e-20
575.70463	2.90007e-20
575.73660	2.89621e-20
575.76857	2.98903e-20
575.80055	2.77494e-20
575.83253	2.75917e-20
575.86452	2.81236e-20
575.89651	2.73916e-20
575.92850	2.59746e-20
575.96050	2.64846e-20
575.99250	2.66798e-20
576.02450	2.50269e-20
576.05651	2.30957e-20
576.08852	2.17982e-20
576.12053	2.26445e-20
576.15255	2.34738e-20
576.18457	2.41113e-20
576.21659	2.46525e-20
576.24862	2.27372e-20
576.28065	2.23391e-20
576.31269	2.42939e-20
576.34473	2.39312e-20
576.37677	2.24067e-20
576.40882	2.14289e-20
576.44086	2.14352e-20
576.47292	2.17986e-20
576.50497	2.17260e-20
576.53703	2.23778e-20
576.56910	2.27460e-20
576.60117	2.37797e-20
576.63324	2.40029e-20
576.66531	2.22613e-20
576.69739	2.18906e-20
576.72947	2.26768e-20
576.76155	2.26299e-20
576.79364	2.06555e-20
576.82574	2.08671e-20
576.85783	2.23178e-20
576.88993	2.18067e-20
576.92203	2.29943e-20
576.95414	2.44146e-20
576.98625	2.57881e-20
577.01836	2.61508e-20
577.05048	2.40149e-20
577.08260	2.42293e-20
577.11473	2.65232e-20
577.14685	2.76048e-20
577.17899	2.87786e-20
577.21112	2.98489e-20
577.24326	2.74655e-20
577.27540	2.54416e-20
577.30755	2.50417e-20
577.33970	2.32388e-20
577.37185	2.39617e-20
577.40401	2.51427e-20
577.43617	2.47247e-20
577.46833	2.50651e-20
577.50050	2.48579e-20
577.53267	2.55626e-20
577.56484	2.62653e-20
577.59702	2.72475e-20
577.62920	3.01646e-20
577.66139	3.29081e-20
577.69358	3.42749e-20
577.72577	3.25379e-20
577.75797	3.29942e-20
577.79017	3.61304e-20
577.82237	3.84076e-20
577.85458	4.10452e-20
577.88679	3.85357e-20
577.91900	3.53962e-20
577.95122	3.39713e-20
577.98344	3.22936e-20
578.01566	3.36096e-20
578.04789	3.32467e-20
578.08012	3.40299e-20
578.11236	3.50818e-20
578.14460	3.45062e-20
578.17684	3.49478e-20
578.20909	3.25749e-20
578.24134	3.36796e-20
578.27359	3.95760e-20
578.30585	4.17956e-20
578.33811	4.02944e-20
578.37037	4.09734e-20
578.40264	4.26152e-20
578.43491	4.28424e-20
578.46719	4.50885e-20
578.49947	4.56096e-20
578.53175	4.63021e-20
578.56404	5.12414e-20
578.59632	5.26185e-20
578.62862	5.11503e-20
578.66091	5.57682e-20
578.69322	5.97208e-20
578.72552	5.65024e-20
578.75783	5.49672e-20
578.79014	5.38086e-20
578.82245	5.32543e-20
578.85477	5.98189e-20
578.88709	6.31262e-20
578.91942	5.64605e-20
578.95175	5.37804e-20
578.98408	5.55277e-20
579.01642	5.26528e-20
579.04876	5.62693e-20
579.08110	6.52248e-20
579.11345	6.98050e-20
579.14580	6.97210e-20
579.17815	6.15591e-20
579.21051	5.34140e-20
579.24287	5.01144e-20
579.27524	5.19431e-20
579.30761	5.71095e-20
579.33998	5.47591e-20
579.37236	4.81379e-20
579.40474	4.96820e-20
579.43712	5.71569e-20
579.46951	5.73806e-20
579.50190	5.30222e-20
579.53429	5.01660e-20
579.56669	4.76679e-20
579.59909	5.10167e-20
579.63150	5.51470e-20
579.66391	5.56038e-20
579.69632	5.42420e-20
579.72873	5.05693e-20
579.76115	5.05069e-20
579.79358	4.97047e-20
579.82600	5.11995e-20
579.85843	5.84932e-20
579.89087	5.58394e-20
579.92331	5.09409e-20
579.95575	5.21161e-20
579.98819	5.34038e-20
580.02064	5.58756e-20
580.05309	5.53777e-20
580.08555	4.96828e-20
580.11801	4.30695e-20
580.15047	4.40540e-20
580.18294	4.49038e-20
580.21541	4.32521e-20
580.24788	5.13516e-20
580.28036	5.36474e-20
580.31284	5.30499e-20
580.34533	5.56102e-20
580.37782	4.81804e-20
580.41031	4.58898e-20
580.44281	5.03968e-20
580.47531	4.99275e-20
580.50781	4.59095e-20
580.54032	4.41580e-20
580.57283	4.59279e-20
580.60534	4.39302e-20
580.63786	4.33082e-20
580.67038	4.34476e-20
580.70290	4.05508e-20
580.73543	3.94954e-20
580.76797	3.60801e-20
580.80050	3.48036e-20
580.83304	3.68696e-20
580.86558	3.66731e-20
580.89813	3.71511e-20
580.93068	3.44331e-20
580.96324	3.15493e-20
580.99579	3.28350e-20
581.02836	3.17097e-20
581.06092	3.07628e-20
581.09349	3.21473e-20
581.12606	3.09546e-20
581.15864	2.95612e-20
581.19122	3.10191e-20
581.22380	2.97239e-20
581.25639	2.66350e-20
581.28898	2.80786e-20
581.32157	2.89553e-20
581.35417	2.75805e-20
581.38677	2.92972e-20
581.41938	3.08557e-20
581.45199	2.78967e-20
581.48460	2.56990e-20
581.51722	2.79825e-20
581.54984	2.92878e-20
581.58246	2.95094e-20
581.61509	3.06464e-20
581.64772	3.04159e-20
581.68035	3.16365e-20
581.71299	3.25025e-20
581.74563	3.07936e-20
581.77828	3.17915e-20
581.81093	3.28515e-20
581.84358	3.13067e-20
581.87624	3.09084e-20
581.90890	2.98944e-20
581.94156	2.87003e-20
581.97423	2.99209e-20
582.00690	2.99635e-20
582.03958	2.93943e-20
582.07226	2.97409e-20
582.10494	2.92359e-20
582.13762	2.95777e-20
582.17031	2.94611e-20
582.20301	2.78260e-20
582.23570	2.58985e-20
582.26840	2.43419e-20
582.30111	2.55757e-20
582.33382	2.71471e-20
582.36653	2.60531e-20
582.39924	2.53087e-20
582.43196	2.55099e-20
582.46469	2.42866e-20
582.49741	2.44427e-20
582.53014	2.50507e-20
582.56288	2.45272e-20
582.59561	2.63217e-20
582.62836	2.62759e-20
582.66110	2.57495e-20
582.69385	2.81168e-20
582.72660	2.85662e-20
582.75936	2.78352e-20
582.79212	2.82503e-20
582.82488	2.83176e-20
582.85765	2.95089e-20
582.89042	3.12926e-20
582.92319	2.97583e-20
582.95597	3.15336e-20
582.98875	3.34901e-20
583.02154	3.18945e-20
583.05432	3.35955e-20
583.08712	3.22018e-20
583.11991	3.13319e-20
583.15271	3.28638e-20
583.18552	3.15770e-20
583.21833	3.16393e-20
583.25114	3.21144e-20
583.28395	3.16247e-20
583.31677	3.17443e-20
583.34959	3.07002e-20
583.38242	2.73733e-20
583.41525	2.94920e-20
583.44808	3.13926e-20
583.48092	2.88958e-20
583.51376	2.92721e-20
583.54660	2.99939e-20
583.57945	3.21144e-20
583.61230	3.29771e-20
583.64516	3.21217e-20
583.67802	2.99278e-20
583.71088	2.95148e-20
583.74375	3.06245e-20
583.77662	2.90122e-20
583.80949	3.12670e-20
583.84237	3.51958e-20
583.87525	4.27312e-20
583.90814	4.38031e-20
583.94102	3.93608e-20
583.97392	4.14612e-20
584.00681	3.58930e-20
584.03971	3.11036e-20
584.07262	3.39856e-20
584.10552	3.51804e-20
584.13844	3.64566e-20
584.17135	3.75900e-20
584.20427	3.71204e-20
584.23719	4.27586e-20
584.27012	4.51978e-20
584.30305	4.22615e-20
584.33598	4.14859e-20
584.36892	3.45553e-20
584.40186	4.10594e-20
584.43480	4.51917e-20
584.46775	4.37707e-20
584.50070	5.36299e-20
584.53366	4.84093e-20
584.56662	4.38661e-20
584.59958	4.12674e-20
584.63255	5.18081e-20
584.66552	6.96470e-20
584.69849	6.48488e-20
584.73147	5.98339e-20
584.76445	5.29272e-20
584.79744	5.43591e-20
584.83043	5.43839e-20
584.86342	5.20158e-20
584.89641	5.50391e-20
584.92941	5.27359e-20
584.96242	6.37033e-20
584.99543	6.63294e-20
585.02844	6.28929e-20
585.06145	6.25537e-20
585.09447	5.85497e-20
585.12749	6.20099e-20
585.16052	6.26174e-20
585.19355	6.21500e-20
585.22658	5.91939e-20
585.25962	5.46375e-20
585.29266	5.48805e-20
585.32571	5.96277e-20
585.35876	5.98277e-20
585.39181	6.38190e-20
585.42487	7.53394e-20
585.45793	7.65145e-20
585.49099	7.88562e-20
585.52406	7.14225e-20
585.55713	6.90830e-20
585.59020	7.11795e-20
585.62328	5.88828e-20
585.65636	6.52319e-20
585.68945	6.38621e-20
585.72254	5.60136e-20
585.75563	5.83220e-20
585.78873	4.75324e-20
585.82183	4.60234e-20
585.85494	5.17042e-20
585.88804	5.28848e-20
585.92116	5.62142e-20
585.95427	5.55833e-20
585.98739	5.06978e-20
586.02052	4.53308e-20
586.05364	4.73292e-20
586.08677	5.16653e-20
586.11991	5.11039e-20
586.15305	5.47301e-20
586.18619	5.48325e-20
586.21934	4.85923e-20
586.25249	5.23701e-20
586.28564	5.71616e-20
586.31880	5.48755e-20
586.35196	5.62989e-20
586.38512	5.61665e-20
586.41829	5.04920e-20
586.45146	4.99524e-20
586.48464	5.17569e-20
586.51782	4.58473e-20
586.55100	4.27383e-20
586.58419	5.24342e-20
586.61738	6.17076e-20
586.65057	5.65194e-20
586.68377	4.72894e-20
586.71698	4.78777e-20
586.75018	5.36816e-20
586.78339	5.45892e-20
586.81660	5.24831e-20
586.84982	5.05274e-20
586.88304	4.73034e-20
586.91627	5.07558e-20
586.94950	5.55883e-20
586.98273	5.38097e-20
587.01596	5.41684e-20
587.04920	5.23472e-20
587.08245	4.83642e-20
587.11570	4.95642e-20
587.14895	4.91711e-20
587.18220	4.48593e-20
587.21546	4.30875e-20
587.24872	4.06403e-20
587.28199	4.15541e-20
587.31526	4.59060e-20
587.34853	4.18035e-20
587.38181	4.37367e-20
587.41509	4.69874e-20
587.44838	4.28562e-20
587.48167	4.60411e-20
587.51496	4.55110e-20
587.54825	3.98920e-20
587.58155	4.02488e-20
587.61486	4.41028e-20
587.64817	3.90282e-20
587.68148	3.44999e-20
587.71479	4.05708e-20
587.74811	3.53209e-20
587.78143	3.28792e-20
587.81476	3.91302e-20
587.84809	3.99074e-20
587.88143	4.27112e-20
587.91476	3.80516e-20
587.94811	3.34892e-20
587.98145	3.37924e-20
588.01480	3.01218e-20
588.04815	3.31888e-20
588.08151	3.59469e-20
588.11487	3.25132e-20
588.14824	3.23879e-20
588.18160	3.36498e-20
588.21498	3.55113e-20
588.24835	3.60082e-20
588.28173	3.49025e-20
588.31511	3.41287e-20
588.34850	3.04186e-20
588.38189	3.19042e-20
588.41529	3.48655e-20
588.44869	3.24612e-20
588.48209	3.04095e-20
588.51549	2.90990e-20
588.54890	3.24575e-20
588.58232	3.18054e-20
588.61574	2.85518e-20
588.64916	3.08049e-20
588.68258	3.14185e-20
588.71601	3.17834e-20
588.74944	3.13512e-20
588.78288	3.10921e-20
588.81632	2.99825e-20
588.84976	3.13727e-20
588.88321	3.54041e-20
588.91666	3.65606e-20
588.95012	3.88795e-20
588.98358	3.82425e-20
589.01704	3.84115e-20
589.05051	3.68063e-20
589.08398	3.40239e-20
589.11745	3.43607e-20
589.15093	3.33665e-20
589.18441	3.52131e-20
589.21790	3.65543e-20
589.25139	4.64141e-20
589.28488	5.44832e-20
589.31838	5.12623e-20
589.35188	5.21300e-20
589.38539	4.60108e-20
589.41890	4.32314e-20
589.45241	5.03782e-20
589.48592	5.06934e-20
589.51944	4.46111e-20
589.55297	4.14272e-20
589.58650	4.42607e-20
589.62003	5.07974e-20
589.65356	5.59741e-20
589.68710	5.04262e-20
589.72065	4.71189e-20
589.75419	4.75747e-20
589.78774	4.51202e-20
589.82130	4.73166e-20
589.85486	4.80057e-20
589.88842	5.07389e-20
589.92198	5.49778e-20
589.95555	5.36953e-20
589.98913	4.98079e-20
590.02270	4.99269e-20
590.05629	5.12551e-20
590.08987	4.90637e-20
590.12346	5.14456e-20
590.15705	5.04982e-20
590.19065	5.34822e-20
590.22425	5.85965e-20
590.25785	5.73656e-20
590.29146	6.57732e-20
590.32507	6.68577e-20
590.35869	6.73065e-20
590.39231	7.20955e-20
590.42593	6.57663e-20
590.45956	6.63013e-20
590.49319	6.37651e-20
590.52683	5.71917e-20
590.56046	5.61671e-20
590.59411	5.79112e-20
590.62775	6.03302e-20
590.66140	5.07639e-20
590.69506	5.45908e-20
590.72872	6.48614e-20
590.76238	5.34850e-20
590.79604	5.11913e-20
590.82971	5.65216e-20
590.86338	5.72726e-20
590.89706	5.58355e-20
590.93074	5.25561e-20
590.96443	5.37891e-20
590.99812	5.24192e-20
591.03181	5.32910e-20
591.06550	5.12179e-20
591.09920	4.53904e-20
591.13291	4.57520e-20
591.16662	4.68883e-20
591.20033	4.59493e-20
591.23404	4.69356e-20
591.26776	6.00809e-20
591.30149	5.81487e-20
591.33521	5.18889e-20
591.36894	7.14281e-20
591.40268	7.40794e-20
591.43642	6.41080e-20
591.47016	6.52786e-20
591.50391	6.47747e-20
591.53766	6.36388e-20
591.57141	7.03390e-20
591.60517	7.65327e-20
591.63893	7.03323e-20
591.67269	6.99956e-20
591.70646	7.26023e-20
591.74024	7.15185e-20
591.77401	7.61743e-20
591.80779	7.76448e-20
591.84158	6.74666e-20
591.87537	6.00603e-20
591.90916	5.98815e-20
591.94296	6.13734e-20
591.97676	7.60069e-20
592.01056	7.80825e-20
592.04437	7.39836e-20
592.07818	8.13302e-20
592.11200	7.55780e-20
592.14582	7.68194e-20
592.17964	8.31835e-20
592.21347	9.10342e-20
592.24730	9.54243e-20
592.28113	8.48479e-20
592.31497	8.64777e-20
592.34881	8.50312e-20
592.38266	6.91228e-20
592.41651	6.24925e-20
592.45037	6.10198e-20
592.48422	6.17452e-20
592.51809	7.70966e-20
592.55195	7.33404e-20
592.58582	5.98689e-20
592.61970	6.49597e-20
592.65357	6.27215e-20
592.68745	7.16840e-20
592.72134	6.94369e-20
592.75523	6.50562e-20
592.78912	8.51635e-20
592.82302	7.68236e-20
592.85692	7.67103e-20
592.89082	9.08863e-20
592.92473	8.40607e-20
592.95865	8.46801e-20
592.99256	9.21075e-20
593.02648	9.01510e-20
593.06041	8.45104e-20
593.09433	8.42446e-20
593.12827	8.08335e-20
593.16220	7.65306e-20
593.19614	7.10313e-20
593.23008	6.22618e-20
593.26403	5.17583e-20
593.29798	4.63621e-20
593.33194	5.49618e-20
593.36590	5.39780e-20
593.39986	4.73398e-20
593.43383	4.76726e-20
593.46780	4.95687e-20
593.50177	5.89366e-20
593.53575	6.77386e-20
593.56973	6.18828e-20
593.60372	5.36592e-20
593.63771	5.81126e-20
593.67170	5.47815e-20
593.70570	5.54401e-20
593.73970	6.28674e-20
593.77371	5.10078e-20
593.80772	4.92236e-20
593.84173	4.96011e-20
593.87575	4.06698e-20
593.90977	4.39431e-20
593.94380	4.32135e-20
593.97782	3.80566e-20
594.01186	3.68101e-20
594.04589	3.36903e-20
594.07994	3.36312e-20
594.11398	3.43040e-20
594.14803	3.25542e-20
594.18208	3.24241e-20
594.21614	3.08730e-20
594.25020	2.96750e-20
594.28426	3.29390e-20
594.31833	3.40851e-20
594.35240	3.22968e-20
594.38648	3.32004e-20
594.42056	3.56750e-20
594.45464	3.37832e-20
594.48873	3.14412e-20
594.52282	3.33159e-20
594.55692	3.51783e-20
594.59102	4.11226e-20
594.62512	4.33918e-20
594.65923	3.68242e-20
594.69334	3.36117e-20
594.72745	2.86937e-20
594.76157	2.59394e-20
594.79569	2.79412e-20
594.82982	2.92740e-20
594.86395	3.37764e-20
594.89809	3.30691e-20
594.93222	3.10419e-20
594.96637	2.92523e-20
595.00051	2.57844e-20
595.03466	2.84694e-20
595.06882	2.75345e-20
595.10298	2.65089e-20
595.13714	2.81805e-20
595.17130	2.59598e-20
595.20547	2.57075e-20
595.23965	2.37924e-20
595.27383	2.27108e-20
595.30801	2.44686e-20
595.34219	2.11853e-20
595.37638	2.09917e-20
595.41058	2.36459e-20
595.44477	2.18755e-20
595.47897	2.36896e-20
595.51318	2.31108e-20
595.54739	1.89191e-20
595.58160	1.93309e-20
595.61582	1.85903e-20
595.65004	2.28216e-20
595.68427	2.75784e-20
595.71849	2.26242e-20
595.75273	1.99942e-20
595.78696	2.05088e-20
595.82120	1.96333e-20
595.85545	1.87130e-20
595.88970	1.82659e-20
595.92395	2.23110e-20
595.95821	2.60338e-20
595.99247	2.22294e-20
596.02673	2.06890e-20
596.06100	2.31952e-20
596.09527	2.29015e-20
596.12955	2.54627e-20
596.16383	2.92480e-20
596.19811	2.98850e-20
596.23240	3.13169e-20
596.26669	3.24000e-20
596.30099	3.03144e-20
596.33529	2.69054e-20
596.36959	2.45135e-20
596.40390	2.50299e-20
596.43821	2.56643e-20
596.47252	2.26786e-20
596.50684	2.22388e-20
596.54117	2.25608e-20
596.57549	2.16035e-20
596.60983	2.36753e-20
596.64416	2.41069e-20
596.67850	2.36759e-20
596.71284	2.28241e-20
596.74719	2.23714e-20
596.78154	2.38516e-20
596.81590	2.33570e-20
596.85026	2.46098e-20
596.88462	2.72908e-20
596.91899	2.67825e-20
596.95336	2.65606e-20
596.98773	2.88085e-20
597.02211	2.75216e-20
597.05649	2.63202e-20
597.09088	2.71073e-20
597.12527	2.43122e-20
597.15967	2.84780e-20
597.19406	3.18948e-20
597.22847	2.75074e-20
597.26287	2.98119e-20
597.29728	3.04520e-20
597.33170	2.69850e-20
597.36612	2.67673e-20
597.40054	2.66498e-20
597.43497	2.65798e-20
597.46940	2.66564e-20
597.50383	2.76488e-20
597.53827	2.77024e-20
597.57271	2.75181e-20
597.60716	2.88257e-20
597.64161	2.85906e-20
597.67606	2.87601e-20
597.71052	2.95113e-20
597.74498	2.99746e-20
597.77945	3.16799e-20
597.81392	3.17866e-20
597.84839	2.99091e-20
597.88287	2.85695e-20
597.91735	2.68106e-20
597.95184	2.53538e-20
597.98633	2.56900e-20
598.02082	2.54776e-20
598.05532	2.53392e-20
598.08982	2.57949e-20
598.12433	2.51556e-20
598.15884	2.53953e-20
598.19335	2.40818e-20
598.22787	2.45201e-20
598.26239	2.97049e-20
598.29692	2.88393e-20
598.33145	2.72716e-20
598.36598	2.97925e-20
598.40052	2.87585e-20
598.43506	2.77977e-20
598.46960	3.05929e-20
598.50415	3.48911e-20
598.53871	3.37622e-20
598.57326	3.28120e-20
598.60783	3.45831e-20
598.64239	3.03178e-20
598.67696	2.98290e-20
598.71154	3.25244e-20
598.74611	3.38441e-20
598.78069	3.66441e-20
598.81528	3.61508e-20
598.84987	3.70018e-20
598.88446	3.76180e-20
598.91906	3.48663e-20
598.95366	3.45972e-20
598.98827	3.57040e-20
599.02288	3.54397e-20
599.05749	3.43375e-20
599.09211	3.61711e-20
599.12673	3.89051e-20
599.16136	3.72495e-20
599.19599	3.58886e-20
599.23062	3.63351e-20
599.26526	3.41122e-20
599.29990	3.37031e-20
599.33454	3.53423e-20
599.36919	3.33502e-20
599.40385	3.39607e-20
599.43851	3.63918e-20
599.47317	3.51689e-20
599.50783	3.61801e-20
599.54250	3.82152e-20
599.57718	4.09568e-20
599.61185	4.54559e-20
599.64654	4.51309e-20
599.68122	4.33571e-20
599.71591	4.33770e-20
599.75060	4.30531e-20
599.78530	4.28090e-20
599.82000	4.32348e-20
599.85471	4.64605e-20
599.88942	5.04270e-20
599.92413	4.89063e-20
599.95885	4.44191e-20
599.99357	4.60656e-20
600.02830	4.57048e-20
600.06303	4.05467e-20
600.09776	4.18537e-20
600.13250	4.09222e-20
600.16724	3.95452e-20
600.20199	4.19890e-20
600.23674	3.87652e-20
600.27149	4.14114e-20
600.30625	4.99558e-20
600.34101	4.76464e-20
600.37578	4.18693e-20
600.41055	4.36457e-20
600.44532	4.61144e-20
600.48010	4.61281e-20
600.51488	4.71774e-20
600.54967	4.36830e-20
600.58446	3.92962e-20
600.61925	4.11681e-20
600.65405	4.20873e-20
600.68886	4.25278e-20
600.72366	4.42533e-20
600.75847	4.30276e-20
600.79329	4.26657e-20
600.82810	4.23641e-20
600.86293	4.08385e-20
600.89775	3.99686e-20
600.93258	3.98594e-20
600.96742	4.08586e-20
601.00226	4.06046e-20
601.03710	4.05226e-20
601.07195	3.82995e-20
601.10680	3.55099e-20
601.14165	3.72995e-20
601.17651	4.02732e-20
601.21137	4.30736e-20
601.24624	4.15513e-20
601.28111	4.03925e-20
601.31599	4.49141e-20
601.35087	4.72106e-20
601.38575	4.62032e-20
601.42064	4.45571e-20
601.45553	4.31810e-20
601.49042	4.20431e-20
601.52532	4.05215e-20
601.56023	3.88199e-20
601.59513	4.41553e-20
601.63005	4.85047e-20
601.66496	3.82036e-20
601.69988	3.37907e-20
601.73480	3.52997e-20
601.76973	3.43739e-20
601.80466	3.92459e-20
601.83960	4.05644e-20
601.87454	4.06888e-20
601.90948	4.43230e-20
601.94443	4.82119e-20
601.97938	4.50903e-20
602.01434	3.44232e-20
602.04930	3.34703e-20
602.08426	3.44675e-20
602.11923	3.25769e-20
602.15421	3.42695e-20
602.18918	3.26339e-20
602.22416	2.97770e-20
602.25915	3.11583e-20
602.29414	3.47251e-20
602.32913	3.36631e-20
602.36412	3.28673e-20
602.39913	3.41764e-20
602.43413	3.30189e-20
602.46914	3.25845e-20
602.50415	3.01797e-20
602.53917	2.83845e-20
602.57419	2.86434e-20
602.60922	2.70608e-20
602.64425	2.54711e-20
602.67928	2.74887e-20
602.71432	2.78112e-20
602.74936	2.53000e-20
602.78440	2.69137e-20
602.81945	2.57866e-20
602.85451	2.62203e-20
602.88956	2.66016e-20
602.92463	2.27946e-20
602.95969	2.55532e-20
602.99476	2.52584e-20
603.02984	2.17972e-20
603.06491	1.96140e-20
603.10000	1.81169e-20
603.13508	2.00077e-20
603.17017	1.98305e-20
603.20527	2.02746e-20
603.24037	1.83242e-20
603.27547	1.54523e-20
603.31058	1.67688e-20
603.34569	1.58705e-20
603.38080	1.45335e-20
603.41592	1.40011e-20
603.45104	1.45220e-20
603.48617	1.49462e-20
603.52130	1.37451e-20
603.55644	1.43397e-20
603.59158	1.33677e-20
603.62672	1.32973e-20
603.66187	1.50635e-20
603.69702	1.39718e-20
603.73218	1.44374e-20
603.76734	1.44534e-20
603.80250	1.39827e-20
603.83767	1.45981e-20
603.87284	1.26796e-20
603.90802	1.17641e-20
603.94320	1.18124e-20
603.97838	1.20259e-20
604.01357	1.25157e-20
604.04876	1.24275e-20
604.08396	1.22227e-20
604.11916	1.15058e-20
604.15437	1.14397e-20
604.18958	1.09525e-20
604.22479	1.04616e-20
604.26001	1.08765e-20
604.29523	1.21728e-20
604.33045	1.32924e-20
604.36568	1.28480e-20
604.40092	1.18565e-20
604.43616	1.12349e-20
604.47140	1.10714e-20
604.50664	1.01541e-20
604.54189	1.05616e-20
604.57715	1.09870e-20
604.61241	1.00936e-20
604.64767	9.66011e-21
604.68294	9.51958e-21
604.71821	1.08266e-20
604.75348	1.13627e-20
604.78876	1.11394e-20
604.82404	1.10204e-20
604.85933	1.13214e-20
604.89462	1.20305e-20
604.92992	1.19194e-20
604.96522	1.25491e-20
605.00052	1.30675e-20
605.03583	1.36138e-20
605.07114	1.38998e-20
605.10646	1.38680e-20
605.14178	1.45821e-20
605.17710	1.55567e-20
605.21243	1.62567e-20
605.24776	1.72142e-20
605.28310	1.78424e-20
605.31844	1.60132e-20
605.35379	1.75386e-20
605.38914	2.05427e-20
605.42449	1.77399e-20
605.45985	1.53998e-20
605.49521	1.62738e-20
605.53057	1.59565e-20
605.56594	1.60230e-20
605.60132	1.77831e-20
605.63670	1.92378e-20
605.67208	2.16768e-20
605.70746	2.07342e-20
605.74285	1.72073e-20
605.77825	1.58803e-20
605.81365	1.42676e-20
605.84905	1.46145e-20
605.88446	1.44342e-20
605.91987	1.32510e-20
605.95528	1.42405e-20
605.99070	1.39630e-20
606.02613	1.24429e-20
606.06155	1.23016e-20
606.09699	1.28377e-20
606.13242	1.12309e-20
606.16786	1.10244e-20
606.20331	1.26738e-20
606.23875	1.15280e-20
606.27421	1.07452e-20
606.30966	1.21972e-20
606.34513	1.24847e-20
606.38059	1.21703e-20
606.41606	1.34128e-20
606.45153	1.35321e-20
606.48701	1.27384e-20
606.52249	1.33296e-20
606.55798	1.44875e-20
606.59347	1.52389e-20
606.62896	1.52390e-20
606.66446	1.51145e-20
606.69996	1.48034e-20
606.73547	1.48979e-20
606.77098	1.55063e-20
606.80649	1.60418e-20
606.84201	1.67194e-20
606.87754	1.75958e-20
606.91306	1.71709e-20
606.94859	1.62263e-20
606.98413	1.68027e-20
607.01967	1.54083e-20
607.05521	1.40120e-20
607.09076	1.40258e-20
607.12631	1.30540e-20
607.16187	1.47856e-20
607.19743	1.56671e-20
607.23300	1.28907e-20
607.26857	1.27639e-20
607.30414	1.58269e-20
607.33972	1.66921e-20
607.37530	1.56760e-20
607.41088	1.58267e-20
607.44647	1.47848e-20
607.48207	1.45983e-20
607.51766	1.60430e-20
607.55327	1.64223e-20
607.58887	1.67648e-20
607.62448	1.71862e-20
607.66010	1.84403e-20
607.69572	1.73724e-20
607.73134	1.72352e-20
607.76697	1.99259e-20
607.80260	1.88791e-20
607.83824	1.97598e-20
607.87388	2.19521e-20
607.90952	2.17403e-20
607.94517	2.05682e-20
607.98082	1.84865e-20
608.01648	2.11410e-20
608.05214	2.30043e-20
608.08780	1.91061e-20
608.12347	1.65884e-20
608.15915	1.66865e-20
608.19482	1.60156e-20
608.23050	1.48370e-20
608.26619	1.44557e-20
608.30188	1.42137e-20
608.33757	1.50818e-20
608.37327	1.59670e-20
608.40898	1.63258e-20
608.44468	1.79457e-20
608.48039	1.95224e-20
608.51611	1.83886e-20
608.55183	1.73281e-20
608.58755	1.74724e-20
608.62328	1.60375e-20
608.65901	1.64359e-20
608.69475	1.63584e-20
608.73049	1.66594e-20
608.76623	1.79851e-20
608.80198	1.52194e-20
608.83773	1.49792e-20
608.87349	1.57981e-20
608.90925	1.52431e-20
608.94502	1.57890e-20
608.98079	1.54549e-20
609.01656	1.54402e-20
609.05234	1.50121e-20
609.08812	1.53818e-20
609.12391	1.57449e-20
609.15970	1.60905e-20
609.19550	1.68798e-20
609.23130	1.57419e-20
609.26710	1.62278e-20
609.30291	1.63118e-20
609.33872	1.53004e-20
609.37453	1.54731e-20
609.41035	1.51517e-20
609.44618	1.53309e-20
609.48201	1.35510e-20
609.51784	1.39259e-20
609.55368	1.77958e-20
609.58952	1.63196e-20
609.62536	1.34973e-20
609.66121	1.40169e-20
609.69707	1.48925e-20
609.73293	1.43302e-20
609.76879	1.47279e-20
609.80466	1.60596e-20
609.84053	1.53724e-20
609.87640	1.53006e-20
609.91228	1.49204e-20
609.94816	1.46847e-20
609.98405	1.52946e-20
610.01994	1.51827e-20
610.05584	1.41081e-20
610.09174	1.39342e-20
610.12765	1.59624e-20
610.16355	1.54935e-20
610.19947	1.71069e-20
610.23538	1.75214e-20
610.27131	1.61184e-20
610.30723	1.81283e-20
610.34316	1.55963e-20
610.37910	1.52994e-20
610.41503	1.67671e-20
610.45098	1.66264e-20
610.48692	1.70758e-20
610.52288	1.57684e-20
610.55883	1.65803e-20
610.59479	1.60896e-20
610.63075	1.57897e-20
610.66672	1.53869e-20
610.70269	1.52711e-20
610.73867	1.69541e-20
610.77465	1.70348e-20
610.81064	1.95030e-20
610.84663	2.03850e-20
610.88262	2.07712e-20
610.91862	2.20170e-20
610.95462	2.18229e-20
610.99063	2.27201e-20
611.02664	2.22619e-20
611.06265	2.45139e-20
611.09867	2.88972e-20
611.13469	2.72947e-20
611.17072	2.57664e-20
611.20675	2.80123e-20
611.24279	2.58119e-20
611.27883	2.63719e-20
611.31487	3.04477e-20
611.35092	3.06292e-20
611.38698	3.24238e-20
611.42303	3.40482e-20
611.45909	3.75008e-20
611.49516	4.05965e-20
611.53123	4.10439e-20
611.56730	3.99936e-20
611.60338	3.81825e-20
611.63947	4.08072e-20
611.67555	3.99707e-20
611.71164	3.89785e-20
611.74774	3.84056e-20
611.78384	3.97557e-20
611.81994	4.29830e-20
611.85605	3.92564e-20
611.89216	3.94173e-20
611.92828	3.80430e-20
611.96440	3.97564e-20
612.00053	4.59312e-20
612.03666	4.54592e-20
612.07279	4.67421e-20
612.10893	4.65627e-20
612.14507	5.09132e-20
612.18122	5.80903e-20
612.21737	6.18541e-20
612.25353	6.05798e-20
612.28969	5.42850e-20
612.32585	5.25675e-20
612.36202	4.99157e-20
612.39819	4.90810e-20
612.43437	4.79291e-20
612.47055	4.97500e-20
612.50673	5.31936e-20
612.54292	5.30252e-20
612.57912	6.30288e-20
612.61531	7.18248e-20
612.65152	7.44706e-20
612.68772	7.18964e-20
612.72393	6.97601e-20
612.76015	6.76361e-20
612.79637	5.95052e-20
612.83259	5.93990e-20
612.86882	5.57054e-20
612.90505	5.00376e-20
612.94129	4.54310e-20
612.97753	4.17302e-20
613.01377	4.19221e-20
613.05002	3.58044e-20
613.08628	3.55182e-20
613.12254	3.40589e-20
613.15880	2.87913e-20
613.19506	3.06393e-20
613.23133	3.13476e-20
613.26761	2.98052e-20
613.30389	3.13346e-20
613.34017	3.18943e-20
613.37646	2.71371e-20
613.41275	2.85591e-20
613.44905	2.88338e-20
613.48535	2.67542e-20
613.52166	2.99157e-20
613.55797	3.03273e-20
613.59428	3.20938e-20
613.63060	3.24149e-20
613.66692	3.17323e-20
613.70325	3.14981e-20
613.73958	3.11881e-20
613.77591	3.06457e-20
613.81225	3.26570e-20
613.84860	3.95765e-20
613.88494	3.75162e-20
613.92130	3.66362e-20
613.95765	3.54220e-20
613.99402	2.80675e-20
614.03038	2.70631e-20
614.06675	2.65915e-20
614.10312	2.70232e-20
614.13950	2.81062e-20
614.17589	3.06016e-20
614.21227	3.36337e-20
614.24866	3.34425e-20
614.28506	3.39568e-20
614.32146	3.36785e-20
614.35786	3.21668e-20
614.39427	2.84465e-20
614.43069	2.70500e-20
614.46710	2.66684e-20
614.50352	2.70318e-20
614.53995	2.96676e-20
614.57638	2.65969e-20
614.61281	2.42853e-20
614.64925	2.44276e-20
614.68570	2.40637e-20
614.72214	2.43175e-20
614.75860	2.28376e-20
614.79505	2.25445e-20
614.83151	2.31352e-20
614.86798	2.38192e-20
614.90445	2.42659e-20
614.94092	2.33389e-20
614.97740	2.39183e-20
615.01388	2.40863e-20
615.05036	2.20470e-20
615.08686	2.25370e-20
615.12335	2.41435e-20
615.15985	2.55372e-20
615.19635	2.57725e-20
615.23286	2.37093e-20
615.26937	2.53134e-20
615.30589	2.44518e-20
615.34241	2.46241e-20
615.37894	2.90564e-20
615.41547	2.56809e-20
615.45200	2.45811e-20
615.48854	2.50874e-20
615.52508	2.39608e-20
615.56163	2.76551e-20
615.59818	2.95259e-20
615.63474	3.33316e-20
615.67130	3.57732e-20
615.70786	3.38978e-20
615.74443	3.32290e-20
615.78100	3.08786e-20
615.81758	3.20087e-20
615.85416	3.42145e-20
615.89075	3.22875e-20
615.92734	3.13067e-20
615.96393	3.01921e-20
616.00053	2.94473e-20
616.03714	3.24440e-20
616.07374	3.37875e-20
616.11036	3.21478e-20
616.14697	3.49728e-20
616.18359	3.64441e-20
616.22022	3.36228e-20
616.25685	3.63512e-20
616.29348	3.79137e-20
616.33012	3.46704e-20
616.36676	3.32475e-20
616.40341	3.24523e-20
616.44006	3.45458e-20
616.47672	3.80939e-20
616.51338	4.12566e-20
616.55004	4.40196e-20
616.58671	4.45299e-20
616.62338	4.45427e-20
616.66006	4.33115e-20
616.69674	4.27594e-20
616.73343	4.17496e-20
616.77012	4.48886e-20
616.80682	5.19732e-20
616.84351	4.85783e-20
616.88022	4.10305e-20
616.91693	3.83849e-20
616.95364	3.81985e-20
616.99036	3.75829e-20
617.02708	3.72220e-20
617.06380	3.67590e-20
617.10053	3.81330e-20
617.13727	4.10593e-20
617.17401	3.59331e-20
617.21075	3.16117e-20
617.24750	2.84080e-20
617.28425	3.10757e-20
617.32100	4.23520e-20
617.35777	3.69297e-20
617.39453	3.07773e-20
617.43130	3.26186e-20
617.46807	3.24926e-20
617.50485	3.53437e-20
617.54163	3.22561e-20
617.57842	3.15282e-20
617.61521	3.29604e-20
617.65201	3.08672e-20
617.68881	3.67539e-20
617.72561	3.82327e-20
617.76242	3.26666e-20
617.79923	3.22293e-20
617.83605	3.08802e-20
617.87287	3.21549e-20
617.90970	3.42054e-20
617.94653	2.95087e-20
617.98337	2.87968e-20
618.02021	2.83119e-20
618.05705	2.68414e-20
618.09390	2.82962e-20
618.13075	2.62819e-20
618.16761	2.54593e-20
618.20447	2.44976e-20
618.24134	2.27230e-20
618.27821	2.31273e-20
618.31508	2.13420e-20
618.35196	1.90869e-20
618.38884	1.92896e-20
618.42573	1.93809e-20
618.46262	1.78837e-20
618.49952	1.80587e-20
618.53642	1.83111e-20
618.57333	1.77300e-20
618.61024	1.76902e-20
618.64715	1.73467e-20
618.68407	1.74319e-20
618.72099	1.82787e-20
618.75792	2.00061e-20
618.79485	1.83036e-20
618.83179	1.72624e-20
618.86873	1.83661e-20
618.90567	1.63777e-20
618.94262	1.80242e-20
618.97958	1.89614e-20
619.01654	1.80843e-20
619.05350	2.02966e-20
619.09047	1.94114e-20
619.12744	1.95509e-20
619.16441	1.96516e-20
619.20139	1.73195e-20
619.23838	1.80732e-20
619.27537	1.81183e-20
619.31236	1.87299e-20
619.34936	2.11263e-20
619.38636	2.06605e-20
619.42337	2.06282e-20
619.46038	2.15941e-20
619.49740	2.16899e-20
619.53442	2.22729e-20
619.57144	2.16784e-20
619.60847	2.27229e-20
619.64551	2.46357e-20
619.68254	2.40577e-20
619.71959	2.54618e-20
619.75663	2.59966e-20
619.79368	2.54293e-20
619.83074	2.39804e-20
619.86780	2.14040e-20
619.90486	2.22000e-20
619.94193	2.16505e-20
619.97901	2.27308e-20
620.01608	2.35506e-20
620.05317	2.26046e-20
620.09025	2.62628e-20
620.12734	2.76021e-20
620.16444	2.95009e-20
620.20154	3.31203e-20
620.23864	3.55162e-20
620.27575	3.69586e-20
620.31287	3.44180e-20
620.34998	3.34251e-20
620.38711	3.40613e-20
620.42423	3.38283e-20
620.46137	3.42434e-20
620.49850	3.51068e-20
620.53564	3.34197e-20
620.57279	3.32150e-20
620.60993	3.40847e-20
620.64709	3.26235e-20
620.68425	3.42120e-20
620.72141	3.07505e-20
620.75857	3.38028e-20
620.79575	4.08882e-20
620.83292	3.04814e-20
620.87010	2.52615e-20
620.90729	2.73305e-20
620.94447	2.82556e-20
620.98167	3.00483e-20
621.01887	2.87041e-20
621.05607	2.88305e-20
621.09328	2.62123e-20
621.13049	2.51309e-20
621.16770	2.60978e-20
621.20492	2.47973e-20
621.24215	2.57200e-20
621.27938	2.53839e-20
621.31661	2.35388e-20
621.35385	2.05365e-20
621.39109	1.96128e-20
621.42834	1.98867e-20
621.46559	1.85256e-20
621.50284	1.91839e-20
621.54010	1.92240e-20
621.57737	1.89070e-20
621.61464	1.85068e-20
621.65191	1.81464e-20
621.68919	1.86257e-20
621.72647	1.88386e-20
621.76376	1.93897e-20
621.80105	1.79859e-20
621.83835	1.67027e-20
621.87565	1.73437e-20
621.91295	1.69251e-20
621.95026	1.69217e-20
621.98758	1.80860e-20
622.02490	1.56127e-20
622.06222	1.36204e-20
622.09955	1.64013e-20
622.13688	1.69532e-20
622.17422	1.60686e-20
622.21156	1.53700e-20
622.24890	1.43739e-20
622.28625	1.46554e-20
622.32361	1.58662e-20
622.36096	1.84950e-20
622.39833	1.88453e-20
622.43570	1.85792e-20
622.47307	1.91600e-20
622.51044	1.83516e-20
622.54783	1.90271e-20
622.58521	2.08003e-20
622.62260	2.10780e-20
622.66000	2.05717e-20
622.69740	2.06016e-20
622.73480	1.89122e-20
622.77221	1.93376e-20
622.80962	2.11727e-20
622.84704	1.81818e-20
622.88446	1.67884e-20
622.92189	1.74313e-20
622.95932	1.68469e-20
622.99675	1.64927e-20
623.03419	1.93400e-20
623.07164	2.34821e-20
623.10908	2.04246e-20
623.14654	1.74865e-20
623.18400	1.84913e-20
623.22146	1.76785e-20
623.25892	1.86975e-20
623.29640	2.22252e-20
623.33387	2.37709e-20
623.37135	2.32860e-20
623.40884	2.50979e-20
623.44633	2.39439e-20
623.48382	2.00585e-20
623.52132	2.15250e-20
623.55882	2.08099e-20
623.59633	1.76198e-20
623.63384	1.68943e-20
623.67136	1.89895e-20
623.70888	2.53269e-20
623.74640	2.72692e-20
623.78393	2.31181e-20
623.82147	2.00411e-20
623.85901	1.87777e-20
623.89655	1.75446e-20
623.93410	1.66665e-20
623.97165	1.64993e-20
624.00921	1.73831e-20
624.04677	1.98144e-20
624.08433	1.99766e-20
624.12190	1.96166e-20
624.15948	2.05842e-20
624.19706	1.90687e-20
624.23464	1.71233e-20
624.27223	1.82901e-20
624.30982	1.98247e-20
624.34742	2.10455e-20
624.38502	2.31415e-20
624.42263	1.92914e-20
624.46024	1.66893e-20
624.49786	1.90701e-20
624.53548	1.75881e-20
624.57310	1.80120e-20
624.61073	1.81764e-20
624.64837	1.76565e-20
624.68601	1.93141e-20
624.72365	1.90880e-20
624.76130	1.93345e-20
624.79895	1.86799e-20
624.83660	1.77653e-20
624.87427	1.66380e-20
624.91193	1.65790e-20
624.94960	1.73037e-20
624.98728	1.58507e-20
625.02496	1.76764e-20
625.06264	1.94516e-20
625.10033	1.90501e-20
625.13802	1.84218e-20
625.17572	1.58772e-20
625.21342	1.65647e-20
625.25113	1.95826e-20
625.28884	1.99400e-20
625.32655	1.89603e-20
625.36427	1.81517e-20
625.40200	1.75585e-20
625.43973	1.71772e-20
625.47746	1.74784e-20
625.51520	1.68771e-20
625.55294	1.64120e-20
625.59069	1.69662e-20
625.62844	1.67470e-20
625.66620	1.83393e-20
625.70396	1.91256e-20
625.74173	2.00012e-20
625.77950	2.08474e-20
625.81727	1.69186e-20
625.85505	1.62594e-20
625.89284	1.64632e-20
625.93063	1.56864e-20
625.96842	1.70488e-20
626.00622	1.58783e-20
626.04402	1.59948e-20
626.08183	1.65649e-20
626.11964	1.72183e-20
626.15745	1.87367e-20
626.19527	1.73813e-20
626.23310	1.55289e-20
626.27093	1.46433e-20
626.30876	1.36821e-20
626.34660	1.30370e-20
626.38445	1.42363e-20
626.42229	1.44134e-20
626.46015	1.57472e-20
626.49800	1.96163e-20
626.53586	2.01283e-20
626.57373	1.84774e-20
626.61160	1.61772e-20
626.64948	1.54868e-20
626.68736	1.57949e-20
626.72524	1.49744e-20
626.76313	1.50621e-20
626.80102	1.50200e-20
626.83892	1.50412e-20
626.87683	1.38597e-20
626.91473	1.29019e-20
626.95265	1.38256e-20
626.99056	1.25969e-20
627.02848	1.23045e-20
627.06641	1.40802e-20
627.10434	1.44145e-20
627.14228	1.36775e-20
627.18021	1.21938e-20
627.21816	1.29527e-20
627.25611	1.37373e-20
627.29406	1.29864e-20
627.33202	1.29283e-20
627.36998	1.16315e-20
627.40795	1.31407e-20
627.44592	1.33928e-20
627.48390	1.11416e-20
627.52188	1.19514e-20
627.55986	1.11610e-20
627.59785	1.19722e-20
627.63585	1.22826e-20
627.67385	1.06629e-20
627.71185	1.10540e-20
627.74986	1.01362e-20
627.78787	1.11473e-20
627.82589	1.12058e-20
627.86391	1.04405e-20
627.90194	1.13324e-20
627.93997	9.71335e-21
627.97801	9.45447e-21
628.01605	9.66227e-21
628.05410	9.26654e-21
628.09215	9.32792e-21
628.13020	9.18069e-21
628.16826	9.95017e-21
628.20632	9.58393e-21
628.24439	9.24476e-21
628.28246	9.01213e-21
628.32054	9.19357e-21
628.35862	9.69639e-21
628.39671	8.72895e-21
628.43480	9.29887e-21
628.47290	1.01759e-20
628.51100	1.02409e-20
628.54911	9.72391e-21
628.58722	1.01365e-20
628.62533	1.17077e-20
628.66345	1.06531e-20
628.70157	1.00933e-20
628.73970	1.04500e-20
628.77784	1.05866e-20
628.81597	1.03075e-20
628.85412	9.62563e-21
628.89226	1.05104e-20
628.93041	1.06977e-20
628.96857	1.08895e-20
629.00673	1.20392e-20
629.04490	1.41080e-20
629.08307	1.43941e-20
629.12124	1.27159e-20
629.15942	1.21899e-20
629.19761	1.05764e-20
629.23579	9.81144e-21
629.27399	9.55873e-21
629.31219	9.89272e-21
629.35039	1.01106e-20
629.38860	9.47297e-21
629.42681	1.04716e-20
629.46502	8.75100e-21
629.50325	8.14028e-21
629.54147	9.30508e-21
629.57970	8.31060e-21
629.61794	8.33373e-21
629.65618	8.12622e-21
629.69442	7.86331e-21
629.73267	8.32501e-21
629.77092	8.34178e-21
629.80918	7.70219e-21
629.84745	7.82406e-21
629.88571	7.67337e-21
629.92399	6.56471e-21
629.96226	6.93814e-21
630.00054	6.62600e-21
630.03883	5.95888e-21
630.07712	6.29227e-21
630.11542	6.07956e-21
630.15372	5.72411e-21
630.19202	6.08492e-21
630.23033	5.98762e-21
630.26865	5.90718e-21
630.30696	6.70864e-21
630.34529	6.32387e-21
630.38362	6.55230e-21
630.42195	6.65663e-21
630.46029	6.43188e-21
630.49863	8.06002e-21
630.53698	8.70641e-21
630.57533	8.67156e-21
630.61368	9.22848e-21
630.65204	9.51135e-21
630.69041	8.53130e-21
630.72878	9.14596e-21
630.76715	1.04249e-20
630.80553	8.38508e-21
630.84392	7.66993e-21
630.88231	8.25837e-21
630.92070	8.71709e-21
630.95910	9.49877e-21
630.99750	9.73025e-21
631.03591	1.03110e-20
631.07432	9.89375e-21
631.11274	9.51876e-21
631.15116	9.35918e-21
631.18959	9.96712e-21
631.22802	1.06576e-20
631.26645	1.00080e-20
631.30489	1.22969e-20
631.34334	1.30777e-20
631.38179	1.05792e-20
631.42024	1.18331e-20
631.45870	1.26067e-20
631.49716	1.07172e-20
631.53563	9.89544e-21
631.57411	9.17574e-21
631.61258	1.09021e-20
631.65107	1.32288e-20
631.68955	1.25951e-20
631.72805	1.19601e-20
631.76654	1.11361e-20
631.80504	1.17805e-20
631.84355	1.29603e-20
631.88206	1.20319e-20
631.92057	1.20651e-20
631.95909	1.32410e-20
631.99762	1.34678e-20
632.03615	1.21018e-20
632.07468	1.19395e-20
632.11322	1.28727e-20
632.15177	1.27267e-20
632.19031	1.25261e-20
632.22887	1.39373e-20
632.26742	1.51310e-20
632.30599	1.40630e-20
632.34455	1.36029e-20
632.38312	1.24892e-20
632.42170	1.25270e-20
632.46028	1.19974e-20
632.49887	1.02382e-20
632.53746	1.12717e-20
632.57605	1.01937e-20
632.61465	1.06608e-20
632.65326	1.02243e-20
632.69187	1.03503e-20
632.73048	1.09989e-20
632.76910	7.12968e-21
632.80772	1.01285e-20
632.84635	1.29108e-20
632.88499	9.92374e-21
632.92362	1.06006e-20
632.96227	9.59043e-21
633.00091	9.57260e-21
633.03956	9.98617e-21
633.07822	1.01512e-20
633.11688	1.03533e-20
633.15555	1.01510e-20
633.19422	1.03142e-20
633.23289	9.19780e-21
633.27157	1.10829e-20
633.31026	1.43606e-20
633.34895	1.52150e-20
633.38764	1.40065e-20
633.42634	1.33625e-20
633.46505	1.38356e-20
633.50375	1.48754e-20
633.54247	1.43004e-20
633.58119	1.21109e-20
633.61991	1.24339e-20
633.65864	1.18382e-20
633.69737	1.36588e-20
633.73611	1.63918e-20
633.77485	1.43025e-20
633.81359	1.24941e-20
633.85234	1.22022e-20
633.89110	1.20982e-20
633.92986	1.13286e-20
633.96863	1.21831e-20
634.00740	1.19631e-20
634.04617	1.23623e-20
634.08495	1.46785e-20
634.12374	1.28979e-20
634.16252	1.34086e-20
634.20132	1.50760e-20
634.24012	1.35979e-20
634.27892	1.19267e-20
634.31773	1.22282e-20
634.35654	1.41351e-20
634.39536	1.40480e-20
634.43418	1.38306e-20
634.47301	1.32547e-20
634.51184	1.28867e-20
634.55068	1.31553e-20
634.58952	1.27848e-20
634.62836	1.29694e-20
634.66721	1.18601e-20
634.70607	9.89161e-21
634.74493	9.89164e-21
634.78380	1.16580e-20
634.82267	1.12066e-20
634.86154	9.99721e-21
634.90042	9.36558e-21
634.93930	8.15890e-21
634.97819	9.00917e-21
635.01709	1.01014e-20
635.05598	1.06004e-20
635.09489	1.06317e-20
635.13380	1.08001e-20
635.17271	1.10861e-20
635.21163	1.12687e-20
635.25055	1.23512e-20
635.28948	1.17626e-20
635.32841	1.18811e-20
635.36734	1.18152e-20
635.40629	1.15414e-20
635.44523	1.29107e-20
635.48418	1.20261e-20
635.52314	1.14334e-20
635.56210	1.17681e-20
635.60106	1.18952e-20
635.64003	1.19797e-20
635.67901	1.12528e-20
635.71799	1.05728e-20
635.75697	1.11646e-20
635.79596	1.22117e-20
635.83496	1.10534e-20
635.87395	1.09325e-20
635.91296	1.10191e-20
635.95197	1.08028e-20
635.99098	1.16830e-20
636.03000	1.18509e-20
636.06902	1.41670e-20
636.10805	1.51983e-20
636.14708	1.47159e-20
636.18612	1.46750e-20
636.22516	1.35095e-20
636.26420	1.37654e-20
636.30326	1.39500e-20
636.34231	1.43578e-20
636.38137	1.42717e-20
636.42044	1.23161e-20
636.45951	1.07715e-20
636.49858	1.11102e-20
636.53766	1.20807e-20
636.57675	1.19784e-20
636.61584	1.38730e-20
636.65493	1.44730e-20
636.69403	1.29725e-20
636.73314	1.41782e-20
636.77225	1.45411e-20
636.81136	1.44239e-20
636.85048	1.59097e-20
636.88960	1.52175e-20
636.92873	1.45030e-20
636.96786	1.54462e-20
637.00700	1.43086e-20
637.04614	1.33678e-20
637.08529	1.20103e-20
637.12444	1.10754e-20
637.16360	1.26408e-20
637.20276	1.16191e-20
637.24193	1.20551e-20
637.28110	1.38641e-20
637.32028	1.30550e-20
637.35946	1.33786e-20
637.39864	1.44036e-20
637.43784	1.36512e-20
637.47703	1.25607e-20
637.51623	1.37180e-20
637.55544	1.29698e-20
637.59465	1.26599e-20
637.63386	1.57833e-20
637.67308	1.62761e-20
637.71231	1.53879e-20
637.75153	1.45455e-20
637.79077	1.46134e-20
637.83001	1.57403e-20
637.86925	1.57276e-20
637.90850	1.56134e-20
637.94775	1.59750e-20
637.98701	1.56556e-20
638.02628	1.48560e-20
638.06554	1.52372e-20
638.10482	1.42480e-20
638.14409	1.32888e-20
638.18338	1.35570e-20
638.22266	1.20782e-20
638.26196	1.05551e-20
638.30125	1.00695e-20
638.34055	9.98789e-21
638.37986	9.91695e-21
638.41917	1.05972e-20
638.45849	1.09663e-20
638.49781	1.15412e-20
638.53714	1.16766e-20
638.57647	1.19439e-20
638.61580	1.29457e-20
638.65514	1.12235e-20
638.69449	1.33525e-20
638.73384	1.37100e-20
638.77319	1.15431e-20
638.81255	1.38328e-20
638.85192	1.16921e-20
638.89129	1.19470e-20
638.93066	1.24967e-20
638.97004	1.13557e-20
639.00943	1.47572e-20
639.04882	1.40772e-20
639.08821	1.42336e-20
639.12761	1.47689e-20
639.16701	1.32581e-20
639.20642	1.32867e-20
639.24583	1.21698e-20
639.28525	1.23081e-20
639.32468	1.19332e-20
639.36410	1.15701e-20
639.40354	1.15890e-20
639.44297	1.14680e-20
639.48242	1.28928e-20
639.52186	1.22093e-20
639.56132	1.17068e-20
639.60077	1.24177e-20
639.64024	1.30603e-20
639.67970	1.53842e-20
639.71917	1.70996e-20
639.75865	1.77253e-20
639.79813	1.73125e-20
639.83762	1.67879e-20
639.87711	1.71477e-20
639.91661	1.68513e-20
639.95611	1.73784e-20
639.99561	1.65388e-20
640.03512	1.62819e-20
640.07464	1.76100e-20
640.11416	1.47309e-20
640.15369	1.26627e-20
640.19322	1.12780e-20
640.23275	1.01531e-20
640.27229	1.18305e-20
640.31184	1.24886e-20
640.35139	1.40038e-20
640.39094	1.45033e-20
640.43050	1.48187e-20
640.47007	1.55349e-20
640.50963	1.48399e-20
640.54921	1.58667e-20
640.58879	1.60792e-20
640.62837	1.61133e-20
640.66796	1.63025e-20
640.70756	1.55955e-20
640.74715	1.41471e-20
640.78676	1.37969e-20
640.82637	1.57029e-20
640.86598	1.42331e-20
640.90560	1.31406e-20
640.94522	1.43437e-20
640.98485	1.38153e-20
641.02448	1.44266e-20
641.06412	1.53976e-20
641.10376	1.51781e-20
641.14341	1.59760e-20
641.18306	1.60141e-20
641.22272	1.49617e-20
641.26238	1.52484e-20
641.30205	1.48228e-20
641.34172	1.43448e-20
641.38140	1.36059e-20
641.42108	1.32677e-20
641.46077	1.41404e-20
641.50046	1.34173e-20
641.54016	1.36273e-20
641.57986	1.32130e-20
641.61957	1.37791e-20
641.65928	1.63073e-20
641.69899	1.78370e-20
641.73872	1.94854e-20
641.77844	1.90553e-20
641.81817	1.87206e-20
641.85791	1.89915e-20
641.89765	1.98227e-20
641.93740	1.90744e-20
641.97715	1.71862e-20
642.01690	1.77307e-20
642.05666	1.63885e-20
642.09643	1.66264e-20
642.13620	1.70282e-20
642.17598	1.63939e-20
642.21576	1.71067e-20
642.25554	1.78522e-20
642.29533	1.95269e-20
642.33513	2.02704e-20
642.37493	2.23431e-20
642.41473	2.23674e-20
642.45454	2.30491e-20
642.49436	2.30401e-20
642.53418	2.08358e-20
642.57400	2.44983e-20
642.61383	2.31156e-20
642.65367	2.23081e-20
642.69351	2.36544e-20
642.73335	2.01396e-20
642.77320	2.01019e-20
642.81305	1.86664e-20
642.85291	1.97862e-20
642.89278	2.37042e-20
642.93265	2.08503e-20
642.97252	1.54781e-20
643.01240	1.75738e-20
643.05229	2.25812e-20
643.09217	1.91163e-20
643.13207	1.85879e-20
643.17197	2.10552e-20
643.21187	1.98041e-20
643.25178	2.08256e-20
643.29169	2.20916e-20
643.33161	2.34356e-20
643.37154	2.42399e-20
643.41147	2.42919e-20
643.45140	2.42408e-20
643.49134	2.08490e-20
643.53128	1.76691e-20
643.57123	1.79068e-20
643.61118	1.87431e-20
643.65114	1.98863e-20
643.69111	1.99613e-20
643.73107	1.76586e-20
643.77105	1.71806e-20
643.81103	1.69092e-20
643.85101	1.49321e-20
643.89100	1.43833e-20
643.93099	1.49084e-20
643.97099	1.50788e-20
644.01099	1.47680e-20
644.05100	1.37309e-20
644.09101	1.33328e-20
644.13103	1.42925e-20
644.17105	1.33742e-20
644.21108	1.29780e-20
644.25112	1.36604e-20
644.29115	1.24147e-20
644.33120	1.18494e-20
644.37124	1.10597e-20
644.41130	1.10879e-20
644.45136	1.14814e-20
644.49142	1.05300e-20
644.53149	1.12435e-20
644.57156	1.17322e-20
644.61164	1.23961e-20
644.65172	1.32613e-20
644.69181	1.19060e-20
644.73190	1.13742e-20
644.77200	1.13259e-20
644.81210	1.17190e-20
644.85221	1.49337e-20
644.89232	1.72161e-20
644.93244	1.66438e-20
644.97256	1.46375e-20
645.01269	1.32894e-20
645.05282	1.38115e-20
645.09296	1.49062e-20
645.13310	1.58397e-20
645.17325	1.51447e-20
645.21340	1.48761e-20
645.25356	1.39350e-20
645.29372	1.29217e-20
645.33389	1.44596e-20
645.37406	1.47320e-20
645.41424	1.55818e-20
645.45442	1.56902e-20
645.49461	1.52448e-20
645.53480	1.58540e-20
645.57500	1.60079e-20
645.61520	1.66502e-20
645.65541	1.59907e-20
645.69562	1.64749e-20
645.73584	1.49879e-20
645.77607	1.47149e-20
645.81629	1.65741e-20
645.85653	1.42787e-20
645.89676	1.46221e-20
645.93701	1.35909e-20
645.97725	1.48533e-20
646.01751	1.96434e-20
646.05776	1.93145e-20
646.09803	2.12756e-20
646.13830	2.17207e-20
646.17857	2.05859e-20
646.21885	2.13771e-20
646.25913	2.12817e-20
646.29942	2.25911e-20
646.33971	2.13724e-20
646.38001	2.12397e-20
646.42031	2.20325e-20
646.46062	1.97961e-20
646.50093	2.05999e-20
646.54125	2.12167e-20
646.58157	2.28853e-20
646.62190	2.63945e-20
646.66223	2.56741e-20
646.70257	2.48108e-20
646.74292	2.46486e-20
646.78326	2.63493e-20
646.82362	2.62568e-20
646.86398	2.25781e-20
646.90434	2.32044e-20
646.94471	2.52971e-20
646.98508	2.84019e-20
647.02546	2.85032e-20
647.06584	2.56884e-20
647.10623	2.72391e-20
647.14663	2.73658e-20
647.18702	2.54783e-20
647.22743	2.38060e-20
647.26784	2.32284e-20
647.30825	2.24161e-20
647.34867	2.18929e-20
647.38909	2.38612e-20
647.42952	2.49855e-20
647.46996	2.61921e-20
647.51040	2.52370e-20
647.55084	2.39169e-20
647.59129	2.55956e-20
647.63174	2.73455e-20
647.67220	2.65235e-20
647.71267	2.47644e-20
647.75314	2.43421e-20
647.79361	2.21027e-20
647.83409	2.30332e-20
647.87458	2.35540e-20
647.91506	2.09793e-20
647.95556	2.14586e-20
647.99606	2.04836e-20
648.03656	2.00875e-20
648.07707	1.91714e-20
648.11759	1.67254e-20
648.15811	1.58132e-20
648.19863	1.50268e-20
648.23916	1.44521e-20
648.27970	1.31777e-20
648.32024	1.30634e-20
648.36078	1.19766e-20
648.40134	1.13234e-20
648.44189	1.19152e-20
648.48245	1.07655e-20
648.52302	1.10927e-20
648.56359	1.00669e-20
648.60416	8.65824e-21
648.64474	8.81160e-21
648.68533	8.67352e-21
648.72592	9.98355e-21
648.76652	1.11411e-20
648.80712	1.17594e-20
648.84772	1.18579e-20
648.88834	1.15459e-20
648.92895	1.13532e-20
648.96957	1.01873e-20
649.01020	9.85281e-21
649.05083	9.99447e-21
649.09147	1.01010e-20
649.13211	1.21058e-20
649.17276	1.28834e-20
649.21341	1.11252e-20
649.25407	1.04299e-20
649.29473	1.04357e-20
649.33540	1.02125e-20
649.37607	1.08618e-20
649.41675	1.09259e-20
649.45743	1.00809e-20
649.49812	1.05074e-20
649.53881	1.06917e-20
649.57951	1.02570e-20
649.62021	1.01212e-20
649.66092	9.41046e-21
649.70163	9.71801e-21
649.74235	9.63338e-21
649.78307	8.85718e-21
649.82380	9.43615e-21
649.86454	9.97243e-21
649.90528	1.04059e-20
649.94602	1.08252e-20
649.98677	1.07374e-20
650.02752	1.07813e-20
650.06828	1.15879e-20
650.10905	1.13549e-20
650.14981	1.13238e-20
650.19059	1.25694e-20
650.23137	1.22572e-20
650.27215	1.29117e-20
650.31294	1.34694e-20
650.35374	1.36754e-20
650.39454	1.44234e-20
650.43534	1.26413e-20
650.47615	1.18634e-20
650.51697	1.09755e-20
650.55779	1.11493e-20
650.59862	1.38624e-20
650.63945	1.20051e-20
650.68028	8.46788e-21
650.72112	8.44863e-21
650.76197	1.14655e-20
650.80282	1.17527e-20
650.84368	9.40405e-21
650.88454	1.08183e-20
650.92541	1.08756e-20
650.96628	1.19996e-20
651.00716	1.55844e-20
651.04804	1.31263e-20
651.08892	1.05446e-20
651.12982	1.12005e-20
651.17071	1.08573e-20
651.21162	1.03893e-20
651.25253	1.10948e-20
651.29344	1.13453e-20
651.33436	1.05454e-20
651.37528	1.09464e-20
651.41621	1.05706e-20
651.45714	1.06800e-20
651.49808	1.20284e-20
651.53902	1.12841e-20
651.57997	1.13687e-20
651.62093	1.10565e-20
651.66189	9.31357e-21
651.70285	8.86024e-21
651.74382	8.79002e-21
651.78479	8.63802e-21
651.82577	8.66123e-21
651.86676	9.99721e-21
651.90775	1.01427e-20
651.94875	8.99964e-21
651.98975	9.36109e-21
652.03075	9.65681e-21
652.07176	1.05552e-20
652.11278	1.03339e-20
652.15380	9.30593e-21
652.19483	9.51021e-21
652.23586	8.39318e-21
652.27689	7.51728e-21
652.31794	7.89715e-21
652.35898	9.22082e-21
652.40003	1.01991e-20
652.44109	9.91750e-21
652.48215	1.00446e-20
652.52322	9.94854e-21
652.56429	1.02431e-20
652.60537	1.00919e-20
652.64646	9.60931e-21
652.68754	9.70642e-21
652.72864	9.47063e-21
652.76974	9.54400e-21
652.81084	9.10072e-21
652.85195	8.62515e-21
652.89306	7.94994e-21
652.93418	7.79087e-21
652.97531	8.03911e-21
653.01644	7.80233e-21
653.05757	8.99775e-21
653.09871	8.46523e-21
653.13986	7.68339e-21
653.18101	8.25694e-21
653.22216	7.12478e-21
653.26332	6.79726e-21
653.30449	7.20454e-21
653.34566	7.63984e-21
653.38684	8.00617e-21
653.42802	7.35466e-21
653.46921	6.76696e-21
653.51040	6.60602e-21
653.55159	7.16036e-21
653.59280	7.13642e-21
653.63400	6.62411e-21
653.67522	7.06954e-21
653.71644	6.86796e-21
653.75766	6.51921e-21
653.79889	7.20573e-21
653.84012	6.77013e-21
653.88136	6.06974e-21
653.92260	6.70097e-21
653.96385	6.66524e-21
654.00511	6.41462e-21
654.04637	6.89360e-21
654.08763	6.90590e-21
654.12890	6.95864e-21
654.17018	7.23082e-21
654.21146	6.90762e-21
654.25274	6.52823e-21
654.29403	6.64434e-21
654.33533	7.01862e-21
654.37663	6.90607e-21
654.41794	6.56411e-21
654.45925	6.93968e-21
654.50056	7.57868e-21
654.54189	8.25495e-21
654.58321	8.65867e-21
654.62455	8.11662e-21
654.66588	7.84463e-21
654.70723	8.68924e-21
654.74858	8.84671e-21
654.78993	8.15145e-21
654.83129	7.97945e-21
654.87265	8.25360e-21
654.91402	8.41518e-21
654.95540	8.31048e-21
654.99677	8.76794e-21
655.03816	8.40212e-21
655.07955	7.92466e-21
655.12094	7.99246e-21
655.16235	7.36219e-21
655.20375	8.02659e-21
655.24516	7.69856e-21
655.28658	8.18989e-21
655.32800	1.01886e-20
655.36943	8.69274e-21
655.41086	7.31376e-21
655.45229	6.97170e-21
655.49374	5.69597e-21
655.53518	5.63225e-21
655.57664	8.50267e-21
655.61810	9.72258e-21
655.65956	8.55580e-21
655.70103	9.88797e-21
655.74250	1.03525e-20
655.78398	1.06996e-20
655.82546	1.07666e-20
655.86695	9.78288e-21
655.90845	1.01502e-20
655.94995	9.12195e-21
655.99145	8.84484e-21
656.03297	8.54844e-21
656.07448	7.62886e-21
656.11600	7.41787e-21
656.15753	6.65349e-21
656.19906	7.37491e-21
656.24060	7.76848e-21
656.28214	7.26819e-21
656.32369	6.43372e-21
656.36524	5.59136e-21
656.40680	5.91573e-21
656.44836	5.69375e-21
656.48993	5.64095e-21
656.53150	5.56781e-21
656.57308	5.58537e-21
656.61467	6.12100e-21
656.65625	6.03254e-21
656.69785	6.70739e-21
656.73945	7.19489e-21
656.78105	7.07229e-21
656.82267	7.39759e-21
656.86428	7.57969e-21
656.90590	8.12237e-21
656.94753	7.96157e-21
656.98916	6.99490e-21
657.03080	6.34687e-21
657.07244	5.94213e-21
657.11409	5.82396e-21
657.15574	5.50848e-21
657.19740	5.36464e-21
657.23906	5.23509e-21
657.28073	5.17672e-21
657.32240	5.30563e-21
657.36408	5.76278e-21
657.40577	6.23604e-21
657.44746	5.91065e-21
657.48915	6.12587e-21
657.53085	5.84064e-21
657.57256	5.79562e-21
657.61427	6.31918e-21
657.65599	6.30832e-21
657.69771	7.05235e-21
657.73943	6.41629e-21
657.78117	5.94361e-21
657.82290	6.23929e-21
657.86465	5.53594e-21
657.90639	5.56966e-21
657.94815	5.85819e-21
657.98991	5.89389e-21
658.03167	5.64766e-21
658.07344	5.76764e-21
658.11521	5.72868e-21
658.15699	5.54818e-21
658.19878	5.62208e-21
658.24057	5.58117e-21
658.28236	6.23438e-21
658.32416	6.08821e-21
658.36597	5.73940e-21
658.40778	5.41948e-21
658.44960	5.61831e-21
658.49142	6.14853e-21
658.53325	5.76507e-21
658.57508	6.53195e-21
658.61692	6.48395e-21
658.65876	6.42662e-21
658.70061	6.58758e-21
658.74247	5.68443e-21
658.78433	5.96164e-21
658.82619	5.85884e-21
658.86806	5.99273e-21
658.90994	6.37859e-21
658.95182	6.49545e-21
658.99370	6.54550e-21
659.03560	6.03804e-21
659.07749	6.70652e-21
659.11939	7.03935e-21
659.16130	6.29885e-21
659.20321	6.45068e-21
659.24513	7.85492e-21
659.28706	7.57440e-21
659.32898	6.13003e-21
659.37092	6.31274e-21
659.41286	6.20867e-21
659.45480	6.04563e-21
659.49675	5.68688e-21
659.53871	6.23801e-21
659.58067	7.50267e-21
659.62263	6.90974e-21
659.66461	7.06652e-21
659.70658	6.96779e-21
659.74856	6.17826e-21
659.79055	6.10007e-21
659.83255	5.52241e-21
659.87454	5.49106e-21
659.91655	5.92260e-21
659.95856	6.16873e-21
660.00057	6.72170e-21
660.04259	7.10324e-21
660.08461	6.37509e-21
660.12664	5.49518e-21
660.16868	5.20013e-21
660.21072	4.82513e-21
660.25277	4.80765e-21
660.29482	4.85501e-21
660.33688	4.51259e-21
660.37894	4.28878e-21
660.42101	4.28775e-21
660.46308	4.10074e-21
660.50516	3.99344e-21
660.54724	4.04250e-21
660.58933	4.20872e-21
660.63142	4.66517e-21
660.67352	4.43679e-21
660.71563	4.22230e-21
660.75774	4.67180e-21
660.79986	4.51473e-21
660.84198	3.97787e-21
660.88410	3.81331e-21
660.92624	3.63181e-21
660.96837	3.73044e-21
661.01052	3.96487e-21
661.05267	3.76983e-21
661.09482	4.72153e-21
661.13698	5.74329e-21
661.17914	4.92281e-21
661.22131	3.93264e-21
661.26349	3.60348e-21
661.30567	3.40526e-21
661.34785	3.26746e-21
661.39004	3.64728e-21
661.43224	3.55663e-21
661.47444	3.15144e-21
661.51665	3.38047e-21
661.55886	3.33756e-21
661.60108	3.23602e-21
661.64331	3.47826e-21
661.68553	3.57757e-21
661.72777	3.39540e-21
661.77001	3.37319e-21
661.81225	3.45580e-21
661.85450	3.50107e-21
661.89676	3.48875e-21
661.93902	3.38379e-21
661.98129	3.50635e-21
662.02356	3.59032e-21
662.06584	3.41747e-21
662.10812	3.26338e-21
662.15041	3.18721e-21
662.19270	3.08995e-21
662.23500	3.07407e-21
662.27731	3.23638e-21
662.31962	2.99827e-21
662.36193	2.74138e-21
662.40425	2.94124e-21
662.44658	3.22912e-21
662.48891	3.00597e-21
662.53125	2.58698e-21
662.57359	2.57232e-21
662.61594	2.85896e-21
662.65829	2.84035e-21
662.70065	2.78746e-21
662.74301	2.93606e-21
662.78538	2.86949e-21
662.82776	3.01740e-21
662.87014	2.96934e-21
662.91252	2.97156e-21
662.95491	3.09821e-21
662.99731	2.97944e-21
663.03971	3.21421e-21
663.08212	3.04872e-21
663.12453	2.87132e-21
663.16695	2.91524e-21
663.20937	2.71812e-21
663.25180	2.80970e-21
663.29424	2.73083e-21
663.33668	2.73020e-21
663.37912	2.90010e-21
663.42157	2.82789e-21
663.46403	2.87057e-21
663.50649	2.87471e-21
663.54896	2.71661e-21
663.59143	2.56742e-21
663.63391	2.63723e-21
663.67639	2.37853e-21
663.71888	2.28956e-21
663.76138	2.57202e-21
663.80388	2.82421e-21
663.84638	2.90455e-21
663.88889	2.80705e-21
663.93141	3.01735e-21
663.97393	3.05334e-21
664.01646	2.94410e-21
664.05899	2.76295e-21
664.10153	2.40759e-21
664.14407	2.65093e-21
664.18662	2.88928e-21
664.22917	2.84504e-21
664.27173	2.89426e-21
664.31430	2.89814e-21
664.35687	2.93818e-21
664.39945	3.26969e-21
664.44203	3.31787e-21
664.48461	3.17633e-21
664.52721	3.49963e-21
664.56980	3.64474e-21
664.61241	4.02977e-21
664.65502	4.82102e-21
664.69763	4.44260e-21
664.74025	3.67884e-21
664.78288	3.84798e-21
664.82551	3.90308e-21
664.86814	4.08091e-21
664.91078	4.65491e-21
664.95343	4.77967e-21
664.99608	4.75012e-21
665.03874	4.80859e-21
665.08141	4.92932e-21
665.12407	4.84533e-21
665.16675	4.56834e-21
665.20943	4.51940e-21
665.25211	4.57276e-21
665.29481	4.58640e-21
665.33750	4.58305e-21
665.38020	4.63794e-21
665.42291	4.46342e-21
665.46562	4.32516e-21
665.50834	4.84121e-21
665.55107	5.14739e-21
665.59379	4.84148e-21
665.63653	4.87911e-21
665.67927	5.20216e-21
665.72202	5.13349e-21
665.76477	4.51645e-21
665.80752	4.40943e-21
665.85029	5.09762e-21
665.89305	5.23403e-21
665.93583	6.01874e-21
665.97861	6.94371e-21
666.02139	6.85380e-21
666.06418	7.54667e-21
666.10697	7.33383e-21
666.14978	6.69812e-21
666.19258	6.70600e-21
666.23539	5.53209e-21
666.27821	5.18093e-21
666.32103	5.86260e-21
666.36386	6.98322e-21
666.40669	7.81770e-21
666.44953	6.99721e-21
666.49238	7.08705e-21
666.53523	7.93197e-21
666.57808	8.13394e-21
