 6.20	9.66e-19
 6.26	9.44e-19
 6.33	9.66e-19
 6.39	9.99e-19
 6.46	1.02e-18
 6.53	1.02e-18
 6.59	1.06e-18
 6.67	1.04e-18
 6.74	1.09e-18
 6.81	1.16e-18
 6.89	1.15e-18
 6.97	1.19e-18
 7.04	1.27e-18
 7.13	1.25e-18
 7.21	1.28e-18
 7.29	1.30e-18
 7.38	1.35e-18
 7.47	1.36e-18
 7.56	1.42e-18
 7.65	1.46e-18
 7.75	1.51e-18
 7.85	1.55e-18
 7.95	1.56e-18
 8.05	1.64e-18
 8.16	1.66e-18
 8.27	1.72e-18
 8.38	1.76e-18
 8.49	1.84e-18
 8.61	1.88e-18
 8.73	1.93e-18
 8.86	2.00e-18
 8.98	2.09e-18
 9.12	2.15e-18
 9.25	2.22e-18
 9.39	2.33e-18
 9.54	2.38e-18
 9.69	2.50e-18
 9.84	2.59e-18
10.00	2.70e-18
10.16	2.79e-18
10.33	2.90e-18
10.51	3.05e-18
10.69	3.18e-18
10.88	3.30e-18
11.07	3.47e-18
11.27	3.61e-18
11.48	3.78e-18
11.70	3.93e-18
11.92	4.12e-18
12.16	4.29e-18
12.40	4.49e-18
12.65	4.70e-18
12.92	4.92e-18
13.19	5.16e-18
13.48	5.40e-18
13.62	5.52e-18
13.78	5.64e-18
13.93	5.77e-18
14.09	5.92e-18
14.25	6.06e-18
14.42	6.20e-18
14.59	6.32e-18
14.76	6.54e-18
14.94	6.68e-18
15.12	6.83e-18
15.31	7.18e-18
15.50	7.22e-18
 16.53	8.25e-18
 17.71	9.27e-18
 19.07	1.06e-17
 20.66	1.22e-17
 22.54	1.43e-17
 24.80	1.70e-17
 25.30	1.77e-17
 25.83	1.84e-17
 26.38	1.89e-17
 26.95	1.95e-17
 27.55	1.98e-17
 28.18	2.02e-17
 28.83	2.05e-17
 29.52	2.10e-17
 30.24	2.15e-17
 31.00	2.22e-17
 31.79	2.31e-17
 32.63	2.40e-17
 33.51	2.48e-17
 34.44	2.53e-17
 35.42	2.58e-17
 36.47	2.64e-17
 37.57	2.70e-17
 38.75	2.79e-17
 39.99	2.85e-17
 41.33	2.94e-17
 42.03	2.98e-17
 42.75	3.02e-17
 43.50	3.04e-17
 44.28	3.08e-17
 45.09	3.15e-17
 45.92	3.18e-17
 46.79	3.23e-17
 47.69	3.31e-17
 48.62	3.40e-17
 49.59	3.48e-17
 50.61	3.60e-17
 51.66	3.75e-17
 52.76	3.89e-17
 53.91	4.00e-17
 55.10	4.12e-17
 56.36	4.18e-17
 57.67	4.19e-17
 59.04	4.15e-17
 60.48	4.09e-17
 61.99	4.00e-17
 63.58	3.81e-17
 65.25	3.64e-17
 67.02	3.64e-17
 68.88	3.43e-17
 70.85	3.31e-17
 72.93	3.01e-17
 75.14	2.59e-17
 77.49	2.47e-17
 79.99	2.46e-17
 82.66	2.60e-17
 85.51	2.50e-17
 88.56	2.17e-17
 91.84	1.90e-17
 95.37	1.81e-17
 99.19	1.79e-17
103.32	1.65e-17
107.81	1.47e-17
112.71	1.25e-17
118.08	1.13e-17
123.98	1.62e-17
130.51	1.59e-17
137.76	1.20e-17
145.86	1.26e-17
154.98	1.25e-17
165.31	1.16e-17
177.12	6.80e-18
185.000	2.60e-19
185.125	2.57e-19
185.250	2.71e-19
185.375	2.46e-19
185.500	2.47e-19
185.625	2.72e-19
185.750	2.39e-19
185.875	2.65e-19
186.000	2.69e-19
186.125	2.76e-19
186.250	2.78e-19
186.375	2.33e-19
186.500	2.40e-19
186.625	2.71e-19
186.750	2.75e-19
186.875	2.47e-19
187.000	2.61e-19
187.125	2.62e-19
187.250	2.77e-19
187.375	2.60e-19
187.500	2.83e-19
187.625	2.72e-19
187.750	2.54e-19
187.875	2.80e-19
188.000	2.87e-19
188.125	2.86e-19
188.250	2.73e-19
188.375	2.73e-19
188.500	2.65e-19
188.625	2.78e-19
188.750	2.81e-19
188.875	2.77e-19
189.000	3.02e-19
189.125	2.91e-19
189.250	3.01e-19
189.375	2.93e-19
189.500	2.89e-19
189.625	2.86e-19
189.750	2.93e-19
189.875	2.90e-19
190.000	2.93e-19
190.125	2.76e-19
190.250	2.74e-19
190.375	2.60e-19
190.500	2.54e-19
190.625	2.74e-19
190.750	2.74e-19
190.875	2.79e-19
191.000	2.84e-19
191.125	2.56e-19
191.250	2.85e-19
191.375	2.83e-19
191.500	2.83e-19
191.625	2.76e-19
191.750	2.89e-19
191.875	2.60e-19
192.000	2.71e-19
192.125	2.65e-19
192.250	2.47e-19
192.375	2.72e-19
192.500	2.63e-19
192.625	2.71e-19
192.750	2.55e-19
192.875	2.51e-19
193.000	2.50e-19
193.125	2.46e-19
193.250	2.37e-19
193.375	2.65e-19
193.500	2.46e-19
193.625	2.45e-19
193.750	2.49e-19
193.875	2.14e-19
194.000	2.47e-19
194.125	2.53e-19
194.250	2.53e-19
194.375	2.48e-19
194.500	2.68e-19
194.625	2.75e-19
194.750	2.68e-19
194.875	2.64e-19
195.000	2.42e-19
195.125	2.38e-19
195.250	2.43e-19
195.375	2.46e-19
195.500	2.16e-19
195.625	2.23e-19
195.750	2.19e-19
195.875	2.25e-19
196.000	2.37e-19
196.125	2.35e-19
196.250	2.40e-19
196.375	2.29e-19
196.500	2.56e-19
196.625	2.57e-19
196.750	2.41e-19
196.875	2.49e-19
197.000	2.40e-19
197.125	2.52e-19
197.250	2.46e-19
197.375	2.40e-19
197.500	2.47e-19
197.625	2.62e-19
197.750	2.49e-19
197.875	2.47e-19
198.000	2.46e-19
198.125	2.66e-19
198.250	2.52e-19
198.375	2.49e-19
198.500	2.55e-19
198.625	2.46e-19
198.750	2.51e-19
198.875	2.35e-19
199.000	2.36e-19
199.125	2.41e-19
199.250	2.44e-19
199.375	2.27e-19
199.500	2.49e-19
199.625	2.28e-19
199.750	2.57e-19
199.875	2.50e-19
200.00	2.519e-19
200.01	2.536e-19
200.02	2.556e-19
200.03	2.558e-19
200.04	2.568e-19
200.05	2.576e-19
200.06	2.576e-19
200.07	2.571e-19
200.08	2.569e-19
200.09	2.587e-19
200.10	2.599e-19
200.11	2.599e-19
200.12	2.622e-19
200.13	2.635e-19
200.14	2.650e-19
200.15	2.664e-19
200.16	2.682e-19
200.17	2.681e-19
200.18	2.698e-19
200.19	2.698e-19
200.20	2.729e-19
200.21	2.728e-19
200.22	2.743e-19
200.23	2.723e-19
200.24	2.718e-19
200.25	2.703e-19
200.26	2.723e-19
200.27	2.734e-19
200.28	2.764e-19
200.29	2.790e-19
200.30	2.798e-19
200.31	2.812e-19
200.32	2.828e-19
200.33	2.841e-19
200.34	2.857e-19
200.35	2.845e-19
200.36	2.854e-19
200.37	2.885e-19
200.38	2.861e-19
200.39	2.857e-19
200.40	2.862e-19
200.41	2.895e-19
200.42	2.893e-19
200.43	2.898e-19
200.44	2.908e-19
200.45	2.939e-19
200.46	2.965e-19
200.47	2.967e-19
200.48	2.980e-19
200.49	2.997e-19
200.50	2.998e-19
200.51	3.029e-19
200.52	3.039e-19
200.53	3.053e-19
200.54	3.043e-19
200.55	3.018e-19
200.56	3.003e-19
200.57	3.026e-19
200.58	3.034e-19
200.59	3.064e-19
200.60	3.081e-19
200.61	3.100e-19
200.62	3.093e-19
200.63	3.112e-19
200.64	3.128e-19
200.65	3.144e-19
200.66	3.156e-19
200.67	3.145e-19
200.68	3.154e-19
200.69	3.185e-19
200.70	3.202e-19
200.71	3.165e-19
200.72	3.129e-19
200.73	3.130e-19
200.74	3.125e-19
200.75	3.132e-19
200.76	3.188e-19
200.77	3.175e-19
200.78	3.184e-19
200.79	3.180e-19
200.80	3.189e-19
200.81	3.241e-19
200.82	3.262e-19
200.83	3.288e-19
200.84	3.289e-19
200.85	3.297e-19
200.86	3.304e-19
200.87	3.320e-19
200.88	3.311e-19
200.89	3.326e-19
200.90	3.332e-19
200.91	3.365e-19
200.92	3.350e-19
200.93	3.363e-19
200.94	3.355e-19
200.95	3.383e-19
200.96	3.424e-19
200.97	3.428e-19
200.98	3.431e-19
200.99	3.434e-19
201.00	3.412e-19
201.01	3.437e-19
201.02	3.408e-19
201.03	3.407e-19
201.04	3.407e-19
201.05	3.390e-19
201.06	3.373e-19
201.07	3.326e-19
201.08	3.305e-19
201.09	3.271e-19
201.10	3.244e-19
201.11	3.216e-19
201.12	3.211e-19
201.13	3.196e-19
201.14	3.199e-19
201.15	3.194e-19
201.16	3.194e-19
201.17	3.200e-19
201.18	3.202e-19
201.19	3.201e-19
201.20	3.221e-19
201.21	3.209e-19
201.22	3.223e-19
201.23	3.227e-19
201.24	3.234e-19
201.25	3.204e-19
201.26	3.187e-19
201.27	3.156e-19
201.28	3.171e-19
201.29	3.128e-19
201.30	3.126e-19
201.31	3.105e-19
201.32	3.116e-19
201.33	3.105e-19
201.34	3.107e-19
201.35	3.090e-19
201.36	3.096e-19
201.37	3.081e-19
201.38	3.102e-19
201.39	3.104e-19
201.40	3.104e-19
201.41	3.140e-19
201.42	3.146e-19
201.43	3.161e-19
201.44	3.161e-19
201.45	3.173e-19
201.46	3.179e-19
201.47	3.202e-19
201.48	3.216e-19
201.49	3.222e-19
201.50	3.215e-19
201.51	3.220e-19
201.52	3.215e-19
201.53	3.188e-19
201.54	3.192e-19
201.55	3.172e-19
201.56	3.171e-19
201.57	3.147e-19
201.58	3.123e-19
201.59	3.112e-19
201.60	3.135e-19
201.61	3.121e-19
201.62	3.091e-19
201.63	3.081e-19
201.64	3.096e-19
201.65	3.115e-19
201.66	3.124e-19
201.67	3.104e-19
201.68	3.117e-19
201.69	3.146e-19
201.70	3.151e-19
201.71	3.148e-19
201.72	3.169e-19
201.73	3.153e-19
201.74	3.146e-19
201.75	3.160e-19
201.76	3.130e-19
201.77	3.137e-19
201.78	3.142e-19
201.79	3.125e-19
201.80	3.124e-19
201.81	3.115e-19
201.82	3.137e-19
201.83	3.136e-19
201.84	3.133e-19
201.85	3.129e-19
201.86	3.121e-19
201.87	3.118e-19
201.88	3.107e-19
201.89	3.097e-19
201.90	3.099e-19
201.91	3.086e-19
201.92	3.074e-19
201.93	3.072e-19
201.94	3.080e-19
201.95	3.082e-19
201.96	3.061e-19
201.97	3.085e-19
201.98	3.086e-19
201.99	3.078e-19
202.00	3.082e-19
202.01	3.082e-19
202.02	3.067e-19
202.03	3.045e-19
202.04	3.038e-19
202.05	3.027e-19
202.06	3.023e-19
202.07	3.011e-19
202.08	2.996e-19
202.09	3.004e-19
202.10	2.990e-19
202.11	2.989e-19
202.12	2.978e-19
202.13	2.972e-19
202.14	2.962e-19
202.15	2.965e-19
202.16	2.963e-19
202.17	2.956e-19
202.18	2.966e-19
202.19	2.927e-19
202.20	2.905e-19
202.21	2.905e-19
202.22	2.899e-19
202.23	2.883e-19
202.24	2.895e-19
202.25	2.887e-19
202.26	2.884e-19
202.27	2.865e-19
202.28	2.856e-19
202.29	2.836e-19
202.30	2.845e-19
202.31	2.856e-19
202.32	2.837e-19
202.33	2.825e-19
202.34	2.840e-19
202.35	2.821e-19
202.36	2.816e-19
202.37	2.832e-19
202.38	2.835e-19
202.39	2.846e-19
202.40	2.856e-19
202.41	2.854e-19
202.42	2.842e-19
202.43	2.846e-19
202.44	2.870e-19
202.45	2.880e-19
202.46	2.891e-19
202.47	2.889e-19
202.48	2.859e-19
202.49	2.853e-19
202.50	2.833e-19
202.51	2.811e-19
202.52	2.790e-19
202.53	2.791e-19
202.54	2.787e-19
202.55	2.788e-19
202.56	2.808e-19
202.57	2.813e-19
202.58	2.850e-19
202.59	2.859e-19
202.60	2.872e-19
202.61	2.891e-19
202.62	2.905e-19
202.63	2.908e-19
202.64	2.889e-19
202.65	2.886e-19
202.66	2.863e-19
202.67	2.845e-19
202.68	2.851e-19
202.69	2.838e-19
202.70	2.846e-19
202.71	2.856e-19
202.72	2.844e-19
202.73	2.848e-19
202.74	2.859e-19
202.75	2.881e-19
202.76	2.875e-19
202.77	2.876e-19
202.78	2.880e-19
202.79	2.861e-19
202.80	2.868e-19
202.81	2.842e-19
202.82	2.832e-19
202.83	2.830e-19
202.84	2.822e-19
202.85	2.809e-19
202.86	2.804e-19
202.87	2.835e-19
202.88	2.827e-19
202.89	2.825e-19
202.90	2.834e-19
202.91	2.830e-19
202.92	2.833e-19
202.93	2.820e-19
202.94	2.829e-19
202.95	2.837e-19
202.96	2.866e-19
202.97	2.890e-19
202.98	2.900e-19
202.99	2.887e-19
203.00	2.871e-19
203.01	2.883e-19
203.02	2.900e-19
203.03	2.902e-19
203.04	2.921e-19
203.05	2.920e-19
203.06	2.933e-19
203.07	2.950e-19
203.08	2.970e-19
203.09	2.974e-19
203.10	3.001e-19
203.11	3.010e-19
203.12	3.033e-19
203.13	3.040e-19
203.14	3.045e-19
203.15	3.069e-19
203.16	3.093e-19
203.17	3.111e-19
203.18	3.113e-19
203.19	3.119e-19
203.20	3.121e-19
203.21	3.139e-19
203.22	3.115e-19
203.23	3.100e-19
203.24	3.104e-19
203.25	3.112e-19
203.26	3.113e-19
203.27	3.136e-19
203.28	3.130e-19
203.29	3.146e-19
203.30	3.162e-19
203.31	3.178e-19
203.32	3.179e-19
203.33	3.177e-19
203.34	3.185e-19
203.35	3.192e-19
203.36	3.216e-19
203.37	3.228e-19
203.38	3.233e-19
203.39	3.251e-19
203.40	3.259e-19
203.41	3.276e-19
203.42	3.287e-19
203.43	3.295e-19
203.44	3.303e-19
203.45	3.312e-19
203.46	3.314e-19
203.47	3.298e-19
203.48	3.289e-19
203.49	3.276e-19
203.50	3.300e-19
203.51	3.329e-19
203.52	3.345e-19
203.53	3.358e-19
203.54	3.365e-19
203.55	3.373e-19
203.56	3.391e-19
203.57	3.404e-19
203.58	3.410e-19
203.59	3.395e-19
203.60	3.391e-19
203.61	3.394e-19
203.62	3.389e-19
203.63	3.389e-19
203.64	3.388e-19
203.65	3.386e-19
203.66	3.380e-19
203.67	3.376e-19
203.68	3.382e-19
203.69	3.388e-19
203.70	3.382e-19
203.71	3.406e-19
203.72	3.414e-19
203.73	3.423e-19
203.74	3.434e-19
203.75	3.443e-19
203.76	3.458e-19
203.77	3.454e-19
203.78	3.449e-19
203.79	3.442e-19
203.80	3.438e-19
203.81	3.442e-19
203.82	3.447e-19
203.83	3.479e-19
203.84	3.498e-19
203.85	3.541e-19
203.86	3.563e-19
203.87	3.564e-19
203.88	3.586e-19
203.89	3.605e-19
203.90	3.621e-19
203.91	3.630e-19
203.92	3.648e-19
203.93	3.653e-19
203.94	3.666e-19
203.95	3.691e-19
203.96	3.695e-19
203.97	3.717e-19
203.98	3.743e-19
203.99	3.759e-19
204.00	3.744e-19
204.01	3.763e-19
204.02	3.768e-19
204.03	3.774e-19
204.04	3.772e-19
204.05	3.786e-19
204.06	3.801e-19
204.07	3.828e-19
204.08	3.823e-19
204.09	3.817e-19
204.10	3.802e-19
204.11	3.811e-19
204.12	3.802e-19
204.13	3.824e-19
204.14	3.838e-19
204.15	3.846e-19
204.16	3.851e-19
204.17	3.873e-19
204.18	3.878e-19
204.19	3.890e-19
204.20	3.900e-19
204.21	3.903e-19
204.22	3.877e-19
204.23	3.883e-19
204.24	3.879e-19
204.25	3.866e-19
204.26	3.871e-19
204.27	3.859e-19
204.28	3.863e-19
204.29	3.878e-19
204.30	3.900e-19
204.31	3.919e-19
204.32	3.931e-19
204.33	3.953e-19
204.34	3.971e-19
204.35	3.980e-19
204.36	3.993e-19
204.37	3.999e-19
204.38	4.010e-19
204.39	4.001e-19
204.40	4.006e-19
204.41	4.002e-19
204.42	3.983e-19
204.43	4.001e-19
204.44	3.993e-19
204.45	3.993e-19
204.46	4.007e-19
204.47	4.012e-19
204.48	4.011e-19
204.49	4.015e-19
204.50	4.002e-19
204.51	4.004e-19
204.52	3.992e-19
204.53	3.997e-19
204.54	3.997e-19
204.55	3.992e-19
204.56	3.978e-19
204.57	3.980e-19
204.58	3.976e-19
204.59	3.985e-19
204.60	3.981e-19
204.61	3.977e-19
204.62	3.970e-19
204.63	3.967e-19
204.64	3.965e-19
204.65	3.968e-19
204.66	3.980e-19
204.67	3.976e-19
204.68	3.972e-19
204.69	3.971e-19
204.70	3.975e-19
204.71	3.967e-19
204.72	3.965e-19
204.73	3.974e-19
204.74	3.963e-19
204.75	3.954e-19
204.76	3.937e-19
204.77	3.930e-19
204.78	3.927e-19
204.79	3.913e-19
204.80	3.919e-19
204.81	3.915e-19
204.82	3.922e-19
204.83	3.941e-19
204.84	3.926e-19
204.85	3.921e-19
204.86	3.915e-19
204.87	3.919e-19
204.88	3.915e-19
204.89	3.917e-19
204.90	3.920e-19
204.91	3.910e-19
204.92	3.917e-19
204.93	3.924e-19
204.94	3.913e-19
204.95	3.914e-19
204.96	3.911e-19
204.97	3.911e-19
204.98	3.897e-19
204.99	3.883e-19
205.00	3.902e-19
205.01	3.905e-19
205.02	3.908e-19
205.03	3.890e-19
205.04	3.893e-19
205.05	3.893e-19
205.06	3.896e-19
205.07	3.914e-19
205.08	3.915e-19
205.09	3.912e-19
205.10	3.909e-19
205.11	3.912e-19
205.12	3.913e-19
205.13	3.913e-19
205.14	3.916e-19
205.15	3.919e-19
205.16	3.915e-19
205.17	3.886e-19
205.18	3.854e-19
205.19	3.837e-19
205.20	3.833e-19
205.21	3.825e-19
205.22	3.816e-19
205.23	3.806e-19
205.24	3.803e-19
205.25	3.795e-19
205.26	3.790e-19
205.27	3.786e-19
205.28	3.781e-19
205.29	3.780e-19
205.30	3.776e-19
205.31	3.769e-19
205.32	3.778e-19
205.33	3.769e-19
205.34	3.765e-19
205.35	3.768e-19
205.36	3.763e-19
205.37	3.778e-19
205.38	3.794e-19
205.39	3.789e-19
205.40	3.776e-19
205.41	3.771e-19
205.42	3.769e-19
205.43	3.757e-19
205.44	3.763e-19
205.45	3.764e-19
205.46	3.758e-19
205.47	3.739e-19
205.48	3.735e-19
205.49	3.730e-19
205.50	3.731e-19
205.51	3.720e-19
205.52	3.710e-19
205.53	3.698e-19
205.54	3.710e-19
205.55	3.707e-19
205.56	3.690e-19
205.57	3.688e-19
205.58	3.685e-19
205.59	3.667e-19
205.60	3.675e-19
205.61	3.671e-19
205.62	3.659e-19
205.63	3.664e-19
205.64	3.655e-19
205.65	3.646e-19
205.66	3.634e-19
205.67	3.637e-19
205.68	3.627e-19
205.69	3.607e-19
205.70	3.595e-19
205.71	3.576e-19
205.72	3.566e-19
205.73	3.570e-19
205.74	3.570e-19
205.75	3.565e-19
205.76	3.575e-19
205.77	3.572e-19
205.78	3.570e-19
205.79	3.566e-19
205.80	3.559e-19
205.81	3.562e-19
205.82	3.578e-19
205.83	3.604e-19
205.84	3.598e-19
205.85	3.610e-19
205.86	3.619e-19
205.87	3.626e-19
205.88	3.627e-19
205.89	3.624e-19
205.90	3.638e-19
205.91	3.641e-19
205.92	3.637e-19
205.93	3.622e-19
205.94	3.612e-19
205.95	3.614e-19
205.96	3.604e-19
205.97	3.600e-19
205.98	3.583e-19
205.99	3.579e-19
206.00	3.585e-19
206.01	3.573e-19
206.02	3.576e-19
206.03	3.570e-19
206.04	3.580e-19
206.05	3.586e-19
206.06	3.605e-19
206.07	3.613e-19
206.08	3.628e-19
206.09	3.630e-19
206.10	3.621e-19
206.11	3.616e-19
206.12	3.617e-19
206.13	3.609e-19
206.14	3.620e-19
206.15	3.624e-19
206.16	3.621e-19
206.17	3.607e-19
206.18	3.606e-19
206.19	3.596e-19
206.20	3.587e-19
206.21	3.582e-19
206.22	3.579e-19
206.23	3.569e-19
206.24	3.571e-19
206.25	3.566e-19
206.26	3.556e-19
206.27	3.548e-19
206.28	3.559e-19
206.29	3.551e-19
206.30	3.552e-19
206.31	3.557e-19
206.32	3.565e-19
206.33	3.567e-19
206.34	3.565e-19
206.35	3.554e-19
206.36	3.543e-19
206.37	3.532e-19
206.38	3.535e-19
206.39	3.532e-19
206.40	3.525e-19
206.41	3.511e-19
206.42	3.514e-19
206.43	3.508e-19
206.44	3.516e-19
206.45	3.498e-19
206.46	3.502e-19
206.47	3.505e-19
206.48	3.508e-19
206.49	3.517e-19
206.50	3.525e-19
206.51	3.524e-19
206.52	3.520e-19
206.53	3.515e-19
206.54	3.522e-19
206.55	3.524e-19
206.56	3.543e-19
206.57	3.541e-19
206.58	3.539e-19
206.59	3.526e-19
206.60	3.516e-19
206.61	3.517e-19
206.62	3.514e-19
206.63	3.516e-19
206.64	3.525e-19
206.65	3.535e-19
206.66	3.530e-19
206.67	3.528e-19
206.68	3.545e-19
206.69	3.546e-19
206.70	3.553e-19
206.71	3.555e-19
206.72	3.556e-19
206.73	3.548e-19
206.74	3.544e-19
206.75	3.544e-19
206.76	3.549e-19
206.77	3.550e-19
206.78	3.569e-19
206.79	3.572e-19
206.80	3.589e-19
206.81	3.595e-19
206.82	3.601e-19
206.83	3.626e-19
206.84	3.635e-19
206.85	3.650e-19
206.86	3.661e-19
206.87	3.672e-19
206.88	3.694e-19
206.89	3.709e-19
206.90	3.714e-19
206.91	3.729e-19
206.92	3.739e-19
206.93	3.742e-19
206.94	3.756e-19
206.95	3.763e-19
206.96	3.765e-19
206.97	3.772e-19
206.98	3.769e-19
206.99	3.771e-19
207.00	3.777e-19
207.01	3.775e-19
207.02	3.776e-19
207.03	3.778e-19
207.04	3.790e-19
207.05	3.792e-19
207.06	3.807e-19
207.07	3.815e-19
207.08	3.820e-19
207.09	3.834e-19
207.10	3.839e-19
207.11	3.835e-19
207.12	3.833e-19
207.13	3.829e-19
207.14	3.834e-19
207.15	3.834e-19
207.16	3.840e-19
207.17	3.848e-19
207.18	3.852e-19
207.19	3.851e-19
207.20	3.839e-19
207.21	3.835e-19
207.22	3.846e-19
207.23	3.851e-19
207.24	3.861e-19
207.25	3.867e-19
207.26	3.872e-19
207.27	3.872e-19
207.28	3.874e-19
207.29	3.874e-19
207.30	3.873e-19
207.31	3.877e-19
207.32	3.877e-19
207.33	3.885e-19
207.34	3.896e-19
207.35	3.895e-19
207.36	3.903e-19
207.37	3.911e-19
207.38	3.913e-19
207.39	3.921e-19
207.40	3.932e-19
207.41	3.948e-19
207.42	3.968e-19
207.43	3.988e-19
207.44	3.991e-19
207.45	4.004e-19
207.46	4.025e-19
207.47	4.020e-19
207.48	4.025e-19
207.49	4.026e-19
207.50	4.032e-19
207.51	4.036e-19
207.52	4.038e-19
207.53	4.027e-19
207.54	4.024e-19
207.55	4.022e-19
207.56	4.030e-19
207.57	4.036e-19
207.58	4.044e-19
207.59	4.048e-19
207.60	4.047e-19
207.61	4.042e-19
207.62	4.044e-19
207.63	4.050e-19
207.64	4.064e-19
207.65	4.068e-19
207.66	4.080e-19
207.67	4.084e-19
207.68	4.089e-19
207.69	4.103e-19
207.70	4.106e-19
207.71	4.113e-19
207.72	4.135e-19
207.73	4.153e-19
207.74	4.173e-19
207.75	4.187e-19
207.76	4.200e-19
207.77	4.215e-19
207.78	4.230e-19
207.79	4.238e-19
207.80	4.253e-19
207.81	4.276e-19
207.82	4.292e-19
207.83	4.310e-19
207.84	4.315e-19
207.85	4.333e-19
207.86	4.359e-19
207.87	4.383e-19
207.88	4.398e-19
207.89	4.408e-19
207.90	4.430e-19
207.91	4.450e-19
207.92	4.463e-19
207.93	4.478e-19
207.94	4.484e-19
207.95	4.500e-19
207.96	4.513e-19
207.97	4.523e-19
207.98	4.542e-19
207.99	4.556e-19
208.00	4.570e-19
208.01	4.584e-19
208.02	4.610e-19
208.03	4.626e-19
208.04	4.632e-19
208.05	4.649e-19
208.06	4.664e-19
208.07	4.686e-19
208.08	4.694e-19
208.09	4.699e-19
208.10	4.706e-19
208.11	4.728e-19
208.12	4.739e-19
208.13	4.738e-19
208.14	4.734e-19
208.15	4.743e-19
208.16	4.748e-19
208.17	4.760e-19
208.18	4.752e-19
208.19	4.764e-19
208.20	4.772e-19
208.21	4.775e-19
208.22	4.774e-19
208.23	4.780e-19
208.24	4.790e-19
208.25	4.798e-19
208.26	4.797e-19
208.27	4.817e-19
208.28	4.820e-19
208.29	4.826e-19
208.30	4.822e-19
208.31	4.827e-19
208.32	4.825e-19
208.33	4.825e-19
208.34	4.837e-19
208.35	4.841e-19
208.36	4.840e-19
208.37	4.837e-19
208.38	4.824e-19
208.39	4.825e-19
208.40	4.819e-19
208.41	4.833e-19
208.42	4.819e-19
208.43	4.819e-19
208.44	4.807e-19
208.45	4.789e-19
208.46	4.771e-19
208.47	4.765e-19
208.48	4.762e-19
208.49	4.754e-19
208.50	4.741e-19
208.51	4.741e-19
208.52	4.728e-19
208.53	4.731e-19
208.54	4.726e-19
208.55	4.722e-19
208.56	4.713e-19
208.57	4.698e-19
208.58	4.691e-19
208.59	4.684e-19
208.60	4.677e-19
208.61	4.678e-19
208.62	4.669e-19
208.63	4.655e-19
208.64	4.645e-19
208.65	4.633e-19
208.66	4.628e-19
208.67	4.624e-19
208.68	4.626e-19
208.69	4.613e-19
208.70	4.613e-19
208.71	4.605e-19
208.72	4.598e-19
208.73	4.591e-19
208.74	4.590e-19
208.75	4.583e-19
208.76	4.583e-19
208.77	4.586e-19
208.78	4.582e-19
208.79	4.581e-19
208.80	4.590e-19
208.81	4.590e-19
208.82	4.601e-19
208.83	4.604e-19
208.84	4.609e-19
208.85	4.611e-19
208.86	4.616e-19
208.87	4.624e-19
208.88	4.632e-19
208.89	4.640e-19
208.90	4.643e-19
208.91	4.637e-19
208.92	4.638e-19
208.93	4.626e-19
208.94	4.618e-19
208.95	4.609e-19
208.96	4.613e-19
208.97	4.616e-19
208.98	4.611e-19
208.99	4.605e-19
209.00	4.596e-19
209.01	4.593e-19
209.02	4.591e-19
209.03	4.584e-19
209.04	4.591e-19
209.05	4.590e-19
209.06	4.580e-19
209.07	4.574e-19
209.08	4.563e-19
209.09	4.573e-19
209.10	4.580e-19
209.11	4.579e-19
209.12	4.568e-19
209.13	4.570e-19
209.14	4.570e-19
209.15	4.563e-19
209.16	4.555e-19
209.17	4.547e-19
209.18	4.531e-19
209.19	4.517e-19
209.20	4.502e-19
209.21	4.483e-19
209.22	4.472e-19
209.23	4.465e-19
209.24	4.443e-19
209.25	4.427e-19
209.26	4.415e-19
209.27	4.419e-19
209.28	4.406e-19
209.29	4.401e-19
209.30	4.388e-19
209.31	4.389e-19
209.32	4.380e-19
209.33	4.383e-19
209.34	4.385e-19
209.35	4.379e-19
209.36	4.379e-19
209.37	4.379e-19
209.38	4.366e-19
209.39	4.374e-19
209.40	4.353e-19
209.41	4.341e-19
209.42	4.328e-19
209.43	4.316e-19
209.44	4.280e-19
209.45	4.257e-19
209.46	4.252e-19
209.47	4.237e-19
209.48	4.204e-19
209.49	4.194e-19
209.50	4.191e-19
209.51	4.192e-19
209.52	4.179e-19
209.53	4.179e-19
209.54	4.178e-19
209.55	4.186e-19
209.56	4.178e-19
209.57	4.182e-19
209.58	4.180e-19
209.59	4.187e-19
209.60	4.186e-19
209.61	4.177e-19
209.62	4.163e-19
209.63	4.163e-19
209.64	4.154e-19
209.65	4.157e-19
209.66	4.152e-19
209.67	4.152e-19
209.68	4.148e-19
209.69	4.133e-19
209.70	4.130e-19
209.71	4.132e-19
209.72	4.133e-19
209.73	4.125e-19
209.74	4.122e-19
209.75	4.123e-19
209.76	4.120e-19
209.77	4.109e-19
209.78	4.112e-19
209.79	4.109e-19
209.80	4.117e-19
209.81	4.126e-19
209.82	4.131e-19
209.83	4.134e-19
209.84	4.136e-19
209.85	4.141e-19
209.86	4.137e-19
209.87	4.136e-19
209.88	4.139e-19
209.89	4.137e-19
209.90	4.140e-19
209.91	4.134e-19
209.92	4.131e-19
209.93	4.122e-19
209.94	4.129e-19
209.95	4.129e-19
209.96	4.129e-19
209.97	4.129e-19
209.98	4.124e-19
209.99	4.113e-19
210.00	4.097e-19
210.01	4.081e-19
210.02	4.076e-19
210.03	4.077e-19
210.04	4.072e-19
210.05	4.058e-19
210.06	4.047e-19
210.07	4.038e-19
210.08	4.026e-19
210.09	4.021e-19
210.10	4.020e-19
210.11	4.017e-19
210.12	4.007e-19
210.13	4.002e-19
210.14	3.997e-19
210.15	3.996e-19
210.16	3.998e-19
210.17	3.996e-19
210.18	3.986e-19
210.19	3.990e-19
210.20	3.982e-19
210.21	3.975e-19
210.22	3.968e-19
210.23	3.973e-19
210.24	3.972e-19
210.25	3.970e-19
210.26	3.968e-19
210.27	3.953e-19
210.28	3.944e-19
210.29	3.939e-19
210.30	3.931e-19
210.31	3.930e-19
210.32	3.930e-19
210.33	3.924e-19
210.34	3.912e-19
210.35	3.908e-19
210.36	3.897e-19
210.37	3.896e-19
210.38	3.898e-19
210.39	3.904e-19
210.40	3.909e-19
210.41	3.913e-19
210.42	3.909e-19
210.43	3.907e-19
210.44	3.903e-19
210.45	3.906e-19
210.46	3.906e-19
210.47	3.914e-19
210.48	3.916e-19
210.49	3.911e-19
210.50	3.902e-19
210.51	3.900e-19
210.52	3.908e-19
210.53	3.910e-19
210.54	3.912e-19
210.55	3.921e-19
210.56	3.928e-19
210.57	3.926e-19
210.58	3.933e-19
210.59	3.937e-19
210.60	3.938e-19
210.61	3.944e-19
210.62	3.946e-19
210.63	3.957e-19
210.64	3.965e-19
210.65	3.976e-19
210.66	3.976e-19
210.67	3.972e-19
210.68	3.975e-19
210.69	3.982e-19
210.70	3.984e-19
210.71	3.988e-19
210.72	3.994e-19
210.73	4.002e-19
210.74	4.002e-19
210.75	4.010e-19
210.76	4.008e-19
210.77	4.004e-19
210.78	4.004e-19
210.79	4.009e-19
210.80	4.015e-19
210.81	4.028e-19
210.82	4.032e-19
210.83	4.026e-19
210.84	4.036e-19
210.85	4.045e-19
210.86	4.053e-19
210.87	4.071e-19
210.88	4.074e-19
210.89	4.085e-19
210.90	4.095e-19
210.91	4.106e-19
210.92	4.107e-19
210.93	4.113e-19
210.94	4.121e-19
210.95	4.123e-19
210.96	4.118e-19
210.97	4.117e-19
210.98	4.116e-19
210.99	4.135e-19
211.00	4.150e-19
211.01	4.153e-19
211.02	4.153e-19
211.03	4.159e-19
211.04	4.165e-19
211.05	4.180e-19
211.06	4.193e-19
211.07	4.203e-19
211.08	4.210e-19
211.09	4.217e-19
211.10	4.219e-19
211.11	4.232e-19
211.12	4.251e-19
211.13	4.270e-19
211.14	4.284e-19
211.15	4.297e-19
211.16	4.312e-19
211.17	4.320e-19
211.18	4.329e-19
211.19	4.340e-19
211.20	4.355e-19
211.21	4.363e-19
211.22	4.377e-19
211.23	4.383e-19
211.24	4.388e-19
211.25	4.401e-19
211.26	4.409e-19
211.27	4.422e-19
211.28	4.431e-19
211.29	4.431e-19
211.30	4.440e-19
211.31	4.447e-19
211.32	4.459e-19
211.33	4.470e-19
211.34	4.483e-19
211.35	4.495e-19
211.36	4.507e-19
211.37	4.515e-19
211.38	4.514e-19
211.39	4.516e-19
211.40	4.525e-19
211.41	4.536e-19
211.42	4.547e-19
211.43	4.568e-19
211.44	4.569e-19
211.45	4.581e-19
211.46	4.598e-19
211.47	4.611e-19
211.48	4.617e-19
211.49	4.632e-19
211.50	4.640e-19
211.51	4.650e-19
211.52	4.668e-19
211.53	4.679e-19
211.54	4.692e-19
211.55	4.710e-19
211.56	4.721e-19
211.57	4.732e-19
211.58	4.753e-19
211.59	4.765e-19
211.60	4.770e-19
211.61	4.773e-19
211.62	4.775e-19
211.63	4.784e-19
211.64	4.787e-19
211.65	4.794e-19
211.66	4.800e-19
211.67	4.806e-19
211.68	4.810e-19
211.69	4.810e-19
211.70	4.818e-19
211.71	4.826e-19
211.72	4.838e-19
211.73	4.852e-19
211.74	4.850e-19
211.75	4.848e-19
211.76	4.848e-19
211.77	4.857e-19
211.78	4.867e-19
211.79	4.866e-19
211.80	4.875e-19
211.81	4.880e-19
211.82	4.888e-19
211.83	4.898e-19
211.84	4.910e-19
211.85	4.919e-19
211.86	4.931e-19
211.87	4.932e-19
211.88	4.940e-19
211.89	4.949e-19
211.90	4.952e-19
211.91	4.943e-19
211.92	4.946e-19
211.93	4.950e-19
211.94	4.949e-19
211.95	4.951e-19
211.96	4.947e-19
211.97	4.940e-19
211.98	4.941e-19
211.99	4.942e-19
212.00	4.940e-19
212.01	4.938e-19
212.02	4.943e-19
212.03	4.950e-19
212.04	4.951e-19
212.05	4.960e-19
212.06	4.970e-19
212.07	4.980e-19
212.08	4.992e-19
212.09	4.996e-19
212.10	4.995e-19
212.11	4.998e-19
212.12	4.994e-19
212.13	4.993e-19
212.14	4.997e-19
212.15	5.001e-19
212.16	5.010e-19
212.17	5.016e-19
212.18	5.014e-19
212.19	5.019e-19
212.20	5.021e-19
212.21	5.026e-19
212.22	5.026e-19
212.23	5.036e-19
212.24	5.045e-19
212.25	5.060e-19
212.26	5.061e-19
212.27	5.061e-19
212.28	5.061e-19
212.29	5.074e-19
212.30	5.087e-19
212.31	5.098e-19
212.32	5.103e-19
212.33	5.118e-19
212.34	5.123e-19
212.35	5.134e-19
212.36	5.139e-19
212.37	5.142e-19
212.38	5.152e-19
212.39	5.164e-19
212.40	5.170e-19
212.41	5.181e-19
212.42	5.193e-19
212.43	5.218e-19
212.44	5.234e-19
212.45	5.239e-19
212.46	5.239e-19
212.47	5.251e-19
212.48	5.257e-19
212.49	5.268e-19
212.50	5.281e-19
212.51	5.288e-19
212.52	5.291e-19
212.53	5.302e-19
212.54	5.313e-19
212.55	5.321e-19
212.56	5.335e-19
212.57	5.335e-19
212.58	5.331e-19
212.59	5.343e-19
212.60	5.353e-19
212.61	5.364e-19
212.62	5.374e-19
212.63	5.385e-19
212.64	5.397e-19
212.65	5.398e-19
212.66	5.403e-19
212.67	5.410e-19
212.68	5.416e-19
212.69	5.421e-19
212.70	5.414e-19
212.71	5.418e-19
212.72	5.425e-19
212.73	5.431e-19
212.74	5.433e-19
212.75	5.430e-19
212.76	5.434e-19
212.77	5.443e-19
212.78	5.438e-19
212.79	5.442e-19
212.80	5.439e-19
212.81	5.436e-19
212.82	5.439e-19
212.83	5.431e-19
212.84	5.420e-19
212.85	5.413e-19
212.86	5.405e-19
212.87	5.407e-19
212.88	5.386e-19
212.89	5.381e-19
212.90	5.364e-19
212.91	5.350e-19
212.92	5.333e-19
212.93	5.316e-19
212.94	5.299e-19
212.95	5.282e-19
212.96	5.279e-19
212.97	5.274e-19
212.98	5.257e-19
212.99	5.252e-19
213.00	5.239e-19
213.01	5.218e-19
213.02	5.200e-19
213.03	5.187e-19
213.04	5.112e-19
213.05	5.103e-19
213.06	5.119e-19
213.07	5.081e-19
213.08	5.037e-19
213.09	5.089e-19
213.10	5.079e-19
213.11	5.073e-19
213.12	5.065e-19
213.13	5.058e-19
213.14	5.062e-19
213.15	5.048e-19
213.16	5.028e-19
213.17	5.013e-19
213.18	5.003e-19
213.19	4.996e-19
213.20	4.987e-19
213.21	4.983e-19
213.22	4.982e-19
213.23	4.974e-19
213.24	4.965e-19
213.25	4.954e-19
213.26	4.956e-19
213.27	4.958e-19
213.28	4.951e-19
213.29	4.934e-19
213.30	4.913e-19
213.31	4.895e-19
213.32	4.886e-19
213.33	4.873e-19
213.34	4.863e-19
213.35	4.849e-19
213.36	4.831e-19
213.37	4.819e-19
213.38	4.809e-19
213.39	4.802e-19
213.40	4.803e-19
213.41	4.807e-19
213.42	4.801e-19
213.43	4.790e-19
213.44	4.787e-19
213.45	4.779e-19
213.46	4.775e-19
213.47	4.770e-19
213.48	4.763e-19
213.49	4.744e-19
213.50	4.737e-19
213.51	4.739e-19
213.52	4.733e-19
213.53	4.736e-19
213.54	4.741e-19
213.55	4.749e-19
213.56	4.761e-19
213.57	4.750e-19
213.58	4.740e-19
213.59	4.737e-19
213.60	4.739e-19
213.61	4.737e-19
213.62	4.736e-19
213.63	4.733e-19
213.64	4.729e-19
213.65	4.711e-19
213.66	4.709e-19
213.67	4.704e-19
213.68	4.710e-19
213.69	4.711e-19
213.70	4.707e-19
213.71	4.696e-19
213.72	4.696e-19
213.73	4.687e-19
213.74	4.663e-19
213.75	4.662e-19
213.76	4.650e-19
213.77	4.640e-19
213.78	4.627e-19
213.79	4.605e-19
213.80	4.587e-19
213.81	4.570e-19
213.82	4.566e-19
213.83	4.558e-19
213.84	4.544e-19
213.85	4.539e-19
213.86	4.532e-19
213.87	4.526e-19
213.88	4.526e-19
213.89	4.521e-19
213.90	4.515e-19
213.91	4.516e-19
213.92	4.508e-19
213.93	4.498e-19
213.94	4.488e-19
213.95	4.499e-19
213.96	4.494e-19
213.97	4.485e-19
213.98	4.469e-19
213.99	4.458e-19
214.00	4.440e-19
214.01	4.422e-19
214.02	4.412e-19
214.03	4.386e-19
214.04	4.380e-19
214.05	4.386e-19
214.06	4.397e-19
214.07	4.360e-19
214.08	4.373e-19
214.09	4.367e-19
214.10	4.347e-19
214.11	4.340e-19
214.12	4.344e-19
214.13	4.347e-19
214.14	4.358e-19
214.15	4.342e-19
214.16	4.328e-19
214.17	4.341e-19
214.18	4.331e-19
214.19	4.315e-19
214.20	4.301e-19
214.21	4.302e-19
214.22	4.298e-19
214.23	4.302e-19
214.24	4.302e-19
214.25	4.300e-19
214.26	4.297e-19
214.27	4.301e-19
214.28	4.299e-19
214.29	4.305e-19
214.30	4.303e-19
214.31	4.314e-19
214.32	4.322e-19
214.33	4.324e-19
214.34	4.315e-19
214.35	4.329e-19
214.36	4.333e-19
214.37	4.322e-19
214.38	4.307e-19
214.39	4.305e-19
214.40	4.319e-19
214.41	4.320e-19
214.42	4.308e-19
214.43	4.309e-19
214.44	4.316e-19
214.45	4.314e-19
214.46	4.312e-19
214.47	4.294e-19
214.48	4.300e-19
214.49	4.301e-19
214.50	4.295e-19
214.51	4.294e-19
214.52	4.284e-19
214.53	4.294e-19
214.54	4.300e-19
214.55	4.303e-19
214.56	4.311e-19
214.57	4.331e-19
214.58	4.321e-19
214.59	4.318e-19
214.60	4.329e-19
214.61	4.333e-19
214.62	4.342e-19
214.63	4.353e-19
214.64	4.342e-19
214.65	4.337e-19
214.66	4.335e-19
214.67	4.327e-19
214.68	4.336e-19
214.69	4.330e-19
214.70	4.328e-19
214.71	4.327e-19
214.72	4.327e-19
214.73	4.329e-19
214.74	4.325e-19
214.75	4.335e-19
214.76	4.347e-19
214.77	4.348e-19
214.78	4.343e-19
214.79	4.334e-19
214.80	4.359e-19
214.81	4.362e-19
214.82	4.354e-19
214.83	4.344e-19
214.84	4.332e-19
214.85	4.312e-19
214.86	4.311e-19
214.87	4.293e-19
214.88	4.287e-19
214.89	4.287e-19
214.90	4.280e-19
214.91	4.271e-19
214.92	4.257e-19
214.93	4.253e-19
214.94	4.249e-19
214.95	4.235e-19
214.96	4.226e-19
214.97	4.209e-19
214.98	4.215e-19
214.99	4.210e-19
215.00	4.217e-19
215.01	4.227e-19
215.02	4.227e-19
215.03	4.231e-19
215.04	4.225e-19
215.05	4.223e-19
215.06	4.222e-19
215.07	4.232e-19
215.08	4.232e-19
215.09	4.219e-19
215.10	4.220e-19
215.11	4.221e-19
215.12	4.242e-19
215.13	4.240e-19
215.14	4.227e-19
215.15	4.222e-19
215.16	4.204e-19
215.17	4.210e-19
215.18	4.225e-19
215.19	4.222e-19
215.20	4.240e-19
215.21	4.242e-19
215.22	4.240e-19
215.23	4.242e-19
215.24	4.247e-19
215.25	4.250e-19
215.26	4.246e-19
215.27	4.256e-19
215.28	4.254e-19
215.29	4.252e-19
215.30	4.257e-19
215.31	4.261e-19
215.32	4.273e-19
215.33	4.296e-19
215.34	4.311e-19
215.35	4.322e-19
215.36	4.343e-19
215.37	4.356e-19
215.38	4.364e-19
215.39	4.372e-19
215.40	4.363e-19
215.41	4.366e-19
215.42	4.372e-19
215.43	4.374e-19
215.44	4.369e-19
215.45	4.388e-19
215.46	4.393e-19
215.47	4.392e-19
215.48	4.421e-19
215.49	4.421e-19
215.50	4.437e-19
215.51	4.453e-19
215.52	4.463e-19
215.53	4.489e-19
215.54	4.495e-19
215.55	4.519e-19
215.56	4.523e-19
215.57	4.537e-19
215.58	4.554e-19
215.59	4.563e-19
215.60	4.582e-19
215.61	4.602e-19
215.62	4.621e-19
215.63	4.644e-19
215.64	4.658e-19
215.65	4.684e-19
215.66	4.691e-19
215.67	4.720e-19
215.68	4.727e-19
215.69	4.740e-19
215.70	4.761e-19
215.71	4.788e-19
215.72	4.797e-19
215.73	4.816e-19
215.74	4.827e-19
215.75	4.841e-19
215.76	4.851e-19
215.77	4.875e-19
215.78	4.872e-19
215.79	4.886e-19
215.80	4.898e-19
215.81	4.912e-19
215.82	4.916e-19
215.83	4.931e-19
215.84	4.948e-19
215.85	4.962e-19
215.86	4.957e-19
215.87	4.954e-19
215.88	4.960e-19
215.89	4.974e-19
215.90	4.995e-19
215.91	5.021e-19
215.92	5.042e-19
215.93	5.070e-19
215.94	5.092e-19
215.95	5.096e-19
215.96	5.101e-19
215.97	5.115e-19
215.98	5.132e-19
215.99	5.144e-19
216.00	5.144e-19
216.01	5.148e-19
216.02	5.150e-19
216.03	5.146e-19
216.04	5.145e-19
216.05	5.152e-19
216.06	5.154e-19
216.07	5.170e-19
216.08	5.179e-19
216.09	5.198e-19
216.10	5.217e-19
216.11	5.230e-19
216.12	5.237e-19
216.13	5.239e-19
216.14	5.254e-19
216.15	5.262e-19
216.16	5.270e-19
216.17	5.281e-19
216.18	5.289e-19
216.19	5.286e-19
216.20	5.282e-19
216.21	5.283e-19
216.22	5.276e-19
216.23	5.284e-19
216.24	5.296e-19
216.25	5.306e-19
216.26	5.310e-19
216.27	5.310e-19
216.28	5.312e-19
216.29	5.319e-19
216.30	5.341e-19
216.31	5.342e-19
216.32	5.342e-19
216.33	5.353e-19
216.34	5.360e-19
216.35	5.353e-19
216.36	5.363e-19
216.37	5.371e-19
216.38	5.373e-19
216.39	5.381e-19
216.40	5.388e-19
216.41	5.384e-19
216.42	5.391e-19
216.43	5.390e-19
216.44	5.380e-19
216.45	5.388e-19
216.46	5.404e-19
216.47	5.400e-19
216.48	5.395e-19
216.49	5.379e-19
216.50	5.379e-19
216.51	5.372e-19
216.52	5.374e-19
216.53	5.364e-19
216.54	5.380e-19
216.55	5.387e-19
216.56	5.403e-19
216.57	5.399e-19
216.58	5.409e-19
216.59	5.412e-19
216.60	5.437e-19
216.61	5.459e-19
216.62	5.479e-19
216.63	5.487e-19
216.64	5.477e-19
216.65	5.498e-19
216.66	5.486e-19
216.67	5.501e-19
216.68	5.499e-19
216.69	5.494e-19
216.70	5.497e-19
216.71	5.498e-19
216.72	5.495e-19
216.73	5.502e-19
216.74	5.505e-19
216.75	5.516e-19
216.76	5.517e-19
216.77	5.539e-19
216.78	5.537e-19
216.79	5.545e-19
216.80	5.550e-19
216.81	5.545e-19
216.82	5.555e-19
216.83	5.568e-19
216.84	5.579e-19
216.85	5.579e-19
216.86	5.584e-19
216.87	5.582e-19
216.88	5.568e-19
216.89	5.581e-19
216.90	5.582e-19
216.91	5.593e-19
216.92	5.582e-19
216.93	5.584e-19
216.94	5.587e-19
216.95	5.597e-19
216.96	5.592e-19
216.97	5.589e-19
216.98	5.594e-19
216.99	5.593e-19
217.00	5.584e-19
217.01	5.583e-19
217.02	5.576e-19
217.03	5.571e-19
217.04	5.564e-19
217.05	5.571e-19
217.06	5.555e-19
217.07	5.550e-19
217.08	5.536e-19
217.09	5.523e-19
217.10	5.501e-19
217.11	5.505e-19
217.12	5.489e-19
217.13	5.494e-19
217.14	5.488e-19
217.15	5.458e-19
217.16	5.447e-19
217.17	5.442e-19
217.18	5.429e-19
217.19	5.420e-19
217.20	5.419e-19
217.21	5.416e-19
217.22	5.405e-19
217.23	5.402e-19
217.24	5.375e-19
217.25	5.359e-19
217.26	5.353e-19
217.27	5.344e-19
217.28	5.329e-19
217.29	5.314e-19
217.30	5.305e-19
217.31	5.297e-19
217.32	5.288e-19
217.33	5.296e-19
217.34	5.300e-19
217.35	5.294e-19
217.36	5.278e-19
217.37	5.283e-19
217.38	5.277e-19
217.39	5.265e-19
217.40	5.266e-19
217.41	5.256e-19
217.42	5.261e-19
217.43	5.255e-19
217.44	5.233e-19
217.45	5.223e-19
217.46	5.210e-19
217.47	5.203e-19
217.48	5.190e-19
217.49	5.178e-19
217.50	5.178e-19
217.51	5.174e-19
217.52	5.174e-19
217.53	5.156e-19
217.54	5.160e-19
217.55	5.156e-19
217.56	5.132e-19
217.57	5.138e-19
217.58	5.134e-19
217.59	5.126e-19
217.60	5.114e-19
217.61	5.121e-19
217.62	5.114e-19
217.63	5.098e-19
217.64	5.091e-19
217.65	5.068e-19
217.66	5.058e-19
217.67	5.061e-19
217.68	5.039e-19
217.69	5.022e-19
217.70	5.024e-19
217.71	5.007e-19
217.72	4.985e-19
217.73	4.974e-19
217.74	4.966e-19
217.75	4.948e-19
217.76	4.940e-19
217.77	4.928e-19
217.78	4.915e-19
217.79	4.909e-19
217.80	4.898e-19
217.81	4.884e-19
217.82	4.888e-19
217.83	4.877e-19
217.84	4.869e-19
217.85	4.847e-19
217.86	4.850e-19
217.87	4.834e-19
217.88	4.823e-19
217.89	4.810e-19
217.90	4.796e-19
217.91	4.776e-19
217.92	4.753e-19
217.93	4.743e-19
217.94	4.739e-19
217.95	4.731e-19
217.96	4.715e-19
217.97	4.688e-19
217.98	4.675e-19
217.99	4.661e-19
218.00	4.641e-19
218.01	4.629e-19
218.02	4.627e-19
218.03	4.626e-19
218.04	4.602e-19
218.05	4.591e-19
218.06	4.574e-19
218.07	4.565e-19
218.08	4.554e-19
218.09	4.556e-19
218.10	4.544e-19
218.11	4.539e-19
218.12	4.522e-19
218.13	4.501e-19
218.14	4.489e-19
218.15	4.494e-19
218.16	4.484e-19
218.17	4.480e-19
218.18	4.482e-19
218.19	4.485e-19
218.20	4.482e-19
218.21	4.479e-19
218.22	4.476e-19
218.23	4.485e-19
218.24	4.492e-19
218.25	4.494e-19
218.26	4.482e-19
218.27	4.488e-19
218.28	4.489e-19
218.29	4.482e-19
218.30	4.483e-19
218.31	4.475e-19
218.32	4.480e-19
218.33	4.481e-19
218.34	4.487e-19
218.35	4.488e-19
218.36	4.480e-19
218.37	4.495e-19
218.38	4.495e-19
218.39	4.487e-19
218.40	4.489e-19
218.41	4.497e-19
218.42	4.492e-19
218.43	4.497e-19
218.44	4.490e-19
218.45	4.494e-19
218.46	4.483e-19
218.47	4.482e-19
218.48	4.488e-19
218.49	4.497e-19
218.50	4.497e-19
218.51	4.502e-19
218.52	4.508e-19
218.53	4.503e-19
218.54	4.497e-19
218.55	4.503e-19
218.56	4.494e-19
218.57	4.505e-19
218.58	4.491e-19
218.59	4.495e-19
218.60	4.485e-19
218.61	4.484e-19
218.62	4.461e-19
218.63	4.449e-19
218.64	4.440e-19
218.65	4.432e-19
218.66	4.421e-19
218.67	4.418e-19
218.68	4.406e-19
218.69	4.399e-19
218.70	4.399e-19
218.71	4.390e-19
218.72	4.383e-19
218.73	4.380e-19
218.74	4.379e-19
218.75	4.371e-19
218.76	4.369e-19
218.77	4.360e-19
218.78	4.350e-19
218.79	4.333e-19
218.80	4.323e-19
218.81	4.316e-19
218.82	4.306e-19
218.83	4.295e-19
218.84	4.295e-19
218.85	4.281e-19
218.86	4.273e-19
218.87	4.257e-19
218.88	4.247e-19
218.89	4.233e-19
218.90	4.224e-19
218.91	4.220e-19
218.92	4.209e-19
218.93	4.207e-19
218.94	4.201e-19
218.95	4.193e-19
218.96	4.185e-19
218.97	4.170e-19
218.98	4.157e-19
218.99	4.150e-19
219.00	4.143e-19
219.01	4.138e-19
219.02	4.132e-19
219.03	4.127e-19
219.04	4.118e-19
219.05	4.097e-19
219.06	4.099e-19
219.07	4.098e-19
219.08	4.099e-19
219.09	4.092e-19
219.10	4.086e-19
219.11	4.083e-19
219.12	4.067e-19
219.13	4.064e-19
219.14	4.058e-19
219.15	4.060e-19
219.16	4.062e-19
219.17	4.065e-19
219.18	4.054e-19
219.19	4.046e-19
219.20	4.048e-19
219.21	4.044e-19
219.22	4.043e-19
219.23	4.045e-19
219.24	4.043e-19
219.25	4.040e-19
219.26	4.036e-19
219.27	4.031e-19
219.28	4.041e-19
219.29	4.050e-19
219.30	4.065e-19
219.31	4.051e-19
219.32	4.047e-19
219.33	4.037e-19
219.34	4.037e-19
219.35	4.035e-19
219.36	4.032e-19
219.37	4.034e-19
219.38	4.033e-19
219.39	4.029e-19
219.40	4.029e-19
219.41	4.022e-19
219.42	4.029e-19
219.43	4.020e-19
219.44	4.020e-19
219.45	4.010e-19
219.46	4.013e-19
219.47	4.016e-19
219.48	4.021e-19
219.49	4.024e-19
219.50	4.025e-19
219.51	4.023e-19
219.52	4.018e-19
219.53	4.011e-19
219.54	4.013e-19
219.55	4.004e-19
219.56	4.003e-19
219.57	4.002e-19
219.58	3.994e-19
219.59	3.988e-19
219.60	3.977e-19
219.61	3.969e-19
219.62	3.962e-19
219.63	3.958e-19
219.64	3.959e-19
219.65	3.965e-19
219.66	3.971e-19
219.67	3.963e-19
219.68	3.968e-19
219.69	3.972e-19
219.70	3.981e-19
219.71	3.993e-19
219.72	4.000e-19
219.73	4.000e-19
219.74	4.007e-19
219.75	4.011e-19
219.76	4.023e-19
219.77	4.037e-19
219.78	4.041e-19
219.79	4.048e-19
219.80	4.058e-19
219.81	4.071e-19
219.82	4.064e-19
219.83	4.079e-19
219.84	4.090e-19
219.85	4.092e-19
219.86	4.100e-19
219.87	4.103e-19
219.88	4.107e-19
219.89	4.120e-19
219.90	4.128e-19
219.91	4.142e-19
219.92	4.147e-19
219.93	4.160e-19
219.94	4.163e-19
219.95	4.164e-19
219.96	4.165e-19
219.97	4.165e-19
219.98	4.173e-19
219.99	4.179e-19
220.00	4.181e-19
220.01	4.183e-19
220.02	4.200e-19
220.03	4.205e-19
220.04	4.212e-19
220.05	4.219e-19
220.06	4.223e-19
220.07	4.235e-19
220.08	4.244e-19
220.09	4.253e-19
220.10	4.259e-19
220.11	4.254e-19
220.12	4.259e-19
220.13	4.269e-19
220.14	4.276e-19
220.15	4.285e-19
220.16	4.303e-19
220.17	4.313e-19
220.18	4.335e-19
220.19	4.337e-19
220.20	4.336e-19
220.21	4.334e-19
220.22	4.354e-19
220.23	4.370e-19
220.24	4.373e-19
220.25	4.392e-19
220.26	4.404e-19
220.27	4.413e-19
220.28	4.424e-19
220.29	4.438e-19
220.30	4.454e-19
220.31	4.471e-19
220.32	4.484e-19
220.33	4.497e-19
220.34	4.504e-19
220.35	4.516e-19
220.36	4.531e-19
220.37	4.536e-19
220.38	4.544e-19
220.39	4.563e-19
220.40	4.589e-19
220.41	4.615e-19
220.42	4.633e-19
220.43	4.661e-19
220.44	4.679e-19
220.45	4.690e-19
220.46	4.707e-19
220.47	4.725e-19
220.48	4.754e-19
220.49	4.780e-19
220.50	4.801e-19
220.51	4.803e-19
220.52	4.808e-19
220.53	4.815e-19
220.54	4.824e-19
220.55	4.848e-19
220.56	4.866e-19
220.57	4.882e-19
220.58	4.893e-19
220.59	4.906e-19
220.60	4.909e-19
220.61	4.928e-19
220.62	4.937e-19
220.63	4.953e-19
220.64	4.972e-19
220.65	4.991e-19
220.66	5.000e-19
220.67	5.018e-19
220.68	5.039e-19
220.69	5.057e-19
220.70	5.084e-19
220.71	5.098e-19
220.72	5.110e-19
220.73	5.123e-19
220.74	5.134e-19
220.75	5.133e-19
220.76	5.134e-19
220.77	5.144e-19
220.78	5.159e-19
220.79	5.169e-19
220.80	5.186e-19
220.81	5.198e-19
220.82	5.202e-19
220.83	5.212e-19
220.84	5.211e-19
220.85	5.208e-19
220.86	5.215e-19
220.87	5.234e-19
220.88	5.246e-19
220.89	5.250e-19
220.90	5.262e-19
220.91	5.258e-19
220.92	5.257e-19
220.93	5.261e-19
220.94	5.260e-19
220.95	5.272e-19
220.96	5.280e-19
220.97	5.286e-19
220.98	5.287e-19
220.99	5.291e-19
221.00	5.287e-19
221.01	5.291e-19
221.02	5.295e-19
221.03	5.301e-19
221.04	5.307e-19
221.05	5.317e-19
221.06	5.306e-19
221.07	5.307e-19
221.08	5.315e-19
221.09	5.323e-19
221.10	5.326e-19
221.11	5.326e-19
221.12	5.331e-19
221.13	5.334e-19
221.14	5.328e-19
221.15	5.333e-19
221.16	5.337e-19
221.17	5.343e-19
221.18	5.350e-19
221.19	5.358e-19
221.20	5.354e-19
221.21	5.357e-19
221.22	5.342e-19
221.23	5.336e-19
221.24	5.341e-19
221.25	5.346e-19
221.26	5.347e-19
221.27	5.340e-19
221.28	5.332e-19
221.29	5.331e-19
221.30	5.318e-19
221.31	5.322e-19
221.32	5.317e-19
221.33	5.309e-19
221.34	5.306e-19
221.35	5.297e-19
221.36	5.280e-19
221.37	5.266e-19
221.38	5.272e-19
221.39	5.266e-19
221.40	5.261e-19
221.41	5.269e-19
221.42	5.262e-19
221.43	5.260e-19
221.44	5.265e-19
221.45	5.264e-19
221.46	5.271e-19
221.47	5.279e-19
221.48	5.282e-19
221.49	5.279e-19
221.50	5.275e-19
221.51	5.272e-19
221.52	5.268e-19
221.53	5.263e-19
221.54	5.267e-19
221.55	5.270e-19
221.56	5.264e-19
221.57	5.260e-19
221.58	5.260e-19
221.59	5.261e-19
221.60	5.257e-19
221.61	5.253e-19
221.62	5.263e-19
221.63	5.266e-19
221.64	5.261e-19
221.65	5.264e-19
221.66	5.267e-19
221.67	5.267e-19
221.68	5.261e-19
221.69	5.255e-19
221.70	5.250e-19
221.71	5.246e-19
221.72	5.238e-19
221.73	5.230e-19
221.74	5.229e-19
221.75	5.236e-19
221.76	5.229e-19
221.77	5.218e-19
221.78	5.220e-19
221.79	5.219e-19
221.80	5.221e-19
221.81	5.227e-19
221.82	5.228e-19
221.83	5.222e-19
221.84	5.219e-19
221.85	5.212e-19
221.86	5.197e-19
221.87	5.185e-19
221.88	5.181e-19
221.89	5.175e-19
221.90	5.178e-19
221.91	5.178e-19
221.92	5.166e-19
221.93	5.157e-19
221.94	5.160e-19
221.95	5.153e-19
221.96	5.137e-19
221.97	5.132e-19
221.98	5.113e-19
221.99	5.095e-19
222.00	5.080e-19
222.01	5.056e-19
222.02	5.052e-19
222.03	5.044e-19
222.04	5.028e-19
222.05	5.014e-19
222.06	5.007e-19
222.07	4.999e-19
222.08	4.989e-19
222.09	4.992e-19
222.10	4.982e-19
222.11	4.972e-19
222.12	4.976e-19
222.13	4.966e-19
222.14	4.943e-19
222.15	4.925e-19
222.16	4.912e-19
222.17	4.893e-19
222.18	4.875e-19
222.19	4.852e-19
222.20	4.836e-19
222.21	4.818e-19
222.22	4.803e-19
222.23	4.794e-19
222.24	4.775e-19
222.25	4.754e-19
222.26	4.745e-19
222.27	4.730e-19
222.28	4.718e-19
222.29	4.705e-19
222.30	4.687e-19
222.31	4.674e-19
222.32	4.657e-19
222.33	4.640e-19
222.34	4.630e-19
222.35	4.615e-19
222.36	4.605e-19
222.37	4.590e-19
222.38	4.582e-19
222.39	4.576e-19
222.40	4.561e-19
222.41	4.556e-19
222.42	4.553e-19
222.43	4.538e-19
222.44	4.531e-19
222.45	4.518e-19
222.46	4.511e-19
222.47	4.494e-19
222.48	4.484e-19
222.49	4.478e-19
222.50	4.457e-19
222.51	4.448e-19
222.52	4.437e-19
222.53	4.420e-19
222.54	4.415e-19
222.55	4.398e-19
222.56	4.394e-19
222.57	4.389e-19
222.58	4.390e-19
222.59	4.380e-19
222.60	4.377e-19
222.61	4.377e-19
222.62	4.376e-19
222.63	4.364e-19
222.64	4.361e-19
222.65	4.349e-19
222.66	4.340e-19
222.67	4.321e-19
222.68	4.314e-19
222.69	4.310e-19
222.70	4.297e-19
222.71	4.288e-19
222.72	4.275e-19
222.73	4.265e-19
222.74	4.243e-19
222.75	4.215e-19
222.76	4.195e-19
222.77	4.174e-19
222.78	4.161e-19
222.79	4.147e-19
222.80	4.133e-19
222.81	4.111e-19
222.82	4.102e-19
222.83	4.090e-19
222.84	4.083e-19
222.85	4.080e-19
222.86	4.069e-19
222.87	4.048e-19
222.88	4.023e-19
222.89	4.011e-19
222.90	4.003e-19
222.91	3.982e-19
222.92	3.974e-19
222.93	3.962e-19
222.94	3.961e-19
222.95	3.953e-19
222.96	3.951e-19
222.97	3.944e-19
222.98	3.941e-19
222.99	3.937e-19
223.00	3.932e-19
223.01	3.921e-19
223.02	3.908e-19
223.03	3.891e-19
223.04	3.867e-19
223.05	3.848e-19
223.06	3.835e-19
223.07	3.817e-19
223.08	3.803e-19
223.09	3.789e-19
223.10	3.782e-19
223.11	3.767e-19
223.12	3.769e-19
223.13	3.765e-19
223.14	3.756e-19
223.15	3.758e-19
223.16	3.750e-19
223.17	3.738e-19
223.18	3.727e-19
223.19	3.720e-19
223.20	3.712e-19
223.21	3.703e-19
223.22	3.698e-19
223.23	3.684e-19
223.24	3.678e-19
223.25	3.679e-19
223.26	3.673e-19
223.27	3.664e-19
223.28	3.654e-19
223.29	3.643e-19
223.30	3.631e-19
223.31	3.636e-19
223.32	3.623e-19
223.33	3.619e-19
223.34	3.618e-19
223.35	3.609e-19
223.36	3.607e-19
223.37	3.613e-19
223.38	3.604e-19
223.39	3.604e-19
223.40	3.612e-19
223.41	3.608e-19
223.42	3.607e-19
223.43	3.610e-19
223.44	3.619e-19
223.45	3.605e-19
223.46	3.602e-19
223.47	3.591e-19
223.48	3.589e-19
223.49	3.583e-19
223.50	3.582e-19
223.51	3.570e-19
223.52	3.576e-19
223.53	3.582e-19
223.54	3.585e-19
223.55	3.587e-19
223.56	3.598e-19
223.57	3.606e-19
223.58	3.614e-19
223.59	3.615e-19
223.60	3.616e-19
223.61	3.612e-19
223.62	3.612e-19
223.63	3.612e-19
223.64	3.607e-19
223.65	3.605e-19
223.66	3.605e-19
223.67	3.603e-19
223.68	3.604e-19
223.69	3.605e-19
223.70	3.612e-19
223.71	3.625e-19
223.72	3.617e-19
223.73	3.620e-19
223.74	3.621e-19
223.75	3.624e-19
223.76	3.624e-19
223.77	3.630e-19
223.78	3.638e-19
223.79	3.643e-19
223.80	3.648e-19
223.81	3.647e-19
223.82	3.649e-19
223.83	3.659e-19
223.84	3.674e-19
223.85	3.676e-19
223.86	3.681e-19
223.87	3.675e-19
223.88	3.663e-19
223.89	3.665e-19
223.90	3.672e-19
223.91	3.675e-19
223.92	3.677e-19
223.93	3.681e-19
223.94	3.680e-19
223.95	3.683e-19
223.96	3.691e-19
223.97	3.699e-19
223.98	3.713e-19
223.99	3.728e-19
224.00	3.729e-19
224.01	3.730e-19
224.02	3.724e-19
224.03	3.722e-19
224.04	3.726e-19
224.05	3.727e-19
224.06	3.729e-19
224.07	3.731e-19
224.08	3.731e-19
224.09	3.722e-19
224.10	3.720e-19
224.11	3.719e-19
224.12	3.717e-19
224.13	3.717e-19
224.14	3.719e-19
224.15	3.712e-19
224.16	3.707e-19
224.17	3.702e-19
224.18	3.702e-19
224.19	3.691e-19
224.20	3.684e-19
224.21	3.686e-19
224.22	3.691e-19
224.23	3.695e-19
224.24	3.693e-19
224.25	3.689e-19
224.26	3.695e-19
224.27	3.692e-19
224.28	3.689e-19
224.29	3.693e-19
224.30	3.687e-19
224.31	3.684e-19
224.32	3.687e-19
224.33	3.690e-19
224.34	3.690e-19
224.35	3.689e-19
224.36	3.690e-19
224.37	3.685e-19
224.38	3.681e-19
224.39	3.666e-19
224.40	3.654e-19
224.41	3.663e-19
224.42	3.654e-19
224.43	3.635e-19
224.44	3.628e-19
224.45	3.619e-19
224.46	3.616e-19
224.47	3.611e-19
224.48	3.606e-19
224.49	3.602e-19
224.50	3.601e-19
224.51	3.599e-19
224.52	3.585e-19
224.53	3.581e-19
224.54	3.577e-19
224.55	3.576e-19
224.56	3.573e-19
224.57	3.563e-19
224.58	3.555e-19
224.59	3.549e-19
224.60	3.537e-19
224.61	3.524e-19
224.62	3.522e-19
224.63	3.511e-19
224.64	3.497e-19
224.65	3.502e-19
224.66	3.487e-19
224.67	3.481e-19
224.68	3.483e-19
224.69	3.474e-19
224.70	3.456e-19
224.71	3.453e-19
224.72	3.455e-19
224.73	3.444e-19
224.74	3.436e-19
224.75	3.428e-19
224.76	3.414e-19
224.77	3.418e-19
224.78	3.412e-19
224.79	3.404e-19
224.80	3.406e-19
224.81	3.413e-19
224.82	3.414e-19
224.83	3.412e-19
224.84	3.411e-19
224.85	3.415e-19
224.86	3.424e-19
224.87	3.432e-19
224.88	3.438e-19
224.89	3.431e-19
224.90	3.430e-19
224.91	3.426e-19
224.92	3.425e-19
224.93	3.416e-19
224.94	3.411e-19
224.95	3.408e-19
224.96	3.404e-19
224.97	3.400e-19
224.98	3.386e-19
224.99	3.376e-19
225.00	3.377e-19
225.01	3.383e-19
225.02	3.395e-19
225.03	3.407e-19
225.04	3.385e-19
225.05	3.387e-19
225.06	3.367e-19
225.07	3.376e-19
225.08	3.381e-19
225.09	3.380e-19
225.10	3.382e-19
225.11	3.388e-19
225.12	3.390e-19
225.13	3.392e-19
225.14	3.395e-19
225.15	3.397e-19
225.16	3.400e-19
225.17	3.397e-19
225.18	3.393e-19
225.19	3.396e-19
225.20	3.395e-19
225.21	3.397e-19
225.22	3.395e-19
225.23	3.403e-19
225.24	3.408e-19
225.25	3.413e-19
225.26	3.420e-19
225.27	3.425e-19
225.28	3.441e-19
225.29	3.453e-19
225.30	3.469e-19
225.31	3.479e-19
225.32	3.491e-19
225.33	3.510e-19
225.34	3.519e-19
225.35	3.530e-19
225.36	3.550e-19
225.37	3.564e-19
225.38	3.579e-19
225.39	3.593e-19
225.40	3.609e-19
225.41	3.620e-19
225.42	3.633e-19
225.43	3.652e-19
225.44	3.667e-19
225.45	3.681e-19
225.46	3.694e-19
225.47	3.707e-19
225.48	3.727e-19
225.49	3.748e-19
225.50	3.766e-19
225.51	3.781e-19
225.52	3.794e-19
225.53	3.808e-19
225.54	3.817e-19
225.55	3.834e-19
225.56	3.850e-19
225.57	3.861e-19
225.58	3.877e-19
225.59	3.889e-19
225.60	3.902e-19
225.61	3.922e-19
225.62	3.937e-19
225.63	3.958e-19
225.64	3.983e-19
225.65	4.000e-19
225.66	4.018e-19
225.67	4.041e-19
225.68	4.058e-19
225.69	4.075e-19
225.70	4.094e-19
225.71	4.110e-19
225.72	4.124e-19
225.73	4.141e-19
225.74	4.162e-19
225.75	4.181e-19
225.76	4.206e-19
225.77	4.226e-19
225.78	4.250e-19
225.79	4.272e-19
225.80	4.293e-19
225.81	4.321e-19
225.82	4.347e-19
225.83	4.374e-19
225.84	4.398e-19
225.85	4.427e-19
225.86	4.455e-19
225.87	4.480e-19
225.88	4.505e-19
225.89	4.531e-19
225.90	4.557e-19
225.91	4.577e-19
225.92	4.601e-19
225.93	4.626e-19
225.94	4.645e-19
225.95	4.666e-19
225.96	4.694e-19
225.97	4.717e-19
225.98	4.738e-19
225.99	4.759e-19
226.00	4.783e-19
226.01	4.805e-19
226.02	4.826e-19
226.03	4.845e-19
226.04	4.865e-19
226.05	4.885e-19
226.06	4.893e-19
226.07	4.907e-19
226.08	4.920e-19
226.09	4.935e-19
226.10	4.955e-19
226.11	4.969e-19
226.12	4.973e-19
226.13	4.984e-19
226.14	4.990e-19
226.15	4.998e-19
226.16	5.006e-19
226.17	5.016e-19
226.18	5.020e-19
226.19	5.021e-19
226.20	5.022e-19
226.21	5.014e-19
226.22	5.007e-19
226.23	5.013e-19
226.24	5.008e-19
226.25	5.008e-19
226.26	5.007e-19
226.27	5.001e-19
226.28	4.993e-19
226.29	4.986e-19
226.30	4.983e-19
226.31	4.985e-19
226.32	4.977e-19
226.33	4.968e-19
226.34	4.960e-19
226.35	4.953e-19
226.36	4.938e-19
226.37	4.927e-19
226.38	4.922e-19
226.39	4.909e-19
226.40	4.898e-19
226.41	4.890e-19
226.42	4.880e-19
226.43	4.875e-19
226.44	4.862e-19
226.45	4.852e-19
226.46	4.839e-19
226.47	4.829e-19
226.48	4.818e-19
226.49	4.808e-19
226.50	4.796e-19
226.51	4.767e-19
226.52	4.772e-19
226.53	4.782e-19
226.54	4.783e-19
226.55	4.762e-19
226.56	4.750e-19
226.57	4.738e-19
226.58	4.728e-19
226.59	4.707e-19
226.60	4.689e-19
226.61	4.676e-19
226.62	4.664e-19
226.63	4.648e-19
226.64	4.628e-19
226.65	4.605e-19
226.66	4.596e-19
226.67	4.572e-19
226.68	4.554e-19
226.69	4.539e-19
226.70	4.514e-19
226.71	4.492e-19
226.72	4.468e-19
226.73	4.445e-19
226.74	4.425e-19
226.75	4.403e-19
226.76	4.381e-19
226.77	4.351e-19
226.78	4.327e-19
226.79	4.299e-19
226.80	4.271e-19
226.81	4.247e-19
226.82	4.230e-19
226.83	4.205e-19
226.84	4.174e-19
226.85	4.146e-19
226.86	4.118e-19
226.87	4.087e-19
226.88	4.065e-19
226.89	4.039e-19
226.90	4.019e-19
226.91	3.991e-19
226.92	3.971e-19
226.93	3.949e-19
226.94	3.926e-19
226.95	3.901e-19
226.96	3.873e-19
226.97	3.857e-19
226.98	3.837e-19
226.99	3.823e-19
227.00	3.800e-19
227.01	3.775e-19
227.02	3.757e-19
227.03	3.742e-19
227.04	3.719e-19
227.05	3.700e-19
227.06	3.679e-19
227.07	3.661e-19
227.08	3.639e-19
227.09	3.619e-19
227.10	3.603e-19
227.11	3.583e-19
227.12	3.563e-19
227.13	3.542e-19
227.14	3.525e-19
227.15	3.510e-19
227.16	3.498e-19
227.17	3.476e-19
227.18	3.458e-19
227.19	3.441e-19
227.20	3.430e-19
227.21	3.409e-19
227.22	3.399e-19
227.23	3.389e-19
227.24	3.375e-19
227.25	3.363e-19
227.26	3.352e-19
227.27	3.341e-19
227.28	3.329e-19
227.29	3.314e-19
227.30	3.295e-19
227.31	3.280e-19
227.32	3.266e-19
227.33	3.243e-19
227.34	3.224e-19
227.35	3.206e-19
227.36	3.184e-19
227.37	3.174e-19
227.38	3.155e-19
227.39	3.140e-19
227.40	3.122e-19
227.41	3.112e-19
227.42	3.095e-19
227.43	3.082e-19
227.44	3.068e-19
227.45	3.059e-19
227.46	3.050e-19
227.47	3.036e-19
227.48	3.015e-19
227.49	3.002e-19
227.50	2.997e-19
227.51	2.992e-19
227.52	2.979e-19
227.53	2.971e-19
227.54	2.958e-19
227.55	2.951e-19
227.56	2.943e-19
227.57	2.935e-19
227.58	2.928e-19
227.59	2.921e-19
227.60	2.919e-19
227.61	2.910e-19
227.62	2.907e-19
227.63	2.907e-19
227.64	2.905e-19
227.65	2.903e-19
227.66	2.900e-19
227.67	2.896e-19
227.68	2.891e-19
227.69	2.890e-19
227.70	2.884e-19
227.71	2.879e-19
227.72	2.876e-19
227.73	2.879e-19
227.74	2.884e-19
227.75	2.890e-19
227.76	2.893e-19
227.77	2.899e-19
227.78	2.900e-19
227.79	2.905e-19
227.80	2.906e-19
227.81	2.910e-19
227.82	2.913e-19
227.83	2.918e-19
227.84	2.919e-19
227.85	2.924e-19
227.86	2.932e-19
227.87	2.938e-19
227.88	2.944e-19
227.89	2.942e-19
227.90	2.947e-19
227.91	2.947e-19
227.92	2.956e-19
227.93	2.963e-19
227.94	2.968e-19
227.95	2.971e-19
227.96	2.974e-19
227.97	2.976e-19
227.98	2.974e-19
227.99	2.978e-19
228.00	2.987e-19
228.01	2.992e-19
228.02	2.997e-19
228.03	2.998e-19
228.04	3.001e-19
228.05	2.995e-19
228.06	2.993e-19
228.07	2.995e-19
228.08	3.000e-19
228.09	3.005e-19
228.10	2.999e-19
228.11	3.001e-19
228.12	3.001e-19
228.13	3.003e-19
228.14	3.006e-19
228.15	3.011e-19
228.16	3.009e-19
228.17	3.016e-19
228.18	3.014e-19
228.19	3.013e-19
228.20	3.009e-19
228.21	3.014e-19
228.22	3.013e-19
228.23	3.013e-19
228.24	3.012e-19
228.25	3.013e-19
228.26	3.006e-19
228.27	3.004e-19
228.28	3.003e-19
228.29	3.001e-19
228.30	3.001e-19
228.31	2.996e-19
228.32	2.996e-19
228.33	2.995e-19
228.34	2.989e-19
228.35	2.987e-19
228.36	2.980e-19
228.37	2.981e-19
228.38	2.982e-19
228.39	2.978e-19
228.40	2.979e-19
228.41	2.977e-19
228.42	2.974e-19
228.43	2.974e-19
228.44	2.969e-19
228.45	2.966e-19
228.46	2.959e-19
228.47	2.953e-19
228.48	2.953e-19
228.49	2.951e-19
228.50	2.949e-19
228.51	2.948e-19
228.52	2.942e-19
228.53	2.937e-19
228.54	2.929e-19
228.55	2.919e-19
228.56	2.918e-19
228.57	2.917e-19
228.58	2.917e-19
228.59	2.911e-19
228.60	2.907e-19
228.61	2.903e-19
228.62	2.895e-19
228.63	2.888e-19
228.64	2.886e-19
228.65	2.876e-19
228.66	2.871e-19
228.67	2.861e-19
228.68	2.850e-19
228.69	2.844e-19
228.70	2.838e-19
228.71	2.834e-19
228.72	2.823e-19
228.73	2.816e-19
228.74	2.808e-19
228.75	2.802e-19
228.76	2.790e-19
228.77	2.779e-19
228.78	2.769e-19
228.79	2.759e-19
228.80	2.750e-19
228.81	2.740e-19
228.82	2.727e-19
228.83	2.714e-19
228.84	2.710e-19
228.85	2.699e-19
228.86	2.687e-19
228.87	2.680e-19
228.88	2.676e-19
228.89	2.666e-19
228.90	2.657e-19
228.91	2.642e-19
228.92	2.633e-19
228.93	2.624e-19
228.94	2.619e-19
228.95	2.605e-19
228.96	2.596e-19
228.97	2.590e-19
228.98	2.579e-19
228.99	2.569e-19
229.00	2.561e-19
229.01	2.553e-19
229.02	2.545e-19
229.03	2.535e-19
229.04	2.524e-19
229.05	2.511e-19
229.06	2.498e-19
229.07	2.490e-19
229.08	2.480e-19
229.09	2.471e-19
229.10	2.466e-19
229.11	2.454e-19
229.12	2.444e-19
229.13	2.433e-19
229.14	2.422e-19
229.15	2.417e-19
229.16	2.414e-19
229.17	2.405e-19
229.18	2.399e-19
229.19	2.389e-19
229.20	2.383e-19
229.21	2.374e-19
229.22	2.364e-19
229.23	2.358e-19
229.24	2.351e-19
229.25	2.340e-19
229.26	2.329e-19
229.27	2.317e-19
229.28	2.312e-19
229.29	2.305e-19
229.30	2.298e-19
229.31	2.288e-19
229.32	2.278e-19
229.33	2.271e-19
229.34	2.262e-19
229.35	2.253e-19
229.36	2.252e-19
229.37	2.246e-19
229.38	2.241e-19
229.39	2.234e-19
229.40	2.231e-19
229.41	2.225e-19
229.42	2.223e-19
229.43	2.219e-19
229.44	2.211e-19
229.45	2.206e-19
229.46	2.202e-19
229.47	2.196e-19
229.48	2.190e-19
229.49	2.188e-19
229.50	2.187e-19
229.51	2.175e-19
229.52	2.171e-19
229.53	2.168e-19
229.54	2.168e-19
229.55	2.165e-19
229.56	2.166e-19
229.57	2.163e-19
229.58	2.159e-19
229.59	2.160e-19
229.60	2.157e-19
229.61	2.158e-19
229.62	2.160e-19
229.63	2.157e-19
229.64	2.157e-19
229.65	2.163e-19
229.66	2.166e-19
229.67	2.166e-19
229.68	2.169e-19
229.69	2.173e-19
229.70	2.181e-19
229.71	2.187e-19
229.72	2.193e-19
229.73	2.199e-19
229.74	2.207e-19
229.75	2.210e-19
229.76	2.212e-19
229.77	2.222e-19
229.78	2.230e-19
229.79	2.238e-19
229.80	2.245e-19
229.81	2.253e-19
229.82	2.260e-19
229.83	2.260e-19
229.84	2.272e-19
229.85	2.280e-19
229.86	2.286e-19
229.87	2.295e-19
229.88	2.305e-19
229.89	2.314e-19
229.90	2.321e-19
229.91	2.329e-19
229.92	2.338e-19
229.93	2.346e-19
229.94	2.363e-19
229.95	2.370e-19
229.96	2.384e-19
229.97	2.399e-19
229.98	2.411e-19
229.99	2.421e-19
230.00	2.436e-19
230.01	2.446e-19
230.02	2.454e-19
230.03	2.466e-19
230.04	2.478e-19
230.05	2.487e-19
230.06	2.501e-19
230.07	2.510e-19
230.08	2.522e-19
230.09	2.539e-19
230.10	2.548e-19
230.11	2.548e-19
230.12	2.559e-19
230.13	2.572e-19
230.14	2.582e-19
230.15	2.593e-19
230.16	2.605e-19
230.17	2.612e-19
230.18	2.620e-19
230.19	2.628e-19
230.20	2.630e-19
230.21	2.634e-19
230.22	2.641e-19
230.23	2.651e-19
230.24	2.652e-19
230.25	2.658e-19
230.26	2.666e-19
230.27	2.673e-19
230.28	2.677e-19
230.29	2.688e-19
230.30	2.696e-19
230.31	2.705e-19
230.32	2.716e-19
230.33	2.720e-19
230.34	2.724e-19
230.35	2.731e-19
230.36	2.735e-19
230.37	2.744e-19
230.38	2.745e-19
230.39	2.753e-19
230.40	2.755e-19
230.41	2.755e-19
230.42	2.762e-19
230.43	2.776e-19
230.44	2.783e-19
230.45	2.787e-19
230.46	2.794e-19
230.47	2.801e-19
230.48	2.805e-19
230.49	2.816e-19
230.50	2.824e-19
230.51	2.830e-19
230.52	2.837e-19
230.53	2.842e-19
230.54	2.847e-19
230.55	2.853e-19
230.56	2.864e-19
230.57	2.875e-19
230.58	2.880e-19
230.59	2.893e-19
230.60	2.899e-19
230.61	2.910e-19
230.62	2.921e-19
230.63	2.929e-19
230.64	2.941e-19
230.65	2.950e-19
230.66	2.959e-19
230.67	2.970e-19
230.68	2.979e-19
230.69	2.988e-19
230.70	2.996e-19
230.71	3.004e-19
230.72	3.010e-19
230.73	3.017e-19
230.74	3.026e-19
230.75	3.035e-19
230.76	3.045e-19
230.77	3.047e-19
230.78	3.052e-19
230.79	3.062e-19
230.80	3.074e-19
230.81	3.080e-19
230.82	3.091e-19
230.83	3.102e-19
230.84	3.111e-19
230.85	3.118e-19
230.86	3.122e-19
230.87	3.123e-19
230.88	3.129e-19
230.89	3.135e-19
230.90	3.139e-19
230.91	3.146e-19
230.92	3.149e-19
230.93	3.156e-19
230.94	3.158e-19
230.95	3.163e-19
230.96	3.166e-19
230.97	3.168e-19
230.98	3.174e-19
230.99	3.176e-19
231.00	3.179e-19
231.01	3.185e-19
231.02	3.191e-19
231.03	3.193e-19
231.04	3.195e-19
231.05	3.197e-19
231.06	3.200e-19
231.07	3.200e-19
231.08	3.200e-19
231.09	3.198e-19
231.10	3.198e-19
231.11	3.194e-19
231.12	3.192e-19
231.13	3.187e-19
231.14	3.186e-19
231.15	3.188e-19
231.16	3.186e-19
231.17	3.184e-19
231.18	3.184e-19
231.19	3.179e-19
231.20	3.177e-19
231.21	3.175e-19
231.22	3.173e-19
231.23	3.176e-19
231.24	3.178e-19
231.25	3.171e-19
231.26	3.170e-19
231.27	3.167e-19
231.28	3.158e-19
231.29	3.152e-19
231.30	3.148e-19
231.31	3.140e-19
231.32	3.132e-19
231.33	3.124e-19
231.34	3.118e-19
231.35	3.108e-19
231.36	3.098e-19
231.37	3.091e-19
231.38	3.084e-19
231.39	3.077e-19
231.40	3.073e-19
231.41	3.071e-19
231.42	3.066e-19
231.43	3.063e-19
231.44	3.059e-19
231.45	3.052e-19
231.46	3.048e-19
231.47	3.041e-19
231.48	3.034e-19
231.49	3.027e-19
231.50	3.012e-19
231.51	3.001e-19
231.52	2.991e-19
231.53	2.979e-19
231.54	2.969e-19
231.55	2.961e-19
231.56	2.955e-19
231.57	2.946e-19
231.58	2.936e-19
231.59	2.930e-19
231.60	2.924e-19
231.61	2.919e-19
231.62	2.912e-19
231.63	2.902e-19
231.64	2.892e-19
231.65	2.885e-19
231.66	2.875e-19
231.67	2.866e-19
231.68	2.858e-19
231.69	2.852e-19
231.70	2.845e-19
231.71	2.836e-19
231.72	2.826e-19
231.73	2.813e-19
231.74	2.804e-19
231.75	2.796e-19
231.76	2.787e-19
231.77	2.781e-19
231.78	2.773e-19
231.79	2.766e-19
231.80	2.759e-19
231.81	2.751e-19
231.82	2.743e-19
231.83	2.740e-19
231.84	2.736e-19
231.85	2.728e-19
231.86	2.721e-19
231.87	2.718e-19
231.88	2.716e-19
231.89	2.707e-19
231.90	2.702e-19
231.91	2.697e-19
231.92	2.691e-19
231.93	2.687e-19
231.94	2.684e-19
231.95	2.680e-19
231.96	2.681e-19
231.97	2.681e-19
231.98	2.679e-19
231.99	2.674e-19
232.00	2.673e-19
232.01	2.667e-19
232.02	2.667e-19
232.03	2.666e-19
232.04	2.665e-19
232.05	2.662e-19
232.06	2.659e-19
232.07	2.656e-19
232.08	2.653e-19
232.09	2.651e-19
232.10	2.652e-19
232.11	2.651e-19
232.12	2.653e-19
232.13	2.657e-19
232.14	2.660e-19
232.15	2.661e-19
232.16	2.669e-19
232.17	2.674e-19
232.18	2.680e-19
232.19	2.685e-19
232.20	2.689e-19
232.21	2.689e-19
232.22	2.695e-19
232.23	2.702e-19
232.24	2.707e-19
232.25	2.713e-19
232.26	2.720e-19
232.27	2.725e-19
232.28	2.731e-19
232.29	2.737e-19
232.30	2.744e-19
232.31	2.753e-19
232.32	2.761e-19
232.33	2.765e-19
232.34	2.771e-19
232.35	2.780e-19
232.36	2.788e-19
232.37	2.797e-19
232.38	2.806e-19
232.39	2.814e-19
232.40	2.823e-19
232.41	2.833e-19
232.42	2.840e-19
232.43	2.848e-19
232.44	2.854e-19
232.45	2.858e-19
232.46	2.863e-19
232.47	2.865e-19
232.48	2.869e-19
232.49	2.872e-19
232.50	2.872e-19
232.51	2.875e-19
232.52	2.877e-19
232.53	2.884e-19
232.54	2.888e-19
232.55	2.884e-19
232.56	2.881e-19
232.57	2.879e-19
232.58	2.883e-19
232.59	2.880e-19
232.60	2.877e-19
232.61	2.875e-19
232.62	2.871e-19
232.63	2.868e-19
232.64	2.859e-19
232.65	2.854e-19
232.66	2.851e-19
232.67	2.845e-19
232.68	2.839e-19
232.69	2.831e-19
232.70	2.823e-19
232.71	2.817e-19
232.72	2.813e-19
232.73	2.803e-19
232.74	2.795e-19
232.75	2.780e-19
232.76	2.768e-19
232.77	2.755e-19
232.78	2.747e-19
232.79	2.733e-19
232.80	2.718e-19
232.81	2.703e-19
232.82	2.688e-19
232.83	2.677e-19
232.84	2.667e-19
232.85	2.654e-19
232.86	2.640e-19
232.87	2.625e-19
232.88	2.613e-19
232.89	2.598e-19
232.90	2.583e-19
232.91	2.566e-19
232.92	2.551e-19
232.93	2.535e-19
232.94	2.518e-19
232.95	2.499e-19
232.96	2.479e-19
232.97	2.463e-19
232.98	2.444e-19
232.99	2.431e-19
233.00	2.417e-19
233.01	2.394e-19
233.02	2.380e-19
233.03	2.362e-19
233.04	2.341e-19
233.05	2.326e-19
233.06	2.309e-19
233.07	2.293e-19
233.08	2.276e-19
233.09	2.258e-19
233.10	2.244e-19
233.11	2.223e-19
233.12	2.204e-19
233.13	2.182e-19
233.14	2.167e-19
233.15	2.152e-19
233.16	2.138e-19
233.17	2.123e-19
233.18	2.106e-19
233.19	2.088e-19
233.20	2.070e-19
233.21	2.052e-19
233.22	2.032e-19
233.23	2.015e-19
233.24	1.995e-19
233.25	1.980e-19
233.26	1.961e-19
233.27	1.941e-19
233.28	1.926e-19
233.29	1.909e-19
233.30	1.891e-19
233.31	1.875e-19
233.32	1.856e-19
233.33	1.839e-19
233.34	1.821e-19
233.35	1.804e-19
233.36	1.788e-19
233.37	1.769e-19
233.38	1.751e-19
233.39	1.732e-19
233.40	1.720e-19
233.41	1.711e-19
233.42	1.697e-19
233.43	1.681e-19
233.44	1.670e-19
233.45	1.654e-19
233.46	1.639e-19
233.47	1.624e-19
233.48	1.605e-19
233.49	1.589e-19
233.50	1.579e-19
233.51	1.565e-19
233.52	1.550e-19
233.53	1.536e-19
233.54	1.527e-19
233.55	1.514e-19
233.56	1.503e-19
233.57	1.492e-19
233.58	1.480e-19
233.59	1.468e-19
233.60	1.458e-19
233.61	1.446e-19
233.62	1.437e-19
233.63	1.429e-19
233.64	1.418e-19
233.65	1.407e-19
233.66	1.398e-19
233.67	1.392e-19
233.68	1.384e-19
233.69	1.376e-19
233.70	1.366e-19
233.71	1.362e-19
233.72	1.355e-19
233.73	1.347e-19
233.74	1.340e-19
233.75	1.332e-19
233.76	1.327e-19
233.77	1.314e-19
233.78	1.308e-19
233.79	1.303e-19
233.80	1.292e-19
233.81	1.285e-19
233.82	1.283e-19
233.83	1.280e-19
233.84	1.274e-19
233.85	1.271e-19
233.86	1.264e-19
233.87	1.257e-19
233.88	1.252e-19
233.89	1.246e-19
233.90	1.242e-19
233.91	1.240e-19
233.92	1.234e-19
233.93	1.230e-19
233.94	1.221e-19
233.95	1.217e-19
233.96	1.214e-19
233.97	1.214e-19
233.98	1.209e-19
233.99	1.206e-19
234.00	1.204e-19
234.01	1.196e-19
234.02	1.193e-19
234.03	1.190e-19
234.04	1.185e-19
234.05	1.182e-19
234.06	1.180e-19
234.07	1.178e-19
234.08	1.173e-19
234.09	1.170e-19
234.10	1.162e-19
234.11	1.155e-19
234.12	1.153e-19
234.13	1.150e-19
234.14	1.146e-19
234.15	1.144e-19
234.16	1.139e-19
234.17	1.135e-19
234.18	1.132e-19
234.19	1.131e-19
234.20	1.130e-19
234.21	1.124e-19
234.22	1.122e-19
234.23	1.118e-19
234.24	1.110e-19
234.25	1.104e-19
234.26	1.100e-19
234.27	1.095e-19
234.28	1.089e-19
234.29	1.083e-19
234.30	1.078e-19
234.31	1.074e-19
234.32	1.073e-19
234.33	1.073e-19
234.34	1.066e-19
234.35	1.065e-19
234.36	1.062e-19
234.37	1.060e-19
234.38	1.056e-19
234.39	1.051e-19
234.40	1.047e-19
234.41	1.045e-19
234.42	1.041e-19
234.43	1.038e-19
234.44	1.033e-19
234.45	1.028e-19
234.46	1.023e-19
234.47	1.020e-19
234.48	1.016e-19
234.49	1.013e-19
234.50	1.007e-19
234.51	1.007e-19
234.52	1.005e-19
234.53	1.005e-19
234.54	1.004e-19
234.55	1.005e-19
234.56	1.009e-19
234.57	1.009e-19
234.58	1.008e-19
234.59	1.011e-19
234.60	1.011e-19
234.61	1.019e-19
234.62	1.021e-19
234.63	1.024e-19
234.64	1.027e-19
234.65	1.029e-19
234.66	1.031e-19
234.67	1.034e-19
234.68	1.041e-19
234.69	1.050e-19
234.70	1.054e-19
234.71	1.055e-19
234.72	1.060e-19
234.73	1.063e-19
234.74	1.072e-19
234.75	1.082e-19
234.76	1.088e-19
234.77	1.096e-19
234.78	1.106e-19
234.79	1.118e-19
234.80	1.130e-19
234.81	1.143e-19
234.82	1.159e-19
234.83	1.174e-19
234.84	1.192e-19
234.85	1.207e-19
234.86	1.220e-19
234.87	1.236e-19
234.88	1.250e-19
234.89	1.265e-19
234.90	1.282e-19
234.91	1.300e-19
234.92	1.318e-19
234.93	1.336e-19
234.94	1.357e-19
234.95	1.377e-19
234.96	1.396e-19
234.97	1.415e-19
234.98	1.435e-19
234.99	1.457e-19
235.00	1.476e-19
235.01	1.495e-19
235.02	1.511e-19
235.03	1.530e-19
235.04	1.551e-19
235.05	1.568e-19
235.06	1.589e-19
235.07	1.613e-19
235.08	1.632e-19
235.09	1.654e-19
235.10	1.671e-19
235.11	1.692e-19
235.12	1.713e-19
235.13	1.731e-19
235.14	1.750e-19
235.15	1.772e-19
235.16	1.789e-19
235.17	1.806e-19
235.18	1.824e-19
235.19	1.840e-19
235.20	1.857e-19
235.21	1.878e-19
235.22	1.895e-19
235.23	1.913e-19
235.24	1.933e-19
235.25	1.951e-19
235.26	1.966e-19
235.27	1.984e-19
235.28	2.000e-19
235.29	2.016e-19
235.30	2.032e-19
235.31	2.046e-19
235.32	2.055e-19
235.33	2.065e-19
235.34	2.077e-19
235.35	2.088e-19
235.36	2.096e-19
235.37	2.107e-19
235.38	2.114e-19
235.39	2.118e-19
235.40	2.120e-19
235.41	2.125e-19
235.42	2.125e-19
235.43	2.126e-19
235.44	2.125e-19
235.45	2.122e-19
235.46	2.116e-19
235.47	2.112e-19
235.48	2.101e-19
235.49	2.093e-19
235.50	2.086e-19
235.51	2.077e-19
235.52	2.063e-19
235.53	2.049e-19
235.54	2.033e-19
235.55	2.023e-19
235.56	2.007e-19
235.57	1.992e-19
235.58	1.976e-19
235.59	1.959e-19
235.60	1.943e-19
235.61	1.930e-19
235.62	1.913e-19
235.63	1.895e-19
235.64	1.877e-19
235.65	1.864e-19
235.66	1.844e-19
235.67	1.828e-19
235.68	1.812e-19
235.69	1.794e-19
235.70	1.780e-19
235.71	1.766e-19
235.72	1.749e-19
235.73	1.732e-19
235.74	1.714e-19
235.75	1.701e-19
235.76	1.686e-19
235.77	1.671e-19
235.78	1.659e-19
235.79	1.645e-19
235.80	1.631e-19
235.81	1.613e-19
235.82	1.597e-19
235.83	1.582e-19
235.84	1.568e-19
235.85	1.556e-19
235.86	1.538e-19
235.87	1.522e-19
235.88	1.508e-19
235.89	1.495e-19
235.90	1.477e-19
235.91	1.464e-19
235.92	1.451e-19
235.93	1.438e-19
235.94	1.421e-19
235.95	1.407e-19
235.96	1.399e-19
235.97	1.388e-19
235.98	1.378e-19
235.99	1.368e-19
236.00	1.362e-19
236.01	1.357e-19
236.02	1.349e-19
236.03	1.341e-19
236.04	1.336e-19
236.05	1.329e-19
236.06	1.325e-19
236.07	1.319e-19
236.08	1.318e-19
236.09	1.316e-19
236.10	1.313e-19
236.11	1.312e-19
236.12	1.313e-19
236.13	1.314e-19
236.14	1.320e-19
236.15	1.326e-19
236.16	1.333e-19
236.17	1.342e-19
236.18	1.348e-19
236.19	1.354e-19
236.20	1.361e-19
236.21	1.371e-19
236.22	1.380e-19
236.23	1.392e-19
236.24	1.402e-19
236.25	1.411e-19
236.26	1.419e-19
236.27	1.431e-19
236.28	1.438e-19
236.29	1.450e-19
236.30	1.458e-19
236.31	1.467e-19
236.32	1.477e-19
236.33	1.483e-19
236.34	1.491e-19
236.35	1.503e-19
236.36	1.512e-19
236.37	1.519e-19
236.38	1.523e-19
236.39	1.530e-19
236.40	1.532e-19
236.41	1.537e-19
236.42	1.541e-19
236.43	1.546e-19
236.44	1.553e-19
236.45	1.554e-19
236.46	1.556e-19
236.47	1.559e-19
236.48	1.564e-19
236.49	1.565e-19
236.50	1.569e-19
236.51	1.570e-19
236.52	1.571e-19
236.53	1.569e-19
236.54	1.565e-19
236.55	1.561e-19
236.56	1.561e-19
236.57	1.561e-19
236.58	1.555e-19
236.59	1.553e-19
236.60	1.549e-19
236.61	1.542e-19
236.62	1.539e-19
236.63	1.535e-19
236.64	1.531e-19
236.65	1.527e-19
236.66	1.524e-19
236.67	1.521e-19
236.68	1.519e-19
236.69	1.514e-19
236.70	1.511e-19
236.71	1.510e-19
236.72	1.508e-19
236.73	1.509e-19
236.74	1.506e-19
236.75	1.507e-19
236.76	1.500e-19
236.77	1.499e-19
236.78	1.494e-19
236.79	1.491e-19
236.80	1.490e-19
236.81	1.488e-19
236.82	1.487e-19
236.83	1.487e-19
236.84	1.487e-19
236.85	1.487e-19
236.86	1.487e-19
236.87	1.491e-19
236.88	1.493e-19
236.89	1.490e-19
236.90	1.491e-19
236.91	1.493e-19
236.92	1.495e-19
236.93	1.495e-19
236.94	1.495e-19
236.95	1.496e-19
236.96	1.499e-19
236.97	1.502e-19
236.98	1.503e-19
236.99	1.504e-19
237.00	1.507e-19
237.01	1.510e-19
237.02	1.514e-19
237.03	1.520e-19
237.04	1.526e-19
237.05	1.532e-19
237.06	1.540e-19
237.07	1.552e-19
237.08	1.560e-19
237.09	1.563e-19
237.10	1.570e-19
237.11	1.580e-19
237.12	1.589e-19
237.13	1.597e-19
237.14	1.602e-19
237.15	1.611e-19
237.16	1.619e-19
237.17	1.631e-19
237.18	1.638e-19
237.19	1.646e-19
237.20	1.653e-19
237.21	1.665e-19
237.22	1.666e-19
237.23	1.676e-19
237.24	1.682e-19
237.25	1.689e-19
237.26	1.699e-19
237.27	1.710e-19
237.28	1.715e-19
237.29	1.725e-19
237.30	1.728e-19
237.31	1.737e-19
237.32	1.745e-19
237.33	1.756e-19
237.34	1.760e-19
237.35	1.766e-19
237.36	1.774e-19
237.37	1.781e-19
237.38	1.788e-19
237.39	1.790e-19
237.40	1.797e-19
237.41	1.801e-19
237.42	1.809e-19
237.43	1.812e-19
237.44	1.815e-19
237.45	1.821e-19
237.46	1.824e-19
237.47	1.825e-19
237.48	1.827e-19
237.49	1.827e-19
237.50	1.830e-19
237.51	1.832e-19
237.52	1.837e-19
237.53	1.837e-19
237.54	1.838e-19
237.55	1.837e-19
237.56	1.837e-19
237.57	1.834e-19
237.58	1.834e-19
237.59	1.830e-19
237.60	1.824e-19
237.61	1.822e-19
237.62	1.820e-19
237.63	1.812e-19
237.64	1.808e-19
237.65	1.803e-19
237.66	1.798e-19
237.67	1.791e-19
237.68	1.790e-19
237.69	1.783e-19
237.70	1.777e-19
237.71	1.774e-19
237.72	1.763e-19
237.73	1.752e-19
237.74	1.740e-19
237.75	1.734e-19
237.76	1.723e-19
237.77	1.715e-19
237.78	1.703e-19
237.79	1.696e-19
237.80	1.687e-19
237.81	1.673e-19
237.82	1.659e-19
237.83	1.649e-19
237.84	1.638e-19
237.85	1.626e-19
237.86	1.610e-19
237.87	1.602e-19
237.88	1.590e-19
237.89	1.579e-19
237.90	1.564e-19
237.91	1.556e-19
237.92	1.542e-19
237.93	1.530e-19
237.94	1.521e-19
237.95	1.512e-19
237.96	1.502e-19
237.97	1.494e-19
237.98	1.479e-19
237.99	1.464e-19
238.00	1.448e-19
238.01	1.431e-19
238.02	1.418e-19
238.03	1.406e-19
238.04	1.396e-19
238.05	1.385e-19
238.06	1.371e-19
238.07	1.359e-19
238.08	1.341e-19
238.08219	7.28791e-20
238.08766	1.24770e-19
238.09313	9.24153e-20
238.09859	8.54456e-20
238.10406	8.89844e-20
238.10953	1.14392e-19
238.11500	9.64958e-20
238.12047	7.86166e-20
238.12594	1.04254e-19
238.13141	9.21527e-20
238.13688	8.21190e-20
238.14235	8.90952e-20
238.14782	8.95734e-20
238.15329	9.29822e-20
238.15876	8.87247e-20
238.16423	8.14478e-20
238.16970	7.82888e-20
238.17517	8.49217e-20
238.18065	8.53936e-20
238.18612	6.92084e-20
238.19159	8.50681e-20
238.19706	9.39094e-20
238.20254	8.23614e-20
238.20801	1.13264e-19
238.21348	7.34014e-20
238.21896	1.00547e-19
238.22443	9.06660e-20
238.22990	8.78402e-20
238.23538	1.15573e-19
238.24085	1.06514e-19
238.24633	9.27852e-20
238.25180	8.43876e-20
238.25728	1.14041e-19
238.26275	1.00841e-19
238.26823	8.63231e-20
238.27371	8.33253e-20
238.27918	8.40437e-20
238.28466	8.99486e-20
238.29014	7.64511e-20
238.29561	1.05968e-19
238.30109	9.74686e-20
238.30657	8.61500e-20
238.31205	9.90698e-20
238.31752	8.02503e-20
238.32300	8.19782e-20
238.32848	8.65921e-20
238.33396	8.12479e-20
238.33944	1.00765e-19
238.34492	8.56615e-20
238.35040	7.29200e-20
238.35588	8.07719e-20
238.36136	7.80250e-20
238.36684	7.79734e-20
238.37232	8.00467e-20
238.37780	8.50039e-20
238.38328	8.45071e-20
238.38876	7.09710e-20
238.39425	8.63604e-20
238.39973	7.61941e-20
238.40521	8.17403e-20
238.41069	8.48143e-20
238.41617	7.53320e-20
238.42166	7.85128e-20
238.42714	9.32356e-20
238.43262	8.34269e-20
238.43811	8.36115e-20
238.44359	9.33489e-20
238.44908	7.46082e-20
238.45456	1.11490e-19
238.46005	9.20304e-20
238.46553	7.70863e-20
238.47102	9.34703e-20
238.47650	8.32139e-20
238.48199	7.67530e-20
238.48747	7.61274e-20
238.49296	9.04114e-20
238.49845	6.55888e-20
238.50393	6.44704e-20
238.50942	7.99411e-20
238.51491	8.17951e-20
238.52039	9.54786e-20
238.52588	7.87013e-20
238.53137	7.63044e-20
238.53686	8.25250e-20
238.54235	7.20926e-20
238.54784	6.38414e-20
238.55332	7.65834e-20
238.55881	8.54213e-20
238.56430	8.24034e-20
238.56979	7.88635e-20
238.57528	7.76122e-20
238.58077	7.13667e-20
238.58626	7.98906e-20
238.59176	7.10120e-20
238.59725	8.51021e-20
238.60274	7.96453e-20
238.60823	8.17781e-20
238.61372	7.05796e-20
238.61921	6.54727e-20
238.62471	8.95564e-20
238.63020	7.24469e-20
238.63569	7.59612e-20
238.64118	7.52914e-20
238.64668	8.19062e-20
238.65217	8.14878e-20
238.65766	6.96134e-20
238.66316	8.67330e-20
238.66865	9.49700e-20
238.67415	6.53983e-20
238.67964	7.33439e-20
238.68514	7.94607e-20
238.69063	8.75722e-20
238.69613	6.62812e-20
238.70162	7.00497e-20
238.70712	7.70293e-20
238.71262	5.71799e-20
238.71811	7.83725e-20
238.72361	6.65659e-20
238.72911	6.58512e-20
238.73460	7.84794e-20
238.74010	6.26854e-20
238.74560	6.37153e-20
238.75110	7.91630e-20
238.75660	7.20759e-20
238.76210	6.60409e-20
238.76759	6.78865e-20
238.77309	6.74758e-20
238.77859	5.79784e-20
238.78409	6.88891e-20
238.78959	7.17280e-20
238.79509	9.31088e-20
238.80059	8.04336e-20
238.80609	6.65182e-20
238.81159	5.98856e-20
238.81710	6.38794e-20
238.82260	6.59620e-20
238.82810	6.15912e-20
238.83360	8.42256e-20
238.83910	6.47943e-20
238.84461	6.99302e-20
238.85011	7.78252e-20
238.85561	5.96233e-20
238.86111	5.42439e-20
238.86662	6.93043e-20
238.87212	7.32012e-20
238.87763	9.13360e-20
238.88313	7.31520e-20
238.88863	6.07404e-20
238.89414	8.40588e-20
238.89964	7.54486e-20
238.90515	7.58453e-20
238.91065	7.22174e-20
238.91616	7.66649e-20
238.92167	6.44795e-20
238.92717	6.77544e-20
238.93268	7.51889e-20
238.93819	7.20757e-20
238.94369	6.32963e-20
238.94920	6.97536e-20
238.95471	7.70119e-20
238.96022	9.35684e-20
238.96572	8.24652e-20
238.97123	6.91815e-20
238.97674	6.77599e-20
238.98225	7.55731e-20
238.98776	8.09234e-20
238.99327	6.70244e-20
238.99878	7.77867e-20
239.00429	8.44170e-20
239.00980	7.58130e-20
239.01531	8.38375e-20
239.02082	7.78837e-20
239.02633	1.01481e-19
239.03184	8.42851e-20
239.03735	7.22897e-20
239.04286	9.26060e-20
239.04837	1.03207e-19
239.05389	8.81111e-20
239.05940	8.12256e-20
239.06491	9.77849e-20
239.07042	1.07836e-19
239.07594	9.27404e-20
239.08145	1.02995e-19
239.08696	1.01664e-19
239.09248	9.56177e-20
239.09799	9.44786e-20
239.10351	8.58883e-20
239.10902	9.05791e-20
239.11454	8.18954e-20
239.12005	8.08769e-20
239.12557	8.77127e-20
239.13108	9.76953e-20
239.13660	7.98762e-20
239.14211	9.75834e-20
239.14763	9.62934e-20
239.15315	9.44790e-20
239.15866	8.63274e-20
239.16418	9.80854e-20
239.16970	9.14115e-20
239.17522	8.73913e-20
239.18073	9.02773e-20
239.18625	1.01491e-19
239.19177	9.97161e-20
239.19729	8.63432e-20
239.20281	8.79732e-20
239.20833	8.91056e-20
239.21385	9.69591e-20
239.21937	1.12982e-19
239.22489	9.75080e-20
239.23041	1.06239e-19
239.23593	8.62460e-20
239.24145	1.07833e-19
239.24697	1.04537e-19
239.25249	1.04213e-19
239.25801	9.74526e-20
239.26353	9.95765e-20
239.26906	1.13140e-19
239.27458	9.19646e-20
239.28010	9.51570e-20
239.28562	9.66104e-20
239.29115	1.04073e-19
239.29667	1.01861e-19
239.30219	1.14474e-19
239.30772	8.73865e-20
239.31324	8.86132e-20
239.31877	1.23211e-19
239.32429	8.51752e-20
239.32982	1.02203e-19
239.33534	1.07913e-19
239.34087	9.16114e-20
239.34639	1.10564e-19
239.35192	8.14163e-20
239.35744	9.23996e-20
239.36297	7.97314e-20
239.36850	9.18513e-20
239.37402	9.24193e-20
239.37955	8.65597e-20
239.38508	9.40422e-20
239.39061	9.83011e-20
239.39613	1.01010e-19
239.40166	8.55652e-20
239.40719	9.17690e-20
239.41272	1.05371e-19
239.41825	8.58066e-20
239.42378	1.09163e-19
239.42931	9.82158e-20
239.43484	8.72935e-20
239.44037	9.83508e-20
239.44590	8.98500e-20
239.45143	9.06309e-20
239.45696	1.03677e-19
239.46249	1.09683e-19
239.46802	9.79077e-20
239.47355	9.85602e-20
239.47908	9.54551e-20
239.48461	1.15079e-19
239.49015	7.98293e-20
239.49568	9.05792e-20
239.50121	9.69678e-20
239.50674	8.39351e-20
239.51228	8.89048e-20
239.51781	9.68374e-20
239.52335	1.00607e-19
239.52888	9.88450e-20
239.53441	1.00551e-19
239.53995	8.98209e-20
239.54548	9.64848e-20
239.55102	8.08601e-20
239.55655	1.23789e-19
239.56209	9.20039e-20
239.56762	9.71897e-20
239.57316	8.38998e-20
239.57870	8.37193e-20
239.58423	9.05573e-20
239.58977	1.06060e-19
239.59531	7.57924e-20
239.60084	8.93856e-20
239.60638	9.54065e-20
239.61192	1.05051e-19
239.61746	9.71232e-20
239.62300	8.69481e-20
239.62854	8.08064e-20
239.63407	7.65725e-20
239.63961	8.60619e-20
239.64515	9.00293e-20
239.65069	8.17574e-20
239.65623	8.19064e-20
239.66177	8.20830e-20
239.66731	8.14734e-20
239.67285	7.60381e-20
239.67839	8.31491e-20
239.68394	8.96149e-20
239.68948	8.74639e-20
239.69502	8.32461e-20
239.70056	7.99685e-20
239.70610	8.95328e-20
239.71165	8.51493e-20
239.71719	8.44653e-20
239.72273	1.07709e-19
239.72827	9.07555e-20
239.73382	7.59721e-20
239.73936	7.91300e-20
239.74491	9.61543e-20
239.75045	8.01530e-20
239.75599	8.37903e-20
239.76154	7.39758e-20
239.76708	7.77442e-20
239.77263	9.04795e-20
239.77817	7.56603e-20
239.78372	7.61331e-20
239.78927	7.94137e-20
239.79481	7.43031e-20
239.80036	8.56550e-20
239.80591	8.10712e-20
239.81145	7.59200e-20
239.81700	7.65097e-20
239.82255	7.68615e-20
239.82810	7.39640e-20
239.83364	8.36067e-20
239.83919	7.23765e-20
239.84474	6.95345e-20
239.85029	8.32740e-20
239.85584	8.07734e-20
239.86139	8.10119e-20
239.86694	7.20464e-20
239.87249	7.32223e-20
239.87804	7.31031e-20
239.88359	7.04754e-20
239.88914	8.04090e-20
239.89469	6.08607e-20
239.90024	7.31369e-20
239.90579	6.84765e-20
239.91134	7.82290e-20
239.91690	7.25738e-20
239.92245	7.39045e-20
239.92800	6.69916e-20
239.93355	7.84538e-20
239.93911	6.01626e-20
239.94466	5.76251e-20
239.95021	7.30891e-20
239.95577	6.55318e-20
239.96132	7.33853e-20
239.96688	7.70554e-20
239.97243	6.18524e-20
239.97799	7.10024e-20
239.98354	6.63158e-20
239.98910	7.02941e-20
239.99465	7.31812e-20
240.00021	6.75142e-20
240.00576	6.95458e-20
240.01132	7.06336e-20
240.01688	6.15971e-20
240.02243	5.81087e-20
240.02799	5.84790e-20
240.03355	6.55724e-20
240.03911	6.94313e-20
240.04466	7.41870e-20
240.05022	5.99911e-20
240.05578	6.33092e-20
240.06134	6.78833e-20
240.06690	6.36875e-20
240.07246	6.57322e-20
240.07802	6.37009e-20
240.08358	6.22368e-20
240.08914	5.90884e-20
240.09470	6.27812e-20
240.10026	6.21750e-20
240.10582	6.62923e-20
240.11138	6.46150e-20
240.11694	6.47600e-20
240.12250	5.43248e-20
240.12806	5.78042e-20
240.13362	5.79017e-20
240.13919	5.95172e-20
240.14475	6.17226e-20
240.15031	5.07618e-20
240.15587	4.83382e-20
240.16144	5.04855e-20
240.16700	5.29685e-20
240.17257	5.47382e-20
240.17813	5.89705e-20
240.18369	6.02907e-20
240.18926	5.79100e-20
240.19482	6.15003e-20
240.20039	6.56320e-20
240.20595	5.32021e-20
240.21152	5.53654e-20
240.21708	4.76917e-20
240.22265	4.90373e-20
240.22822	5.29428e-20
240.23378	4.83394e-20
240.23935	5.62141e-20
240.24492	5.71627e-20
240.25049	5.42290e-20
240.25605	5.01061e-20
240.26162	4.69081e-20
240.26719	5.33062e-20
240.27276	5.73673e-20
240.27833	5.15823e-20
240.28390	4.79494e-20
240.28946	5.60590e-20
240.29503	5.65810e-20
240.30060	4.72796e-20
240.30617	5.56842e-20
240.31174	4.89217e-20
240.31731	4.88442e-20
240.32289	4.77861e-20
240.32846	4.97016e-20
240.33403	5.53496e-20
240.33960	5.31644e-20
240.34517	4.56784e-20
240.35074	5.92622e-20
240.35632	5.17047e-20
240.36189	5.19572e-20
240.36746	5.48963e-20
240.37303	5.01907e-20
240.37861	4.94351e-20
240.38418	4.91061e-20
240.38975	4.98059e-20
240.39533	5.09468e-20
240.40090	4.33876e-20
240.40648	4.54177e-20
240.41205	4.83559e-20
240.41763	4.24982e-20
240.42320	5.00741e-20
240.42878	4.82950e-20
240.43435	4.48084e-20
240.43993	4.43044e-20
240.44551	4.42497e-20
240.45108	4.62054e-20
240.45666	4.28651e-20
240.46224	4.29027e-20
240.46782	4.62780e-20
240.47339	4.67432e-20
240.47897	4.55744e-20
240.48455	4.60551e-20
240.49013	4.37170e-20
240.49571	4.77287e-20
240.50129	4.38030e-20
240.50687	4.73659e-20
240.51245	4.52105e-20
240.51802	4.24603e-20
240.52361	4.62052e-20
240.52919	3.92713e-20
240.53477	4.24347e-20
240.54035	4.56442e-20
240.54593	4.45594e-20
240.55151	4.49037e-20
240.55709	4.74753e-20
240.56267	3.81638e-20
240.56825	3.84698e-20
240.57384	3.80572e-20
240.57942	3.50633e-20
240.58500	3.69235e-20
240.59059	3.99761e-20
240.59617	4.03271e-20
240.60175	3.88436e-20
240.60734	4.26743e-20
240.61292	4.14418e-20
240.61851	4.48024e-20
240.62409	4.39608e-20
240.62968	3.98037e-20
240.63526	4.29755e-20
240.64085	3.91019e-20
240.64643	4.10286e-20
240.65202	4.18728e-20
240.65760	3.83583e-20
240.66319	4.11639e-20
240.66878	4.11224e-20
240.67437	4.30198e-20
240.67995	3.96553e-20
240.68554	3.91913e-20
240.69113	4.26299e-20
240.69672	3.33679e-20
240.70230	3.63226e-20
240.70789	4.01603e-20
240.71348	3.39242e-20
240.71907	3.79712e-20
240.72466	4.32996e-20
240.73025	4.54058e-20
240.73584	3.59607e-20
240.74143	3.37533e-20
240.74702	4.86955e-20
240.75261	3.62475e-20
240.75820	3.55364e-20
240.76379	3.99191e-20
240.76939	3.91466e-20
240.77498	3.89704e-20
240.78057	3.25376e-20
240.78616	3.57199e-20
240.79175	3.75164e-20
240.79735	3.74467e-20
240.80294	3.57144e-20
240.80853	3.25135e-20
240.81413	3.50803e-20
240.81972	3.36553e-20
240.82531	3.04798e-20
240.83091	3.00753e-20
240.83650	3.36088e-20
240.84210	3.36092e-20
240.84769	3.23251e-20
240.85329	3.40928e-20
240.85888	3.01130e-20
240.86448	3.34367e-20
240.87008	4.00978e-20
240.87567	2.98193e-20
240.88127	3.20033e-20
240.88687	3.29230e-20
240.89246	3.02318e-20
240.89806	3.39694e-20
240.90366	3.44490e-20
240.90926	3.15957e-20
240.91485	2.71559e-20
240.92045	3.29119e-20
240.92605	3.26274e-20
240.93165	2.56534e-20
240.93725	3.08187e-20
240.94285	3.23933e-20
240.94845	2.75882e-20
240.95405	2.86570e-20
240.95965	3.02909e-20
240.96525	2.62340e-20
240.97085	2.56670e-20
240.97645	3.14962e-20
240.98205	3.06152e-20
240.98766	2.66635e-20
240.99326	2.92035e-20
240.99886	2.41563e-20
241.00446	2.66031e-20
241.01006	3.17497e-20
241.01567	2.60299e-20
241.02127	3.05794e-20
241.02687	3.27097e-20
241.03248	2.64501e-20
241.03808	2.82865e-20
241.04369	2.80807e-20
241.04929	2.38682e-20
241.05490	2.56067e-20
241.06050	3.08516e-20
241.06611	3.05434e-20
241.07171	2.81153e-20
241.07732	2.88050e-20
241.08292	3.14495e-20
241.08853	2.67968e-20
241.09414	2.68879e-20
241.09974	2.81389e-20
241.10535	2.33061e-20
241.11096	2.71339e-20
241.11657	3.06760e-20
241.12217	2.80753e-20
241.12778	2.65585e-20
241.13339	2.62521e-20
241.13900	2.43277e-20
241.14461	2.41653e-20
241.15022	2.54390e-20
241.15583	2.29118e-20
241.16144	2.73569e-20
241.16705	2.26402e-20
241.17266	2.36180e-20
241.17827	2.80745e-20
241.18388	2.48003e-20
241.18949	2.74367e-20
241.19510	2.45805e-20
241.20071	2.09103e-20
241.20632	2.36514e-20
241.21193	2.43281e-20
241.21755	2.66797e-20
241.22316	2.57015e-20
241.22877	2.55652e-20
241.23439	2.61590e-20
241.24000	2.69435e-20
241.24561	2.40030e-20
241.25123	2.33740e-20
241.25684	2.66677e-20
241.26245	2.38605e-20
241.26807	2.10163e-20
241.27368	2.44472e-20
241.27930	2.83647e-20
241.28492	2.44600e-20
241.29053	2.15991e-20
241.29615	2.41571e-20
241.30176	2.50827e-20
241.30738	2.57026e-20
241.31300	2.38679e-20
241.31861	2.26475e-20
241.32423	2.38317e-20
241.32985	2.34667e-20
241.33547	2.12581e-20
241.34108	1.96270e-20
241.34670	2.13081e-20
241.35232	2.17551e-20
241.35794	2.34395e-20
241.36356	2.12405e-20
241.36918	2.23948e-20
241.37480	2.37430e-20
241.38042	1.97706e-20
241.38604	2.24995e-20
241.39166	2.25620e-20
241.39728	2.20147e-20
241.40290	2.15339e-20
241.40852	2.02765e-20
241.41414	2.33354e-20
241.41976	2.19879e-20
241.42539	2.11917e-20
241.43101	2.54339e-20
241.43663	2.40960e-20
241.44225	2.34831e-20
241.44788	2.23104e-20
241.45350	1.96207e-20
241.45912	2.32749e-20
241.46475	2.53580e-20
241.47037	2.05097e-20
241.47600	2.06753e-20
241.48162	2.35362e-20
241.48725	2.51613e-20
241.49287	2.35559e-20
241.49850	2.06817e-20
241.50412	2.11768e-20
241.50975	2.24519e-20
241.51537	2.20092e-20
241.52100	2.14958e-20
241.52663	1.88311e-20
241.53225	2.14092e-20
241.53788	2.34889e-20
241.54351	2.20686e-20
241.54914	2.39600e-20
241.55476	2.26496e-20
241.56039	2.03493e-20
241.56602	2.17575e-20
241.57165	2.26883e-20
241.57728	2.63504e-20
241.58291	2.40529e-20
241.58854	2.30365e-20
241.59417	2.66991e-20
241.59980	2.12057e-20
241.60543	1.86396e-20
241.61106	2.13562e-20
241.61669	2.35006e-20
241.62232	2.33259e-20
241.62795	2.19048e-20
241.63358	2.10245e-20
241.63922	2.18303e-20
241.64485	2.41451e-20
241.65048	2.45953e-20
241.65611	2.36561e-20
241.66175	2.32790e-20
241.66738	2.43344e-20
241.67301	2.35819e-20
241.67865	2.17675e-20
241.68428	2.57005e-20
241.68992	2.77157e-20
241.69555	2.58555e-20
241.70119	2.41271e-20
241.70682	2.63932e-20
241.71246	2.53791e-20
241.71809	2.46610e-20
241.72373	2.69516e-20
241.72936	2.72060e-20
241.73500	3.01193e-20
241.74064	2.79773e-20
241.74627	2.36945e-20
241.75191	2.42409e-20
241.75755	2.62682e-20
241.76319	2.80463e-20
241.76882	2.77107e-20
241.77446	2.67020e-20
241.78010	2.83612e-20
241.78574	2.97455e-20
241.79138	2.85468e-20
241.79702	2.97453e-20
241.80266	2.80098e-20
241.80830	2.74246e-20
241.81394	2.87381e-20
241.81958	2.86037e-20
241.82522	3.06108e-20
241.83086	3.47710e-20
241.83650	3.28257e-20
241.84214	3.05221e-20
241.84778	3.37544e-20
241.85343	3.63748e-20
241.85907	3.36911e-20
241.86471	3.68920e-20
241.87035	3.70114e-20
241.87600	3.18589e-20
241.88164	3.73791e-20
241.88728	4.15620e-20
241.89293	3.92222e-20
241.89857	4.04318e-20
241.90422	3.97916e-20
241.90986	4.00708e-20
241.91550	4.29001e-20
241.92115	4.63781e-20
241.92680	4.62387e-20
241.93244	4.53347e-20
241.93809	4.55750e-20
241.94373	4.61086e-20
241.94938	5.09931e-20
241.95503	5.48089e-20
241.96067	5.75734e-20
241.96632	5.57345e-20
241.97197	5.98211e-20
241.97762	6.02709e-20
241.98326	5.82180e-20
241.98891	6.66021e-20
241.99456	6.44014e-20
242.00021	6.22571e-20
242.00586	6.37993e-20
242.01151	6.80528e-20
242.01716	7.03387e-20
242.02281	6.69844e-20
242.02846	7.70694e-20
242.03411	6.98025e-20
242.03976	6.85858e-20
242.04541	9.19656e-20
242.05106	7.35796e-20
242.05671	7.92025e-20
242.06236	7.89148e-20
242.06802	8.10240e-20
242.07367	7.94606e-20
242.07932	7.54617e-20
242.08497	8.98953e-20
242.09063	8.46790e-20
242.09628	7.96140e-20
242.10193	1.01100e-19
242.10759	9.09395e-20
242.11324	9.80965e-20
242.11889	9.57018e-20
242.12455	9.02089e-20
242.13020	9.42415e-20
242.13586	8.70148e-20
242.14151	9.78943e-20
242.14717	9.34051e-20
242.15283	1.00453e-19
242.15848	1.01151e-19
242.16414	8.16656e-20
242.16980	1.09811e-19
242.17545	9.57810e-20
242.18111	9.86373e-20
242.18677	9.30052e-20
242.19243	9.97303e-20
242.19808	1.04650e-19
242.20374	9.61568e-20
242.20940	1.06779e-19
242.21506	1.02368e-19
242.22072	9.73559e-20
242.22638	1.03650e-19
242.23204	9.87066e-20
242.23770	1.00475e-19
242.24336	8.34275e-20
242.24902	1.03309e-19
242.25468	1.00433e-19
242.26034	9.32188e-20
242.26600	1.04782e-19
242.27166	1.00004e-19
242.27732	1.08089e-19
242.28299	1.03068e-19
242.28865	1.13153e-19
242.29431	8.86635e-20
242.29997	1.07507e-19
242.30564	1.10729e-19
242.31130	9.36876e-20
242.31696	9.57795e-20
242.32263	9.18000e-20
242.32829	1.09705e-19
242.33396	9.82904e-20
242.33962	1.03366e-19
242.34529	1.06984e-19
242.35095	9.78628e-20
242.35662	1.17391e-19
242.36228	1.05523e-19
242.36795	1.14604e-19
242.37361	1.09400e-19
242.37928	8.96321e-20
242.38495	1.10288e-19
242.39061	9.22717e-20
242.39628	1.00788e-19
242.40195	1.11986e-19
242.40762	9.91730e-20
242.41328	1.11757e-19
242.41895	1.07362e-19
242.42462	1.10351e-19
242.43029	9.69716e-20
242.43596	1.02739e-19
242.44163	1.04615e-19
242.44730	8.93735e-20
242.45297	1.00689e-19
242.45864	1.02507e-19
242.46431	9.89918e-20
242.46998	1.03394e-19
242.47565	9.46263e-20
242.48132	1.19538e-19
242.48699	1.06181e-19
242.49267	9.73037e-20
242.49834	1.03719e-19
242.50401	1.01867e-19
242.50968	9.41646e-20
242.51536	1.04712e-19
242.52103	9.11857e-20
242.52670	1.12555e-19
242.53238	1.04768e-19
242.53805	9.71885e-20
242.54372	1.04516e-19
242.54940	1.02018e-19
242.55507	9.29348e-20
242.56075	9.97232e-20
242.56642	1.00569e-19
242.57210	1.03809e-19
242.57778	1.10354e-19
242.58345	9.28890e-20
242.58913	8.35559e-20
242.59480	9.78641e-20
242.60048	1.03320e-19
242.60616	9.59518e-20
242.61184	8.90342e-20
242.61751	9.17944e-20
242.62319	8.73172e-20
242.62887	9.95886e-20
242.63455	8.89982e-20
242.64023	8.43378e-20
242.64591	9.03720e-20
242.65158	8.69437e-20
242.65726	8.26200e-20
242.66294	9.85362e-20
242.66862	8.75569e-20
242.67430	7.95324e-20
242.67998	9.67926e-20
242.68567	8.57602e-20
242.69135	8.92126e-20
242.69703	1.06543e-19
242.70271	9.47825e-20
242.70839	9.03036e-20
242.71407	7.91454e-20
242.71976	7.80993e-20
242.72544	9.19444e-20
242.73112	8.22113e-20
242.73681	8.86835e-20
242.74249	8.36218e-20
242.74817	8.88731e-20
242.75386	9.31221e-20
242.75954	8.10149e-20
242.76523	9.08631e-20
242.77091	7.86967e-20
242.77660	8.65846e-20
242.78228	8.02101e-20
242.78797	7.58420e-20
242.79365	8.36144e-20
242.79934	7.70874e-20
242.80502	7.70363e-20
242.81071	7.66556e-20
242.81640	7.08305e-20
242.82209	7.99740e-20
242.82777	7.35425e-20
242.83346	7.10422e-20
242.83915	7.68788e-20
242.84484	8.40098e-20
242.85053	8.19303e-20
242.85621	7.40363e-20
242.86190	7.01485e-20
242.86759	7.19240e-20
242.87328	7.65740e-20
242.87897	7.13697e-20
242.88466	6.69119e-20
242.89035	6.23711e-20
242.89604	6.90172e-20
242.90173	7.15097e-20
242.90743	7.14793e-20
242.91312	6.86604e-20
242.91881	7.50878e-20
242.92450	6.63373e-20
242.93019	6.57946e-20
242.93589	7.28296e-20
242.94158	6.57668e-20
242.94727	8.10444e-20
242.95297	7.79332e-20
242.95866	6.98915e-20
242.96435	6.57249e-20
242.97005	7.08493e-20
242.97574	8.25216e-20
242.98144	7.48961e-20
242.98713	6.85350e-20
242.99283	6.96954e-20
242.99852	7.49902e-20
243.00422	7.08962e-20
243.00991	6.71496e-20
243.01561	7.06127e-20
243.02131	6.57996e-20
243.02700	7.41737e-20
243.03270	7.64962e-20
243.03840	6.26389e-20
243.04410	6.95743e-20
243.04979	7.07912e-20
243.05549	7.40722e-20
243.06119	7.14965e-20
243.06689	6.72068e-20
243.07259	6.72460e-20
243.07829	6.64615e-20
243.08399	7.08021e-20
243.08969	7.50137e-20
243.09539	6.97846e-20
243.10109	6.81861e-20
243.10679	7.57977e-20
243.11249	6.89017e-20
243.11819	6.92864e-20
243.12389	6.73874e-20
243.12959	7.79901e-20
243.13529	7.22556e-20
243.14100	6.31459e-20
243.14670	7.54156e-20
243.15240	7.56597e-20
243.15810	6.92345e-20
243.16381	6.59923e-20
243.16951	6.90894e-20
243.17522	7.60627e-20
243.18092	7.19099e-20
243.18662	7.27676e-20
243.19233	6.73220e-20
243.19803	6.95429e-20
243.20374	7.14762e-20
243.20944	6.69131e-20
243.21515	7.23219e-20
243.22086	6.54291e-20
243.22656	6.54625e-20
243.23227	7.01623e-20
243.23797	7.20609e-20
243.24368	7.16268e-20
243.24939	6.81249e-20
243.25510	7.29098e-20
243.26080	7.48056e-20
243.26651	6.74064e-20
243.27222	6.69472e-20
243.27793	7.24858e-20
243.28364	6.79291e-20
243.28935	6.14537e-20
243.29506	6.58751e-20
243.30077	6.51268e-20
243.30648	6.78264e-20
243.31219	6.33200e-20
243.31790	5.90507e-20
243.32361	5.79056e-20
243.32932	6.44675e-20
243.33503	7.39593e-20
243.34074	6.99314e-20
243.34645	6.80779e-20
243.35217	6.41853e-20
243.35788	5.84418e-20
243.36359	6.30418e-20
243.36930	6.65306e-20
243.37502	6.14416e-20
243.38073	6.45697e-20
243.38644	6.70517e-20
243.39216	5.87548e-20
243.39787	5.95752e-20
243.40359	6.35928e-20
243.40930	6.02581e-20
243.41502	6.28053e-20
243.42073	6.33231e-20
243.42645	6.02891e-20
243.43216	5.84807e-20
243.43788	5.65983e-20
243.44360	5.63373e-20
243.44931	5.95859e-20
243.45503	5.97711e-20
243.46075	5.31445e-20
243.46646	5.68603e-20
243.47218	6.12354e-20
243.47790	5.68758e-20
243.48362	6.09100e-20
243.48934	6.06892e-20
243.49505	5.60645e-20
243.50077	5.74115e-20
243.50649	5.63041e-20
243.51221	5.26652e-20
243.51793	5.18085e-20
243.52365	5.06675e-20
243.52937	5.09109e-20
243.53509	5.12573e-20
243.54081	5.32870e-20
243.54654	5.28277e-20
243.55226	4.86883e-20
243.55798	5.04087e-20
243.56370	4.92872e-20
243.56942	4.86967e-20
243.57515	4.91957e-20
243.58087	5.18501e-20
243.58659	5.17970e-20
243.59232	5.01428e-20
243.59804	4.79600e-20
243.60376	4.81047e-20
243.60949	4.46104e-20
243.61521	4.20532e-20
243.62094	4.34716e-20
243.62666	4.72643e-20
243.63239	4.72636e-20
243.63811	4.50596e-20
243.64384	4.38033e-20
243.64956	4.57186e-20
243.65529	4.33312e-20
243.66102	3.95074e-20
243.66674	4.05188e-20
243.67247	4.40991e-20
243.67820	4.11324e-20
243.68393	4.31269e-20
243.68965	4.50594e-20
243.69538	4.28107e-20
243.70111	4.55582e-20
243.70684	4.53877e-20
243.71257	4.30766e-20
243.71830	4.14512e-20
243.72403	3.84968e-20
243.72976	4.12479e-20
243.73549	3.94075e-20
243.74122	3.59870e-20
243.74695	3.74680e-20
243.75268	3.85259e-20
243.75841	3.80880e-20
243.76414	3.63785e-20
243.76987	3.61862e-20
243.77561	3.47269e-20
243.78134	3.46272e-20
243.78707	3.29630e-20
243.79280	3.29846e-20
243.79854	3.66396e-20
243.80427	3.61657e-20
243.81000	3.68061e-20
243.81574	3.63376e-20
243.82147	3.41362e-20
243.82721	3.48019e-20
243.83294	3.58020e-20
243.83868	3.60228e-20
243.84441	3.33840e-20
243.85015	3.67352e-20
243.85588	3.65562e-20
243.86162	3.40624e-20
243.86735	3.40921e-20
243.87309	3.19981e-20
243.87883	3.41042e-20
243.88456	3.36290e-20
243.89030	2.92842e-20
243.89604	3.27821e-20
243.90178	3.36345e-20
243.90752	2.99585e-20
243.91325	3.05183e-20
243.91899	3.08428e-20
243.92473	2.98270e-20
243.93047	3.00904e-20
243.93621	2.97370e-20
243.94195	2.84644e-20
243.94769	2.88206e-20
243.95343	2.85376e-20
243.95917	2.80614e-20
243.96491	2.87511e-20
243.97065	2.88383e-20
243.97639	2.62393e-20
243.98214	2.64183e-20
243.98788	2.77662e-20
243.99362	2.87139e-20
243.99936	2.78606e-20
244.00511	2.50703e-20
244.01085	2.74551e-20
244.01659	2.77511e-20
244.02234	2.69493e-20
244.02808	2.92107e-20
244.03382	2.51710e-20
244.03957	2.54530e-20
244.04531	2.60498e-20
244.05106	2.37925e-20
244.05680	2.62976e-20
244.06255	2.63250e-20
244.06829	2.59601e-20
244.07404	2.65438e-20
244.07979	2.48757e-20
244.08553	2.51907e-20
244.09128	2.55898e-20
244.09703	2.34643e-20
244.10277	2.35365e-20
244.10852	2.43730e-20
244.11427	2.36244e-20
244.12002	2.45210e-20
244.12577	2.45234e-20
244.13152	2.53895e-20
244.13726	2.66173e-20
244.14301	2.52598e-20
244.14876	2.36296e-20
244.15451	2.44264e-20
244.16026	2.56854e-20
244.16601	2.18744e-20
244.17176	2.16342e-20
244.17752	2.43215e-20
244.18327	2.37048e-20
244.18902	2.47330e-20
244.19477	2.32587e-20
244.20052	2.26638e-20
244.20627	2.41222e-20
244.21203	2.10505e-20
244.21778	2.14450e-20
244.22353	2.49484e-20
244.22929	2.31531e-20
244.23504	2.34399e-20
244.24079	2.40314e-20
244.24655	2.18800e-20
244.25230	2.30323e-20
244.25806	2.15692e-20
244.26381	2.11357e-20
244.26957	2.25264e-20
244.27532	2.10436e-20
244.28108	2.30226e-20
244.28683	2.33070e-20
244.29259	2.27097e-20
244.29835	2.12249e-20
244.30410	2.00939e-20
244.30986	2.22367e-20
244.31562	2.09312e-20
244.32138	2.25915e-20
244.32713	2.30867e-20
244.33289	1.95841e-20
244.33865	2.29160e-20
244.34441	2.38559e-20
244.35017	2.31589e-20
244.35593	2.32080e-20
244.36169	2.21759e-20
244.36745	2.29133e-20
244.37321	2.18476e-20
244.37897	2.00980e-20
244.38473	1.98752e-20
244.39049	2.01425e-20
244.39625	2.10138e-20
244.40201	2.07384e-20
244.40777	2.13044e-20
244.41354	2.40536e-20
244.41930	2.21344e-20
244.42506	1.89992e-20
244.43082	1.81521e-20
244.43659	2.02003e-20
244.44235	2.07350e-20
244.44811	1.97859e-20
244.45388	2.20977e-20
244.45964	2.14860e-20
244.46541	2.10889e-20
244.47117	2.00674e-20
244.47694	1.92824e-20
244.48270	2.27478e-20
244.48847	2.04357e-20
244.49423	2.17328e-20
244.50000	2.29566e-20
244.50577	2.21581e-20
244.51153	2.32875e-20
244.51730	2.07116e-20
244.52307	2.16735e-20
244.52883	2.36695e-20
244.53460	2.28218e-20
244.54037	2.04310e-20
244.54614	2.23195e-20
244.55191	2.69405e-20
244.55767	2.19765e-20
244.56344	2.29767e-20
244.56921	2.52684e-20
244.57498	2.41360e-20
244.58075	2.65030e-20
244.58652	2.54129e-20
244.59229	2.60936e-20
244.59806	2.48106e-20
244.60384	2.51811e-20
244.60961	2.84116e-20
244.61538	2.65308e-20
244.62115	2.50299e-20
244.62692	2.84811e-20
244.63269	3.05205e-20
244.63847	2.78226e-20
244.64424	2.83289e-20
244.65001	2.79518e-20
244.65579	2.94643e-20
244.66156	2.94787e-20
244.66733	2.69213e-20
244.67311	3.22441e-20
244.67888	3.23255e-20
244.68466	3.17890e-20
244.69043	3.29210e-20
244.69621	3.36572e-20
244.70198	4.01432e-20
244.70776	3.82754e-20
244.71354	3.69704e-20
244.71931	4.00865e-20
244.72509	3.99309e-20
244.73087	4.22411e-20
244.73664	3.87097e-20
244.74242	4.10691e-20
244.74820	4.56248e-20
244.75398	4.55879e-20
244.75976	4.62099e-20
244.76553	4.80157e-20
244.77131	4.88326e-20
244.77709	5.08123e-20
244.78287	4.84136e-20
244.78865	4.45696e-20
244.79443	4.50715e-20
244.80021	4.86122e-20
244.80599	4.84862e-20
244.81177	5.03367e-20
244.81755	4.96896e-20
244.82334	4.73699e-20
244.82912	5.11654e-20
244.83490	5.25159e-20
244.84068	4.88314e-20
244.84646	5.04187e-20
244.85225	5.28780e-20
244.85803	5.29745e-20
244.86381	5.58903e-20
244.86960	5.36546e-20
244.87538	5.38449e-20
244.88116	5.75585e-20
244.88695	5.28831e-20
244.89273	5.43872e-20
244.89852	5.58540e-20
244.90430	5.02258e-20
244.91009	4.77636e-20
244.91587	5.16935e-20
244.92166	5.10507e-20
244.92745	4.73541e-20
244.93323	5.11573e-20
244.93902	4.92515e-20
244.94481	4.69724e-20
244.95059	4.90704e-20
244.95638	5.01503e-20
244.96217	5.29511e-20
244.96796	4.95283e-20
244.97375	4.92276e-20
244.97954	5.13186e-20
244.98532	4.83734e-20
244.99111	4.74536e-20
244.99690	4.80284e-20
245.00269	4.74719e-20
245.00848	4.49409e-20
245.01427	4.46727e-20
245.02006	4.67520e-20
245.02585	4.43235e-20
245.03165	4.26295e-20
245.03744	4.39582e-20
245.04323	4.30967e-20
245.04902	4.10880e-20
245.05481	4.18696e-20
245.06061	4.04400e-20
245.06640	3.99503e-20
245.07219	4.28356e-20
245.07799	4.25885e-20
245.08378	4.10041e-20
245.08957	3.97975e-20
245.09537	3.88337e-20
245.10116	3.78479e-20
245.10696	3.46771e-20
245.11275	3.75026e-20
245.11855	3.77539e-20
245.12434	3.57626e-20
245.13014	3.67380e-20
245.13593	3.80822e-20
245.14173	4.11345e-20
245.14753	3.66372e-20
245.15332	3.42022e-20
245.15912	3.79886e-20
245.16492	3.56202e-20
245.17072	3.65964e-20
245.17652	3.61499e-20
245.18231	3.45524e-20
245.18811	3.43723e-20
245.19391	3.34361e-20
245.19971	3.38169e-20
245.20551	3.43882e-20
245.21131	3.29103e-20
245.21711	2.99235e-20
245.22291	3.16123e-20
245.22871	3.19037e-20
245.23451	2.86643e-20
245.24031	3.04775e-20
245.24611	3.16632e-20
245.25191	2.76006e-20
245.25772	2.82186e-20
245.26352	3.09139e-20
245.26932	2.86471e-20
245.27512	2.84494e-20
245.28093	2.94437e-20
245.28673	2.95450e-20
245.29253	2.72998e-20
245.29834	2.58860e-20
245.30414	2.90707e-20
245.30995	2.69676e-20
245.31575	2.47986e-20
245.32156	2.63831e-20
245.32736	2.63423e-20
245.33317	2.73167e-20
245.33897	2.55581e-20
245.34478	2.69265e-20
245.35058	2.74296e-20
245.35639	2.51494e-20
245.36220	2.83821e-20
245.36801	2.74318e-20
245.37381	2.43743e-20
245.37962	2.38613e-20
245.38543	2.48558e-20
245.39124	2.52486e-20
245.39704	2.31234e-20
245.40285	2.32491e-20
245.40866	2.21212e-20
245.41447	2.29697e-20
245.42028	2.45656e-20
245.42609	2.23178e-20
245.43190	2.31790e-20
245.43771	2.27974e-20
245.44352	2.25425e-20
245.44933	2.11877e-20
245.45514	2.06990e-20
245.46096	2.20261e-20
245.46677	2.01669e-20
245.47258	2.14343e-20
245.47839	2.11375e-20
245.48421	1.89632e-20
245.49002	2.11603e-20
245.49583	1.99508e-20
245.50164	1.90533e-20
245.50746	1.86431e-20
245.51327	1.85833e-20
245.51909	1.94226e-20
245.52490	1.87743e-20
245.53072	1.99918e-20
245.53653	1.84318e-20
245.54235	1.84094e-20
245.54816	1.97619e-20
245.55398	1.75853e-20
245.55979	1.68580e-20
245.56561	1.67536e-20
245.57143	1.77889e-20
245.57724	1.72407e-20
245.58306	1.82714e-20
245.58888	1.88630e-20
245.59470	1.50761e-20
245.60052	1.78334e-20
245.60633	1.98206e-20
245.61215	1.74998e-20
245.61797	1.80348e-20
245.62379	1.76065e-20
245.62961	1.72692e-20
245.63543	1.71014e-20
245.64125	1.69299e-20
245.64707	1.85425e-20
245.65289	1.85698e-20
245.65871	1.59564e-20
245.66453	1.77112e-20
245.67035	1.72883e-20
245.67618	1.57356e-20
245.68200	1.68184e-20
245.68782	1.41262e-20
245.69364	1.56777e-20
245.69947	1.64865e-20
245.70529	1.62088e-20
245.71111	1.83657e-20
245.71694	1.42809e-20
245.72276	1.58963e-20
245.72858	1.74943e-20
245.73441	1.63764e-20
245.74023	1.83983e-20
245.74606	1.57696e-20
245.75188	1.57678e-20
245.75771	1.52971e-20
245.76353	1.35611e-20
245.76936	1.47025e-20
245.77519	1.42376e-20
245.78101	1.46749e-20
245.78684	1.55713e-20
245.79267	1.40641e-20
245.79850	1.26861e-20
245.80432	1.65642e-20
245.81015	1.67951e-20
245.81598	1.43444e-20
245.82181	1.70666e-20
245.82764	1.61469e-20
245.83347	1.53551e-20
245.83930	1.46944e-20
245.84513	1.43627e-20
245.85096	1.51540e-20
245.85679	1.27784e-20
245.86262	1.38944e-20
245.86845	1.62232e-20
245.87428	1.62940e-20
245.88011	1.57803e-20
245.88594	1.65633e-20
245.89177	1.78574e-20
245.89761	2.17452e-20
245.90344	3.17710e-20
245.90927	3.63820e-20
245.91510	3.88487e-20
245.92094	4.03901e-20
245.92677	4.62481e-20
245.93260	5.33345e-20
245.93844	4.80491e-20
245.94427	4.53626e-20
245.95011	3.92892e-20
245.95594	3.66390e-20
245.96178	3.72192e-20
245.96761	3.30510e-20
245.97345	3.47752e-20
245.97929	3.45459e-20
245.98512	3.43470e-20
245.99096	4.40165e-20
245.99680	5.66268e-20
246.00263	6.14639e-20
246.00847	5.42412e-20
246.01431	4.94915e-20
246.02015	4.93142e-20
246.02598	4.40265e-20
246.03182	3.95706e-20
246.03766	4.05767e-20
246.04350	4.07289e-20
246.04934	3.84978e-20
246.05518	3.61829e-20
246.06102	3.62826e-20
246.06686	3.74363e-20
246.07270	3.35888e-20
246.07854	3.37682e-20
246.08438	3.72995e-20
246.09022	3.49619e-20
246.09607	3.33848e-20
246.10191	3.75110e-20
246.10775	4.54909e-20
246.11359	5.01867e-20
246.11943	5.01584e-20
246.12528	4.70211e-20
246.13112	4.45327e-20
246.13696	4.28545e-20
246.14281	3.75382e-20
246.14865	3.66362e-20
246.15450	3.89636e-20
246.16034	3.77146e-20
246.16619	3.37045e-20
246.17203	3.03359e-20
246.17788	3.26184e-20
246.18372	3.22454e-20
246.18957	3.00544e-20
246.19542	3.43434e-20
246.20126	3.43351e-20
246.20711	3.03299e-20
246.21296	2.72473e-20
246.21880	2.69576e-20
246.22465	3.31724e-20
246.23050	3.19574e-20
246.23635	2.59931e-20
246.24220	2.51477e-20
246.24805	2.51418e-20
246.25389	2.99278e-20
246.25974	3.23620e-20
246.26559	3.20359e-20
246.27144	3.56270e-20
246.27729	3.72143e-20
246.28314	3.76933e-20
246.28899	3.58216e-20
246.29485	3.49331e-20
246.30070	3.51432e-20
246.30655	3.22326e-20
246.31240	3.23440e-20
246.31825	3.04708e-20
246.32411	2.82134e-20
246.32996	2.66326e-20
246.33581	2.62651e-20
246.34166	2.90624e-20
246.34752	2.74771e-20
246.35337	2.51552e-20
246.35923	2.63549e-20
246.36508	2.53025e-20
246.37094	2.30565e-20
246.37679	2.42179e-20
246.38265	2.48758e-20
246.38850	2.45152e-20
246.39436	2.45280e-20
246.40021	2.15123e-20
246.40607	2.19287e-20
246.41193	2.25330e-20
246.41778	2.07578e-20
246.42364	2.11242e-20
246.42950	2.16078e-20
246.43535	2.27613e-20
246.44121	2.09474e-20
246.44707	1.91133e-20
246.45293	2.02703e-20
246.45879	1.94094e-20
246.46465	2.12981e-20
246.47051	2.41539e-20
246.47637	2.58869e-20
246.48223	2.86087e-20
246.48809	2.80973e-20
246.49395	2.64539e-20
246.49981	2.44606e-20
246.50567	2.27832e-20
246.51153	2.41863e-20
246.51739	2.34867e-20
246.52325	2.18457e-20
246.52912	2.24240e-20
246.53498	2.24059e-20
246.54084	2.15952e-20
246.54671	1.95535e-20
246.55257	1.97608e-20
246.55843	2.13278e-20
246.56430	1.95895e-20
246.57016	1.98624e-20
246.57602	2.08692e-20
246.58189	2.00449e-20
246.58775	1.93706e-20
246.59362	1.92700e-20
246.59949	1.89725e-20
246.60535	1.88147e-20
246.61122	1.76308e-20
246.61708	1.64394e-20
246.62295	2.05833e-20
246.62882	2.04311e-20
246.63468	1.67343e-20
246.64055	1.65685e-20
246.64642	1.57150e-20
246.65229	1.81095e-20
246.65816	1.61108e-20
246.66402	1.32343e-20
246.66989	1.65677e-20
246.67576	1.57706e-20
246.68163	1.63183e-20
246.68750	1.70056e-20
246.69337	1.60339e-20
246.69924	1.67989e-20
246.70511	1.59621e-20
246.71098	1.59843e-20
246.71685	1.59569e-20
246.72273	1.70522e-20
246.72860	1.90913e-20
246.73447	1.95589e-20
246.74034	2.02630e-20
246.74621	1.83459e-20
246.75209	1.78537e-20
246.75796	1.93580e-20
246.76383	1.79738e-20
246.76971	1.96052e-20
246.77558	2.00064e-20
246.78146	1.75608e-20
246.78733	1.78141e-20
246.79320	1.67247e-20
246.79908	1.61643e-20
246.80496	1.64086e-20
246.81083	1.64246e-20
246.81671	1.55584e-20
246.82258	1.39121e-20
246.82846	1.61394e-20
246.83434	1.51970e-20
246.84021	1.50602e-20
246.84609	1.58828e-20
246.85197	1.43013e-20
246.85785	1.63947e-20
246.86372	1.49637e-20
246.86960	1.41650e-20
246.87548	1.56285e-20
246.88136	1.50302e-20
246.88724	1.49584e-20
246.89312	1.38423e-20
246.89900	1.43809e-20
246.90488	1.49322e-20
246.91076	1.33743e-20
246.91664	1.29329e-20
246.92252	1.36546e-20
246.92840	1.42391e-20
246.93428	1.37157e-20
246.94017	1.29100e-20
246.94605	1.19821e-20
246.95193	1.33716e-20
246.95781	1.37584e-20
246.96369	1.14979e-20
246.96958	1.23780e-20
246.97546	1.50453e-20
246.98135	1.38029e-20
246.98723	1.22751e-20
246.99311	1.35713e-20
246.99900	1.30292e-20
247.00488	1.20103e-20
247.01077	1.19620e-20
247.01665	1.30572e-20
247.02254	1.44248e-20
247.02843	1.41749e-20
247.03431	1.54294e-20
247.04020	1.55186e-20
247.04608	1.52631e-20
247.05197	1.56147e-20
247.05786	1.44317e-20
247.06375	1.46128e-20
247.06963	1.37000e-20
247.07552	1.30093e-20
247.08141	1.55561e-20
247.08730	1.54693e-20
247.09319	1.39003e-20
247.09908	1.36131e-20
247.10497	1.19544e-20
247.11086	1.19698e-20
247.11675	1.20108e-20
247.12264	1.18307e-20
247.12853	1.29609e-20
247.13442	1.23875e-20
247.14031	1.28186e-20
247.14620	1.26562e-20
247.15210	1.20350e-20
247.15799	1.17139e-20
247.16388	1.14697e-20
247.16977	1.30575e-20
247.17567	1.23346e-20
247.18156	1.17489e-20
247.18745	1.10051e-20
247.19335	1.12041e-20
247.19924	1.30153e-20
247.20513	1.17668e-20
247.21103	1.19783e-20
247.21692	1.10995e-20
247.22282	1.02811e-20
247.22872	1.07325e-20
247.23461	1.03788e-20
247.24051	1.19096e-20
247.24640	1.12651e-20
247.25230	1.00820e-20
247.25820	1.09910e-20
247.26409	1.14212e-20
247.26999	1.04915e-20
247.27589	1.05120e-20
247.28179	1.07095e-20
247.28769	9.96235e-21
247.29358	1.17042e-20
247.29948	1.14435e-20
247.30538	9.62130e-21
247.31128	1.08504e-20
247.31718	1.14779e-20
247.32308	1.00800e-20
247.32898	1.05946e-20
247.33488	1.12455e-20
247.34078	1.08323e-20
247.34668	1.18040e-20
247.35259	1.08143e-20
247.35849	1.12392e-20
247.36439	1.21429e-20
247.37029	1.20472e-20
247.37619	1.19755e-20
247.38210	9.87004e-21
247.38800	1.11093e-20
247.39390	1.11375e-20
247.39981	1.14250e-20
247.40571	1.10597e-20
247.41162	1.00398e-20
247.41752	1.28588e-20
247.42343	1.08851e-20
247.42933	1.00720e-20
247.43524	1.07704e-20
247.44114	1.12085e-20
247.44705	1.22547e-20
247.45295	1.06318e-20
247.45886	1.24086e-20
247.46477	1.03816e-20
247.47067	9.49606e-21
247.47658	1.10859e-20
247.48249	9.04777e-21
247.48840	1.02461e-20
247.49431	9.79703e-21
247.50021	9.83214e-21
247.50612	1.01726e-20
247.51203	8.50087e-21
247.51794	1.00759e-20
247.52385	1.07521e-20
247.52976	9.56554e-21
247.53567	9.53717e-21
247.54158	9.73959e-21
247.54749	8.05730e-21
247.55340	8.97561e-21
247.55931	1.06005e-20
247.56523	9.20556e-21
247.57114	8.93329e-21
247.57705	8.66715e-21
247.58296	8.41675e-21
247.58887	9.52742e-21
247.59479	9.45668e-21
247.60070	9.30374e-21
247.60661	9.74332e-21
247.61253	9.07988e-21
247.61844	9.39887e-21
247.62436	1.05370e-20
247.63027	9.40301e-21
247.63619	9.65455e-21
247.64210	1.02233e-20
247.64802	8.87283e-21
247.65393	9.78797e-21
247.65985	9.24678e-21
247.66577	8.31327e-21
247.67168	9.21643e-21
247.67760	8.43105e-21
247.68352	7.80646e-21
247.68943	8.10424e-21
247.69535	8.80255e-21
247.70127	8.96078e-21
247.70719	8.64144e-21
247.71311	9.27457e-21
247.71903	9.25776e-21
247.72495	9.05866e-21
247.73086	9.19380e-21
247.73678	9.89538e-21
247.74270	1.03942e-20
247.74862	9.76328e-21
247.75455	8.81478e-21
247.76047	8.88678e-21
247.76639	1.14261e-20
247.77231	1.06283e-20
247.77823	9.13684e-21
247.78415	1.02973e-20
247.79008	1.00675e-20
247.79600	1.03579e-20
247.80192	8.83177e-21
247.80784	7.82335e-21
247.81377	8.95872e-21
247.81969	9.73750e-21
247.82561	1.08674e-20
247.83154	1.00325e-20
247.83746	9.46316e-21
247.84339	8.89585e-21
247.84931	9.04059e-21
247.85524	9.36986e-21
247.86117	8.77553e-21
247.86709	9.33193e-21
247.87302	8.83015e-21
247.87894	9.13885e-21
247.88487	9.72755e-21
247.89080	9.44162e-21
247.89673	9.15524e-21
247.90265	8.41149e-21
247.90858	8.43789e-21
247.91451	7.66884e-21
247.92044	8.29269e-21
247.92637	8.57269e-21
247.93230	7.39574e-21
247.93823	7.38802e-21
247.94415	8.10274e-21
247.95008	1.04444e-20
247.95602	1.05590e-20
247.96195	8.70271e-21
247.96788	8.39312e-21
247.97381	7.37325e-21
247.97974	6.79593e-21
247.98567	8.16003e-21
247.99160	8.51633e-21
247.99753	9.05296e-21
248.00347	9.41962e-21
248.00940	7.16064e-21
248.01533	8.51812e-21
248.02127	8.69864e-21
248.02720	7.04137e-21
248.03313	8.86958e-21
248.03907	7.82375e-21
248.04500	7.06334e-21
248.05094	7.77387e-21
248.05687	7.50655e-21
248.06281	8.36975e-21
248.06874	8.00434e-21
248.07468	7.48228e-21
248.08062	8.21155e-21
248.08655	8.16793e-21
248.09249	8.28670e-21
248.09843	8.57984e-21
248.10436	7.27822e-21
248.11030	7.05032e-21
248.11624	7.56510e-21
248.12218	7.03097e-21
248.12812	8.06447e-21
248.13405	7.01021e-21
248.13999	7.48368e-21
248.14593	7.86006e-21
248.15187	6.39268e-21
248.15781	8.92555e-21
248.16375	8.39167e-21
248.16969	7.12659e-21
248.17563	8.51714e-21
248.18158	8.15199e-21
248.18752	8.19557e-21
248.19346	7.97178e-21
248.19940	8.61519e-21
248.20534	9.89787e-21
248.21128	8.18873e-21
248.21723	7.89132e-21
248.22317	8.92026e-21
248.22911	7.46003e-21
248.23506	7.56547e-21
248.24100	7.90442e-21
248.24695	7.70860e-21
248.25289	7.38342e-21
248.25883	8.58787e-21
248.26478	9.17731e-21
248.27073	7.45806e-21
248.27667	8.64285e-21
248.28262	7.29744e-21
248.28856	6.21776e-21
248.29451	9.14698e-21
248.30046	9.13381e-21
248.30640	7.43205e-21
248.31235	6.79819e-21
248.31830	8.18078e-21
248.32425	8.14683e-21
248.33019	7.30760e-21
248.33614	8.31453e-21
248.34209	8.28055e-21
248.34804	8.00028e-21
248.35399	6.10856e-21
248.35994	7.34335e-21
248.36589	9.22881e-21
248.37184	7.60779e-21
248.37779	7.43136e-21
248.38374	6.20747e-21
248.38969	6.92145e-21
248.39564	8.87804e-21
248.40159	8.31666e-21
248.40755	7.27362e-21
248.41350	6.65977e-21
248.41945	7.33638e-21
248.42540	7.23583e-21
248.43136	7.73445e-21
248.43731	8.77111e-21
248.44326	6.92356e-21
248.44922	6.99071e-21
248.45517	7.83236e-21
248.46113	7.34373e-21
248.46708	6.71665e-21
248.47304	7.42815e-21
248.47899	8.10286e-21
248.48495	6.25269e-21
248.49090	7.66873e-21
248.49686	8.47730e-21
248.50282	7.37153e-21
248.50877	8.07991e-21
248.51473	5.53167e-21
248.52069	6.07550e-21
248.52664	7.87750e-21
248.53260	6.74084e-21
248.53856	7.37382e-21
248.54452	6.95737e-21
248.55048	6.88114e-21
248.55644	6.51007e-21
248.56240	6.29090e-21
248.56835	7.71745e-21
248.57431	6.56350e-21
248.58028	6.17733e-21
248.58624	6.73256e-21
248.59220	7.24369e-21
248.59816	7.84197e-21
248.60412	7.98319e-21
248.61008	7.77680e-21
248.61604	7.12447e-21
248.62200	6.55436e-21
248.62797	6.85183e-21
248.63393	7.77664e-21
248.63989	6.43028e-21
248.64586	7.71517e-21
248.65182	8.26225e-21
248.65778	6.89585e-21
248.66375	7.24738e-21
248.66971	6.42523e-21
248.67568	8.97137e-21
248.68164	7.52985e-21
248.68761	6.19850e-21
248.69357	7.72934e-21
248.69954	5.58644e-21
248.70550	7.40080e-21
248.71147	7.50301e-21
248.71744	7.31461e-21
248.72340	7.63844e-21
248.72937	6.00667e-21
248.73534	7.48710e-21
248.74131	7.14031e-21
248.74728	7.51592e-21
248.75324	7.27742e-21
248.75921	6.62574e-21
248.76518	7.47779e-21
248.77115	6.24299e-21
248.77712	6.77220e-21
248.78309	6.78104e-21
248.78906	6.36786e-21
248.79503	7.80863e-21
248.80100	8.00808e-21
248.80697	7.78774e-21
248.81294	7.11900e-21
248.81892	5.69003e-21
248.82489	6.71681e-21
248.83086	6.40264e-21
248.83683	5.22826e-21
248.84281	6.97151e-21
248.84878	6.70176e-21
248.85475	6.81035e-21
248.86073	7.45522e-21
248.86670	6.63606e-21
248.87267	7.06737e-21
248.87865	6.14645e-21
248.88462	6.24206e-21
248.89060	6.52763e-21
248.89657	6.93798e-21
248.90255	5.94981e-21
248.90852	5.62603e-21
248.91450	7.97139e-21
248.92048	5.59243e-21
248.92645	5.55618e-21
248.93243	6.96617e-21
248.93841	6.70981e-21
248.94439	6.72709e-21
248.95036	5.85834e-21
248.95634	7.41837e-21
248.96232	7.64658e-21
248.96830	7.69994e-21
248.97428	7.73198e-21
248.98026	7.90631e-21
248.98624	8.31085e-21
248.99222	5.17196e-21
248.99820	6.15537e-21
249.00418	7.38168e-21
249.01016	5.95673e-21
249.01614	6.65866e-21
249.02212	8.13826e-21
249.02810	9.79758e-21
249.03408	8.43640e-21
249.04007	8.47542e-21
249.04605	9.19197e-21
249.05203	6.79002e-21
249.05802	8.87805e-21
249.06400	1.05706e-20
249.06998	7.75289e-21
249.07597	8.04869e-21
249.08195	8.61390e-21
249.08794	8.23712e-21
249.09392	9.55478e-21
249.09991	8.70320e-21
249.10589	9.04067e-21
249.11188	1.99801e-20
249.11786	3.50108e-20
249.12385	2.88632e-20
249.12983	3.31244e-20
249.13582	6.36678e-20
249.14181	7.58937e-20
249.14780	6.98353e-20
249.15378	4.87427e-20
249.15977	3.85562e-20
249.16576	3.82987e-20
249.17175	2.88176e-20
249.17774	3.86413e-20
249.18373	3.64878e-20
249.18972	2.68041e-20
249.19571	3.68895e-20
249.20170	3.52165e-20
249.20769	5.54187e-20
249.21368	9.18582e-20
249.21967	6.34409e-20
249.22566	5.59173e-20
249.23165	5.82512e-20
249.23764	5.56351e-20
249.24363	3.62742e-20
249.24963	4.21200e-20
249.25562	5.27420e-20
249.26161	3.43510e-20
249.26760	3.51000e-20
249.27360	4.21184e-20
249.27959	4.83204e-20
249.28559	4.00121e-20
249.29158	3.10043e-20
249.29757	3.46614e-20
249.30357	3.86152e-20
249.30956	3.94854e-20
249.31556	2.74897e-20
249.32156	3.61963e-20
249.32755	6.57964e-20
249.33355	7.30057e-20
249.33955	6.60832e-20
249.34554	4.96232e-20
249.35154	5.37837e-20
249.35754	5.26488e-20
249.36353	4.56036e-20
249.36953	4.74288e-20
249.37553	4.52787e-20
249.38153	4.75057e-20
249.38753	3.69426e-20
249.39353	3.35292e-20
249.39953	3.38344e-20
249.40553	3.12815e-20
249.41153	4.49730e-20
249.41753	4.60919e-20
249.42353	3.09595e-20
249.42953	2.98415e-20
249.43553	2.62906e-20
249.44153	2.67213e-20
249.44753	4.68400e-20
249.45354	4.22857e-20
249.45954	2.52685e-20
249.46554	2.10989e-20
249.47154	2.21453e-20
249.47755	3.27523e-20
249.48355	3.86710e-20
249.48955	5.19910e-20
249.49556	6.44969e-20
249.50156	5.29902e-20
249.50757	5.27408e-20
249.51357	4.44710e-20
249.51958	4.00395e-20
249.52558	4.67727e-20
249.53159	4.82466e-20
249.53760	3.84941e-20
249.54360	3.79660e-20
249.54961	3.58634e-20
249.55562	2.65766e-20
249.56162	3.13218e-20
249.56763	3.17053e-20
249.57364	3.48697e-20
249.57965	3.59236e-20
249.58566	2.68725e-20
249.59166	3.08541e-20
249.59767	2.58452e-20
249.60368	2.55628e-20
249.60969	3.21053e-20
249.61570	2.70194e-20
249.62171	3.13595e-20
249.62772	3.04589e-20
249.63373	2.27792e-20
249.63974	2.40315e-20
249.64576	2.28663e-20
249.65177	2.10136e-20
249.65778	2.46922e-20
249.66379	2.51943e-20
249.66980	2.65297e-20
249.67582	2.35676e-20
249.68183	1.75193e-20
249.68784	1.83559e-20
249.69386	1.87063e-20
249.69987	2.76359e-20
249.70589	4.52562e-20
249.71190	4.97509e-20
249.71791	3.53388e-20
249.72393	2.82463e-20
249.72995	3.55427e-20
249.73596	3.16245e-20
249.74198	3.47405e-20
249.74799	3.38276e-20
249.75401	2.45776e-20
249.76003	2.86110e-20
249.76604	2.36163e-20
249.77206	2.56204e-20
249.77808	2.89604e-20
249.78410	2.21151e-20
249.79012	2.42411e-20
249.79613	2.09847e-20
249.80215	1.88555e-20
249.80817	2.35797e-20
249.81419	2.41003e-20
249.82021	2.24873e-20
249.82623	2.35446e-20
249.83225	2.11250e-20
249.83827	1.85153e-20
249.84429	2.08399e-20
249.85031	1.75087e-20
249.85634	1.72767e-20
249.86236	2.13789e-20
249.86838	1.93768e-20
249.87440	1.92199e-20
249.88042	1.99016e-20
249.88645	1.67837e-20
249.89247	1.52418e-20
249.89849	1.75313e-20
249.90452	1.84095e-20
249.91054	1.77080e-20
249.91657	1.70000e-20
249.92259	1.70777e-20
249.92862	1.49052e-20
249.93464	1.27723e-20
249.94067	1.73359e-20
249.94669	1.47015e-20
249.95272	1.45103e-20
249.95875	2.54833e-20
249.96477	2.87704e-20
249.97080	2.80338e-20
249.97683	2.36260e-20
249.98285	2.20122e-20
249.98888	2.45579e-20
249.99491	2.17630e-20
250.00094	2.46654e-20
250.00697	2.63117e-20
250.01300	1.98239e-20
250.01903	1.98628e-20
250.02506	2.20328e-20
250.03109	1.85283e-20
250.03712	1.78675e-20
250.04315	2.02069e-20
250.04918	1.71477e-20
250.05521	1.61383e-20
250.06124	1.72815e-20
250.06727	1.63162e-20
250.07330	1.74562e-20
250.07934	1.67646e-20
250.08537	1.57832e-20
250.09140	1.76189e-20
250.09743	1.67755e-20
250.10347	1.31603e-20
250.10950	1.37622e-20
250.11554	1.67886e-20
250.12157	1.48880e-20
250.12760	1.36503e-20
250.13364	1.55693e-20
250.13967	1.47109e-20
250.14571	1.30691e-20
250.15175	1.35796e-20
250.15778	1.40995e-20
250.16382	1.35153e-20
250.16985	1.42550e-20
250.17589	1.41590e-20
250.18193	1.28470e-20
250.18797	1.20102e-20
250.19400	1.25563e-20
250.20004	1.41852e-20
250.20608	1.20849e-20
250.21212	1.18144e-20
250.21816	1.39150e-20
250.22420	1.25781e-20
250.23024	1.29810e-20
250.23628	1.28785e-20
250.24232	1.22059e-20
250.24836	1.23689e-20
250.25440	1.19521e-20
250.26044	1.56410e-20
250.26648	1.94362e-20
250.27252	1.87297e-20
250.27856	1.75642e-20
250.28461	1.71045e-20
250.29065	1.59354e-20
250.29669	1.57363e-20
250.30273	1.77846e-20
250.30878	1.76453e-20
250.31482	1.81726e-20
250.32087	1.73113e-20
250.32691	1.41443e-20
250.33295	1.44606e-20
250.33900	1.51700e-20
250.34504	1.37855e-20
250.35109	1.32557e-20
250.35713	1.41843e-20
250.36318	1.33479e-20
250.36923	1.22321e-20
250.37527	1.35889e-20
250.38132	1.24432e-20
250.38737	1.24013e-20
250.39341	1.42003e-20
250.39946	1.32082e-20
250.40551	1.08888e-20
250.41156	1.15845e-20
250.41761	1.38843e-20
250.42366	1.16341e-20
250.42971	1.08476e-20
250.43575	1.33610e-20
250.44180	1.33412e-20
250.44785	1.17146e-20
250.45391	1.01817e-20
250.45996	1.15719e-20
250.46601	1.29996e-20
250.47206	1.18869e-20
250.47811	1.04177e-20
250.48416	1.04968e-20
250.49021	1.09988e-20
250.49627	9.37941e-21
250.50232	1.07927e-20
250.50837	1.16842e-20
250.51442	1.05584e-20
250.52048	1.07953e-20
250.52653	1.00808e-20
250.53259	1.04295e-20
250.53864	9.69227e-21
250.54470	9.98122e-21
250.55075	1.10043e-20
250.55681	1.01147e-20
250.56286	1.09744e-20
250.56892	1.06554e-20
250.57497	1.06959e-20
250.58103	1.10682e-20
250.58709	1.03041e-20
250.59314	9.97964e-21
250.59920	1.08575e-20
250.60526	1.27937e-20
250.61132	1.23232e-20
250.61737	1.26257e-20
250.62343	1.35100e-20
250.62949	1.21436e-20
250.63555	1.16933e-20
250.64161	1.30309e-20
250.64767	1.30359e-20
250.65373	1.17473e-20
250.65979	1.24612e-20
250.66585	1.27021e-20
250.67191	1.16073e-20
250.67797	1.13726e-20
250.68403	1.24741e-20
250.69010	1.14722e-20
250.69616	1.03212e-20
250.70222	1.14474e-20
250.70828	9.80287e-21
250.71435	1.01126e-20
250.72041	1.13266e-20
250.72647	1.06838e-20
250.73254	1.12075e-20
250.73860	1.07271e-20
250.74467	1.12528e-20
250.75073	1.10748e-20
250.75680	1.05971e-20
250.76286	1.07741e-20
250.76893	1.06437e-20
250.77499	1.04316e-20
250.78106	9.51578e-21
250.78712	9.50883e-21
250.79319	8.66432e-21
250.79926	9.94536e-21
250.80533	1.15571e-20
250.81139	1.10417e-20
250.81746	1.01252e-20
250.82353	9.03709e-21
250.82960	1.07443e-20
250.83567	9.75012e-21
250.84174	9.50917e-21
250.84781	1.03024e-20
250.85388	8.68528e-21
250.85995	1.02067e-20
250.86602	8.69136e-21
250.87209	7.71112e-21
250.87816	9.40689e-21
250.88423	9.07413e-21
250.89030	8.96434e-21
250.89637	7.53138e-21
250.90244	7.68432e-21
250.90852	9.21259e-21
250.91459	9.57798e-21
250.92066	8.72069e-21
250.92673	8.60939e-21
250.93281	9.91646e-21
250.93888	9.18893e-21
250.94496	8.82332e-21
250.95103	8.63607e-21
250.95710	8.68733e-21
250.96318	9.67458e-21
250.96925	8.96218e-21
250.97533	8.69068e-21
250.98141	9.47975e-21
250.98748	1.06679e-20
250.99356	1.06174e-20
250.99964	1.05089e-20
251.00571	1.08437e-20
251.01179	1.01153e-20
251.01787	1.00690e-20
251.02395	8.82273e-21
251.03002	9.49552e-21
251.03610	1.08014e-20
251.04218	8.72367e-21
251.04826	9.97588e-21
251.05434	1.13034e-20
251.06042	1.07351e-20
251.06650	1.08635e-20
251.07258	9.65341e-21
251.07866	9.27610e-21
251.08474	8.70501e-21
251.09082	9.75736e-21
251.09690	1.01988e-20
251.10299	8.99792e-21
251.10907	9.89169e-21
251.11515	9.65733e-21
251.12123	9.34228e-21
251.12732	8.66577e-21
251.13340	8.26473e-21
251.13948	9.52364e-21
251.14557	9.72688e-21
251.15165	9.70852e-21
251.15773	9.51870e-21
251.16382	9.54773e-21
251.16990	8.57791e-21
251.17599	8.67671e-21
251.18207	9.13583e-21
251.18816	8.80225e-21
251.19425	9.64234e-21
251.20033	8.46806e-21
251.20642	8.86525e-21
251.21251	9.18817e-21
251.21859	9.00574e-21
251.22468	9.79902e-21
251.23077	8.04675e-21
251.23686	9.13249e-21
251.24295	9.33023e-21
251.24904	7.95501e-21
251.25512	8.69769e-21
251.26121	8.78351e-21
251.26730	8.87445e-21
251.27339	8.69222e-21
251.27948	9.41810e-21
251.28557	8.95998e-21
251.29167	8.04193e-21
251.29776	9.11227e-21
251.30385	8.71089e-21
251.30994	7.84695e-21
251.31603	8.23789e-21
251.32212	8.77146e-21
251.32822	7.92241e-21
251.33431	8.17966e-21
251.34040	8.94666e-21
251.34650	8.37612e-21
251.35259	7.80764e-21
251.35868	8.01366e-21
251.36478	8.85881e-21
251.37087	8.55170e-21
251.37697	8.89246e-21
251.38306	8.86627e-21
251.38916	8.18094e-21
251.39526	8.84738e-21
251.40135	8.83208e-21
251.40745	9.11621e-21
251.41355	8.91026e-21
251.41964	8.88908e-21
251.42574	9.84633e-21
251.43184	9.31464e-21
251.43794	8.58856e-21
251.44403	8.51243e-21
251.45013	9.28853e-21
251.45623	9.56686e-21
251.46233	9.76646e-21
251.46843	9.75590e-21
251.47453	8.50479e-21
251.48063	8.70131e-21
251.48673	8.49519e-21
251.49283	7.85621e-21
251.49893	8.35926e-21
251.50503	7.56411e-21
251.51113	7.93159e-21
251.51724	8.95704e-21
251.52334	8.13141e-21
251.52944	8.58916e-21
251.53554	8.67882e-21
251.54165	7.54055e-21
251.54775	8.56719e-21
251.55385	8.79763e-21
251.55996	8.29247e-21
251.56606	9.55696e-21
251.57217	8.55230e-21
251.57827	7.68799e-21
251.58438	8.27917e-21
251.59048	7.88312e-21
251.59659	8.24227e-21
251.60269	8.40936e-21
251.60880	8.75511e-21
251.61491	8.00888e-21
251.62101	7.85602e-21
251.62712	9.26221e-21
251.63323	7.93001e-21
251.63933	8.23363e-21
251.64544	8.56404e-21
251.65155	8.48323e-21
251.65766	9.02052e-21
251.66377	7.63334e-21
251.66988	9.04097e-21
251.67599	8.63969e-21
251.68210	8.09559e-21
251.68821	9.29939e-21
251.69432	7.43876e-21
251.70043	7.57261e-21
251.70654	8.32138e-21
251.71265	8.27794e-21
251.71876	8.40031e-21
251.72487	8.59105e-21
251.73099	8.34682e-21
251.73710	7.50289e-21
251.74321	8.28679e-21
251.74932	8.32583e-21
251.75544	7.60334e-21
251.76155	7.41277e-21
251.76767	7.89923e-21
251.77378	7.56673e-21
251.77989	7.36424e-21
251.78601	7.62189e-21
251.79212	7.22710e-21
251.79824	8.90742e-21
251.80436	8.26383e-21
251.81047	7.59030e-21
251.81659	8.63645e-21
251.82271	8.82533e-21
251.82882	9.11036e-21
251.83494	6.87523e-21
251.84106	7.40365e-21
251.84717	8.57134e-21
251.85329	7.60042e-21
251.85941	7.87587e-21
251.86553	7.76564e-21
251.87165	8.38857e-21
251.87777	8.24332e-21
251.88389	8.16700e-21
251.89001	7.98165e-21
251.89613	7.85885e-21
251.90225	8.10518e-21
251.90837	7.80035e-21
251.91449	8.66209e-21
251.92061	8.13689e-21
251.92673	7.92731e-21
251.93286	8.02171e-21
251.93898	8.58838e-21
251.94510	9.38552e-21
251.95122	8.13348e-21
251.95735	7.81211e-21
251.96347	8.56545e-21
251.96959	8.46127e-21
251.97572	7.74854e-21
251.98184	9.06855e-21
251.98797	8.84963e-21
251.99409	7.77101e-21
252.00022	8.41977e-21
252.00634	7.16081e-21
252.01247	8.81608e-21
252.01860	8.66268e-21
252.02472	7.15816e-21
252.03085	8.75966e-21
252.03698	7.85605e-21
252.04310	8.57764e-21
252.04923	9.15303e-21
252.05536	8.50173e-21
252.06149	9.02345e-21
252.06762	7.72881e-21
252.07374	8.23286e-21
252.07987	9.05739e-21
252.08600	8.39074e-21
252.09213	8.96753e-21
252.09826	9.01411e-21
252.10439	8.61994e-21
252.11052	8.75969e-21
252.11665	8.34010e-21
252.12279	8.04209e-21
252.12892	8.22345e-21
252.13505	8.47148e-21
252.14118	8.80356e-21
252.14731	8.66694e-21
252.15345	8.80873e-21
252.15958	8.83026e-21
252.16571	8.19012e-21
252.17185	7.76640e-21
252.17798	8.54292e-21
252.18411	9.01111e-21
252.19025	8.14897e-21
252.19638	8.42651e-21
252.20252	8.66632e-21
252.20865	8.26149e-21
252.21479	8.19439e-21
252.22093	8.26892e-21
252.22706	8.62224e-21
252.23320	8.61518e-21
252.23934	9.14731e-21
252.24547	8.99132e-21
252.25161	8.44951e-21
252.25775	8.61388e-21
252.26389	7.99398e-21
252.27003	8.58527e-21
252.27616	9.18398e-21
252.28230	8.15740e-21
252.28844	8.23276e-21
252.29458	8.44075e-21
252.30072	8.23554e-21
252.30686	8.56553e-21
252.31300	9.13672e-21
252.31914	9.21277e-21
252.32528	8.13078e-21
252.33143	8.43666e-21
252.33757	8.93427e-21
252.34371	8.22559e-21
252.34985	8.61018e-21
252.35599	9.11060e-21
252.36214	9.06637e-21
252.36828	8.65776e-21
252.37442	8.29669e-21
252.38057	7.72627e-21
252.38671	8.20825e-21
252.39286	8.88638e-21
252.39900	8.20013e-21
252.40515	9.42223e-21
252.41129	8.85476e-21
252.41744	8.42542e-21
252.42358	9.69913e-21
252.42973	8.51370e-21
252.43587	9.11296e-21
252.44202	9.00642e-21
252.44817	8.64158e-21
252.45432	9.38671e-21
252.46046	8.52635e-21
252.46661	8.47752e-21
252.47276	8.27291e-21
252.47891	8.90038e-21
252.48506	9.40748e-21
252.49121	8.81007e-21
252.49736	8.93825e-21
252.50351	9.12441e-21
252.50966	8.66040e-21
252.51581	8.42186e-21
252.52196	9.51440e-21
252.52811	9.20904e-21
252.53426	8.96762e-21
252.54041	9.22121e-21
252.54656	8.76485e-21
252.55271	9.26040e-21
252.55887	8.43086e-21
252.56502	8.18735e-21
252.57117	9.37929e-21
252.57733	8.69389e-21
252.58348	8.52233e-21
252.58963	9.15566e-21
252.59579	9.19630e-21
252.60194	9.67488e-21
252.60810	9.08681e-21
252.61425	8.37564e-21
252.62041	8.53723e-21
252.62656	8.08970e-21
252.63272	8.06757e-21
252.63888	8.11527e-21
252.64503	9.14823e-21
252.65119	8.93298e-21
252.65735	7.96413e-21
252.66351	9.06021e-21
252.66966	8.60338e-21
252.67582	8.45286e-21
252.68198	8.51417e-21
252.68814	8.51050e-21
252.69430	9.01411e-21
252.70046	8.83094e-21
252.70662	9.31671e-21
252.71278	8.66251e-21
252.71894	8.54815e-21
252.72510	8.69532e-21
252.73126	8.93835e-21
252.73742	9.08777e-21
252.74358	8.43445e-21
252.74974	9.35271e-21
252.75590	9.02928e-21
252.76207	8.44737e-21
252.76823	8.39430e-21
252.77439	9.33631e-21
252.78056	9.12858e-21
252.78672	8.23226e-21
252.79288	9.43857e-21
252.79905	8.71493e-21
252.80521	9.28246e-21
252.81138	8.52376e-21
252.81754	7.98419e-21
252.82371	9.87214e-21
252.82987	8.89381e-21
252.83604	9.82665e-21
252.84221	9.02978e-21
252.84837	8.55799e-21
252.85454	1.01542e-20
252.86071	8.52657e-21
252.86687	8.72560e-21
252.87304	9.34145e-21
252.87921	9.60401e-21
252.88538	9.94939e-21
252.89155	9.18892e-21
252.89772	9.60381e-21
252.90388	1.00042e-20
252.91005	9.39618e-21
252.91622	9.09469e-21
252.92239	9.26403e-21
252.92856	9.67754e-21
252.93474	1.02075e-20
252.94091	9.72098e-21
252.94708	9.43637e-21
252.95325	9.46054e-21
252.95942	9.74561e-21
252.96559	9.54786e-21
252.97177	9.20322e-21
252.97794	1.01844e-20
252.98411	9.14486e-21
252.99029	9.22059e-21
252.99646	9.93502e-21
253.00263	9.05060e-21
253.00881	9.60196e-21
253.01498	9.77964e-21
253.02116	1.01205e-20
253.02733	1.00268e-20
253.03351	9.76338e-21
253.03969	1.02939e-20
253.04586	1.02625e-20
253.05204	9.48619e-21
253.05821	8.79314e-21
253.06439	9.71105e-21
253.07057	9.75793e-21
253.07675	9.58663e-21
253.08293	9.87277e-21
253.08910	9.35472e-21
253.09528	9.70648e-21
253.10146	1.01477e-20
253.10764	1.00290e-20
253.11382	9.21385e-21
253.12000	9.13832e-21
253.12618	9.94607e-21
253.13236	9.79509e-21
253.13854	9.30700e-21
253.14472	9.38893e-21
253.15090	9.57681e-21
253.15709	9.67155e-21
253.16327	9.88292e-21
253.16945	9.79908e-21
253.17563	1.00740e-20
253.18181	1.03267e-20
253.18800	9.88137e-21
253.19418	9.37335e-21
253.20037	9.57288e-21
253.20655	9.96769e-21
253.21273	9.45249e-21
253.21892	9.74532e-21
253.22510	9.59030e-21
253.23129	9.33384e-21
253.23747	9.64359e-21
253.24366	9.73458e-21
253.24985	9.72123e-21
253.25603	9.12291e-21
253.26222	9.32687e-21
253.26841	8.92944e-21
253.27459	9.37878e-21
253.28078	1.00313e-20
253.28697	9.26287e-21
253.29316	9.59359e-21
253.29935	9.27868e-21
253.30554	9.24275e-21
253.31172	9.41262e-21
253.31791	9.42117e-21
253.32410	9.20718e-21
253.33029	9.07868e-21
253.33648	9.76888e-21
253.34268	9.18832e-21
253.34887	8.82215e-21
253.35506	8.83194e-21
253.36125	9.69090e-21
253.36744	9.83111e-21
253.37363	9.18919e-21
253.37983	9.85684e-21
253.38602	9.14561e-21
253.39221	9.22751e-21
253.39841	9.38031e-21
253.40460	9.03479e-21
253.41079	9.24355e-21
253.41699	9.16642e-21
253.42318	9.87952e-21
253.42938	9.76254e-21
253.43557	8.93650e-21
253.44177	8.93866e-21
253.44796	1.02261e-20
253.45416	9.90158e-21
253.46036	9.16900e-21
253.46655	9.51746e-21
253.47275	9.27215e-21
253.47895	9.96526e-21
253.48515	1.00280e-20
253.49134	9.89196e-21
253.49754	9.78139e-21
253.50374	9.62442e-21
253.50994	9.66042e-21
253.51614	9.24391e-21
253.52234	9.77884e-21
253.52854	9.14236e-21
253.53474	9.74789e-21
253.54094	1.02426e-20
253.54714	9.37095e-21
253.55334	1.07139e-20
253.55954	9.79526e-21
253.56574	8.44323e-21
253.57194	9.82630e-21
253.57815	9.64007e-21
253.58435	8.87880e-21
253.59055	1.04381e-20
253.59676	1.05511e-20
253.60296	9.47267e-21
253.60916	1.00413e-20
253.61537	9.43477e-21
253.62157	9.58114e-21
253.62778	1.04567e-20
253.63398	1.03096e-20
253.64019	9.70442e-21
253.64639	9.08432e-21
253.65260	1.00105e-20
253.65880	9.93824e-21
253.66501	9.42567e-21
253.67122	9.62842e-21
253.67742	9.62013e-21
253.68363	1.01549e-20
253.68984	9.75964e-21
253.69605	9.80712e-21
253.70226	1.07350e-20
253.70846	1.02464e-20
253.71467	9.10746e-21
253.72088	9.42623e-21
253.72709	1.06970e-20
253.73330	9.78218e-21
253.73951	8.48725e-21
253.74572	1.00416e-20
253.75193	9.87918e-21
253.75814	8.40695e-21
253.76435	9.63861e-21
253.77057	1.06816e-20
253.77678	1.02698e-20
253.78299	9.80150e-21
253.78920	1.01828e-20
253.79542	9.80005e-21
253.80163	9.46700e-21
253.80784	9.80873e-21
253.81406	8.64140e-21
253.82027	9.26660e-21
253.82648	1.00640e-20
253.83270	1.01136e-20
253.83891	1.02636e-20
253.84513	9.38497e-21
253.85135	1.01908e-20
253.85756	1.03660e-20
253.86378	9.49674e-21
253.86999	1.00830e-20
253.87621	1.10347e-20
253.88243	1.15204e-20
253.88865	1.10927e-20
253.89486	1.05857e-20
253.90108	1.00635e-20
253.90730	1.04193e-20
253.91352	1.03714e-20
253.91974	9.81541e-21
253.92596	9.81960e-21
253.93218	9.90581e-21
253.93840	1.02741e-20
253.94462	1.03873e-20
253.95084	9.73156e-21
253.95706	9.44180e-21
253.96328	1.07622e-20
253.96950	1.06791e-20
253.97572	1.10277e-20
253.98194	1.18016e-20
253.98817	1.04414e-20
253.99439	1.06745e-20
254.00061	1.07563e-20
254.00683	1.01506e-20
254.01306	9.86303e-21
254.01928	1.00483e-20
254.02551	1.04314e-20
254.03173	1.02259e-20
254.03796	1.07419e-20
254.04418	9.91608e-21
254.05041	1.06057e-20
254.05663	1.13855e-20
254.06286	1.00969e-20
254.06908	1.01431e-20
254.07531	1.00169e-20
254.08154	1.04601e-20
254.08776	1.02021e-20
254.09399	1.00426e-20
254.10022	1.11362e-20
254.10645	1.13192e-20
254.11268	1.09289e-20
254.11890	1.12224e-20
254.12513	1.15376e-20
254.13136	1.03019e-20
254.13759	1.14568e-20
254.14382	1.14049e-20
254.15005	1.02113e-20
254.15628	1.07768e-20
254.16251	9.92319e-21
254.16875	1.09462e-20
254.17498	1.17638e-20
254.18121	1.17666e-20
254.18744	1.08542e-20
254.19367	1.00810e-20
254.19991	1.14623e-20
254.20614	1.01085e-20
254.21237	1.01744e-20
254.21861	1.11016e-20
254.22484	1.06325e-20
254.23107	1.05896e-20
254.23731	1.03026e-20
254.24354	1.13727e-20
254.24978	1.08133e-20
254.25601	1.04910e-20
254.26225	1.13367e-20
254.26849	1.10825e-20
254.27472	1.09723e-20
254.28096	1.05436e-20
254.28720	1.07873e-20
254.29343	1.05023e-20
254.29967	1.03175e-20
254.30591	1.09581e-20
254.31215	1.04431e-20
254.31838	1.03564e-20
254.32462	1.10490e-20
254.33086	1.07185e-20
254.33710	1.08284e-20
254.34334	1.12776e-20
254.34958	1.06797e-20
254.35582	1.06365e-20
254.36206	1.04764e-20
254.36830	1.00659e-20
254.37454	1.02618e-20
254.38079	1.14879e-20
254.38703	1.21626e-20
254.39327	1.05534e-20
254.39951	1.01542e-20
254.40576	1.07669e-20
254.41200	1.07708e-20
254.41824	1.07106e-20
254.42449	1.11031e-20
254.43073	1.11825e-20
254.43697	1.03714e-20
254.44322	1.07066e-20
254.44946	1.04139e-20
254.45571	9.80534e-21
254.46195	1.00368e-20
254.46820	9.82810e-21
254.47445	9.91132e-21
254.48069	9.80658e-21
254.48694	1.06712e-20
254.49319	1.10062e-20
254.49943	1.07711e-20
254.50568	1.13759e-20
254.51193	1.03129e-20
254.51818	1.01186e-20
254.52443	1.07643e-20
254.53068	1.04209e-20
254.53692	1.10567e-20
254.54317	1.12108e-20
254.54942	1.04581e-20
254.55567	1.09193e-20
254.56192	1.10557e-20
254.56818	1.04184e-20
254.57443	1.08969e-20
254.58068	1.10429e-20
254.58693	1.01777e-20
254.59318	1.02710e-20
254.59943	1.08367e-20
254.60569	9.54835e-21
254.61194	9.52237e-21
254.61819	1.10770e-20
254.62445	1.04513e-20
254.63070	1.07191e-20
254.63695	1.05123e-20
254.64321	9.49889e-21
254.64946	1.01801e-20
254.65572	1.00162e-20
254.66197	1.02786e-20
254.66823	1.01610e-20
254.67449	1.05769e-20
254.68074	1.03280e-20
254.68700	8.78157e-21
254.69326	1.04292e-20
254.69951	1.04200e-20
254.70577	9.90295e-21
254.71203	1.09601e-20
254.71829	1.04278e-20
254.72454	1.05978e-20
254.73080	1.02606e-20
254.73706	1.00450e-20
254.74332	1.00035e-20
254.74958	9.76023e-21
254.75584	1.04850e-20
254.76210	1.04215e-20
254.76836	1.05929e-20
254.77462	1.02984e-20
254.78088	9.94440e-21
254.78715	1.03378e-20
254.79341	1.04773e-20
254.79967	1.08093e-20
254.80593	1.00236e-20
254.81219	9.25311e-21
254.81846	1.02351e-20
254.82472	1.06310e-20
254.83098	9.98526e-21
254.83725	9.64555e-21
254.84351	9.53791e-21
254.84978	9.74993e-21
254.85604	1.04324e-20
254.86231	1.10918e-20
254.86857	1.07281e-20
254.87484	9.96806e-21
254.88111	1.03495e-20
254.88737	1.01998e-20
254.89364	1.02476e-20
254.89991	1.05475e-20
254.90617	1.03130e-20
254.91244	1.03797e-20
254.91871	9.66108e-21
254.92498	9.97997e-21
254.93125	9.97190e-21
254.93751	9.67539e-21
254.94378	1.06479e-20
254.95005	1.00574e-20
254.95632	9.86523e-21
254.96259	1.04064e-20
254.96886	1.07160e-20
254.97513	1.02090e-20
254.98141	9.56966e-21
254.98768	1.01776e-20
254.99395	9.82835e-21
255.00022	9.85018e-21
255.00649	1.02274e-20
255.01277	1.07605e-20
255.01904	1.06644e-20
255.02531	9.46544e-21
255.03158	1.01639e-20
255.03786	1.06295e-20
255.04413	1.06140e-20
255.05041	1.00609e-20
255.05668	9.65253e-21
255.06296	1.04808e-20
255.06923	1.07503e-20
255.07551	1.12300e-20
255.08178	1.03871e-20
255.08806	9.87808e-21
255.09434	1.01853e-20
255.10061	9.55812e-21
255.10689	1.00711e-20
255.11317	1.06169e-20
255.11945	1.04892e-20
255.12572	1.06416e-20
255.13200	1.10376e-20
255.13828	1.02571e-20
255.14456	1.00900e-20
255.15084	1.08704e-20
255.15712	9.76809e-21
255.16340	9.56067e-21
255.16968	1.05257e-20
255.17596	1.02330e-20
255.18224	1.03998e-20
255.18852	1.11953e-20
255.19480	1.09746e-20
255.20109	1.08180e-20
255.20737	1.06930e-20
255.21365	1.01261e-20
255.21993	1.04744e-20
255.22622	1.07161e-20
255.23250	1.06058e-20
255.23878	9.85530e-21
255.24507	9.53520e-21
255.25135	9.61273e-21
255.25764	9.73468e-21
255.26392	1.13369e-20
255.27021	1.11689e-20
255.27649	1.05046e-20
255.28278	1.03287e-20
255.28907	1.02719e-20
255.29535	1.08602e-20
255.30164	1.04000e-20
255.30793	1.11207e-20
255.31421	1.08027e-20
255.32050	9.60669e-21
255.32679	1.01378e-20
255.33308	1.06129e-20
255.33937	1.04975e-20
255.34566	9.73769e-21
255.35194	1.10134e-20
255.35823	1.12960e-20
255.36452	9.97098e-21
255.37081	1.04755e-20
255.37710	1.10285e-20
255.38340	1.16684e-20
255.38969	1.07858e-20
255.39598	1.02193e-20
255.40227	1.09822e-20
255.40856	1.07304e-20
255.41485	1.02322e-20
255.42115	1.01357e-20
255.42744	1.10002e-20
255.43373	1.08619e-20
255.44003	1.05885e-20
255.44632	1.09033e-20
255.45262	1.09142e-20
255.45891	1.05718e-20
255.46520	9.57499e-21
255.47150	1.01211e-20
255.47780	1.10293e-20
255.48409	1.09068e-20
255.49039	1.05418e-20
255.49668	1.06545e-20
255.50298	1.06969e-20
255.50928	9.78801e-21
255.51558	1.04418e-20
255.52187	1.08429e-20
255.52817	1.03457e-20
255.53447	1.04158e-20
255.54077	1.05779e-20
255.54707	1.16494e-20
255.55337	1.13510e-20
255.55967	1.07474e-20
255.56597	1.10989e-20
255.57227	1.09023e-20
255.57857	1.09364e-20
255.58487	1.09499e-20
255.59117	1.08872e-20
255.59747	1.07993e-20
255.60377	1.14420e-20
255.61007	1.17423e-20
255.61638	1.10425e-20
255.62268	1.15673e-20
255.62898	1.12292e-20
255.63528	1.05425e-20
255.64159	1.12620e-20
255.64789	1.10053e-20
255.65420	1.13104e-20
255.66050	1.15943e-20
255.66681	1.06437e-20
255.67311	1.13715e-20
255.67942	1.15467e-20
255.68572	1.08528e-20
255.69203	1.16182e-20
255.69833	1.14487e-20
255.70464	1.13331e-20
255.71095	1.08066e-20
255.71725	1.02602e-20
255.72356	1.14539e-20
255.72987	1.06618e-20
255.73618	1.03686e-20
255.74249	1.13464e-20
255.74880	1.06377e-20
255.75511	1.09230e-20
255.76141	1.11286e-20
255.76772	1.14497e-20
255.77403	1.17228e-20
255.78035	1.11632e-20
255.78666	1.16426e-20
255.79297	1.13279e-20
255.79928	1.14429e-20
255.80559	1.18027e-20
255.81190	1.13172e-20
255.81821	1.18357e-20
255.82453	1.15977e-20
255.83084	1.14106e-20
255.83715	1.18780e-20
255.84347	1.13802e-20
255.84978	1.13830e-20
255.85609	1.18693e-20
255.86241	1.15749e-20
255.86872	1.14874e-20
255.87504	1.15631e-20
255.88135	1.10301e-20
255.88767	1.09565e-20
255.89399	1.15046e-20
255.90030	1.18587e-20
255.90662	1.18206e-20
255.91294	1.17685e-20
255.91925	1.15615e-20
255.92557	1.18053e-20
255.93189	1.24932e-20
255.93821	1.13746e-20
255.94453	1.11222e-20
255.95084	1.20701e-20
255.95716	1.12408e-20
255.96348	1.13761e-20
255.96980	1.16749e-20
255.97612	1.12138e-20
255.98244	1.13883e-20
255.98876	1.12120e-20
255.99508	1.14199e-20
256.00141	1.11338e-20
256.00773	1.09537e-20
256.01405	1.20377e-20
256.02037	1.20255e-20
256.02669	1.16512e-20
256.03302	1.19496e-20
256.03934	1.18631e-20
256.04566	1.11476e-20
256.05199	1.05183e-20
256.05831	1.08001e-20
256.06464	1.08499e-20
256.07096	1.08158e-20
256.07729	1.15210e-20
256.08361	1.16128e-20
256.08994	1.08036e-20
256.09626	1.08289e-20
256.10259	1.16332e-20
256.10892	1.13704e-20
256.11524	1.14092e-20
256.12157	1.15992e-20
256.12790	1.13637e-20
256.13423	1.16968e-20
256.14055	1.07408e-20
256.14688	1.05903e-20
256.15321	1.12622e-20
256.15954	1.08408e-20
256.16587	1.11680e-20
256.17220	1.09613e-20
256.17853	1.10270e-20
256.18486	1.14476e-20
256.19119	1.11133e-20
256.19752	1.10992e-20
256.20385	1.09022e-20
256.21019	1.17662e-20
256.21652	1.12779e-20
256.22285	1.05619e-20
256.22918	1.16901e-20
256.23552	1.07152e-20
256.24185	1.07475e-20
256.24818	1.11958e-20
256.25452	1.02600e-20
256.26085	1.06951e-20
256.26718	1.07866e-20
256.27352	1.10347e-20
256.27985	1.11177e-20
256.28619	1.10492e-20
256.29253	1.15212e-20
256.29886	1.10571e-20
256.30520	1.08591e-20
256.31153	1.08082e-20
256.31787	1.06548e-20
256.32421	1.06368e-20
256.33055	1.08747e-20
256.33688	1.06417e-20
256.34322	1.01903e-20
256.34956	1.13108e-20
256.35590	1.08733e-20
256.36224	1.00913e-20
256.36858	1.10456e-20
256.37492	1.07400e-20
256.38126	1.01508e-20
256.38760	1.02360e-20
256.39394	1.07091e-20
256.40028	1.04179e-20
256.40662	9.96334e-21
256.41296	1.06001e-20
256.41931	1.09789e-20
256.42565	1.10704e-20
256.43199	1.04384e-20
256.43833	1.03274e-20
256.44468	1.09006e-20
256.45102	1.06592e-20
256.45736	1.03617e-20
256.46371	1.04871e-20
256.47005	1.05268e-20
256.47640	1.03274e-20
256.48274	1.06407e-20
256.48909	1.06428e-20
256.49543	1.09446e-20
256.50178	1.08071e-20
256.50813	1.03747e-20
256.51447	1.12144e-20
256.52082	1.07301e-20
256.52717	1.08212e-20
256.53352	1.13517e-20
256.53986	1.05216e-20
256.54621	1.11021e-20
256.55256	1.13809e-20
256.55891	1.03543e-20
256.56526	1.01213e-20
256.57161	1.08053e-20
256.57796	1.08177e-20
256.58431	1.08463e-20
256.59066	1.07053e-20
256.59701	1.03855e-20
256.60336	1.07423e-20
256.60971	1.03379e-20
256.61606	1.05242e-20
256.62242	1.08414e-20
256.62877	1.08385e-20
256.63512	1.06537e-20
256.64147	9.93389e-21
256.64783	1.06772e-20
256.65418	1.07439e-20
256.66053	1.02369e-20
256.66689	1.06685e-20
256.67324	1.12421e-20
256.67960	1.09858e-20
256.68595	1.01686e-20
256.69231	1.05451e-20
256.69866	1.04650e-20
256.70502	1.04868e-20
256.71138	1.06926e-20
256.71773	1.05106e-20
256.72409	1.07525e-20
256.73045	1.05231e-20
256.73681	1.07297e-20
256.74316	1.09264e-20
256.74952	1.11271e-20
256.75588	1.10685e-20
256.76224	1.09639e-20
256.76860	1.09086e-20
256.77496	1.01907e-20
256.78132	1.09022e-20
256.78768	1.06498e-20
256.79404	1.02640e-20
256.80040	1.12494e-20
256.80676	1.06615e-20
256.81312	1.07851e-20
256.81948	1.12526e-20
256.82585	1.05435e-20
256.83221	1.04801e-20
256.83857	1.11285e-20
256.84493	1.09553e-20
256.85130	1.05995e-20
256.85766	1.13783e-20
256.86403	1.11318e-20
256.87039	1.08481e-20
256.87675	1.07908e-20
256.88312	9.99599e-21
256.88949	1.07683e-20
256.89585	1.14959e-20
256.90222	1.09266e-20
256.90858	1.08298e-20
256.91495	1.12183e-20
256.92132	1.13907e-20
256.92768	1.12068e-20
256.93405	1.14181e-20
256.94042	1.13771e-20
256.94679	1.10430e-20
256.95316	1.12417e-20
256.95952	1.12709e-20
256.96589	1.08293e-20
256.97226	1.04501e-20
256.97863	1.08289e-20
256.98500	1.06351e-20
256.99137	1.04960e-20
256.99774	1.10335e-20
257.00411	1.05687e-20
257.01049	1.09620e-20
257.01686	1.11473e-20
257.02323	1.06555e-20
257.02960	1.13591e-20
257.03597	1.11813e-20
257.04235	1.07074e-20
257.04872	1.09645e-20
257.05509	1.11174e-20
257.06147	1.12316e-20
257.06784	1.13648e-20
257.07422	1.09029e-20
257.08059	1.06308e-20
257.08696	1.15751e-20
257.09334	1.19559e-20
257.09972	1.17785e-20
257.10609	1.18395e-20
257.11247	1.14703e-20
257.11884	1.08303e-20
257.12522	1.07354e-20
257.13160	1.10249e-20
257.13798	1.11329e-20
257.14435	1.14021e-20
257.15073	1.12335e-20
257.15711	1.13995e-20
257.16349	1.15653e-20
257.16987	1.14430e-20
257.17625	1.13523e-20
257.18263	1.08210e-20
257.18901	1.12375e-20
257.19539	1.13945e-20
257.20177	1.13084e-20
257.20815	1.12579e-20
257.21453	1.10325e-20
257.22091	1.15413e-20
257.22730	1.10654e-20
257.23368	1.10830e-20
257.24006	1.10524e-20
257.24644	1.07735e-20
257.25283	1.11478e-20
257.25921	1.12015e-20
257.26560	1.19363e-20
257.27198	1.16827e-20
257.27836	1.13599e-20
257.28475	1.18189e-20
257.29113	1.15159e-20
257.29752	1.08990e-20
257.30391	1.12460e-20
257.31029	1.16065e-20
257.31668	1.11055e-20
257.32306	1.16903e-20
257.32945	1.18048e-20
257.33584	1.17141e-20
257.34223	1.18161e-20
257.34861	1.17703e-20
257.35500	1.19218e-20
257.36139	1.15190e-20
257.36778	1.23258e-20
257.37417	1.17825e-20
257.38056	1.13859e-20
257.38695	1.18040e-20
257.39334	1.13973e-20
257.39973	1.21337e-20
257.40612	1.13563e-20
257.41251	1.15004e-20
257.41890	1.20625e-20
257.42530	1.14419e-20
257.43169	1.19646e-20
257.43808	1.20551e-20
257.44447	1.18228e-20
257.45087	1.15262e-20
257.45726	1.20061e-20
257.46365	1.16703e-20
257.47005	1.15266e-20
257.47644	1.20234e-20
257.48284	1.16335e-20
257.48923	1.24057e-20
257.49563	1.19224e-20
257.50202	1.17283e-20
257.50842	1.22033e-20
257.51482	1.19691e-20
257.52121	1.16237e-20
257.52761	1.12533e-20
257.53401	1.22600e-20
257.54040	1.17320e-20
257.54680	1.19003e-20
257.55320	1.23942e-20
257.55960	1.15521e-20
257.56600	1.22686e-20
257.57240	1.15356e-20
257.57880	1.14453e-20
257.58520	1.23364e-20
257.59160	1.19619e-20
257.59800	1.22499e-20
257.60440	1.26508e-20
257.61080	1.25789e-20
257.61720	1.22636e-20
257.62360	1.25626e-20
257.63000	1.26949e-20
257.63641	1.25654e-20
257.64281	1.24726e-20
257.64921	1.22498e-20
257.65561	1.22710e-20
257.66202	1.14916e-20
257.66842	1.16956e-20
257.67483	1.20605e-20
257.68123	1.20229e-20
257.68764	1.31462e-20
257.69404	1.31497e-20
257.70045	1.26878e-20
257.70685	1.29604e-20
257.71326	1.29903e-20
257.71966	1.28087e-20
257.72607	1.25793e-20
257.73248	1.26804e-20
257.73889	1.26793e-20
257.74529	1.28106e-20
257.75170	1.28480e-20
257.75811	1.24554e-20
257.76452	1.25914e-20
257.77093	1.29771e-20
257.77734	1.27996e-20
257.78375	1.24068e-20
257.79016	1.25637e-20
257.79657	1.27822e-20
257.80298	1.29424e-20
257.80939	1.31446e-20
257.81580	1.34264e-20
257.82221	1.39268e-20
257.82862	1.29673e-20
257.83504	1.28685e-20
257.84145	1.35907e-20
257.84786	1.26600e-20
257.85427	1.26401e-20
257.86069	1.28419e-20
257.86710	1.29541e-20
257.87352	1.34013e-20
257.87993	1.29013e-20
257.88634	1.28862e-20
257.89276	1.32263e-20
257.89918	1.35287e-20
257.90559	1.29933e-20
257.91201	1.26792e-20
257.91842	1.29622e-20
257.92484	1.31011e-20
257.93126	1.36243e-20
257.93767	1.34986e-20
257.94409	1.28132e-20
257.95051	1.24502e-20
257.95693	1.28033e-20
257.96335	1.29347e-20
257.96977	1.30904e-20
257.97619	1.32074e-20
257.98260	1.24662e-20
257.98902	1.29859e-20
257.99544	1.30542e-20
258.00187	1.32734e-20
258.00829	1.38021e-20
258.01471	1.32615e-20
258.02113	1.38541e-20
258.02755	1.35429e-20
258.03397	1.35397e-20
258.04039	1.36519e-20
258.04682	1.29074e-20
258.05324	1.34495e-20
258.05966	1.34834e-20
258.06609	1.31957e-20
258.07251	1.28212e-20
258.07894	1.31396e-20
258.08536	1.30489e-20
258.09179	1.27974e-20
258.09821	1.38214e-20
258.10464	1.33005e-20
258.11106	1.32780e-20
258.11749	1.31303e-20
258.12392	1.29949e-20
258.13034	1.41214e-20
258.13677	1.34866e-20
258.14320	1.31251e-20
258.14963	1.31414e-20
258.15605	1.30184e-20
258.16248	1.32076e-20
258.16891	1.30583e-20
258.17534	1.31878e-20
258.18177	1.29553e-20
258.18820	1.29403e-20
258.19463	1.30315e-20
258.20106	1.33233e-20
258.20749	1.30859e-20
258.21392	1.26802e-20
258.22035	1.31268e-20
258.22678	1.28950e-20
258.23322	1.34591e-20
258.23965	1.32989e-20
258.24608	1.31284e-20
258.25251	1.36151e-20
258.25895	1.23245e-20
258.26538	1.28584e-20
258.27182	1.29686e-20
258.27825	1.25220e-20
258.28468	1.32902e-20
258.29112	1.26512e-20
258.29755	1.29915e-20
258.30399	1.32789e-20
258.31043	1.30571e-20
258.31686	1.31040e-20
258.32330	1.27902e-20
258.32974	1.28292e-20
258.33617	1.26751e-20
258.34261	1.34718e-20
258.34905	1.32932e-20
258.35549	1.23641e-20
258.36192	1.28093e-20
258.36836	1.32050e-20
258.37480	1.31754e-20
258.38124	1.25631e-20
258.38768	1.29175e-20
258.39412	1.30680e-20
258.40056	1.26167e-20
258.40700	1.25760e-20
258.41344	1.25606e-20
258.41989	1.31344e-20
258.42633	1.30044e-20
258.43277	1.25143e-20
258.43921	1.22222e-20
258.44565	1.26005e-20
258.45210	1.30311e-20
258.45854	1.26425e-20
258.46498	1.29643e-20
258.47143	1.28945e-20
258.47787	1.29374e-20
258.48432	1.31132e-20
258.49076	1.26958e-20
258.49721	1.31123e-20
258.50365	1.31711e-20
258.51010	1.29766e-20
258.51654	1.31909e-20
258.52299	1.25931e-20
258.52944	1.23107e-20
258.53588	1.31814e-20
258.54233	1.29357e-20
258.54878	1.28114e-20
258.55523	1.32193e-20
258.56168	1.28919e-20
258.56812	1.30942e-20
258.57457	1.26724e-20
258.58102	1.29008e-20
258.58747	1.34607e-20
258.59392	1.25911e-20
258.60037	1.28351e-20
258.60682	1.31734e-20
258.61327	1.31284e-20
258.61973	1.35759e-20
258.62618	1.30712e-20
258.63263	1.26224e-20
258.63908	1.32575e-20
258.64553	1.28961e-20
258.65199	1.29360e-20
258.65844	1.35158e-20
258.66489	1.26789e-20
258.67135	1.30892e-20
258.67780	1.35772e-20
258.68426	1.36390e-20
258.69071	1.34677e-20
258.69717	1.26511e-20
258.70362	1.35307e-20
258.71008	1.36828e-20
258.71653	1.32938e-20
258.72299	1.33050e-20
258.72945	1.29244e-20
258.73590	1.33423e-20
258.74236	1.37644e-20
258.74882	1.36360e-20
258.75528	1.34036e-20
258.76174	1.38880e-20
258.76819	1.36950e-20
258.77465	1.33700e-20
258.78111	1.35780e-20
258.78757	1.35154e-20
258.79403	1.37858e-20
258.80049	1.29989e-20
258.80695	1.31177e-20
258.81341	1.40682e-20
258.81988	1.38242e-20
258.82634	1.38104e-20
258.83280	1.39838e-20
258.83926	1.37759e-20
258.84572	1.34836e-20
258.85219	1.41363e-20
258.85865	1.41585e-20
258.86511	1.38414e-20
258.87158	1.40900e-20
258.87804	1.38356e-20
258.88451	1.39662e-20
258.89097	1.39868e-20
258.89744	1.38262e-20
258.90390	1.39196e-20
258.91037	1.42643e-20
258.91683	1.38917e-20
258.92330	1.34755e-20
258.92977	1.38595e-20
258.93623	1.36587e-20
258.94270	1.41627e-20
258.94917	1.44117e-20
258.95564	1.39029e-20
258.96211	1.40043e-20
258.96857	1.43209e-20
258.97504	1.45041e-20
258.98151	1.43665e-20
258.98798	1.47065e-20
258.99445	1.45112e-20
259.00092	1.43029e-20
259.00739	1.45178e-20
259.01386	1.41158e-20
259.02034	1.41901e-20
259.02681	1.45437e-20
259.03328	1.44717e-20
259.03975	1.47683e-20
259.04622	1.51150e-20
259.05270	1.43089e-20
259.05917	1.43448e-20
259.06564	1.47559e-20
259.07212	1.44835e-20
259.07859	1.49178e-20
259.08507	1.44462e-20
259.09154	1.42347e-20
259.09802	1.46203e-20
259.10449	1.45408e-20
259.11097	1.47997e-20
259.11744	1.53758e-20
259.12392	1.55875e-20
259.13040	1.48667e-20
259.13687	1.47232e-20
259.14335	1.46205e-20
259.14983	1.44632e-20
259.15631	1.51912e-20
259.16279	1.53930e-20
259.16927	1.54064e-20
259.17574	1.53300e-20
259.18222	1.52129e-20
259.18870	1.54244e-20
259.19518	1.52204e-20
259.20166	1.49440e-20
259.20814	1.54220e-20
259.21463	1.51578e-20
259.22111	1.50349e-20
259.22759	1.54582e-20
259.23407	1.47164e-20
259.24055	1.50522e-20
259.24704	1.49815e-20
259.25352	1.44462e-20
259.26000	1.48488e-20
259.26649	1.46508e-20
259.27297	1.50061e-20
259.27945	1.53943e-20
259.28594	1.56552e-20
259.29242	1.49823e-20
259.29891	1.44392e-20
259.30539	1.54458e-20
259.31188	1.50664e-20
259.31837	1.48044e-20
259.32485	1.50560e-20
259.33134	1.48345e-20
259.33783	1.51512e-20
259.34431	1.53106e-20
259.35080	1.52223e-20
259.35729	1.53496e-20
259.36378	1.54689e-20
259.37027	1.49719e-20
259.37676	1.50439e-20
259.38325	1.56217e-20
259.38974	1.53624e-20
259.39623	1.48531e-20
259.40272	1.50439e-20
259.40921	1.52649e-20
259.41570	1.51075e-20
259.42219	1.55427e-20
259.42868	1.52484e-20
259.43517	1.49174e-20
259.44167	1.52627e-20
259.44816	1.50985e-20
259.45465	1.52440e-20
259.46114	1.53718e-20
259.46764	1.51361e-20
259.47413	1.47522e-20
259.48063	1.46841e-20
259.48712	1.51278e-20
259.49362	1.52798e-20
259.50011	1.51059e-20
259.50661	1.47981e-20
259.51310	1.46579e-20
259.51960	1.52483e-20
259.52610	1.53649e-20
259.53259	1.48622e-20
259.53909	1.52472e-20
259.54559	1.54851e-20
259.55209	1.53548e-20
259.55858	1.48759e-20
259.56508	1.45655e-20
259.57158	1.50354e-20
259.57808	1.50576e-20
259.58458	1.56210e-20
259.59108	1.54284e-20
259.59758	1.49686e-20
259.60408	1.49548e-20
259.61058	1.49012e-20
259.61708	1.55665e-20
259.62358	1.46504e-20
259.63009	1.43661e-20
259.63659	1.48108e-20
259.64309	1.48541e-20
259.64959	1.52301e-20
259.65610	1.46857e-20
259.66260	1.49647e-20
259.66910	1.45191e-20
259.67561	1.44066e-20
259.68211	1.50448e-20
259.68862	1.45377e-20
259.69512	1.50240e-20
259.70163	1.50693e-20
259.70813	1.46437e-20
259.71464	1.46069e-20
259.72115	1.51422e-20
259.72765	1.51632e-20
259.73416	1.42571e-20
259.74067	1.45182e-20
259.74717	1.51257e-20
259.75368	1.52368e-20
259.76019	1.51018e-20
259.76670	1.55170e-20
259.77321	1.48516e-20
259.77972	1.47945e-20
259.78623	1.56244e-20
259.79274	1.46223e-20
259.79925	1.50902e-20
259.80576	1.52354e-20
259.81227	1.49225e-20
259.81878	1.48349e-20
259.82529	1.41911e-20
259.83180	1.54732e-20
259.83832	1.51475e-20
259.84483	1.43308e-20
259.85134	1.48760e-20
259.85785	1.46831e-20
259.86437	1.44851e-20
259.87088	1.44233e-20
259.87740	1.47481e-20
259.88391	1.46733e-20
259.89043	1.47852e-20
259.89694	1.50745e-20
259.90346	1.47976e-20
259.90997	1.46380e-20
259.91649	1.48958e-20
259.92300	1.53194e-20
259.92952	1.49363e-20
259.93604	1.46452e-20
259.94256	1.41977e-20
259.94907	1.42459e-20
259.95559	1.51388e-20
259.96211	1.46416e-20
259.96863	1.43739e-20
259.97515	1.46798e-20
259.98167	1.43190e-20
259.98819	1.44600e-20
259.99471	1.48088e-20
260.00123	1.49913e-20
260.00775	1.49062e-20
260.01427	1.43894e-20
260.02079	1.44334e-20
260.02731	1.45302e-20
260.03383	1.44467e-20
260.04036	1.46025e-20
260.04688	1.44257e-20
260.05340	1.47392e-20
260.05993	1.46455e-20
260.06645	1.41128e-20
260.07297	1.45080e-20
260.07950	1.46032e-20
260.08602	1.46752e-20
260.09255	1.44641e-20
260.09907	1.41373e-20
260.10560	1.46660e-20
260.11212	1.45273e-20
260.11865	1.43179e-20
260.12518	1.47141e-20
260.13170	1.45514e-20
260.13823	1.44461e-20
260.14476	1.44451e-20
260.15129	1.40801e-20
260.15782	1.42853e-20
260.16434	1.42304e-20
260.17087	1.40779e-20
260.17740	1.48318e-20
260.18393	1.45569e-20
260.19046	1.39934e-20
260.19699	1.43256e-20
260.20352	1.42446e-20
260.21005	1.41166e-20
260.21658	1.39948e-20
260.22312	1.39139e-20
260.22965	1.44918e-20
260.23618	1.46050e-20
260.24271	1.42429e-20
260.24925	1.41246e-20
260.25578	1.42121e-20
260.26231	1.43348e-20
260.26885	1.39237e-20
260.27538	1.39268e-20
260.28191	1.39592e-20
260.28845	1.39487e-20
260.29498	1.46927e-20
260.30152	1.39887e-20
260.30806	1.38597e-20
260.31459	1.48177e-20
260.32113	1.43179e-20
260.32767	1.41838e-20
260.33420	1.41878e-20
260.34074	1.39054e-20
260.34728	1.42883e-20
260.35382	1.46163e-20
260.36035	1.43880e-20
260.36689	1.44217e-20
260.37343	1.43156e-20
260.37997	1.36406e-20
260.38651	1.41782e-20
260.39305	1.41673e-20
260.39959	1.35652e-20
260.40613	1.38196e-20
260.41267	1.36503e-20
260.41922	1.41922e-20
260.42576	1.42281e-20
260.43230	1.31724e-20
260.43884	1.40058e-20
260.44538	1.46913e-20
260.45193	1.34927e-20
260.45847	1.35624e-20
260.46501	1.43493e-20
260.47156	1.39319e-20
260.47810	1.37342e-20
260.48465	1.39918e-20
260.49119	1.44013e-20
260.49774	1.42808e-20
260.50428	1.38337e-20
260.51083	1.43397e-20
260.51738	1.42515e-20
260.52392	1.37290e-20
260.53047	1.41961e-20
260.53702	1.42202e-20
260.54356	1.42024e-20
260.55011	1.40686e-20
260.55666	1.34705e-20
260.56321	1.43317e-20
260.56976	1.42453e-20
260.57631	1.37326e-20
260.58286	1.41615e-20
260.58941	1.36493e-20
260.59596	1.44267e-20
260.60251	1.46804e-20
260.60906	1.38409e-20
260.61561	1.40606e-20
260.62216	1.37848e-20
260.62871	1.39995e-20
260.63527	1.42759e-20
260.64182	1.44650e-20
260.64837	1.44235e-20
260.65492	1.41627e-20
260.66148	1.40247e-20
260.66803	1.39815e-20
260.67459	1.45927e-20
260.68114	1.43253e-20
260.68770	1.49426e-20
260.69425	1.49430e-20
260.70081	1.37765e-20
260.70736	1.42971e-20
260.71392	1.43098e-20
260.72047	1.46780e-20
260.72703	1.47257e-20
260.73359	1.42977e-20
260.74015	1.45463e-20
260.74670	1.44661e-20
260.75326	1.45929e-20
260.75982	1.41740e-20
260.76638	1.41531e-20
260.77294	1.41305e-20
260.77950	1.42585e-20
260.78606	1.47519e-20
260.79262	1.42148e-20
260.79918	1.45707e-20
260.80574	1.50487e-20
260.81230	1.46694e-20
260.81886	1.42610e-20
260.82542	1.45438e-20
260.83199	1.50947e-20
260.83855	1.46812e-20
260.84511	1.42224e-20
260.85167	1.45515e-20
260.85824	1.48742e-20
260.86480	1.47157e-20
260.87137	1.49123e-20
260.87793	1.45550e-20
260.88450	1.44011e-20
260.89106	1.47418e-20
260.89763	1.45389e-20
260.90419	1.49180e-20
260.91076	1.47881e-20
260.91732	1.49160e-20
260.92389	1.49754e-20
260.93046	1.45962e-20
260.93703	1.51293e-20
260.94359	1.46896e-20
260.95016	1.46868e-20
260.95673	1.51476e-20
260.96330	1.49340e-20
260.96987	1.52396e-20
260.97644	1.53651e-20
260.98301	1.49083e-20
260.98958	1.48306e-20
260.99615	1.53773e-20
261.00272	1.55864e-20
261.00929	1.51511e-20
261.01586	1.44573e-20
261.02243	1.50086e-20
261.02900	1.54070e-20
261.03558	1.49336e-20
261.04215	1.55343e-20
261.04872	1.55593e-20
261.05530	1.55634e-20
261.06187	1.57041e-20
261.06844	1.53742e-20
261.07502	1.50958e-20
261.08159	1.51899e-20
261.08817	1.56789e-20
261.09474	1.48366e-20
261.10132	1.51264e-20
261.10789	1.58637e-20
261.11447	1.54873e-20
261.12105	1.59593e-20
261.12762	1.53989e-20
261.13420	1.50173e-20
261.14078	1.53257e-20
261.14736	1.51692e-20
261.15394	1.55037e-20
261.16051	1.56006e-20
261.16709	1.52173e-20
261.17367	1.51350e-20
261.18025	1.57469e-20
261.18683	1.58605e-20
261.19341	1.55856e-20
261.19999	1.55456e-20
261.20657	1.54632e-20
261.21316	1.54132e-20
261.21974	1.51712e-20
261.22632	1.54265e-20
261.23290	1.55249e-20
261.23948	1.51774e-20
261.24607	1.52318e-20
261.25265	1.52953e-20
261.25923	1.56021e-20
261.26582	1.59482e-20
261.27240	1.60404e-20
261.27899	1.59874e-20
261.28557	1.56989e-20
261.29216	1.59852e-20
261.29874	1.60842e-20
261.30533	1.54487e-20
261.31192	1.57407e-20
261.31850	1.57173e-20
261.32509	1.55846e-20
261.33168	1.60120e-20
261.33826	1.58389e-20
261.34485	1.59747e-20
261.35144	1.57732e-20
261.35803	1.58843e-20
261.36462	1.60753e-20
261.37121	1.58944e-20
261.37780	1.62641e-20
261.38439	1.60640e-20
261.39098	1.58884e-20
261.39757	1.56254e-20
261.40416	1.62298e-20
261.41075	1.61574e-20
261.41734	1.55591e-20
261.42393	1.63095e-20
261.43053	1.59204e-20
261.43712	1.63807e-20
261.44371	1.65838e-20
261.45031	1.59350e-20
261.45690	1.58470e-20
261.46349	1.54929e-20
261.47009	1.62496e-20
261.47668	1.57784e-20
261.48328	1.63628e-20
261.48987	1.70070e-20
261.49647	1.57510e-20
261.50306	1.63278e-20
261.50966	1.61481e-20
261.51626	1.58612e-20
261.52285	1.60566e-20
261.52945	1.57628e-20
261.53605	1.59464e-20
261.54265	1.59329e-20
261.54924	1.64445e-20
261.55584	1.67567e-20
261.56244	1.62533e-20
261.56904	1.58588e-20
261.57564	1.59401e-20
261.58224	1.62073e-20
261.58884	1.65426e-20
261.59544	1.63808e-20
261.60204	1.59595e-20
261.60864	1.59720e-20
261.61525	1.57435e-20
261.62185	1.61631e-20
261.62845	1.62464e-20
261.63505	1.62615e-20
261.64166	1.63272e-20
261.64826	1.58926e-20
261.65486	1.66098e-20
261.66147	1.63258e-20
261.66807	1.61667e-20
261.67468	1.61037e-20
261.68128	1.58302e-20
261.68789	1.67759e-20
261.69449	1.61562e-20
261.70110	1.54372e-20
261.70770	1.54249e-20
261.71431	1.62981e-20
261.72092	1.71648e-20
261.72752	1.61686e-20
261.73413	1.62358e-20
261.74074	1.62533e-20
261.74735	1.58455e-20
261.75396	1.60049e-20
261.76057	1.59841e-20
261.76717	1.58688e-20
261.77378	1.57056e-20
261.78039	1.63087e-20
261.78700	1.61725e-20
261.79362	1.57693e-20
261.80023	1.58540e-20
261.80684	1.55562e-20
261.81345	1.57705e-20
261.82006	1.59338e-20
261.82667	1.57205e-20
261.83329	1.55490e-20
261.83990	1.56225e-20
261.84651	1.58114e-20
261.85313	1.57368e-20
261.85974	1.56725e-20
261.86635	1.61374e-20
261.87297	1.63377e-20
261.87958	1.52788e-20
261.88620	1.53966e-20
261.89281	1.62097e-20
261.89943	1.59187e-20
261.90605	1.61396e-20
261.91266	1.58700e-20
261.91928	1.55923e-20
261.92590	1.57930e-20
261.93252	1.55445e-20
261.93913	1.58826e-20
261.94575	1.56500e-20
261.95237	1.53471e-20
261.95899	1.57114e-20
261.96561	1.60619e-20
261.97223	1.60968e-20
261.97885	1.54926e-20
261.98547	1.59045e-20
261.99209	1.56812e-20
261.99871	1.53597e-20
262.00533	1.61287e-20
262.01195	1.58562e-20
262.01857	1.60597e-20
262.02520	1.54944e-20
262.03182	1.50770e-20
262.03844	1.56173e-20
262.04507	1.53495e-20
262.05169	1.61042e-20
262.05831	1.58081e-20
262.06494	1.54203e-20
262.07156	1.58550e-20
262.07819	1.54860e-20
262.08481	1.57655e-20
262.09144	1.54817e-20
262.09806	1.59116e-20
262.10469	1.63689e-20
262.11132	1.57165e-20
262.11794	1.61115e-20
262.12457	1.58049e-20
262.13120	1.52677e-20
262.13783	1.55486e-20
262.14446	1.53169e-20
262.15108	1.55367e-20
262.15771	1.58526e-20
262.16434	1.52947e-20
262.17097	1.54563e-20
262.17760	1.57883e-20
262.18423	1.56231e-20
262.19086	1.58238e-20
262.19749	1.57416e-20
262.20413	1.57456e-20
262.21076	1.58627e-20
262.21739	1.58345e-20
262.22402	1.57938e-20
262.23066	1.59496e-20
262.23729	1.59619e-20
262.24392	1.54209e-20
262.25056	1.59111e-20
262.25719	1.59611e-20
262.26382	1.57909e-20
262.27046	1.60761e-20
262.27709	1.55672e-20
262.28373	1.59585e-20
262.29036	1.60188e-20
262.29700	1.59018e-20
262.30364	1.61852e-20
262.31027	1.58935e-20
262.31691	1.58880e-20
262.32355	1.60410e-20
262.33019	1.59603e-20
262.33682	1.55995e-20
262.34346	1.63198e-20
262.35010	1.63603e-20
262.35674	1.59090e-20
262.36338	1.62680e-20
262.37002	1.57023e-20
262.37666	1.59430e-20
262.38330	1.62390e-20
262.38994	1.66650e-20
262.39658	1.69797e-20
262.40322	1.60941e-20
262.40987	1.64495e-20
262.41651	1.67019e-20
262.42315	1.68054e-20
262.42979	1.69245e-20
262.43644	1.69444e-20
262.44308	1.73052e-20
262.44972	1.69103e-20
262.45637	1.67059e-20
262.46301	1.67698e-20
262.46966	1.71112e-20
262.47630	1.67661e-20
262.48295	1.65806e-20
262.48959	1.72497e-20
262.49624	1.69427e-20
262.50289	1.68866e-20
262.50953	1.67128e-20
262.51618	1.66697e-20
262.52283	1.69829e-20
262.52947	1.66625e-20
262.53612	1.67633e-20
262.54277	1.67502e-20
262.54942	1.68169e-20
262.55607	1.71555e-20
262.56272	1.72374e-20
262.56937	1.71555e-20
262.57602	1.70806e-20
262.58267	1.68794e-20
262.58932	1.67749e-20
262.59597	1.73893e-20
262.60262	1.77302e-20
262.60927	1.73112e-20
262.61593	1.72987e-20
262.62258	1.77486e-20
262.62923	1.72430e-20
262.63589	1.71274e-20
262.64254	1.80060e-20
262.64919	1.72349e-20
262.65585	1.69517e-20
262.66250	1.81177e-20
262.66916	1.79712e-20
262.67581	1.73162e-20
262.68247	1.75400e-20
262.68912	1.80704e-20
262.69578	1.82833e-20
262.70244	1.81405e-20
262.70909	1.77870e-20
262.71575	1.78840e-20
262.72241	1.78758e-20
262.72907	1.75423e-20
262.73572	1.79197e-20
262.74238	1.81845e-20
262.74904	1.81435e-20
262.75570	1.82334e-20
262.76236	1.79776e-20
262.76902	1.78808e-20
262.77568	1.82706e-20
262.78234	1.81304e-20
262.78900	1.83670e-20
262.79566	1.85384e-20
262.80233	1.78978e-20
262.80899	1.83020e-20
262.81565	1.87150e-20
262.82231	1.82653e-20
262.82898	1.82627e-20
262.83564	1.86594e-20
262.84230	1.83605e-20
262.84897	1.82378e-20
262.85563	1.87628e-20
262.86230	1.83873e-20
262.86896	1.87715e-20
262.87563	1.85355e-20
262.88229	1.84133e-20
262.88896	1.91267e-20
262.89562	1.80217e-20
262.90229	1.85807e-20
262.90896	1.87133e-20
262.91563	1.87335e-20
262.92229	1.95758e-20
262.92896	1.82625e-20
262.93563	1.89407e-20
262.94230	1.91502e-20
262.94897	1.85286e-20
262.95564	1.91489e-20
262.96231	1.87525e-20
262.96898	1.90734e-20
262.97565	1.91093e-20
262.98232	1.91542e-20
262.98899	1.95424e-20
262.99566	1.89201e-20
263.00233	1.87839e-20
263.00900	1.89061e-20
263.01568	1.88865e-20
263.02235	1.91060e-20
263.02902	1.91599e-20
263.03570	1.94003e-20
263.04237	1.96377e-20
263.04904	1.89897e-20
263.05572	1.89069e-20
263.06239	1.92877e-20
263.06907	1.90479e-20
263.07574	1.90942e-20
263.08242	1.94097e-20
263.08910	1.97530e-20
263.09577	1.96721e-20
263.10245	1.93344e-20
263.10913	1.87160e-20
263.11581	1.87392e-20
263.12248	1.92493e-20
263.12916	1.91362e-20
263.13584	1.94096e-20
263.14252	1.91510e-20
263.14920	1.94793e-20
263.15588	1.95629e-20
263.16256	1.90195e-20
263.16924	1.94059e-20
263.17592	1.90584e-20
263.18260	1.93492e-20
263.18928	1.91373e-20
263.19596	1.90111e-20
263.20264	1.96687e-20
263.20933	1.89053e-20
263.21601	1.91728e-20
263.22269	1.93921e-20
263.22938	1.91896e-20
263.23606	1.94928e-20
263.24274	1.92753e-20
263.24943	1.92594e-20
263.25611	1.94643e-20
263.26280	1.94803e-20
263.26948	1.92146e-20
263.27617	1.93484e-20
263.28285	1.93792e-20
263.28954	1.91042e-20
263.29623	1.92594e-20
263.30291	1.95142e-20
263.30960	1.94833e-20
263.31629	1.93649e-20
263.32298	1.94861e-20
263.32967	1.92526e-20
263.33635	1.91370e-20
263.34304	1.90336e-20
263.34973	1.93968e-20
263.35642	1.98238e-20
263.36311	1.94532e-20
263.36980	1.92965e-20
263.37649	1.88723e-20
263.38319	1.93482e-20
263.38988	1.94587e-20
263.39657	1.86688e-20
263.40326	1.89724e-20
263.40995	1.90182e-20
263.41665	1.93204e-20
263.42334	1.93899e-20
263.43003	1.90656e-20
263.43673	1.92685e-20
263.44342	1.91365e-20
263.45012	1.88044e-20
263.45681	1.93297e-20
263.46351	1.98437e-20
263.47020	1.88928e-20
263.47690	1.90316e-20
263.48359	1.91750e-20
263.49029	1.89640e-20
263.49699	1.95658e-20
263.50368	1.88779e-20
263.51038	1.92111e-20
263.51708	1.95853e-20
263.52378	1.91395e-20
263.53048	1.92892e-20
263.53718	1.88464e-20
263.54387	1.91182e-20
263.55057	1.93095e-20
263.55727	1.92133e-20
263.56397	1.94255e-20
263.57068	1.92214e-20
263.57738	1.97201e-20
263.58408	1.96331e-20
263.59078	1.92920e-20
263.59748	1.97964e-20
263.60418	1.94456e-20
263.61089	1.92444e-20
263.61759	1.95675e-20
263.62429	1.94199e-20
263.63100	1.97108e-20
263.63770	1.97096e-20
263.64441	1.93629e-20
263.65111	1.93239e-20
263.65782	1.92020e-20
263.66452	1.92639e-20
263.67123	1.94588e-20
263.67793	1.96485e-20
263.68464	1.93851e-20
263.69135	1.95673e-20
263.69805	1.97833e-20
263.70476	1.95171e-20
263.71147	1.96895e-20
263.71818	1.91765e-20
263.72488	1.91824e-20
263.73159	1.95652e-20
263.73830	1.94237e-20
263.74501	1.95999e-20
263.75172	1.95450e-20
263.75843	1.98048e-20
263.76514	1.93456e-20
263.77185	1.89268e-20
263.77857	1.93772e-20
263.78528	1.94589e-20
263.79199	1.95672e-20
263.79870	1.91194e-20
263.80541	1.95012e-20
263.81213	2.00043e-20
263.81884	1.97504e-20
263.82555	2.01238e-20
263.83227	1.94247e-20
263.83898	1.92591e-20
263.84570	1.98809e-20
263.85241	1.96949e-20
263.85913	1.99397e-20
263.86584	1.98173e-20
263.87256	1.93764e-20
263.87927	1.91216e-20
263.88599	1.98256e-20
263.89271	2.03141e-20
263.89943	1.94505e-20
263.90614	1.97810e-20
263.91286	1.95797e-20
263.91958	1.93262e-20
263.92630	2.02963e-20
263.93302	2.00090e-20
263.93974	1.97963e-20
263.94646	1.96668e-20
263.95318	1.95696e-20
263.95990	1.93418e-20
263.96662	1.93738e-20
263.97334	1.98627e-20
263.98006	1.91871e-20
263.98678	1.95650e-20
263.99351	1.98352e-20
264.00023	1.97019e-20
264.00695	2.00405e-20
264.01367	1.94834e-20
264.02040	1.95675e-20
264.02712	1.96525e-20
264.03385	1.97428e-20
264.04057	1.97874e-20
264.04730	1.95932e-20
264.05402	1.98860e-20
264.06075	1.97895e-20
264.06747	1.97718e-20
264.07420	1.97675e-20
264.08092	1.98020e-20
264.08765	1.93715e-20
264.09438	1.91572e-20
264.10111	1.98896e-20
264.10783	1.98561e-20
264.11456	1.95958e-20
264.12129	1.96715e-20
264.12802	1.97283e-20
264.13475	1.96707e-20
264.14148	1.99272e-20
264.14821	1.98972e-20
264.15494	1.96412e-20
264.16167	1.96770e-20
264.16840	1.95729e-20
264.17513	1.97381e-20
264.18187	1.94392e-20
264.18860	1.98562e-20
264.19533	2.00937e-20
264.20206	1.91933e-20
264.20880	1.93620e-20
264.21553	1.96735e-20
264.22226	2.00213e-20
264.22900	1.97789e-20
264.23573	1.92988e-20
264.24247	1.95084e-20
264.24920	1.94850e-20
264.25594	1.98026e-20
264.26267	1.97630e-20
264.26941	1.96854e-20
264.27615	1.95759e-20
264.28288	1.92343e-20
264.28962	1.94561e-20
264.29636	1.96573e-20
264.30310	1.97793e-20
264.30983	1.95414e-20
264.31657	1.93028e-20
264.32331	1.94064e-20
264.33005	1.93042e-20
264.33679	1.93252e-20
264.34353	1.98701e-20
264.35027	1.99274e-20
264.35701	1.94598e-20
264.36375	1.96623e-20
264.37049	1.95926e-20
264.37724	1.96249e-20
264.38398	1.99905e-20
264.39072	1.98326e-20
264.39746	1.99339e-20
264.40421	1.98440e-20
264.41095	1.96432e-20
264.41769	1.98960e-20
264.42444	1.97595e-20
264.43118	1.97221e-20
264.43793	1.98230e-20
264.44467	1.94374e-20
264.45142	1.98062e-20
264.45816	1.99735e-20
264.46491	1.94755e-20
264.47166	1.96630e-20
264.47840	1.99227e-20
264.48515	2.00313e-20
264.49190	1.97264e-20
264.49865	1.98730e-20
264.50539	2.01079e-20
264.51214	1.97893e-20
264.51889	1.98193e-20
264.52564	1.97453e-20
264.53239	2.01274e-20
264.53914	2.01155e-20
264.54589	2.01376e-20
264.55264	2.03017e-20
264.55939	1.99246e-20
264.56614	2.03673e-20
264.57290	2.01880e-20
264.57965	1.98837e-20
264.58640	2.01622e-20
264.59315	2.03180e-20
264.59991	2.01676e-20
264.60666	1.99357e-20
264.61341	2.03218e-20
264.62017	2.01690e-20
264.62692	2.01879e-20
264.63368	2.05054e-20
264.64043	2.03200e-20
264.64719	2.00500e-20
264.65394	2.01774e-20
264.66070	2.00887e-20
264.66746	2.00022e-20
264.67421	2.08961e-20
264.68097	2.05912e-20
264.68773	2.05405e-20
264.69449	2.07810e-20
264.70124	2.05326e-20
264.70800	2.10874e-20
264.71476	2.05525e-20
264.72152	2.04419e-20
264.72828	2.07267e-20
264.73504	2.07463e-20
264.74180	2.06229e-20
264.74856	2.04024e-20
264.75532	2.07068e-20
264.76208	2.02309e-20
264.76885	2.08054e-20
264.77561	2.10364e-20
264.78237	2.05583e-20
264.78913	2.08097e-20
264.79590	2.05455e-20
264.80266	2.07338e-20
264.80942	2.05333e-20
264.81619	2.04871e-20
264.82295	2.06904e-20
264.82972	2.08665e-20
264.83648	2.10341e-20
264.84325	2.08074e-20
264.85001	2.09641e-20
264.85678	2.02820e-20
264.86355	2.06164e-20
264.87031	2.12998e-20
264.87708	2.08432e-20
264.88385	2.11968e-20
264.89062	2.10034e-20
264.89738	2.10449e-20
264.90415	2.13686e-20
264.91092	2.07344e-20
264.91769	2.10901e-20
264.92446	2.13772e-20
264.93123	2.06752e-20
264.93800	2.06615e-20
264.94477	2.09254e-20
264.95154	2.11834e-20
264.95831	2.12182e-20
264.96509	2.11886e-20
264.97186	2.18351e-20
264.97863	2.11872e-20
264.98540	2.11714e-20
264.99218	2.18290e-20
264.99895	2.09507e-20
265.00572	2.13114e-20
265.01250	2.15533e-20
265.01927	2.11906e-20
265.02605	2.13842e-20
265.03282	2.08678e-20
265.03960	2.12176e-20
265.04637	2.17968e-20
265.05315	2.13303e-20
265.05993	2.16724e-20
265.06670	2.17621e-20
265.07348	2.14028e-20
265.08026	2.17606e-20
265.08704	2.12773e-20
265.09382	2.14861e-20
265.10059	2.21042e-20
265.10737	2.16617e-20
265.11415	2.16723e-20
265.12093	2.14461e-20
265.12771	2.13160e-20
265.13449	2.11874e-20
265.14127	2.14601e-20
265.14805	2.17722e-20
265.15484	2.12932e-20
265.16162	2.18742e-20
265.16840	2.18055e-20
265.17518	2.14881e-20
265.18197	2.17819e-20
265.18875	2.14229e-20
265.19553	2.13000e-20
265.20232	2.14447e-20
265.20910	2.18385e-20
265.21589	2.17553e-20
265.22267	2.17169e-20
265.22946	2.18573e-20
265.23624	2.17592e-20
265.24303	2.18125e-20
265.24981	2.16009e-20
265.25660	2.16630e-20
265.26339	2.18674e-20
265.27017	2.19711e-20
265.27696	2.15534e-20
265.28375	2.14405e-20
265.29054	2.20179e-20
265.29733	2.17292e-20
265.30412	2.15410e-20
265.31091	2.17812e-20
265.31770	2.19239e-20
265.32449	2.18507e-20
265.33128	2.19756e-20
265.33807	2.20605e-20
265.34486	2.16072e-20
265.35165	2.15039e-20
265.35844	2.16326e-20
265.36523	2.20185e-20
265.37203	2.19392e-20
265.37882	2.18370e-20
265.38561	2.19356e-20
265.39241	2.15312e-20
265.39920	2.17986e-20
265.40599	2.18287e-20
265.41279	2.13745e-20
265.41958	2.16351e-20
265.42638	2.18936e-20
265.43318	2.16667e-20
265.43997	2.16319e-20
265.44677	2.16320e-20
265.45356	2.17501e-20
265.46036	2.20896e-20
265.46716	2.16750e-20
265.47396	2.19314e-20
265.48075	2.18357e-20
265.48755	2.13562e-20
265.49435	2.19253e-20
265.50115	2.15696e-20
265.50795	2.13975e-20
265.51475	2.15919e-20
265.52155	2.18103e-20
265.52835	2.18527e-20
265.53515	2.16067e-20
265.54195	2.22931e-20
265.54876	2.19829e-20
265.55556	2.18123e-20
265.56236	2.19144e-20
265.56916	2.15162e-20
265.57597	2.19544e-20
265.58277	2.17907e-20
265.58957	2.15937e-20
265.59638	2.15242e-20
265.60318	2.15478e-20
265.60999	2.18044e-20
265.61679	2.15347e-20
265.62360	2.15191e-20
265.63040	2.15572e-20
265.63721	2.15858e-20
265.64401	2.14424e-20
265.65082	2.14617e-20
265.65763	2.16629e-20
265.66444	2.19325e-20
265.67124	2.19622e-20
265.67805	2.13411e-20
265.68486	2.19343e-20
265.69167	2.19184e-20
265.69848	2.13252e-20
265.70529	2.17740e-20
265.71210	2.12901e-20
265.71891	2.14407e-20
265.72572	2.17122e-20
265.73253	2.15098e-20
265.73934	2.18034e-20
265.74615	2.11973e-20
265.75297	2.11204e-20
265.75978	2.14229e-20
265.76659	2.11121e-20
265.77340	2.12000e-20
265.78022	2.15829e-20
265.78703	2.16857e-20
265.79385	2.13941e-20
265.80066	2.11851e-20
265.80748	2.13901e-20
265.81429	2.18349e-20
265.82111	2.16767e-20
265.82792	2.13645e-20
265.83474	2.16320e-20
265.84155	2.16873e-20
265.84837	2.14258e-20
265.85519	2.16050e-20
265.86201	2.17312e-20
265.86882	2.10751e-20
265.87564	2.12182e-20
265.88246	2.15193e-20
265.88928	2.12988e-20
265.89610	2.13839e-20
265.90292	2.12485e-20
265.90974	2.17653e-20
265.91656	2.15658e-20
265.92338	2.09553e-20
265.93020	2.14656e-20
265.93702	2.12546e-20
265.94385	2.11644e-20
265.95067	2.12590e-20
265.95749	2.09786e-20
265.96431	2.11096e-20
265.97114	2.12180e-20
265.97796	2.14906e-20
265.98478	2.16435e-20
265.99161	2.11088e-20
265.99843	2.08538e-20
266.00526	2.10285e-20
266.01208	2.08255e-20
266.01891	2.12133e-20
266.02574	2.13930e-20
266.03256	2.09591e-20
266.03939	2.11786e-20
266.04622	2.10580e-20
266.05304	2.09133e-20
266.05987	2.10394e-20
266.06670	2.07116e-20
266.07353	2.04570e-20
266.08036	2.12308e-20
266.08719	2.15110e-20
266.09402	2.06006e-20
266.10085	2.10137e-20
266.10768	2.12301e-20
266.11451	2.07401e-20
266.12134	2.08227e-20
266.12817	2.10896e-20
266.13500	2.13172e-20
266.14183	2.05654e-20
266.14867	2.08548e-20
266.15550	2.15414e-20
266.16233	2.09481e-20
266.16916	2.07257e-20
266.17600	2.05542e-20
266.18283	2.08330e-20
266.18967	2.12193e-20
266.19650	2.09697e-20
266.20334	2.08118e-20
266.21017	2.08109e-20
266.21701	2.07221e-20
266.22384	2.03551e-20
266.23068	2.05041e-20
266.23752	2.08242e-20
266.24436	2.04462e-20
266.25119	2.04463e-20
266.25803	2.09110e-20
266.26487	2.07550e-20
266.27171	2.07075e-20
266.27855	2.08329e-20
266.28539	2.09912e-20
266.29223	2.08750e-20
266.29907	2.04869e-20
266.30591	2.07774e-20
266.31275	2.05866e-20
266.31959	2.06431e-20
266.32643	2.08096e-20
266.33327	2.01012e-20
266.34011	2.04440e-20
266.34696	2.08003e-20
266.35380	2.08613e-20
266.36064	2.08490e-20
266.36749	2.07483e-20
266.37433	2.09501e-20
266.38117	2.08869e-20
266.38802	2.09456e-20
266.39486	2.04706e-20
266.40171	2.05303e-20
266.40856	2.09506e-20
266.41540	2.07840e-20
266.42225	2.09497e-20
266.42910	2.06787e-20
266.43594	2.09804e-20
266.44279	2.13847e-20
266.44964	2.08761e-20
266.45649	2.07035e-20
266.46333	2.08350e-20
266.47018	2.09924e-20
266.47703	2.12142e-20
266.48388	2.12612e-20
266.49073	2.08822e-20
266.49758	2.10707e-20
266.50443	2.12726e-20
266.51128	2.07862e-20
266.51814	2.09353e-20
266.52499	2.12209e-20
266.53184	2.10285e-20
266.53869	2.08651e-20
266.54554	2.11344e-20
266.55240	2.12983e-20
266.55925	2.11753e-20
266.56610	2.13081e-20
266.57296	2.10392e-20
266.57981	2.10213e-20
266.58667	2.12674e-20
266.59352	2.08781e-20
266.60038	2.09983e-20
266.60724	2.09504e-20
266.61409	2.08039e-20
266.62095	2.16938e-20
266.62781	2.15999e-20
266.63466	2.12185e-20
266.64152	2.13334e-20
266.64838	2.13697e-20
266.65524	2.18465e-20
266.66210	2.12228e-20
266.66895	2.09779e-20
266.67581	2.19489e-20
266.68267	2.16676e-20
266.68953	2.15481e-20
266.69639	2.18777e-20
266.70326	2.15586e-20
266.71012	2.17433e-20
266.71698	2.20148e-20
266.72384	2.13828e-20
266.73070	2.15644e-20
266.73757	2.20881e-20
266.74443	2.16646e-20
266.75129	2.16579e-20
266.75816	2.16130e-20
266.76502	2.18257e-20
266.77188	2.19275e-20
266.77875	2.14751e-20
266.78561	2.20709e-20
266.79248	2.22565e-20
266.79935	2.18822e-20
266.80621	2.19417e-20
266.81308	2.19383e-20
266.81994	2.20411e-20
266.82681	2.21379e-20
266.83368	2.20816e-20
266.84055	2.18701e-20
266.84742	2.20097e-20
266.85428	2.22511e-20
266.86115	2.20949e-20
266.86802	2.18983e-20
266.87489	2.22404e-20
266.88176	2.25688e-20
266.88863	2.21216e-20
266.89550	2.21801e-20
266.90237	2.25236e-20
266.90925	2.25229e-20
266.91612	2.25195e-20
266.92299	2.22700e-20
266.92986	2.22171e-20
266.93674	2.22215e-20
266.94361	2.22885e-20
266.95048	2.22969e-20
266.95736	2.23404e-20
266.96423	2.28308e-20
266.97111	2.27492e-20
266.97798	2.26409e-20
266.98486	2.26999e-20
266.99173	2.22922e-20
266.99861	2.25102e-20
267.00548	2.28114e-20
267.01236	2.29683e-20
267.01924	2.35739e-20
267.02612	2.35885e-20
267.03299	2.29182e-20
267.03987	2.24669e-20
267.04675	2.29626e-20
267.05363	2.34760e-20
267.06051	2.30213e-20
267.06739	2.29505e-20
267.07427	2.30715e-20
267.08115	2.29221e-20
267.08803	2.29763e-20
267.09491	2.29879e-20
267.10179	2.31151e-20
267.10867	2.31380e-20
267.11556	2.34594e-20
267.12244	2.35748e-20
267.12932	2.32947e-20
267.13620	2.37287e-20
267.14309	2.35130e-20
267.14997	2.34282e-20
267.15686	2.40197e-20
267.16374	2.37488e-20
267.17063	2.37214e-20
267.17751	2.37009e-20
267.18440	2.35332e-20
267.19128	2.38597e-20
267.19817	2.36713e-20
267.20506	2.35916e-20
267.21194	2.34086e-20
267.21883	2.35884e-20
267.22572	2.42207e-20
267.23261	2.34665e-20
267.23949	2.34444e-20
267.24638	2.41534e-20
267.25327	2.39479e-20
267.26016	2.43969e-20
267.26705	2.46641e-20
267.27394	2.42362e-20
267.28083	2.41378e-20
267.28772	2.41224e-20
267.29462	2.39959e-20
267.30151	2.40098e-20
267.30840	2.41935e-20
267.31529	2.42477e-20
267.32218	2.42020e-20
267.32908	2.42621e-20
267.33597	2.44465e-20
267.34286	2.41703e-20
267.34976	2.37926e-20
267.35665	2.39814e-20
267.36355	2.42138e-20
267.37044	2.45915e-20
267.37734	2.46390e-20
267.38424	2.40934e-20
267.39113	2.41293e-20
267.39803	2.42138e-20
267.40493	2.39329e-20
267.41182	2.41062e-20
267.41872	2.39602e-20
267.42562	2.39030e-20
267.43252	2.43737e-20
267.43942	2.39114e-20
267.44631	2.36844e-20
267.45321	2.43634e-20
267.46011	2.47277e-20
267.46701	2.45488e-20
267.47392	2.42450e-20
267.48082	2.44218e-20
267.48772	2.44051e-20
267.49462	2.40442e-20
267.50152	2.37941e-20
267.50842	2.39528e-20
267.51533	2.38877e-20
267.52223	2.34837e-20
267.52913	2.42254e-20
267.53604	2.41637e-20
267.54294	2.33943e-20
267.54985	2.40985e-20
267.55675	2.41314e-20
267.56366	2.36407e-20
267.57056	2.39796e-20
267.57747	2.38052e-20
267.58437	2.37705e-20
267.59128	2.43301e-20
267.59819	2.38722e-20
267.60509	2.37824e-20
267.61200	2.42722e-20
267.61891	2.36265e-20
267.62582	2.33383e-20
267.63273	2.37420e-20
267.63964	2.37198e-20
267.64655	2.36159e-20
267.65346	2.40720e-20
267.66037	2.43083e-20
267.66728	2.40221e-20
267.67419	2.38115e-20
267.68110	2.35803e-20
267.68801	2.37753e-20
267.69492	2.32820e-20
267.70183	2.31114e-20
267.70875	2.39068e-20
267.71566	2.34487e-20
267.72257	2.33758e-20
267.72949	2.35880e-20
267.73640	2.33831e-20
267.74332	2.35575e-20
267.75023	2.36144e-20
267.75715	2.39413e-20
267.76406	2.37767e-20
267.77098	2.35174e-20
267.77789	2.38684e-20
267.78481	2.39978e-20
267.79173	2.37320e-20
267.79865	2.33007e-20
267.80556	2.35094e-20
267.81248	2.37716e-20
267.81940	2.31627e-20
267.82632	2.30612e-20
267.83324	2.37190e-20
267.84016	2.37498e-20
267.84708	2.36569e-20
267.85400	2.35305e-20
267.86092	2.33487e-20
267.86784	2.34439e-20
267.87476	2.34224e-20
267.88168	2.39152e-20
267.88860	2.38550e-20
267.89553	2.35065e-20
267.90245	2.38732e-20
267.90937	2.38113e-20
267.91629	2.37918e-20
267.92322	2.37417e-20
267.93014	2.38803e-20
267.93707	2.41657e-20
267.94399	2.39366e-20
267.95092	2.37117e-20
267.95784	2.35246e-20
267.96477	2.34381e-20
267.97170	2.34155e-20
267.97862	2.36008e-20
267.98555	2.36706e-20
267.99248	2.38177e-20
267.99940	2.38880e-20
268.00633	2.36258e-20
268.01326	2.39421e-20
268.02019	2.35570e-20
268.02712	2.33474e-20
268.03405	2.40864e-20
268.04098	2.40560e-20
268.04791	2.38237e-20
268.05484	2.35799e-20
268.06177	2.34898e-20
268.06870	2.38468e-20
268.07563	2.39837e-20
268.08256	2.41945e-20
268.08950	2.45297e-20
268.09643	2.42708e-20
268.10336	2.41131e-20
268.11030	2.41438e-20
268.11723	2.40643e-20
268.12416	2.42047e-20
268.13110	2.41510e-20
268.13803	2.46234e-20
268.14497	2.48561e-20
268.15190	2.44877e-20
268.15884	2.45147e-20
268.16578	2.45012e-20
268.17271	2.47146e-20
268.17965	2.42919e-20
268.18659	2.42520e-20
268.19353	2.49446e-20
268.20046	2.50922e-20
268.20740	2.51607e-20
268.21434	2.44707e-20
268.22128	2.45906e-20
268.22822	2.53915e-20
268.23516	2.51961e-20
268.24210	2.48434e-20
268.24904	2.49551e-20
268.25598	2.53217e-20
268.26292	2.49232e-20
268.26987	2.47094e-20
268.27681	2.52374e-20
268.28375	2.53219e-20
268.29069	2.50179e-20
268.29764	2.52251e-20
268.30458	2.52891e-20
268.31152	2.52058e-20
268.31847	2.58285e-20
268.32541	2.56489e-20
268.33236	2.59283e-20
268.33930	2.62104e-20
268.34625	2.54847e-20
268.35319	2.56181e-20
268.36014	2.58683e-20
268.36709	2.59981e-20
268.37403	2.57116e-20
268.38098	2.57395e-20
268.38793	2.59242e-20
268.39488	2.57515e-20
268.40183	2.64195e-20
268.40878	2.65314e-20
268.41572	2.64058e-20
268.42267	2.63386e-20
268.42962	2.66526e-20
268.43657	2.68342e-20
268.44353	2.64097e-20
268.45048	2.67723e-20
268.45743	2.64943e-20
268.46438	2.64510e-20
268.47133	2.68220e-20
268.47828	2.66845e-20
268.48524	2.65109e-20
268.49219	2.65318e-20
268.49914	2.69172e-20
268.50610	2.65765e-20
268.51305	2.71366e-20
268.52001	2.74873e-20
268.52696	2.68474e-20
268.53392	2.72826e-20
268.54087	2.72801e-20
268.54783	2.74166e-20
268.55479	2.77116e-20
268.56174	2.73098e-20
268.56870	2.73669e-20
268.57566	2.75054e-20
268.58262	2.73909e-20
268.58957	2.78042e-20
268.59653	2.80029e-20
268.60349	2.75950e-20
268.61045	2.78091e-20
268.61741	2.79129e-20
268.62437	2.78767e-20
268.63133	2.78605e-20
268.63829	2.78907e-20
268.64525	2.80019e-20
268.65221	2.74127e-20
268.65918	2.74643e-20
268.66614	2.78262e-20
268.67310	2.81907e-20
268.68006	2.83100e-20
268.68703	2.78860e-20
268.69399	2.82142e-20
268.70096	2.83140e-20
268.70792	2.81276e-20
268.71488	2.76652e-20
268.72185	2.77925e-20
268.72881	2.87363e-20
268.73578	2.83588e-20
268.74275	2.83585e-20
268.74971	2.87629e-20
268.75668	2.84746e-20
268.76365	2.86554e-20
268.77062	2.85746e-20
268.77758	2.83307e-20
268.78455	2.85125e-20
268.79152	2.84298e-20
268.79849	2.84397e-20
268.80546	2.86627e-20
268.81243	2.85373e-20
268.81940	2.84512e-20
268.82637	2.86589e-20
268.83334	2.86005e-20
268.84031	2.85422e-20
268.84728	2.88189e-20
268.85426	2.89063e-20
268.86123	2.89702e-20
268.86820	2.91238e-20
268.87517	2.92400e-20
268.88215	2.91384e-20
268.88912	2.87144e-20
268.89610	2.85767e-20
268.90307	2.87354e-20
268.91004	2.93549e-20
268.91702	2.95329e-20
268.92400	2.94777e-20
268.93097	2.97339e-20
268.93795	2.91106e-20
268.94492	2.92983e-20
268.95190	2.93841e-20
268.95888	2.92242e-20
268.96586	2.96859e-20
268.97283	2.95560e-20
268.97981	2.97021e-20
268.98679	2.93410e-20
268.99377	2.94075e-20
269.00075	2.96483e-20
269.00773	2.92379e-20
269.01471	2.94724e-20
269.02169	2.94117e-20
269.02867	2.97463e-20
269.03565	2.94872e-20
269.04264	2.92809e-20
269.04962	2.97919e-20
269.05660	2.95033e-20
269.06358	2.93829e-20
269.07057	2.96406e-20
269.07755	3.00308e-20
269.08453	2.96895e-20
269.09152	2.97613e-20
269.09850	2.98159e-20
269.10549	2.98309e-20
269.11247	3.02233e-20
269.11946	2.93236e-20
269.12645	2.96491e-20
269.13343	2.97487e-20
269.14042	2.95306e-20
269.14741	3.02870e-20
269.15439	2.96844e-20
269.16138	2.93892e-20
269.16837	2.95957e-20
269.17536	2.99703e-20
269.18235	2.95858e-20
269.18934	2.89747e-20
269.19633	2.98282e-20
269.20332	3.01432e-20
269.21031	3.00115e-20
269.21730	2.99107e-20
269.22429	2.96400e-20
269.23128	2.93951e-20
269.23827	2.96687e-20
269.24527	2.97759e-20
269.25226	2.92764e-20
269.25925	2.96834e-20
269.26624	2.99223e-20
269.27324	2.96556e-20
269.28023	2.96894e-20
269.28723	2.95422e-20
269.29422	2.92672e-20
269.30122	2.99470e-20
269.30821	3.03246e-20
269.31521	2.97156e-20
269.32220	2.97375e-20
269.32920	2.94613e-20
269.33620	2.95649e-20
269.34320	2.96503e-20
269.35019	2.93951e-20
269.35719	2.95777e-20
269.36419	2.91834e-20
269.37119	2.96176e-20
269.37819	2.98227e-20
269.38519	2.95021e-20
269.39219	2.97197e-20
269.39919	2.98087e-20
269.40619	2.96599e-20
269.41319	2.92688e-20
269.42019	2.94309e-20
269.42719	2.93165e-20
269.43419	2.91423e-20
269.44120	2.94088e-20
269.44820	2.97082e-20
269.45520	2.97082e-20
269.46221	2.91778e-20
269.46921	2.94847e-20
269.47622	2.95795e-20
269.48322	2.95401e-20
269.49022	2.96006e-20
269.49723	2.92397e-20
269.50424	2.94393e-20
269.51124	2.94343e-20
269.51825	2.94067e-20
269.52526	2.94793e-20
269.53226	2.93610e-20
269.53927	2.92043e-20
269.54628	2.92771e-20
269.55329	2.93909e-20
269.56030	2.90249e-20
269.56730	2.92522e-20
269.57431	2.92082e-20
269.58132	2.91494e-20
269.58833	2.96708e-20
269.59534	2.91525e-20
269.60235	2.89439e-20
269.60937	2.94471e-20
269.61638	2.91622e-20
269.62339	2.90477e-20
269.63040	2.93983e-20
269.63741	2.92419e-20
269.64443	2.91938e-20
269.65144	2.91347e-20
269.65845	2.90500e-20
269.66547	2.94414e-20
269.67248	2.94649e-20
269.67950	2.93281e-20
269.68651	2.93102e-20
269.69353	2.89126e-20
269.70054	2.89161e-20
269.70756	2.94387e-20
269.71458	2.92100e-20
269.72160	2.90801e-20
269.72861	2.92764e-20
269.73563	2.91104e-20
269.74265	2.93982e-20
269.74967	2.92171e-20
269.75669	2.89768e-20
269.76371	2.90163e-20
269.77072	2.90957e-20
269.77774	2.93629e-20
269.78476	2.91378e-20
269.79179	2.93102e-20
269.79881	2.89964e-20
269.80583	2.86380e-20
269.81285	2.89595e-20
269.81987	2.87255e-20
269.82689	2.89314e-20
269.83392	2.90092e-20
269.84094	2.87986e-20
269.84796	2.88359e-20
269.85499	2.91108e-20
269.86201	2.90993e-20
269.86904	2.89432e-20
269.87606	2.93086e-20
269.88309	2.88394e-20
269.89011	2.88370e-20
269.89714	2.92268e-20
269.90417	2.90659e-20
269.91119	2.93479e-20
269.91822	2.92893e-20
269.92525	2.93332e-20
269.93228	2.92969e-20
269.93931	2.90706e-20
269.94633	2.93663e-20
269.95336	2.93002e-20
269.96039	2.88770e-20
269.96742	2.88954e-20
269.97445	2.90708e-20
269.98148	2.90111e-20
269.98851	2.91701e-20
269.99555	2.90531e-20
270.00258	2.91576e-20
270.00961	2.92434e-20
270.01664	2.87696e-20
270.02367	2.90894e-20
270.03071	2.92454e-20
270.03774	2.90501e-20
270.04477	2.90506e-20
270.05181	2.92479e-20
270.05884	2.93123e-20
270.06588	2.87484e-20
270.07291	2.90424e-20
270.07995	2.90869e-20
270.08699	2.86135e-20
270.09402	2.91221e-20
270.10106	2.93996e-20
270.10810	2.90729e-20
270.11513	2.88143e-20
270.12217	2.91912e-20
270.12921	2.93379e-20
270.13625	2.90731e-20
270.14329	2.92506e-20
270.15033	2.91086e-20
270.15737	2.89838e-20
270.16441	2.90122e-20
270.17145	2.90391e-20
270.17849	2.91587e-20
270.18553	2.91202e-20
270.19257	2.91993e-20
270.19961	2.90481e-20
270.20666	2.91738e-20
270.21370	2.94848e-20
270.22074	2.92272e-20
270.22778	2.90704e-20
270.23483	2.94061e-20
270.24187	2.96843e-20
270.24892	2.94434e-20
270.25596	2.94824e-20
270.26301	2.92580e-20
270.27005	2.91555e-20
270.27710	2.96378e-20
270.28414	2.92327e-20
270.29119	2.93901e-20
270.29824	2.96429e-20
270.30529	2.93271e-20
270.31233	2.96165e-20
270.31938	2.94982e-20
270.32643	2.92385e-20
270.33348	2.92993e-20
270.34053	2.92238e-20
270.34758	2.90681e-20
270.35463	2.94088e-20
270.36168	2.95127e-20
270.36873	2.92412e-20
270.37578	2.95588e-20
270.38283	2.93543e-20
270.38988	2.89691e-20
270.39694	2.91675e-20
270.40399	2.95941e-20
270.41104	2.94236e-20
270.41810	2.90663e-20
270.42515	2.94903e-20
270.43220	2.95134e-20
270.43926	2.94944e-20
270.44631	2.94393e-20
270.45337	2.92670e-20
270.46042	2.92398e-20
270.46748	2.93362e-20
270.47454	2.94544e-20
270.48159	2.90784e-20
270.48865	2.94924e-20
270.49571	2.94441e-20
270.50276	2.91558e-20
270.50982	2.95878e-20
270.51688	2.94623e-20
270.52394	2.95272e-20
270.53100	2.92183e-20
270.53806	2.94206e-20
270.54512	2.96407e-20
270.55218	2.89761e-20
270.55924	2.90912e-20
270.56630	2.91114e-20
270.57336	2.90287e-20
270.58042	2.91226e-20
270.58749	2.93010e-20
270.59455	2.92726e-20
270.60161	2.91564e-20
270.60868	2.92038e-20
270.61574	2.89031e-20
270.62280	2.91197e-20
270.62987	2.92712e-20
270.63693	2.94549e-20
270.64400	2.95903e-20
270.65106	2.92338e-20
270.65813	2.93823e-20
270.66519	2.91255e-20
270.67226	2.90226e-20
270.67933	2.93557e-20
270.68640	2.91653e-20
270.69346	2.92391e-20
270.70053	2.94974e-20
270.70760	2.92048e-20
270.71467	2.90256e-20
270.72174	2.92628e-20
270.72881	2.91341e-20
270.73588	2.91905e-20
270.74295	2.93372e-20
270.75002	2.92380e-20
270.75709	2.89752e-20
270.76416	2.88011e-20
270.77123	2.92064e-20
270.77830	2.89819e-20
270.78538	2.89591e-20
270.79245	2.93097e-20
270.79952	2.88822e-20
270.80660	2.91556e-20
270.81367	2.95454e-20
270.82075	2.93523e-20
270.82782	2.92571e-20
270.83490	2.90866e-20
270.84197	2.91429e-20
270.84905	2.91793e-20
270.85612	2.91508e-20
270.86320	2.91904e-20
270.87028	2.91456e-20
270.87735	2.92951e-20
270.88443	2.92658e-20
270.89151	2.90737e-20
270.89859	2.91998e-20
270.90567	2.92607e-20
270.91275	2.92920e-20
270.91983	2.92433e-20
270.92691	2.91177e-20
270.93399	2.94279e-20
270.94107	2.92916e-20
270.94815	2.89713e-20
270.95523	2.94406e-20
270.96231	2.95315e-20
270.96939	2.92987e-20
270.97647	2.93095e-20
270.98356	2.93800e-20
270.99064	2.94559e-20
270.99772	2.92740e-20
271.00481	2.94239e-20
271.01189	2.93285e-20
271.01898	2.91901e-20
271.02606	2.96865e-20
271.03315	2.96455e-20
271.04023	2.97071e-20
271.04732	2.95511e-20
271.05441	2.92194e-20
271.06149	2.95569e-20
271.06858	2.94651e-20
271.07567	2.95556e-20
271.08276	2.95426e-20
271.08985	2.91431e-20
271.09693	2.92106e-20
271.10402	2.94296e-20
271.11111	2.93665e-20
271.11820	2.91993e-20
271.12529	2.96696e-20
271.13238	2.96456e-20
271.13947	2.93791e-20
271.14657	2.96793e-20
271.15366	2.94384e-20
271.16075	2.93547e-20
271.16784	2.93844e-20
271.17494	2.92934e-20
271.18203	2.92828e-20
271.18912	2.91823e-20
271.19622	2.93337e-20
271.20331	2.94243e-20
271.21041	2.94743e-20
271.21750	2.94732e-20
271.22460	2.94739e-20
271.23169	2.95218e-20
271.23879	2.94704e-20
271.24588	2.91988e-20
271.25298	2.90126e-20
271.26008	2.93688e-20
271.26718	2.93736e-20
271.27427	2.92367e-20
271.28137	2.93379e-20
271.28847	2.94497e-20
271.29557	2.95706e-20
271.30267	2.93571e-20
271.30977	2.94138e-20
271.31687	2.91681e-20
271.32397	2.89837e-20
271.33107	2.91768e-20
271.33817	2.88517e-20
271.34528	2.91870e-20
271.35238	2.92757e-20
271.35948	2.90234e-20
271.36658	2.91896e-20
271.37369	2.90666e-20
271.38079	2.91967e-20
271.38789	2.90207e-20
271.39500	2.90725e-20
271.40210	2.90852e-20
271.40921	2.86482e-20
271.41631	2.90040e-20
271.42342	2.89825e-20
271.43053	2.91411e-20
271.43763	2.92138e-20
271.44474	2.88221e-20
271.45185	2.91426e-20
271.45895	2.88472e-20
271.46606	2.87985e-20
271.47317	2.90321e-20
271.48028	2.87728e-20
271.48739	2.92372e-20
271.49450	2.94305e-20
271.50161	2.92353e-20
271.50872	2.92423e-20
271.51583	2.89600e-20
271.52294	2.89511e-20
271.53005	2.91257e-20
271.53716	2.89142e-20
271.54428	2.89966e-20
271.55139	2.90051e-20
271.55850	2.88865e-20
271.56562	2.91673e-20
271.57273	2.89683e-20
271.57984	2.89014e-20
271.58696	2.88527e-20
271.59407	2.88369e-20
271.60119	2.94100e-20
271.60830	2.93650e-20
271.61542	2.92260e-20
271.62254	2.90685e-20
271.62965	2.90117e-20
271.63677	2.92407e-20
271.64389	2.91740e-20
271.65100	2.92136e-20
271.65812	2.90280e-20
271.66524	2.92131e-20
271.67236	2.92931e-20
271.67948	2.90662e-20
271.68660	2.94091e-20
271.69372	2.91029e-20
271.70084	2.90520e-20
271.70796	2.94304e-20
271.71508	2.93886e-20
271.72220	2.94833e-20
271.72933	2.90676e-20
271.73645	2.91622e-20
271.74357	2.96791e-20
271.75069	2.93045e-20
271.75782	2.94423e-20
271.76494	2.99307e-20
271.77206	2.96901e-20
271.77919	2.92675e-20
271.78631	2.93971e-20
271.79344	2.96646e-20
271.80056	2.94521e-20
271.80769	2.94579e-20
271.81482	2.96076e-20
271.82194	2.96652e-20
271.82907	2.96592e-20
271.83620	2.96554e-20
271.84333	2.96815e-20
271.85045	2.93929e-20
271.85758	2.92748e-20
271.86471	2.91938e-20
271.87184	2.94703e-20
271.87897	2.96636e-20
271.88610	2.95739e-20
271.89323	2.96837e-20
271.90036	2.92690e-20
271.90749	2.98798e-20
271.91463	3.02529e-20
271.92176	2.96196e-20
271.92889	2.94580e-20
271.93602	2.92252e-20
271.94316	2.98876e-20
271.95029	3.00826e-20
271.95742	2.98112e-20
271.96456	2.98707e-20
271.97169	2.97229e-20
271.97883	3.03366e-20
271.98596	3.03882e-20
271.99310	3.00338e-20
272.00023	2.98907e-20
272.00737	3.02430e-20
272.01451	3.04502e-20
272.02165	2.98249e-20
272.02878	3.03997e-20
272.03592	3.05122e-20
272.04306	2.98442e-20
272.05020	3.02531e-20
272.05734	3.03885e-20
272.06448	3.02678e-20
272.07162	3.05690e-20
272.07876	3.06254e-20
272.08590	3.05948e-20
272.09304	3.06360e-20
272.10018	3.04809e-20
272.10732	3.06755e-20
272.11446	3.05407e-20
272.12161	3.02527e-20
272.12875	3.07568e-20
272.13589	3.09542e-20
272.14304	3.08130e-20
272.15018	3.09655e-20
272.15732	3.09233e-20
272.16447	3.05025e-20
272.17161	3.07955e-20
272.17876	3.11076e-20
272.18591	3.11334e-20
272.19305	3.16341e-20
272.20020	3.14454e-20
272.20735	3.12054e-20
272.21449	3.13329e-20
272.22164	3.13933e-20
272.22879	3.13376e-20
272.23594	3.12637e-20
272.24309	3.15149e-20
272.25024	3.14682e-20
272.25738	3.15266e-20
272.26453	3.14144e-20
272.27168	3.14192e-20
272.27884	3.18026e-20
272.28599	3.16421e-20
272.29314	3.14632e-20
272.30029	3.15658e-20
272.30744	3.19192e-20
272.31460	3.20071e-20
272.32175	3.18767e-20
272.32890	3.18903e-20
272.33606	3.18158e-20
272.34321	3.17721e-20
272.35036	3.19025e-20
272.35752	3.20866e-20
272.36467	3.19137e-20
272.37183	3.19246e-20
272.37899	3.22062e-20
272.38614	3.23762e-20
272.39330	3.22807e-20
272.40046	3.24673e-20
272.40761	3.26779e-20
272.41477	3.24308e-20
272.42193	3.24277e-20
272.42909	3.20770e-20
272.43625	3.23459e-20
272.44341	3.25053e-20
272.45057	3.21063e-20
272.45773	3.25961e-20
272.46489	3.25494e-20
272.47205	3.25971e-20
272.47921	3.25946e-20
272.48637	3.25633e-20
272.49353	3.27541e-20
272.50070	3.23725e-20
272.50786	3.25684e-20
272.51502	3.26942e-20
272.52218	3.29001e-20
272.52935	3.30405e-20
272.53651	3.29320e-20
272.54368	3.29508e-20
272.55084	3.27781e-20
272.55801	3.28737e-20
272.56517	3.28777e-20
272.57234	3.30546e-20
272.57951	3.29440e-20
272.58667	3.28855e-20
272.59384	3.30997e-20
272.60101	3.30126e-20
272.60818	3.31927e-20
272.61534	3.31228e-20
272.62251	3.32635e-20
272.62968	3.34350e-20
272.63685	3.33321e-20
272.64402	3.32618e-20
272.65119	3.30864e-20
272.65836	3.30514e-20
272.66553	3.33035e-20
272.67271	3.38159e-20
272.67988	3.36969e-20
272.68705	3.35108e-20
272.69422	3.33923e-20
272.70140	3.36647e-20
272.70857	3.40278e-20
272.71574	3.36080e-20
272.72292	3.37284e-20
272.73009	3.36672e-20
272.73727	3.36748e-20
272.74444	3.40262e-20
272.75162	3.41271e-20
272.75879	3.41785e-20
272.76597	3.41289e-20
272.77315	3.42052e-20
272.78032	3.40028e-20
272.78750	3.43571e-20
272.79468	3.43619e-20
272.80186	3.43172e-20
272.80904	3.47835e-20
272.81621	3.44371e-20
272.82339	3.44993e-20
272.83057	3.43673e-20
272.83775	3.45510e-20
272.84493	3.50830e-20
272.85211	3.49565e-20
272.85930	3.50599e-20
272.86648	3.49261e-20
272.87366	3.50639e-20
272.88084	3.52436e-20
272.88802	3.53679e-20
272.89521	3.53040e-20
272.90239	3.51552e-20
272.90958	3.56154e-20
272.91676	3.53818e-20
272.92394	3.51894e-20
272.93113	3.57669e-20
272.93831	3.61453e-20
272.94550	3.58274e-20
272.95269	3.57307e-20
272.95987	3.61909e-20
272.96706	3.59206e-20
272.97425	3.57576e-20
272.98144	3.60445e-20
272.98862	3.61673e-20
272.99581	3.60816e-20
273.00300	3.61715e-20
273.01019	3.66335e-20
273.01738	3.65624e-20
273.02457	3.63357e-20
273.03176	3.65556e-20
273.03895	3.67366e-20
273.04614	3.65525e-20
273.05333	3.63955e-20
273.06052	3.65384e-20
273.06772	3.65771e-20
273.07491	3.66676e-20
273.08210	3.69566e-20
273.08930	3.68204e-20
273.09649	3.66997e-20
273.10368	3.70353e-20
273.11088	3.69136e-20
273.11807	3.70886e-20
273.12527	3.73242e-20
273.13246	3.68773e-20
273.13966	3.70521e-20
273.14686	3.73391e-20
273.15405	3.72725e-20
273.16125	3.71953e-20
273.16845	3.70752e-20
273.17565	3.68621e-20
273.18284	3.66899e-20
273.19004	3.72981e-20
273.19724	3.73758e-20
273.20444	3.69762e-20
273.21164	3.71702e-20
273.21884	3.71996e-20
273.22604	3.74314e-20
273.23324	3.76052e-20
273.24044	3.75212e-20
273.24765	3.77155e-20
273.25485	3.76586e-20
273.26205	3.74863e-20
273.26925	3.76400e-20
273.27646	3.77838e-20
273.28366	3.76533e-20
273.29086	3.75010e-20
273.29807	3.74203e-20
273.30527	3.76988e-20
273.31248	3.79042e-20
273.31968	3.76965e-20
273.32689	3.79560e-20
273.33410	3.77909e-20
273.34130	3.76224e-20
273.34851	3.79660e-20
273.35572	3.74668e-20
273.36293	3.74034e-20
273.37013	3.77198e-20
273.37734	3.77886e-20
273.38455	3.80225e-20
273.39176	3.78500e-20
273.39897	3.77842e-20
273.40618	3.77560e-20
273.41339	3.75938e-20
273.42060	3.75841e-20
273.42781	3.77595e-20
273.43502	3.76747e-20
273.44224	3.73124e-20
273.44945	3.74493e-20
273.45666	3.76047e-20
273.46387	3.75265e-20
273.47109	3.75834e-20
273.47830	3.75626e-20
273.48552	3.72980e-20
273.49273	3.75874e-20
273.49995	3.77942e-20
273.50716	3.75364e-20
273.51438	3.78730e-20
273.52159	3.74367e-20
273.52881	3.73642e-20
273.53603	3.79200e-20
273.54324	3.75315e-20
273.55046	3.74890e-20
273.55768	3.75957e-20
273.56490	3.76428e-20
273.57212	3.74911e-20
273.57934	3.76455e-20
273.58656	3.78857e-20
273.59378	3.75819e-20
273.60100	3.75588e-20
273.60822	3.73202e-20
273.61544	3.75086e-20
273.62266	3.77952e-20
273.62988	3.76132e-20
273.63710	3.71727e-20
273.64433	3.72305e-20
273.65155	3.76170e-20
273.65877	3.70034e-20
273.66600	3.73416e-20
273.67322	3.72907e-20
273.68045	3.67511e-20
273.68767	3.73665e-20
273.69490	3.72472e-20
273.70212	3.71125e-20
273.70935	3.70840e-20
273.71657	3.71087e-20
273.72380	3.72710e-20
273.73103	3.72615e-20
273.73826	3.70347e-20
273.74548	3.67471e-20
273.75271	3.72874e-20
273.75994	3.74350e-20
273.76717	3.73221e-20
273.77440	3.73618e-20
273.78163	3.74067e-20
273.78886	3.73462e-20
273.79609	3.71145e-20
273.80332	3.73111e-20
273.81055	3.71468e-20
273.81778	3.73871e-20
273.82502	3.74793e-20
273.83225	3.70362e-20
273.83948	3.72770e-20
273.84672	3.74222e-20
273.85395	3.77033e-20
273.86118	3.77353e-20
273.86842	3.73927e-20
273.87565	3.73931e-20
273.88289	3.74444e-20
273.89012	3.76053e-20
273.89736	3.77482e-20
273.90460	3.76930e-20
273.91183	3.78197e-20
273.91907	3.77951e-20
273.92631	3.74317e-20
273.93355	3.75990e-20
273.94078	3.77749e-20
273.94802	3.78829e-20
273.95526	3.79513e-20
273.96250	3.77797e-20
273.96974	3.80519e-20
273.97698	3.81070e-20
273.98422	3.80935e-20
273.99146	3.81225e-20
273.99870	3.80945e-20
274.00595	3.82760e-20
274.01319	3.82263e-20
274.02043	3.82148e-20
274.02767	3.83476e-20
274.03492	3.85310e-20
274.04216	3.86169e-20
274.04940	3.87267e-20
274.05665	3.84119e-20
274.06389	3.84510e-20
274.07114	3.91358e-20
274.07838	3.88097e-20
274.08563	3.86426e-20
274.09288	3.86134e-20
274.10012	3.85518e-20
274.10737	3.90203e-20
274.11462	3.89963e-20
274.12187	3.91284e-20
274.12911	3.91399e-20
274.13636	3.88220e-20
274.14361	3.88867e-20
274.15086	3.91214e-20
274.15811	3.91787e-20
274.16536	3.89331e-20
274.17261	3.92300e-20
274.17986	3.94591e-20
274.18711	3.91980e-20
274.19437	3.95571e-20
274.20162	3.94602e-20
274.20887	3.89948e-20
274.21612	3.95072e-20
274.22338	3.95514e-20
274.23063	3.94156e-20
274.23788	3.94818e-20
274.24514	3.94699e-20
274.25239	3.97551e-20
274.25965	3.93586e-20
274.26690	3.94116e-20
274.27416	3.97206e-20
274.28142	3.94776e-20
274.28867	3.97273e-20
274.29593	3.99292e-20
274.30319	3.98590e-20
274.31044	3.95626e-20
274.31770	3.95538e-20
274.32496	3.96965e-20
274.33222	3.97428e-20
274.33948	4.00588e-20
274.34674	4.01569e-20
274.35400	4.00915e-20
274.36126	4.00329e-20
274.36852	3.98800e-20
274.37578	3.95296e-20
274.38304	3.97471e-20
274.39031	3.98544e-20
274.39757	3.98402e-20
274.40483	4.02472e-20
274.41210	3.98240e-20
274.41936	3.99333e-20
274.42662	3.99601e-20
274.43389	3.96007e-20
274.44115	3.99695e-20
274.44842	3.99620e-20
274.45568	3.99695e-20
274.46295	3.99207e-20
274.47021	4.00311e-20
274.47748	4.01186e-20
274.48475	4.00364e-20
274.49202	4.02230e-20
274.49928	4.02085e-20
274.50655	4.02759e-20
274.51382	4.00456e-20
274.52109	4.00022e-20
274.52836	3.99606e-20
274.53563	3.98695e-20
274.54290	4.02071e-20
274.55017	4.00514e-20
274.55744	4.00400e-20
274.56471	4.01223e-20
274.57198	4.01275e-20
274.57926	4.03993e-20
274.58653	4.02322e-20
274.59380	4.00765e-20
274.60107	4.01884e-20
274.60835	3.98837e-20
274.61562	3.99870e-20
274.62290	4.04415e-20
274.63017	4.00526e-20
274.63745	3.99346e-20
274.64472	4.00700e-20
274.65200	4.01022e-20
274.65927	4.03505e-20
274.66655	4.03098e-20
274.67383	4.03485e-20
274.68111	4.02541e-20
274.68838	4.01289e-20
274.69566	4.02361e-20
274.70294	4.03240e-20
274.71022	4.01593e-20
274.71750	4.00749e-20
274.72478	4.02281e-20
274.73206	4.00737e-20
274.73934	4.02793e-20
274.74662	4.01198e-20
274.75390	3.98892e-20
274.76118	4.01569e-20
274.76846	3.97806e-20
274.77575	3.97615e-20
274.78303	4.00162e-20
274.79031	4.02160e-20
274.79760	4.01144e-20
274.80488	3.95564e-20
274.81217	3.99698e-20
274.81945	4.03653e-20
274.82674	3.99047e-20
274.83402	3.99309e-20
274.84131	4.04074e-20
274.84859	4.02758e-20
274.85588	3.98652e-20
274.86317	3.98975e-20
274.87045	4.01851e-20
274.87774	3.99445e-20
274.88503	3.98454e-20
274.89232	4.03168e-20
274.89961	4.00820e-20
274.90690	3.97943e-20
274.91419	3.99342e-20
274.92148	4.02035e-20
274.92877	4.04277e-20
274.93606	3.98809e-20
274.94335	3.94160e-20
274.95064	3.97690e-20
274.95794	4.03273e-20
274.96523	4.00311e-20
274.97252	3.98101e-20
274.97981	4.01207e-20
274.98711	3.99301e-20
274.99440	3.99426e-20
275.00170	3.99806e-20
275.00899	4.01190e-20
275.01629	4.01850e-20
275.02358	3.98041e-20
275.03088	3.99836e-20
275.03817	4.00397e-20
275.04547	3.97042e-20
275.05277	3.97389e-20
275.06007	4.00143e-20
275.06736	3.99569e-20
275.07466	3.99859e-20
275.08196	4.02432e-20
275.08926	4.01766e-20
275.09656	4.00234e-20
275.10386	3.97391e-20
275.11116	4.00990e-20
275.11846	4.02732e-20
275.12576	3.98427e-20
275.13306	4.02340e-20
275.14036	4.01573e-20
275.14767	3.98434e-20
275.15497	4.00446e-20
275.16227	3.99873e-20
275.16958	3.99182e-20
275.17688	3.99124e-20
275.18418	3.97787e-20
275.19149	3.94487e-20
275.19879	3.96390e-20
275.20610	4.00466e-20
275.21340	4.01715e-20
275.22071	4.00558e-20
275.22802	3.97313e-20
275.23532	3.97313e-20
275.24263	3.96417e-20
275.24994	3.96321e-20
275.25725	3.95970e-20
275.26456	3.97355e-20
275.27186	4.01137e-20
275.27917	3.98583e-20
275.28648	3.99186e-20
275.29379	3.98467e-20
275.30110	3.97960e-20
275.30841	3.99870e-20
275.31573	3.95076e-20
275.32304	3.96965e-20
275.33035	3.99126e-20
275.33766	3.97245e-20
275.34497	3.99123e-20
275.35229	3.98581e-20
275.35960	3.96149e-20
275.36691	3.95842e-20
275.37423	3.97287e-20
275.38154	3.96625e-20
275.38886	3.95840e-20
275.39617	3.95730e-20
275.40349	3.97086e-20
275.41081	3.96233e-20
275.41812	3.93943e-20
275.42544	3.95804e-20
275.43276	3.94397e-20
275.44007	3.95742e-20
275.44739	3.96121e-20
275.45471	3.94064e-20
275.46203	3.95114e-20
275.46935	3.92321e-20
275.47667	3.93402e-20
275.48399	3.92472e-20
275.49131	3.90705e-20
275.49863	3.93197e-20
275.50595	3.92223e-20
275.51327	3.94099e-20
275.52060	3.91679e-20
275.52792	3.89108e-20
275.53524	3.95301e-20
275.54256	3.91985e-20
275.54989	3.88914e-20
275.55721	3.96072e-20
275.56454	3.93064e-20
275.57186	3.90929e-20
275.57919	3.94006e-20
275.58651	3.91417e-20
275.59384	3.93206e-20
275.60116	3.92710e-20
275.60849	3.92399e-20
275.61582	3.92686e-20
275.62314	3.89439e-20
275.63047	3.88508e-20
275.63780	3.89246e-20
275.64513	3.93218e-20
275.65246	3.90797e-20
275.65979	3.89921e-20
275.66712	3.90999e-20
275.67445	3.87292e-20
275.68178	3.88173e-20
275.68911	3.87724e-20
275.69644	3.88243e-20
275.70377	3.87824e-20
275.71110	3.89892e-20
275.71844	3.93152e-20
275.72577	3.90787e-20
275.73310	3.89805e-20
275.74044	3.87774e-20
275.74777	3.87766e-20
275.75511	3.87470e-20
275.76244	3.89090e-20
275.76978	3.88712e-20
275.77711	3.86813e-20
275.78445	3.89928e-20
275.79178	3.86011e-20
275.79912	3.86772e-20
275.80646	3.91856e-20
275.81380	3.90992e-20
275.82113	3.88258e-20
275.82847	3.88238e-20
275.83581	3.90312e-20
275.84315	3.87257e-20
275.85049	3.87288e-20
275.85783	3.88672e-20
275.86517	3.89330e-20
275.87251	3.89555e-20
275.87985	3.89268e-20
275.88719	3.87843e-20
275.89454	3.84714e-20
275.90188	3.89370e-20
275.90922	3.90846e-20
275.91656	3.90294e-20
275.92391	3.89556e-20
275.93125	3.88327e-20
275.93859	3.91137e-20
275.94594	3.87496e-20
275.95328	3.86732e-20
275.96063	3.87970e-20
275.96798	3.88257e-20
275.97532	3.89753e-20
275.98267	3.89784e-20
275.99002	3.91457e-20
275.99736	3.89403e-20
276.00471	3.89279e-20
276.01206	3.90670e-20
276.01941	3.87158e-20
276.02676	3.87957e-20
276.03411	3.91663e-20
276.04146	3.91427e-20
276.04881	3.92253e-20
276.05616	3.90908e-20
276.06351	3.89077e-20
276.07086	3.92256e-20
276.07821	3.91189e-20
276.08556	3.92829e-20
276.09291	3.92860e-20
276.10027	3.89607e-20
276.10762	3.92512e-20
276.11497	3.91743e-20
276.12233	3.90492e-20
276.12968	3.91157e-20
276.13704	3.93597e-20
276.14439	3.92473e-20
276.15175	3.90037e-20
276.15910	3.94406e-20
276.16646	3.94518e-20
276.17382	3.94322e-20
276.18118	3.94743e-20
276.18853	3.93699e-20
276.19589	3.92747e-20
276.20325	3.91931e-20
276.21061	3.93488e-20
276.21797	3.94687e-20
276.22533	3.97234e-20
276.23269	3.96873e-20
276.24005	3.95151e-20
276.24741	3.94402e-20
276.25477	3.95731e-20
276.26213	3.97241e-20
276.26949	3.95924e-20
276.27685	3.98367e-20
276.28422	3.99681e-20
276.29158	3.98943e-20
276.29894	3.97483e-20
276.30631	3.97783e-20
276.31367	4.00056e-20
276.32104	4.00211e-20
276.32840	4.01073e-20
276.33577	4.00350e-20
276.34313	3.99738e-20
276.35050	3.99646e-20
276.35787	3.99976e-20
276.36523	3.99084e-20
276.37260	4.01795e-20
276.37997	4.04240e-20
276.38734	3.99348e-20
276.39470	4.02613e-20
276.40207	4.02972e-20
276.40944	4.02161e-20
276.41681	4.07537e-20
276.42418	4.05495e-20
276.43155	4.04976e-20
276.43892	4.05993e-20
276.44629	4.07305e-20
276.45367	4.06780e-20
276.46104	4.04259e-20
276.46841	4.07593e-20
276.47578	4.08607e-20
276.48316	4.06344e-20
276.49053	4.06465e-20
276.49791	4.08039e-20
276.50528	4.07579e-20
276.51265	4.06991e-20
276.52003	4.09478e-20
276.52741	4.10331e-20
276.53478	4.08573e-20
276.54216	4.08447e-20
276.54953	4.09586e-20
276.55691	4.10427e-20
276.56429	4.12555e-20
276.57167	4.12317e-20
276.57905	4.09370e-20
276.58642	4.09352e-20
276.59380	4.12481e-20
276.60118	4.11711e-20
276.60856	4.11494e-20
276.61594	4.15110e-20
276.62332	4.13739e-20
276.63071	4.15089e-20
276.63809	4.16280e-20
276.64547	4.13412e-20
276.65285	4.13541e-20
276.66023	4.14075e-20
276.66762	4.15747e-20
276.67500	4.16073e-20
276.68238	4.16347e-20
276.68977	4.15267e-20
276.69715	4.15317e-20
276.70454	4.18825e-20
276.71192	4.18610e-20
276.71931	4.18893e-20
276.72670	4.19632e-20
276.73408	4.20402e-20
276.74147	4.20065e-20
276.74886	4.20747e-20
276.75625	4.21493e-20
276.76363	4.21092e-20
276.77102	4.25010e-20
276.77841	4.21179e-20
276.78580	4.19711e-20
276.79319	4.22893e-20
276.80058	4.18986e-20
276.80797	4.20071e-20
276.81536	4.22574e-20
276.82275	4.23036e-20
276.83015	4.22596e-20
276.83754	4.22742e-20
276.84493	4.25757e-20
276.85232	4.24563e-20
276.85972	4.25285e-20
276.86711	4.26285e-20
276.87450	4.23596e-20
276.88190	4.26060e-20
276.88929	4.28209e-20
276.89669	4.24725e-20
276.90409	4.24374e-20
276.91148	4.28624e-20
276.91888	4.29345e-20
276.92627	4.26424e-20
276.93367	4.25675e-20
276.94107	4.25336e-20
276.94847	4.26945e-20
276.95587	4.31365e-20
276.96327	4.30019e-20
276.97066	4.25120e-20
276.97806	4.25885e-20
276.98546	4.29700e-20
276.99286	4.28460e-20
277.00027	4.28908e-20
277.00767	4.29680e-20
277.01507	4.27910e-20
277.02247	4.30820e-20
277.02987	4.28424e-20
277.03728	4.27005e-20
277.04468	4.30631e-20
277.05208	4.31719e-20
277.05949	4.31512e-20
277.06689	4.28114e-20
277.07430	4.28237e-20
277.08170	4.29745e-20
277.08911	4.33505e-20
277.09651	4.32020e-20
277.10392	4.28003e-20
277.11133	4.31890e-20
277.11873	4.29056e-20
277.12614	4.30469e-20
277.13355	4.31996e-20
277.14096	4.30688e-20
277.14837	4.31972e-20
277.15578	4.30002e-20
277.16319	4.35568e-20
277.17060	4.32495e-20
277.17801	4.29068e-20
277.18542	4.33956e-20
277.19283	4.32276e-20
277.20024	4.31278e-20
277.20765	4.29156e-20
277.21506	4.32445e-20
277.22248	4.36225e-20
277.22989	4.35888e-20
277.23730	4.35468e-20
277.24472	4.30940e-20
277.25213	4.32326e-20
277.25955	4.34286e-20
277.26696	4.33347e-20
277.27438	4.32865e-20
277.28179	4.32360e-20
277.28921	4.35547e-20
277.29663	4.35649e-20
277.30404	4.33967e-20
277.31146	4.34086e-20
277.31888	4.33774e-20
277.32630	4.33191e-20
277.33372	4.31873e-20
277.34113	4.33102e-20
277.34855	4.33514e-20
277.35597	4.32212e-20
277.36339	4.33168e-20
277.37081	4.31690e-20
277.37824	4.33545e-20
277.38566	4.34450e-20
277.39308	4.32500e-20
277.40050	4.36356e-20
277.40792	4.35748e-20
277.41535	4.34491e-20
277.42277	4.33923e-20
277.43019	4.34201e-20
277.43762	4.36223e-20
277.44504	4.32312e-20
277.45247	4.33279e-20
277.45989	4.34281e-20
277.46732	4.32387e-20
277.47475	4.31645e-20
277.48217	4.32904e-20
277.48960	4.34939e-20
277.49703	4.30536e-20
277.50446	4.32812e-20
277.51188	4.36681e-20
277.51931	4.35436e-20
277.52674	4.36618e-20
277.53417	4.34529e-20
277.54160	4.32006e-20
277.54903	4.33959e-20
277.55646	4.36105e-20
277.56389	4.33470e-20
277.57132	4.33090e-20
277.57876	4.32811e-20
277.58619	4.33326e-20
277.59362	4.36333e-20
277.60105	4.35144e-20
277.60849	4.35447e-20
277.61592	4.34078e-20
277.62336	4.35611e-20
277.63079	4.37798e-20
277.63822	4.36294e-20
277.64566	4.37755e-20
277.65310	4.37159e-20
277.66053	4.35700e-20
277.66797	4.32423e-20
277.67541	4.35279e-20
277.68284	4.37503e-20
277.69028	4.34265e-20
277.69772	4.36529e-20
277.70516	4.35766e-20
277.71260	4.35859e-20
277.72004	4.34946e-20
277.72748	4.35709e-20
277.73492	4.37255e-20
277.74236	4.34481e-20
277.74980	4.38874e-20
277.75724	4.39737e-20
277.76468	4.37338e-20
277.77212	4.37242e-20
277.77957	4.37091e-20
277.78701	4.38314e-20
277.79445	4.37795e-20
277.80190	4.39479e-20
277.80934	4.40441e-20
277.81678	4.38113e-20
277.82423	4.41235e-20
277.83167	4.45241e-20
277.83912	4.40965e-20
277.84657	4.40027e-20
277.85401	4.40346e-20
277.86146	4.41488e-20
277.86891	4.46033e-20
277.87636	4.42440e-20
277.88380	4.42789e-20
277.89125	4.42547e-20
277.89870	4.43051e-20
277.90615	4.46722e-20
277.91360	4.43292e-20
277.92105	4.46952e-20
277.92850	4.46256e-20
277.93595	4.43869e-20
277.94340	4.47064e-20
277.95086	4.46358e-20
277.95831	4.47996e-20
277.96576	4.49210e-20
277.97321	4.50318e-20
277.98067	4.51883e-20
277.98812	4.53851e-20
277.99557	4.50435e-20
278.00303	4.49242e-20
278.01048	4.53371e-20
278.01794	4.49557e-20
278.02539	4.50820e-20
278.03285	4.52861e-20
278.04031	4.52057e-20
278.04776	4.52761e-20
278.05522	4.53000e-20
278.06268	4.55158e-20
278.07014	4.53239e-20
278.07760	4.51847e-20
278.08506	4.52910e-20
278.09251	4.58671e-20
278.09997	4.56900e-20
278.10743	4.53196e-20
278.11490	4.60422e-20
278.12236	4.57842e-20
278.12982	4.58260e-20
278.13728	4.59770e-20
278.14474	4.57247e-20
278.15220	4.61337e-20
278.15967	4.59546e-20
278.16713	4.59573e-20
278.17459	4.59435e-20
278.18206	4.57784e-20
278.18952	4.60343e-20
278.19699	4.61947e-20
278.20445	4.63450e-20
278.21192	4.62905e-20
278.21939	4.62270e-20
278.22685	4.61379e-20
278.23432	4.61787e-20
278.24179	4.63626e-20
278.24925	4.64095e-20
278.25672	4.63046e-20
278.26419	4.62165e-20
278.27166	4.65588e-20
278.27913	4.65041e-20
278.28660	4.63692e-20
278.29407	4.67152e-20
278.30154	4.67858e-20
278.30901	4.67477e-20
278.31648	4.66696e-20
278.32395	4.65733e-20
278.33143	4.67885e-20
278.33890	4.68491e-20
278.34637	4.67220e-20
278.35384	4.67621e-20
278.36132	4.66598e-20
278.36879	4.69379e-20
278.37627	4.70614e-20
278.38374	4.66876e-20
278.39122	4.69260e-20
278.39869	4.69410e-20
278.40617	4.69236e-20
278.41365	4.70411e-20
278.42112	4.68533e-20
278.42860	4.71641e-20
278.43608	4.71301e-20
278.44356	4.70403e-20
278.45104	4.71577e-20
278.45851	4.68799e-20
278.46599	4.71542e-20
278.47347	4.72207e-20
278.48095	4.69093e-20
278.48843	4.70795e-20
278.49592	4.71227e-20
278.50340	4.71956e-20
278.51088	4.72813e-20
278.51836	4.73110e-20
278.52584	4.73657e-20
278.53333	4.71851e-20
278.54081	4.73075e-20
278.54829	4.72946e-20
278.55578	4.72044e-20
278.56326	4.71753e-20
278.57075	4.71151e-20
278.57823	4.74184e-20
278.58572	4.73222e-20
278.59321	4.73410e-20
278.60069	4.73359e-20
278.60818	4.72883e-20
278.61567	4.72959e-20
278.62315	4.68791e-20
278.63064	4.74702e-20
278.63813	4.76844e-20
278.64562	4.74204e-20
278.65311	4.78193e-20
278.66060	4.77609e-20
278.66809	4.76582e-20
278.67558	4.75724e-20
278.68307	4.77930e-20
278.69056	4.76460e-20
278.69806	4.75179e-20
278.70555	4.79355e-20
278.71304	4.75812e-20
278.72053	4.76382e-20
278.72803	4.79379e-20
278.73552	4.78526e-20
278.74301	4.78467e-20
278.75051	4.79386e-20
278.75800	4.78731e-20
278.76550	4.77834e-20
278.77300	4.81378e-20
278.78049	4.81695e-20
278.78799	4.82438e-20
278.79549	4.82994e-20
278.80298	4.84072e-20
278.81048	4.84402e-20
278.81798	4.81814e-20
278.82548	4.86395e-20
278.83298	4.85317e-20
278.84048	4.83753e-20
278.84798	4.85152e-20
278.85548	4.83660e-20
278.86298	4.85581e-20
278.87048	4.86551e-20
278.87798	4.88535e-20
278.88548	4.88114e-20
278.89299	4.90010e-20
278.90049	4.92514e-20
278.90799	4.91007e-20
278.91550	4.92862e-20
278.92300	4.92770e-20
278.93050	4.92026e-20
278.93801	4.93533e-20
278.94551	4.95741e-20
278.95302	4.94585e-20
278.96052	4.95858e-20
278.96803	4.97673e-20
278.97554	4.95401e-20
278.98305	4.98356e-20
278.99055	4.98199e-20
278.99806	4.99891e-20
279.00557	5.00700e-20
279.01308	4.98753e-20
279.02059	5.03699e-20
279.02810	5.03383e-20
279.03561	5.04247e-20
279.04312	5.05966e-20
279.05063	5.04028e-20
279.05814	5.04807e-20
279.06565	5.06788e-20
279.07316	5.09810e-20
279.08068	5.09204e-20
279.08819	5.08250e-20
279.09570	5.08365e-20
279.10322	5.09336e-20
279.11073	5.13800e-20
279.11824	5.14792e-20
279.12576	5.13620e-20
279.13327	5.14607e-20
279.14079	5.11658e-20
279.14831	5.09954e-20
279.15582	5.14856e-20
279.16334	5.16618e-20
279.17086	5.16987e-20
279.17837	5.17982e-20
279.18589	5.18289e-20
279.19341	5.18858e-20
279.20093	5.20434e-20
279.20845	5.23722e-20
279.21597	5.21095e-20
279.22349	5.21338e-20
279.23101	5.26062e-20
279.23853	5.26782e-20
279.24605	5.26746e-20
279.25357	5.27072e-20
279.26110	5.28810e-20
279.26862	5.29273e-20
279.27614	5.30101e-20
279.28367	5.28803e-20
279.29119	5.28191e-20
279.29871	5.32062e-20
279.30624	5.33388e-20
279.31376	5.36057e-20
279.32129	5.37758e-20
279.32881	5.37723e-20
279.33634	5.36914e-20
279.34387	5.37535e-20
279.35139	5.38600e-20
279.35892	5.37141e-20
279.36645	5.39780e-20
279.37398	5.39403e-20
279.38151	5.40229e-20
279.38904	5.41537e-20
279.39657	5.39723e-20
279.40410	5.44392e-20
279.41163	5.43246e-20
279.41916	5.40697e-20
279.42669	5.43919e-20
279.43422	5.44729e-20
279.44175	5.44038e-20
279.44928	5.42357e-20
279.45682	5.43772e-20
279.46435	5.46298e-20
279.47188	5.46071e-20
279.47942	5.44847e-20
279.48695	5.46098e-20
279.49449	5.48715e-20
279.50202	5.45097e-20
279.50956	5.44379e-20
279.51709	5.49138e-20
279.52463	5.47236e-20
279.53217	5.48373e-20
279.53970	5.51067e-20
279.54724	5.46357e-20
279.55478	5.48106e-20
279.56232	5.49412e-20
279.56986	5.44797e-20
279.57739	5.45339e-20
279.58493	5.46682e-20
279.59247	5.46446e-20
279.60001	5.46790e-20
279.60756	5.46633e-20
279.61510	5.45724e-20
279.62264	5.46678e-20
279.63018	5.48003e-20
279.63772	5.47612e-20
279.64527	5.47535e-20
279.65281	5.45251e-20
279.66035	5.44735e-20
279.66790	5.45163e-20
279.67544	5.45593e-20
279.68299	5.46903e-20
279.69053	5.44981e-20
279.69808	5.44050e-20
279.70562	5.43037e-20
279.71317	5.43566e-20
279.72072	5.46356e-20
279.72826	5.44373e-20
279.73581	5.44598e-20
279.74336	5.45482e-20
279.75091	5.44261e-20
279.75846	5.46539e-20
279.76601	5.48263e-20
279.77356	5.47515e-20
279.78111	5.45235e-20
279.78866	5.45322e-20
279.79621	5.47224e-20
279.80376	5.45463e-20
279.81131	5.45448e-20
279.81887	5.43565e-20
279.82642	5.39722e-20
279.83397	5.41372e-20
279.84152	5.43183e-20
279.84908	5.43995e-20
279.85663	5.41364e-20
279.86419	5.39945e-20
279.87174	5.41645e-20
279.87930	5.39907e-20
279.88685	5.41391e-20
279.89441	5.42384e-20
279.90197	5.41368e-20
279.90952	5.41757e-20
279.91708	5.40253e-20
279.92464	5.39691e-20
279.93220	5.40485e-20
279.93976	5.40460e-20
279.94732	5.40249e-20
279.95488	5.40519e-20
279.96244	5.38673e-20
279.97000	5.38737e-20
279.97756	5.40048e-20
279.98512	5.37363e-20
279.99268	5.37552e-20
280.00024	5.39372e-20
280.00780	5.40055e-20
280.01537	5.38768e-20
280.02293	5.36007e-20
280.03049	5.37254e-20
280.03806	5.38617e-20
280.04562	5.35567e-20
280.05319	5.32909e-20
280.06075	5.34915e-20
280.06832	5.35617e-20
280.07588	5.34118e-20
280.08345	5.34474e-20
280.09102	5.35869e-20
280.09859	5.35796e-20
280.10615	5.32366e-20
280.11372	5.31323e-20
280.12129	5.33689e-20
280.12886	5.33269e-20
280.13643	5.30848e-20
280.14400	5.30066e-20
280.15157	5.30016e-20
280.15914	5.30343e-20
280.16671	5.30407e-20
280.17428	5.31594e-20
280.18185	5.34330e-20
280.18943	5.29828e-20
280.19700	5.26415e-20
280.20457	5.29633e-20
280.21215	5.28275e-20
280.21972	5.26142e-20
280.22729	5.29101e-20
280.23487	5.29653e-20
280.24244	5.25693e-20
280.25002	5.28048e-20
280.25759	5.28283e-20
280.26517	5.25716e-20
280.27275	5.28182e-20
280.28033	5.26381e-20
280.28790	5.26787e-20
280.29548	5.27804e-20
280.30306	5.27940e-20
280.31064	5.26627e-20
280.31822	5.23652e-20
280.32580	5.26769e-20
280.33338	5.24627e-20
280.34096	5.25769e-20
280.34854	5.28205e-20
280.35612	5.26445e-20
280.36370	5.27042e-20
280.37128	5.24971e-20
280.37887	5.26799e-20
280.38645	5.24330e-20
280.39403	5.24510e-20
280.40162	5.28193e-20
280.40920	5.24551e-20
280.41678	5.26131e-20
280.42437	5.27079e-20
280.43196	5.26700e-20
280.43954	5.27694e-20
280.44713	5.29629e-20
280.45471	5.27945e-20
280.46230	5.25547e-20
280.46989	5.30745e-20
280.47748	5.28339e-20
280.48506	5.27313e-20
280.49265	5.30051e-20
280.50024	5.30182e-20
280.50783	5.33129e-20
280.51542	5.32094e-20
280.52301	5.32912e-20
280.53060	5.33350e-20
280.53819	5.34570e-20
280.54579	5.35266e-20
280.55338	5.32839e-20
280.56097	5.36521e-20
280.56856	5.35206e-20
280.57616	5.34900e-20
280.58375	5.37179e-20
280.59134	5.35776e-20
280.59894	5.39304e-20
280.60653	5.38518e-20
280.61413	5.39099e-20
280.62172	5.40919e-20
280.62932	5.36776e-20
280.63692	5.38627e-20
280.64451	5.40300e-20
280.65211	5.40720e-20
280.65971	5.41226e-20
280.66731	5.41784e-20
280.67490	5.45579e-20
280.68250	5.40818e-20
280.69010	5.40174e-20
280.69770	5.45696e-20
280.70530	5.43794e-20
280.71290	5.45719e-20
280.72050	5.45179e-20
280.72811	5.44065e-20
280.73571	5.47698e-20
280.74331	5.45422e-20
280.75091	5.45789e-20
280.75852	5.49520e-20
280.76612	5.50971e-20
280.77372	5.48511e-20
280.78133	5.44726e-20
280.78893	5.46119e-20
280.79654	5.47486e-20
280.80414	5.47346e-20
280.81175	5.47392e-20
280.81936	5.48638e-20
280.82696	5.48347e-20
280.83457	5.48520e-20
280.84218	5.51829e-20
280.84978	5.51455e-20
280.85739	5.50883e-20
280.86500	5.48577e-20
280.87261	5.52027e-20
280.88022	5.55809e-20
280.88783	5.47443e-20
280.89544	5.49663e-20
280.90305	5.51367e-20
280.91066	5.49603e-20
280.91828	5.54075e-20
280.92589	5.50129e-20
280.93350	5.50002e-20
280.94111	5.51953e-20
280.94873	5.53582e-20
280.95634	5.53721e-20
280.96395	5.51741e-20
280.97157	5.56620e-20
280.97918	5.54862e-20
280.98680	5.54678e-20
280.99442	5.56420e-20
281.00203	5.56237e-20
281.00965	5.57508e-20
281.01727	5.54326e-20
281.02488	5.57553e-20
281.03250	5.57411e-20
281.04012	5.54835e-20
281.04774	5.57044e-20
281.05536	5.56884e-20
281.06298	5.56045e-20
281.07060	5.55143e-20
281.07822	5.57535e-20
281.08584	5.55255e-20
281.09346	5.55966e-20
281.10108	5.59625e-20
281.10870	5.58433e-20
281.11632	5.58997e-20
281.12395	5.56667e-20
281.13157	5.58635e-20
281.13919	5.58482e-20
281.14682	5.57539e-20
281.15444	5.62276e-20
281.16207	5.61554e-20
281.16969	5.61744e-20
281.17732	5.61694e-20
281.18495	5.62064e-20
281.19257	5.62041e-20
281.20020	5.60663e-20
281.20783	5.64199e-20
281.21545	5.64371e-20
281.22308	5.61679e-20
281.23071	5.65530e-20
281.23834	5.68021e-20
281.24597	5.65504e-20
281.25360	5.68594e-20
281.26123	5.68515e-20
281.26886	5.68419e-20
281.27649	5.68654e-20
281.28412	5.64037e-20
281.29176	5.68343e-20
281.29939	5.68591e-20
281.30702	5.70213e-20
281.31465	5.72668e-20
281.32229	5.69640e-20
281.32992	5.74595e-20
281.33756	5.72422e-20
281.34519	5.69820e-20
281.35283	5.71972e-20
281.36046	5.73381e-20
281.36810	5.75562e-20
281.37573	5.76510e-20
281.38337	5.77460e-20
281.39101	5.74898e-20
281.39865	5.77261e-20
281.40629	5.76203e-20
281.41392	5.73768e-20
281.42156	5.76865e-20
281.42920	5.77281e-20
281.43684	5.79123e-20
281.44448	5.77628e-20
281.45212	5.78202e-20
281.45976	5.79426e-20
281.46741	5.78730e-20
281.47505	5.80584e-20
281.48269	5.79078e-20
281.49033	5.78798e-20
281.49798	5.79535e-20
281.50562	5.80967e-20
281.51326	5.80736e-20
281.52091	5.79218e-20
281.52855	5.80007e-20
281.53620	5.82304e-20
281.54384	5.84407e-20
281.55149	5.80785e-20
281.55914	5.80889e-20
281.56678	5.84747e-20
281.57443	5.83200e-20
281.58208	5.82570e-20
281.58973	5.84232e-20
281.59737	5.84190e-20
281.60502	5.85310e-20
281.61267	5.84862e-20
281.62032	5.83620e-20
281.62797	5.86367e-20
281.63562	5.83162e-20
281.64327	5.83257e-20
281.65093	5.85834e-20
281.65858	5.81712e-20
281.66623	5.83273e-20
281.67388	5.83115e-20
281.68154	5.81133e-20
281.68919	5.83021e-20
281.69684	5.82674e-20
281.70450	5.80116e-20
281.71215	5.81421e-20
281.71981	5.84608e-20
281.72746	5.82071e-20
281.73512	5.81336e-20
281.74278	5.80044e-20
281.75043	5.80072e-20
281.75809	5.77624e-20
281.76575	5.72985e-20
281.77341	5.78743e-20
281.78107	5.76861e-20
281.78872	5.72200e-20
281.79638	5.74888e-20
281.80404	5.75010e-20
281.81170	5.70930e-20
281.81936	5.68155e-20
281.82703	5.69899e-20
281.83469	5.68385e-20
281.84235	5.69775e-20
281.85001	5.70243e-20
281.85767	5.66686e-20
281.86534	5.66314e-20
281.87300	5.65718e-20
281.88066	5.66176e-20
281.88833	5.65000e-20
281.89599	5.63964e-20
281.90366	5.62568e-20
281.91132	5.61506e-20
281.91899	5.63224e-20
281.92666	5.61741e-20
281.93432	5.57894e-20
281.94199	5.56835e-20
281.94966	5.58313e-20
281.95733	5.56545e-20
281.96500	5.57343e-20
281.97266	5.57314e-20
281.98033	5.54661e-20
281.98800	5.55280e-20
281.99567	5.54103e-20
282.00334	5.54563e-20
282.01102	5.53857e-20
282.01869	5.51464e-20
282.02636	5.50149e-20
282.03403	5.49593e-20
282.04170	5.51331e-20
282.04938	5.49621e-20
282.05705	5.45830e-20
282.06472	5.44384e-20
282.07240	5.45904e-20
282.08007	5.44980e-20
282.08775	5.44424e-20
282.09542	5.44024e-20
282.10310	5.43780e-20
282.11078	5.44912e-20
282.11845	5.41706e-20
282.12613	5.42844e-20
282.13381	5.41979e-20
282.14149	5.41126e-20
282.14917	5.43472e-20
282.15684	5.40271e-20
282.16452	5.40766e-20
282.17220	5.39511e-20
282.17988	5.38381e-20
282.18756	5.38885e-20
282.19525	5.37851e-20
282.20293	5.38042e-20
282.21061	5.35633e-20
282.21829	5.37573e-20
282.22597	5.37598e-20
282.23366	5.36201e-20
282.24134	5.38667e-20
282.24903	5.38589e-20
282.25671	5.38088e-20
282.26439	5.36130e-20
282.27208	5.33046e-20
282.27977	5.33607e-20
282.28745	5.34123e-20
282.29514	5.33349e-20
282.30283	5.35485e-20
282.31051	5.33986e-20
282.31820	5.33210e-20
282.32589	5.34647e-20
282.33358	5.32979e-20
282.34127	5.34934e-20
282.34896	5.34298e-20
282.35665	5.31892e-20
282.36434	5.29204e-20
282.37203	5.30356e-20
282.37972	5.33527e-20
282.38741	5.29974e-20
282.39510	5.33614e-20
282.40279	5.33259e-20
282.41049	5.29519e-20
282.41818	5.33959e-20
282.42587	5.30934e-20
282.43357	5.30333e-20
282.44126	5.33403e-20
282.44896	5.30121e-20
282.45665	5.29836e-20
282.46435	5.30136e-20
282.47204	5.29452e-20
282.47974	5.31440e-20
282.48744	5.29185e-20
282.49513	5.29717e-20
282.50283	5.32977e-20
282.51053	5.31849e-20
282.51823	5.32216e-20
282.52593	5.32052e-20
282.53363	5.32531e-20
282.54133	5.31726e-20
282.54903	5.31939e-20
282.55673	5.32387e-20
282.56443	5.28732e-20
282.57213	5.28127e-20
282.57983	5.27306e-20
282.58754	5.30224e-20
282.59524	5.30900e-20
282.60294	5.30980e-20
282.61065	5.35684e-20
282.61835	5.33690e-20
282.62605	5.32730e-20
282.63376	5.31971e-20
282.64147	5.32790e-20
282.64917	5.32800e-20
282.65688	5.32534e-20
282.66458	5.35592e-20
282.67229	5.32486e-20
282.68000	5.31999e-20
282.68771	5.32442e-20
282.69541	5.33722e-20
282.70312	5.35536e-20
282.71083	5.34587e-20
282.71854	5.35077e-20
282.72625	5.34536e-20
282.73396	5.37762e-20
282.74167	5.37026e-20
282.74938	5.34581e-20
282.75710	5.35699e-20
282.76481	5.37220e-20
282.77252	5.40504e-20
282.78023	5.38853e-20
282.78795	5.39754e-20
282.79566	5.41397e-20
282.80338	5.39026e-20
282.81109	5.39806e-20
282.81881	5.40840e-20
282.82652	5.41675e-20
282.83424	5.42937e-20
282.84195	5.41217e-20
282.84967	5.41192e-20
282.85739	5.41547e-20
282.86510	5.41551e-20
282.87282	5.45187e-20
282.88054	5.42305e-20
282.88826	5.42743e-20
282.89598	5.47293e-20
282.90370	5.45309e-20
282.91142	5.46411e-20
282.91914	5.45167e-20
282.92686	5.45615e-20
282.93458	5.47636e-20
282.94230	5.49891e-20
282.95003	5.51282e-20
282.95775	5.48509e-20
282.96547	5.51732e-20
282.97320	5.50968e-20
282.98092	5.51747e-20
282.98864	5.54479e-20
282.99637	5.53951e-20
283.00409	5.56459e-20
283.01182	5.58022e-20
283.01954	5.58957e-20
283.02727	5.54982e-20
283.03500	5.58420e-20
283.04273	5.62841e-20
283.05045	5.61019e-20
283.05818	5.62241e-20
283.06591	5.60543e-20
283.07364	5.62498e-20
283.08137	5.64795e-20
283.08910	5.67789e-20
283.09683	5.68298e-20
283.10456	5.66733e-20
283.11229	5.70745e-20
283.12002	5.70737e-20
283.12775	5.70254e-20
283.13549	5.71299e-20
283.14322	5.75648e-20
283.15095	5.75045e-20
283.15869	5.72761e-20
283.16642	5.78835e-20
283.17415	5.79045e-20
283.18189	5.79032e-20
283.18962	5.81373e-20
283.19736	5.80985e-20
283.20510	5.81168e-20
283.21283	5.82066e-20
283.22057	5.80007e-20
283.22831	5.82397e-20
283.23604	5.89766e-20
283.24378	5.86998e-20
283.25152	5.84932e-20
283.25926	5.88225e-20
283.26700	5.89666e-20
283.27474	5.89405e-20
283.28248	5.89699e-20
283.29022	5.90735e-20
283.29796	5.88784e-20
283.30570	5.89731e-20
283.31345	5.90900e-20
283.32119	5.90716e-20
283.32893	5.92166e-20
283.33668	5.94159e-20
283.34442	5.92792e-20
283.35216	5.92208e-20
283.35991	5.97312e-20
283.36765	5.96128e-20
283.37540	5.96424e-20
283.38314	6.01054e-20
283.39089	5.99818e-20
283.39864	5.97405e-20
283.40638	5.99070e-20
283.41413	5.98063e-20
283.42188	5.96310e-20
283.42963	6.00646e-20
283.43738	5.98241e-20
283.44513	6.00263e-20
283.45288	6.04079e-20
283.46063	6.01931e-20
283.46838	6.02633e-20
283.47613	5.98914e-20
283.48388	6.00186e-20
283.49163	6.01356e-20
283.49938	6.03215e-20
283.50714	6.05221e-20
283.51489	6.04449e-20
283.52264	6.07116e-20
283.53040	6.03787e-20
283.53815	6.06558e-20
283.54591	6.06792e-20
283.55366	6.04379e-20
283.56142	6.07636e-20
283.56917	6.10422e-20
283.57693	6.12425e-20
283.58469	6.08253e-20
283.59244	6.10411e-20
283.60020	6.08187e-20
283.60796	6.07377e-20
283.61572	6.12372e-20
283.62348	6.10171e-20
283.63124	6.14456e-20
283.63900	6.15281e-20
283.64676	6.15307e-20
283.65452	6.15636e-20
283.66228	6.14609e-20
283.67004	6.17711e-20
283.67780	6.18908e-20
283.68556	6.20860e-20
283.69333	6.20216e-20
283.70109	6.21538e-20
283.70885	6.22524e-20
283.71662	6.24030e-20
283.72438	6.26171e-20
283.73215	6.26617e-20
283.73991	6.28566e-20
283.74768	6.26181e-20
283.75545	6.28215e-20
283.76321	6.29038e-20
283.77098	6.27517e-20
283.77875	6.30420e-20
283.78651	6.33306e-20
283.79428	6.34788e-20
283.80205	6.35336e-20
283.80982	6.38579e-20
283.81759	6.36216e-20
283.82536	6.36797e-20
283.83313	6.39745e-20
283.84090	6.38370e-20
283.84867	6.40879e-20
283.85645	6.42243e-20
283.86422	6.44368e-20
283.87199	6.44344e-20
283.87976	6.44700e-20
283.88754	6.47811e-20
283.89531	6.46598e-20
283.90308	6.47419e-20
283.91086	6.51617e-20
283.91863	6.51130e-20
283.92641	6.48872e-20
283.93419	6.51353e-20
283.94196	6.51244e-20
283.94974	6.52383e-20
283.95752	6.53486e-20
283.96529	6.53703e-20
283.97307	6.56409e-20
283.98085	6.55794e-20
283.98863	6.57764e-20
283.99641	6.56158e-20
284.00419	6.56125e-20
284.01197	6.58994e-20
284.01975	6.59099e-20
284.02753	6.61422e-20
284.03531	6.59139e-20
284.04310	6.60142e-20
284.05088	6.61515e-20
284.05866	6.58509e-20
284.06644	6.58369e-20
284.07423	6.60756e-20
284.08201	6.62962e-20
284.08980	6.62902e-20
284.09758	6.63098e-20
284.10537	6.61038e-20
284.11315	6.61991e-20
284.12094	6.63400e-20
284.12873	6.62088e-20
284.13651	6.60873e-20
284.14430	6.59416e-20
284.15209	6.62343e-20
284.15988	6.63975e-20
284.16767	6.64862e-20
284.17545	6.65381e-20
284.18324	6.64765e-20
284.19103	6.62923e-20
284.19883	6.62474e-20
284.20662	6.65616e-20
284.21441	6.64917e-20
284.22220	6.64152e-20
284.22999	6.61298e-20
284.23778	6.63586e-20
284.24558	6.65426e-20
284.25337	6.61216e-20
284.26117	6.65840e-20
284.26896	6.65808e-20
284.27675	6.63043e-20
284.28455	6.63599e-20
284.29235	6.64061e-20
284.30014	6.66176e-20
284.30794	6.64424e-20
284.31573	6.63416e-20
284.32353	6.64986e-20
284.33133	6.67231e-20
284.33913	6.64903e-20
284.34693	6.62415e-20
284.35473	6.64929e-20
284.36253	6.66645e-20
284.37033	6.67404e-20
284.37813	6.66108e-20
284.38593	6.65813e-20
284.39373	6.68171e-20
284.40153	6.69738e-20
284.40933	6.66340e-20
284.41713	6.63664e-20
284.42494	6.66233e-20
284.43274	6.67857e-20
284.44054	6.67214e-20
284.44835	6.68622e-20
284.45615	6.71272e-20
284.46396	6.69672e-20
284.47176	6.69360e-20
284.47957	6.67311e-20
284.48738	6.67163e-20
284.49518	6.70783e-20
284.50299	6.68166e-20
284.51080	6.68796e-20
284.51861	6.71231e-20
284.52641	6.72816e-20
284.53422	6.70691e-20
284.54203	6.69189e-20
284.54984	6.70291e-20
284.55765	6.68241e-20
284.56546	6.73012e-20
284.57327	6.71997e-20
284.58109	6.69912e-20
284.58890	6.72429e-20
284.59671	6.74675e-20
284.60452	6.76497e-20
284.61234	6.71727e-20
284.62015	6.74741e-20
284.62796	6.72800e-20
284.63578	6.73445e-20
284.64359	6.81121e-20
284.65141	6.76114e-20
284.65922	6.75153e-20
284.66704	6.74706e-20
284.67486	6.75638e-20
284.68267	6.77703e-20
284.69049	6.78049e-20
284.69831	6.82046e-20
284.70613	6.80416e-20
284.71395	6.80128e-20
284.72177	6.79875e-20
284.72959	6.80850e-20
284.73741	6.83782e-20
284.74523	6.83420e-20
284.75305	6.84395e-20
284.76087	6.82656e-20
284.76869	6.82824e-20
284.77651	6.87836e-20
284.78434	6.85639e-20
284.79216	6.81888e-20
284.79998	6.86404e-20
284.80781	6.85892e-20
284.81563	6.86255e-20
284.82346	6.91026e-20
284.83128	6.85429e-20
284.83911	6.85789e-20
284.84693	6.92397e-20
284.85476	6.92575e-20
284.86259	6.91402e-20
284.87041	6.90220e-20
284.87824	6.90284e-20
284.88607	6.92132e-20
284.89390	6.92638e-20
284.90173	6.90994e-20
284.90956	6.92545e-20
284.91739	6.95433e-20
284.92522	6.95371e-20
284.93305	6.93411e-20
284.94088	6.92578e-20
284.94871	6.95789e-20
284.95654	6.96737e-20
284.96438	6.95319e-20
284.97221	6.96878e-20
284.98004	6.98067e-20
284.98788	6.94844e-20
284.99571	6.95527e-20
285.00354	6.98899e-20
285.01138	6.97543e-20
285.01922	6.97646e-20
285.02705	6.98101e-20
285.03489	6.99791e-20
285.04272	7.01580e-20
285.05056	7.00588e-20
285.05840	7.01836e-20
285.06624	7.00612e-20
285.07408	6.98899e-20
285.08192	7.00985e-20
285.08976	7.03012e-20
285.09760	7.01724e-20
285.10544	7.01279e-20
285.11328	7.02955e-20
285.12112	7.03354e-20
285.12896	7.04758e-20
285.13680	7.04457e-20
285.14464	7.05732e-20
285.15249	7.05478e-20
285.16033	7.02407e-20
285.16817	7.07294e-20
285.17602	7.07373e-20
285.18386	7.05688e-20
285.19171	7.08818e-20
285.19955	7.06228e-20
285.20740	7.06520e-20
285.21525	7.07173e-20
285.22309	7.05941e-20
285.23094	7.09600e-20
285.23879	7.08643e-20
285.24664	7.06383e-20
285.25448	7.08835e-20
285.26233	7.09586e-20
285.27018	7.07767e-20
285.27803	7.09786e-20
285.28588	7.11696e-20
285.29373	7.09789e-20
285.30158	7.11477e-20
285.30944	7.12244e-20
285.31729	7.12864e-20
285.32514	7.13865e-20
285.33299	7.11845e-20
285.34085	7.11603e-20
285.34870	7.12245e-20
285.35655	7.14617e-20
285.36441	7.13754e-20
285.37226	7.13741e-20
285.38012	7.17485e-20
285.38797	7.16307e-20
285.39583	7.13944e-20
285.40369	7.12488e-20
285.41154	7.15919e-20
285.41940	7.16230e-20
285.42726	7.14295e-20
285.43512	7.16735e-20
285.44298	7.16689e-20
285.45084	7.19661e-20
285.45870	7.20740e-20
285.46656	7.19450e-20
285.47442	7.20775e-20
285.48228	7.22101e-20
285.49014	7.22216e-20
285.49800	7.21432e-20
285.50586	7.22934e-20
285.51373	7.21981e-20
285.52159	7.23961e-20
285.52945	7.24850e-20
285.53732	7.24436e-20
285.54518	7.28908e-20
285.55305	7.27460e-20
285.56091	7.26312e-20
285.56878	7.26097e-20
285.57665	7.25941e-20
285.58451	7.27610e-20
285.59238	7.27156e-20
285.60025	7.27913e-20
285.60811	7.28676e-20
285.61598	7.30258e-20
285.62385	7.30402e-20
285.63172	7.30190e-20
285.63959	7.30482e-20
285.64746	7.31422e-20
285.65533	7.34393e-20
285.66320	7.33943e-20
285.67107	7.33556e-20
285.67895	7.34148e-20
285.68682	7.35307e-20
285.69469	7.34786e-20
285.70256	7.35243e-20
285.71044	7.37813e-20
285.71831	7.35590e-20
285.72619	7.36111e-20
285.73406	7.38752e-20
285.74194	7.38010e-20
285.74981	7.37726e-20
285.75769	7.39603e-20
285.76557	7.40192e-20
285.77344	7.39702e-20
285.78132	7.40499e-20
285.78920	7.38208e-20
285.79708	7.39643e-20
285.80496	7.43041e-20
285.81283	7.42600e-20
285.82071	7.44612e-20
285.82859	7.44867e-20
285.83648	7.42681e-20
285.84436	7.42894e-20
285.85224	7.42122e-20
285.86012	7.42878e-20
285.86800	7.46582e-20
285.87588	7.45451e-20
285.88377	7.45504e-20
285.89165	7.45490e-20
285.89954	7.44467e-20
285.90742	7.48766e-20
285.91530	7.46858e-20
285.92319	7.45923e-20
285.93108	7.49721e-20
285.93896	7.48445e-20
285.94685	7.48414e-20
285.95474	7.48882e-20
285.96262	7.48097e-20
285.97051	7.47713e-20
285.97840	7.49434e-20
285.98629	7.49274e-20
285.99418	7.48510e-20
286.00207	7.49683e-20
286.00996	7.47341e-20
286.01785	7.50577e-20
286.02574	7.54652e-20
286.03363	7.51337e-20
286.04152	7.50693e-20
286.04942	7.50869e-20
286.05731	7.48967e-20
286.06520	7.48569e-20
286.07309	7.49063e-20
286.08099	7.50054e-20
286.08888	7.52974e-20
286.09678	7.53326e-20
286.10467	7.51508e-20
286.11257	7.53450e-20
286.12047	7.52254e-20
286.12836	7.49980e-20
286.13626	7.51647e-20
286.14416	7.52120e-20
286.15205	7.52702e-20
286.15995	7.51559e-20
286.16785	7.53110e-20
286.17575	7.54057e-20
286.18365	7.50830e-20
286.19155	7.55002e-20
286.19945	7.53025e-20
286.20735	7.48944e-20
286.21525	7.52736e-20
286.22316	7.50454e-20
286.23106	7.51292e-20
286.23896	7.53989e-20
286.24686	7.51950e-20
286.25477	7.51924e-20
286.26267	7.53050e-20
286.27058	7.52757e-20
286.27848	7.50973e-20
286.28639	7.52305e-20
286.29429	7.54788e-20
286.30220	7.55168e-20
286.31011	7.51309e-20
286.31801	7.51325e-20
286.32592	7.55170e-20
286.33383	7.53093e-20
286.34174	7.52195e-20
286.34965	7.49611e-20
286.35756	7.49372e-20
286.36547	7.53084e-20
286.37338	7.53117e-20
286.38129	7.51187e-20
286.38920	7.49561e-20
286.39711	7.52742e-20
286.40502	7.52094e-20
286.41293	7.51820e-20
286.42085	7.52404e-20
286.42876	7.50313e-20
286.43667	7.53035e-20
286.44459	7.50793e-20
286.45250	7.48477e-20
286.46042	7.50167e-20
286.46833	7.52121e-20
286.47625	7.53215e-20
286.48416	7.51002e-20
286.49208	7.49083e-20
286.50000	7.49564e-20
286.50792	7.53855e-20
286.51583	7.50868e-20
286.52375	7.49983e-20
286.53167	7.53417e-20
286.53959	7.48942e-20
286.54751	7.50559e-20
286.55543	7.51109e-20
286.56335	7.48365e-20
286.57127	7.50975e-20
286.57919	7.51305e-20
286.58712	7.50042e-20
286.59504	7.47800e-20
286.60296	7.46271e-20
286.61089	7.47517e-20
286.61881	7.49064e-20
286.62673	7.48600e-20
286.63466	7.46610e-20
286.64258	7.46588e-20
286.65051	7.46050e-20
286.65843	7.44886e-20
286.66636	7.45457e-20
286.67429	7.43505e-20
286.68222	7.43452e-20
286.69014	7.44746e-20
286.69807	7.40714e-20
286.70600	7.40341e-20
286.71393	7.44154e-20
286.72186	7.43224e-20
286.72979	7.39064e-20
286.73772	7.38944e-20
286.74565	7.41312e-20
286.75358	7.41764e-20
286.76151	7.40256e-20
286.76944	7.37781e-20
286.77738	7.38488e-20
286.78531	7.36888e-20
286.79324	7.38846e-20
286.80118	7.40818e-20
286.80911	7.34959e-20
286.81705	7.37191e-20
286.82498	7.38541e-20
286.83292	7.37968e-20
286.84085	7.37808e-20
286.84879	7.32706e-20
286.85673	7.33373e-20
286.86466	7.34293e-20
286.87260	7.34720e-20
286.88054	7.33917e-20
286.88848	7.34270e-20
286.89642	7.35511e-20
286.90436	7.33311e-20
286.91230	7.34270e-20
286.92024	7.33769e-20
286.92818	7.33143e-20
286.93612	7.31568e-20
286.94406	7.30430e-20
286.95200	7.31756e-20
286.95995	7.31120e-20
286.96789	7.31264e-20
286.97583	7.30823e-20
286.98378	7.31066e-20
286.99172	7.29369e-20
286.99967	7.28914e-20
287.00761	7.29180e-20
287.01556	7.27583e-20
287.02350	7.29141e-20
287.03145	7.27445e-20
287.03940	7.29272e-20
287.04734	7.30172e-20
287.05529	7.27175e-20
287.06324	7.28994e-20
287.07119	7.28619e-20
287.07914	7.29028e-20
287.08709	7.29101e-20
287.09504	7.26726e-20
287.10299	7.26468e-20
287.11094	7.26714e-20
287.11889	7.25081e-20
287.12684	7.23177e-20
287.13480	7.25980e-20
287.14275	7.26881e-20
287.15070	7.24623e-20
287.15866	7.25793e-20
287.16661	7.25609e-20
287.17456	7.24390e-20
287.18252	7.25035e-20
287.19047	7.24848e-20
287.19843	7.24798e-20
287.20639	7.24687e-20
287.21434	7.24828e-20
287.22230	7.25099e-20
287.23026	7.25079e-20
287.23822	7.25667e-20
287.24618	7.24784e-20
287.25413	7.24739e-20
287.26209	7.23755e-20
287.27005	7.23089e-20
287.27801	7.26894e-20
287.28597	7.26108e-20
287.29394	7.24015e-20
287.30190	7.25175e-20
287.30986	7.24526e-20
287.31782	7.24498e-20
287.32578	7.26278e-20
287.33375	7.25456e-20
287.34171	7.26054e-20
287.34968	7.27704e-20
287.35764	7.25808e-20
287.36561	7.24769e-20
287.37357	7.24571e-20
287.38154	7.27844e-20
287.38950	7.28945e-20
287.39747	7.28007e-20
287.40544	7.29575e-20
287.41341	7.25626e-20
287.42137	7.27273e-20
287.42934	7.28384e-20
287.43731	7.26883e-20
287.44528	7.31043e-20
287.45325	7.29733e-20
287.46122	7.31826e-20
287.46919	7.32127e-20
287.47716	7.29014e-20
287.48514	7.31614e-20
287.49311	7.31805e-20
287.50108	7.32470e-20
287.50905	7.33609e-20
287.51703	7.33249e-20
287.52500	7.34878e-20
287.53298	7.34443e-20
287.54095	7.33071e-20
287.54893	7.34986e-20
287.55690	7.34237e-20
287.56488	7.35535e-20
287.57285	7.37369e-20
287.58083	7.34484e-20
287.58881	7.35353e-20
287.59679	7.34161e-20
287.60476	7.33893e-20
287.61274	7.35247e-20
287.62072	7.35480e-20
287.62870	7.39194e-20
287.63668	7.42197e-20
287.64466	7.43116e-20
287.65264	7.39676e-20
287.66063	7.40627e-20
287.66861	7.41453e-20
287.67659	7.39808e-20
287.68457	7.40512e-20
287.69256	7.39072e-20
287.70054	7.41185e-20
287.70852	7.38161e-20
287.71651	7.38644e-20
287.72449	7.43644e-20
287.73248	7.42428e-20
287.74046	7.42134e-20
287.74845	7.39844e-20
287.75644	7.41881e-20
287.76443	7.42213e-20
287.77241	7.40252e-20
287.78040	7.41359e-20
287.78839	7.42608e-20
287.79638	7.42177e-20
287.80437	7.36795e-20
287.81236	7.40941e-20
287.82035	7.42546e-20
287.82834	7.38065e-20
287.83633	7.39227e-20
287.84432	7.36996e-20
287.85231	7.38294e-20
287.86031	7.41448e-20
287.86830	7.39997e-20
287.87629	7.37143e-20
287.88429	7.36461e-20
287.89228	7.36398e-20
287.90028	7.34622e-20
287.90827	7.36907e-20
287.91627	7.39790e-20
287.92426	7.37499e-20
287.93226	7.33917e-20
287.94026	7.34718e-20
287.94825	7.34381e-20
287.95625	7.33419e-20
287.96425	7.36130e-20
287.97225	7.36081e-20
287.98025	7.32889e-20
287.98825	7.33958e-20
287.99625	7.36390e-20
288.00425	7.32831e-20
288.01225	7.34083e-20
288.02025	7.35243e-20
288.02825	7.33422e-20
288.03626	7.36752e-20
288.04426	7.35286e-20
288.05226	7.33962e-20
288.06027	7.31889e-20
288.06827	7.30417e-20
288.07627	7.34520e-20
288.08428	7.32985e-20
288.09228	7.31507e-20
288.10029	7.32440e-20
288.10830	7.34065e-20
288.11630	7.35256e-20
288.12431	7.33357e-20
288.13232	7.34131e-20
288.14033	7.35126e-20
288.14834	7.32646e-20
288.15634	7.35453e-20
288.16435	7.39261e-20
288.17236	7.35513e-20
288.18037	7.33236e-20
288.18838	7.34644e-20
288.19640	7.36446e-20
288.20441	7.33516e-20
288.21242	7.33498e-20
288.22043	7.37538e-20
288.22845	7.35839e-20
288.23646	7.38499e-20
288.24447	7.37469e-20
288.25249	7.34915e-20
288.26050	7.38617e-20
288.26852	7.40300e-20
288.27653	7.42504e-20
288.28455	7.40533e-20
288.29257	7.41172e-20
288.30058	7.41547e-20
288.30860	7.40736e-20
288.31662	7.43847e-20
288.32464	7.42677e-20
288.33266	7.44602e-20
288.34067	7.43803e-20
288.34869	7.43243e-20
288.35671	7.47970e-20
288.36473	7.44561e-20
288.37276	7.42707e-20
288.38078	7.45605e-20
288.38880	7.46679e-20
288.39682	7.48585e-20
288.40484	7.48875e-20
288.41287	7.49029e-20
288.42089	7.50252e-20
288.42892	7.49132e-20
288.43694	7.49981e-20
288.44497	7.50045e-20
288.45299	7.50602e-20
288.46102	7.52808e-20
288.46904	7.50420e-20
288.47707	7.52613e-20
288.48510	7.54594e-20
288.49313	7.51911e-20
288.50115	7.52520e-20
288.50918	7.54435e-20
288.51721	7.55276e-20
288.52524	7.54583e-20
288.53327	7.54095e-20
288.54130	7.54618e-20
288.54933	7.58018e-20
288.55736	7.59046e-20
288.56540	7.58095e-20
288.57343	7.58100e-20
288.58146	7.57080e-20
288.58949	7.61521e-20
288.59753	7.61465e-20
288.60556	7.57096e-20
288.61360	7.59022e-20
288.62163	7.62408e-20
288.62967	7.61611e-20
288.63770	7.60655e-20
288.64574	7.63221e-20
288.65377	7.62179e-20
288.66181	7.65066e-20
288.66985	7.65779e-20
288.67789	7.62885e-20
288.68593	7.65929e-20
288.69396	7.65518e-20
288.70200	7.67807e-20
288.71004	7.70277e-20
288.71808	7.67903e-20
288.72612	7.67847e-20
288.73417	7.69995e-20
288.74221	7.68567e-20
288.75025	7.67193e-20
288.75829	7.70993e-20
288.76633	7.70049e-20
288.77438	7.70948e-20
288.78242	7.72634e-20
288.79047	7.72152e-20
288.79851	7.74012e-20
288.80656	7.73410e-20
288.81460	7.73438e-20
288.82265	7.73168e-20
288.83069	7.77523e-20
288.83874	7.78989e-20
288.84679	7.76220e-20
288.85484	7.76755e-20
288.86289	7.78035e-20
288.87093	7.80235e-20
288.87898	7.76936e-20
288.88703	7.79086e-20
288.89508	7.82328e-20
288.90313	7.79514e-20
288.91118	7.81054e-20
288.91924	7.84260e-20
288.92729	7.84497e-20
288.93534	7.80409e-20
288.94339	7.83454e-20
288.95145	7.84153e-20
288.95950	7.83293e-20
288.96755	7.86434e-20
288.97561	7.82747e-20
288.98366	7.83894e-20
288.99172	7.84904e-20
288.99978	7.85865e-20
289.00783	7.86076e-20
289.01589	7.84899e-20
289.02395	7.89401e-20
289.03200	7.91488e-20
289.04006	7.91265e-20
289.04812	7.87613e-20
289.05618	7.89852e-20
289.06424	7.92186e-20
289.07230	7.88732e-20
289.08036	7.91270e-20
289.08842	7.90039e-20
289.09648	7.87966e-20
289.10454	7.90847e-20
289.11261	7.91906e-20
289.12067	7.89733e-20
289.12873	7.93285e-20
289.13680	7.97457e-20
289.14486	7.94476e-20
289.15292	7.94218e-20
289.16099	7.93046e-20
289.16905	7.95535e-20
289.17712	7.95130e-20
289.18519	7.89772e-20
289.19325	7.93470e-20
289.20132	7.95818e-20
289.20939	7.95958e-20
289.21746	7.95702e-20
289.22553	7.96332e-20
289.23359	7.98298e-20
289.24166	7.95842e-20
289.24973	7.95591e-20
289.25780	7.98682e-20
289.26587	7.97542e-20
289.27395	7.96203e-20
289.28202	7.98911e-20
289.29009	7.97213e-20
289.29816	7.97164e-20
289.30624	8.01101e-20
289.31431	8.00785e-20
289.32238	8.01736e-20
289.33046	8.03786e-20
289.33853	8.04794e-20
289.34661	8.03849e-20
289.35468	8.02038e-20
289.36276	8.04180e-20
289.37084	8.06288e-20
289.37891	8.05801e-20
289.38699	8.05374e-20
289.39507	8.04518e-20
289.40315	8.04747e-20
289.41123	8.07479e-20
289.41931	8.07049e-20
289.42739	8.08817e-20
289.43547	8.10489e-20
289.44355	8.08224e-20
289.45163	8.11461e-20
289.45971	8.11840e-20
289.46779	8.12151e-20
289.47587	8.13227e-20
289.48396	8.13634e-20
289.49204	8.18618e-20
289.50012	8.17539e-20
289.50821	8.14366e-20
289.51629	8.13357e-20
289.52438	8.16078e-20
289.53246	8.20083e-20
289.54055	8.18155e-20
289.54864	8.15475e-20
289.55672	8.15938e-20
289.56481	8.21373e-20
289.57290	8.22051e-20
289.58099	8.19292e-20
289.58908	8.23030e-20
289.59717	8.27803e-20
289.60526	8.28535e-20
289.61335	8.27450e-20
289.62144	8.30110e-20
289.62953	8.29157e-20
289.63762	8.28119e-20
289.64571	8.30752e-20
289.65380	8.31603e-20
289.66190	8.34699e-20
289.66999	8.32883e-20
289.67808	8.34504e-20
289.68618	8.39354e-20
289.69427	8.38483e-20
289.70237	8.40572e-20
289.71046	8.38859e-20
289.71856	8.38438e-20
289.72666	8.41801e-20
289.73475	8.40923e-20
289.74285	8.42080e-20
289.75095	8.43960e-20
289.75905	8.45902e-20
289.76715	8.46015e-20
289.77525	8.45570e-20
289.78334	8.46573e-20
289.79145	8.48111e-20
289.79955	8.50957e-20
289.80765	8.53749e-20
289.81575	8.54643e-20
289.82385	8.54049e-20
289.83195	8.54147e-20
289.84006	8.52034e-20
289.84816	8.54554e-20
289.85626	8.57925e-20
289.86437	8.53632e-20
289.87247	8.59110e-20
289.88058	8.61428e-20
289.88868	8.59372e-20
289.89679	8.62073e-20
289.90489	8.59253e-20
289.91300	8.60874e-20
289.92111	8.60306e-20
289.92922	8.62795e-20
289.93733	8.67639e-20
289.94543	8.63159e-20
289.95354	8.64374e-20
289.96165	8.65078e-20
289.96976	8.65919e-20
289.97787	8.66007e-20
289.98598	8.65005e-20
289.99410	8.68757e-20
290.00221	8.67287e-20
290.01032	8.67344e-20
290.01843	8.67549e-20
290.02655	8.68745e-20
290.03466	8.72359e-20
290.04277	8.71685e-20
290.05089	8.71501e-20
290.05900	8.70081e-20
290.06712	8.69716e-20
290.07524	8.69646e-20
290.08335	8.70651e-20
290.09147	8.74041e-20
290.09959	8.71398e-20
290.10771	8.70242e-20
290.11582	8.74218e-20
290.12394	8.72783e-20
290.13206	8.71509e-20
290.14018	8.73548e-20
290.14830	8.71719e-20
290.15642	8.73422e-20
290.16454	8.74061e-20
290.17266	8.72480e-20
290.18079	8.76280e-20
290.18891	8.76571e-20
290.19703	8.74655e-20
290.20515	8.72341e-20
290.21328	8.71409e-20
290.22140	8.70779e-20
290.22953	8.70236e-20
290.23765	8.74654e-20
290.24578	8.73923e-20
290.25390	8.71952e-20
290.26203	8.71577e-20
290.27016	8.73681e-20
290.27829	8.76599e-20
290.28641	8.72655e-20
290.29454	8.73041e-20
290.30267	8.72916e-20
290.31080	8.69364e-20
290.31893	8.70740e-20
290.32706	8.72880e-20
290.33519	8.71652e-20
290.34332	8.70602e-20
290.35145	8.74055e-20
290.35958	8.73007e-20
290.36772	8.71404e-20
290.37585	8.72405e-20
290.38398	8.71378e-20
290.39212	8.72147e-20
290.40025	8.69885e-20
290.40839	8.71487e-20
290.41652	8.75692e-20
290.42466	8.68951e-20
290.43279	8.68021e-20
290.44093	8.71308e-20
290.44907	8.68138e-20
290.45720	8.69736e-20
290.46534	8.69234e-20
290.47348	8.68736e-20
290.48162	8.70859e-20
290.48976	8.68472e-20
290.49790	8.69304e-20
290.50604	8.69055e-20
290.51418	8.69975e-20
290.52232	8.73718e-20
290.53046	8.72421e-20
290.53860	8.67566e-20
290.54674	8.65148e-20
290.55489	8.69154e-20
290.56303	8.67914e-20
290.57117	8.67281e-20
290.57932	8.71947e-20
290.58746	8.70577e-20
290.59561	8.69180e-20
290.60375	8.70043e-20
290.61190	8.71132e-20
290.62005	8.69764e-20
290.62819	8.67000e-20
290.63634	8.66780e-20
290.64449	8.70719e-20
290.65264	8.72126e-20
290.66079	8.70964e-20
290.66894	8.74110e-20
290.67709	8.70921e-20
290.68524	8.71342e-20
290.69339	8.74647e-20
290.70154	8.73444e-20
290.70969	8.74005e-20
290.71784	8.72964e-20
290.72599	8.77790e-20
290.73415	8.75393e-20
290.74230	8.72676e-20
290.75045	8.78601e-20
290.75861	8.76454e-20
290.76676	8.77064e-20
290.77492	8.76932e-20
290.78307	8.77961e-20
290.79123	8.80004e-20
290.79939	8.78981e-20
290.80754	8.83571e-20
290.81570	8.84280e-20
290.82386	8.84217e-20
290.83202	8.83375e-20
290.84018	8.81692e-20
290.84834	8.83677e-20
290.85650	8.83977e-20
290.86466	8.87127e-20
290.87282	8.90006e-20
290.88098	8.89052e-20
290.88914	8.88144e-20
290.89730	8.92075e-20
290.90546	8.94632e-20
290.91363	8.91374e-20
290.92179	8.94458e-20
290.92996	8.96411e-20
290.93812	8.94401e-20
290.94628	8.97590e-20
290.95445	9.01382e-20
290.96262	9.06017e-20
290.97078	9.05712e-20
290.97895	9.03302e-20
290.98712	9.07110e-20
290.99528	9.06525e-20
291.00345	9.06166e-20
291.01162	9.09837e-20
291.01979	9.12155e-20
291.02796	9.14504e-20
291.03613	9.13434e-20
291.04430	9.11392e-20
291.05247	9.14754e-20
291.06064	9.21910e-20
291.06881	9.19872e-20
291.07698	9.18664e-20
291.08516	9.21972e-20
291.09333	9.18513e-20
291.10150	9.23442e-20
291.10968	9.27395e-20
291.11785	9.28074e-20
291.12603	9.28640e-20
291.13420	9.26504e-20
291.14238	9.32503e-20
291.15055	9.33288e-20
291.15873	9.37757e-20
291.16691	9.39170e-20
291.17509	9.35188e-20
291.18326	9.39236e-20
291.19144	9.36903e-20
291.19962	9.40997e-20
291.20780	9.43201e-20
291.21598	9.40594e-20
291.22416	9.45269e-20
291.23234	9.45333e-20
291.24052	9.47439e-20
291.24871	9.49655e-20
291.25689	9.51974e-20
291.26507	9.51972e-20
291.27325	9.52855e-20
291.28144	9.53976e-20
291.28962	9.50908e-20
291.29781	9.56261e-20
291.30599	9.55328e-20
291.31418	9.54584e-20
291.32236	9.62256e-20
291.33055	9.59835e-20
291.33874	9.58282e-20
291.34692	9.62157e-20
291.35511	9.62802e-20
291.36330	9.63007e-20
291.37149	9.64609e-20
291.37968	9.64863e-20
291.38787	9.65149e-20
291.39606	9.68279e-20
291.40425	9.70936e-20
291.41244	9.67664e-20
291.42063	9.68436e-20
291.42882	9.71590e-20
291.43702	9.67709e-20
291.44521	9.69410e-20
291.45340	9.72196e-20
291.46160	9.71961e-20
291.46979	9.72064e-20
291.47798	9.73776e-20
291.48618	9.75367e-20
291.49438	9.71538e-20
291.50257	9.74860e-20
291.51077	9.76834e-20
291.51896	9.75444e-20
291.52716	9.76356e-20
291.53536	9.76212e-20
291.54356	9.81563e-20
291.55176	9.79130e-20
291.55996	9.77955e-20
291.56816	9.80823e-20
291.57636	9.79970e-20
291.58456	9.83119e-20
291.59276	9.83347e-20
291.60096	9.83315e-20
291.60916	9.83833e-20
291.61737	9.83814e-20
291.62557	9.82418e-20
291.63377	9.83068e-20
291.64198	9.87200e-20
291.65018	9.84959e-20
291.65838	9.82480e-20
291.66659	9.80990e-20
291.67480	9.83534e-20
291.68300	9.84017e-20
291.69121	9.80527e-20
291.69942	9.84976e-20
291.70762	9.83645e-20
291.71583	9.82542e-20
291.72404	9.87294e-20
291.73225	9.88082e-20
291.74046	9.88201e-20
291.74867	9.85608e-20
291.75688	9.86044e-20
291.76509	9.88006e-20
291.77330	9.85937e-20
291.78151	9.84674e-20
291.78973	9.83069e-20
291.79794	9.86435e-20
291.80615	9.89538e-20
291.81437	9.86101e-20
291.82258	9.86685e-20
291.83079	9.83184e-20
291.83901	9.82364e-20
291.84722	9.87947e-20
291.85544	9.86972e-20
291.86366	9.88647e-20
291.87187	9.88549e-20
291.88009	9.88560e-20
291.88831	9.90901e-20
291.89653	9.89502e-20
291.90475	9.92498e-20
291.91296	9.90991e-20
291.92118	9.85331e-20
291.92940	9.87123e-20
291.93763	9.90814e-20
291.94585	9.91024e-20
291.95407	9.93028e-20
291.96229	9.92798e-20
291.97051	9.89823e-20
291.97874	9.93061e-20
291.98696	9.92568e-20
291.99518	9.89213e-20
292.00341	9.92260e-20
292.01163	9.97297e-20
292.01986	9.96045e-20
292.02808	9.92834e-20
292.03631	9.97024e-20
292.04454	9.97485e-20
292.05276	9.96172e-20
292.06099	9.96101e-20
292.06922	9.94842e-20
292.07745	9.96999e-20
292.08568	9.96432e-20
292.09390	9.99367e-20
292.10213	1.00308e-19
292.11036	1.00073e-19
292.11860	1.00214e-19
292.12683	1.00471e-19
292.13506	1.00402e-19
292.14329	1.00527e-19
292.15152	1.00455e-19
292.15976	1.00549e-19
292.16799	1.00902e-19
292.17622	1.00497e-19
292.18446	1.00833e-19
292.19269	1.01241e-19
292.20093	1.00816e-19
292.20916	1.01068e-19
292.21740	1.01238e-19
292.22564	1.01269e-19
292.23387	1.01251e-19
292.24211	1.01432e-19
292.25035	1.01622e-19
292.25859	1.01550e-19
292.26683	1.01873e-19
292.27507	1.01539e-19
292.28331	1.01785e-19
292.29155	1.02323e-19
292.29979	1.02140e-19
292.30803	1.02438e-19
292.31627	1.02542e-19
292.32452	1.02321e-19
292.33276	1.02356e-19
292.34100	1.02912e-19
292.34925	1.03123e-19
292.35749	1.03156e-19
292.36573	1.03103e-19
292.37398	1.02918e-19
292.38223	1.03566e-19
292.39047	1.03320e-19
292.39872	1.02980e-19
292.40697	1.03541e-19
292.41521	1.03540e-19
292.42346	1.03339e-19
292.43171	1.03311e-19
292.43996	1.03618e-19
292.44821	1.03667e-19
292.45646	1.03586e-19
292.46471	1.03636e-19
292.47296	1.03518e-19
292.48121	1.03508e-19
292.48946	1.03575e-19
292.49771	1.03764e-19
292.50597	1.03962e-19
292.51422	1.04144e-19
292.52247	1.03974e-19
292.53073	1.03871e-19
292.53898	1.04146e-19
292.54724	1.04040e-19
292.55549	1.03873e-19
292.56375	1.03807e-19
292.57200	1.03863e-19
292.58026	1.03887e-19
292.58852	1.03697e-19
292.59678	1.03514e-19
292.60503	1.03555e-19
292.61329	1.03972e-19
292.62155	1.03816e-19
292.62981	1.03427e-19
292.63807	1.03698e-19
292.64633	1.03690e-19
292.65459	1.03285e-19
292.66285	1.03303e-19
292.67112	1.03326e-19
292.67938	1.03226e-19
292.68764	1.03206e-19
292.69590	1.02829e-19
292.70417	1.02840e-19
292.71243	1.03003e-19
292.72070	1.02672e-19
292.72896	1.02536e-19
292.73723	1.02585e-19
292.74549	1.02810e-19
292.75376	1.02632e-19
292.76203	1.01985e-19
292.77030	1.02024e-19
292.77856	1.02040e-19
292.78683	1.01671e-19
292.79510	1.01594e-19
292.80337	1.01480e-19
292.81164	1.01453e-19
292.81991	1.01309e-19
292.82818	1.00860e-19
292.83645	1.00904e-19
292.84472	1.01112e-19
292.85300	1.01008e-19
292.86127	1.00753e-19
292.86954	1.00639e-19
292.87782	1.00453e-19
292.88609	1.00265e-19
292.89437	1.00363e-19
292.90264	1.00343e-19
292.91092	1.00182e-19
292.91919	9.96841e-20
292.92747	9.94842e-20
292.93574	9.96823e-20
292.94402	9.95247e-20
292.95230	9.94053e-20
292.96058	9.90659e-20
292.96886	9.90806e-20
292.97714	9.93378e-20
292.98542	9.90735e-20
292.99370	9.88170e-20
293.00198	9.87542e-20
293.01026	9.87812e-20
293.01854	9.84137e-20
293.02682	9.83632e-20
293.03510	9.84366e-20
293.04339	9.83900e-20
293.05167	9.86438e-20
293.05995	9.83914e-20
293.06824	9.81624e-20
293.07652	9.79266e-20
293.08481	9.78575e-20
293.09309	9.80814e-20
293.10138	9.77213e-20
293.10967	9.73578e-20
293.11795	9.72962e-20
293.12624	9.74299e-20
293.13453	9.71895e-20
293.14282	9.70423e-20
293.15111	9.72427e-20
293.15940	9.70323e-20
293.16769	9.67121e-20
293.17598	9.66540e-20
293.18427	9.70771e-20
293.19256	9.69139e-20
293.20085	9.64444e-20
293.20915	9.68027e-20
293.21744	9.68188e-20
293.22573	9.64050e-20
293.23402	9.63973e-20
293.24232	9.66757e-20
293.25061	9.64369e-20
293.25891	9.58629e-20
293.26720	9.60451e-20
293.27550	9.65201e-20
293.28380	9.64633e-20
293.29209	9.61939e-20
293.30039	9.59442e-20
293.30869	9.58291e-20
293.31699	9.59888e-20
293.32529	9.58849e-20
293.33359	9.58268e-20
293.34189	9.58726e-20
293.35019	9.58016e-20
293.35849	9.56934e-20
293.36679	9.54797e-20
293.37509	9.56381e-20
293.38339	9.55585e-20
293.39170	9.55639e-20
293.40000	9.56657e-20
293.40830	9.53400e-20
293.41661	9.55699e-20
293.42491	9.53196e-20
293.43322	9.49412e-20
293.44152	9.52839e-20
293.44983	9.52664e-20
293.45813	9.51813e-20
293.46644	9.51693e-20
293.47475	9.51522e-20
293.48306	9.49514e-20
293.49136	9.49101e-20
293.49967	9.50571e-20
293.50798	9.47737e-20
293.51629	9.50190e-20
293.52460	9.51179e-20
293.53291	9.49393e-20
293.54122	9.50735e-20
293.54954	9.46331e-20
293.55785	9.47251e-20
293.56616	9.49527e-20
293.57447	9.45827e-20
293.58279	9.46482e-20
293.59110	9.46056e-20
293.59942	9.47904e-20
293.60773	9.45883e-20
293.61605	9.40102e-20
293.62436	9.44587e-20
293.63268	9.45085e-20
293.64099	9.42105e-20
293.64931	9.41903e-20
293.65763	9.42070e-20
293.66595	9.43498e-20
293.67427	9.42899e-20
293.68259	9.44880e-20
293.69091	9.44446e-20
293.69923	9.42788e-20
293.70755	9.44296e-20
293.71587	9.43973e-20
293.72419	9.44076e-20
293.73251	9.42171e-20
293.74083	9.42679e-20
293.74916	9.45727e-20
293.75748	9.46095e-20
293.76580	9.43196e-20
293.77413	9.40933e-20
293.78245	9.42469e-20
293.79078	9.42422e-20
293.79910	9.42861e-20
293.80743	9.42822e-20
293.81576	9.43580e-20
293.82408	9.44297e-20
293.83241	9.41212e-20
293.84074	9.42371e-20
293.84907	9.42131e-20
293.85740	9.41074e-20
293.86573	9.45013e-20
293.87406	9.45379e-20
293.88239	9.42695e-20
293.89072	9.42230e-20
293.89905	9.44355e-20
293.90738	9.44718e-20
293.91571	9.45787e-20
293.92405	9.47475e-20
293.93238	9.45872e-20
293.94071	9.44191e-20
293.94905	9.43799e-20
293.95738	9.46418e-20
293.96572	9.46098e-20
293.97405	9.46943e-20
293.98239	9.48606e-20
293.99073	9.45528e-20
293.99906	9.50020e-20
294.00740	9.49910e-20
294.01574	9.47130e-20
294.02408	9.50991e-20
294.03242	9.49053e-20
294.04076	9.50257e-20
294.04910	9.50594e-20
294.05744	9.49582e-20
294.06578	9.54583e-20
294.07412	9.53676e-20
294.08246	9.52640e-20
294.09080	9.53595e-20
294.09914	9.53362e-20
294.10749	9.53479e-20
294.11583	9.55085e-20
294.12418	9.55553e-20
294.13252	9.55080e-20
294.14087	9.56940e-20
294.14921	9.56877e-20
294.15756	9.60394e-20
294.16590	9.61354e-20
294.17425	9.61770e-20
294.18260	9.63063e-20
294.19095	9.58598e-20
294.19929	9.62132e-20
294.20764	9.65065e-20
294.21599	9.66707e-20
294.22434	9.68549e-20
294.23269	9.66517e-20
294.24104	9.70832e-20
294.24940	9.70513e-20
294.25775	9.69509e-20
294.26610	9.73270e-20
294.27445	9.77307e-20
294.28281	9.76050e-20
294.29116	9.74223e-20
294.29951	9.80308e-20
294.30787	9.78298e-20
294.31622	9.81865e-20
294.32458	9.88649e-20
294.33293	9.84023e-20
294.34129	9.85077e-20
294.34965	9.87768e-20
294.35801	9.90264e-20
294.36636	9.93066e-20
294.37472	9.96333e-20
294.38308	1.00172e-19
294.39144	1.00005e-19
294.39980	9.99676e-20
294.40816	1.00306e-19
294.41652	1.00277e-19
294.42488	1.00640e-19
294.43324	1.01123e-19
294.44161	1.01068e-19
294.44997	1.01171e-19
294.45833	1.01362e-19
294.46670	1.01908e-19
294.47506	1.02201e-19
294.48342	1.01971e-19
294.49179	1.02219e-19
294.50015	1.02508e-19
294.50852	1.03043e-19
294.51689	1.02883e-19
294.52525	1.02911e-19
294.53362	1.03546e-19
294.54199	1.03056e-19
294.55036	1.03457e-19
294.55873	1.03764e-19
294.56710	1.03477e-19
294.57547	1.03938e-19
294.58384	1.04156e-19
294.59221	1.03993e-19
294.60058	1.03943e-19
294.60895	1.04286e-19
294.61732	1.04259e-19
294.62569	1.04789e-19
294.63407	1.05036e-19
294.64244	1.04665e-19
294.65082	1.05180e-19
294.65919	1.05116e-19
294.66757	1.05373e-19
294.67594	1.05515e-19
294.68432	1.05723e-19
294.69269	1.06190e-19
294.70107	1.05644e-19
294.70945	1.05800e-19
294.71783	1.05720e-19
294.72620	1.05913e-19
294.73458	1.06327e-19
294.74296	1.06255e-19
294.75134	1.06486e-19
294.75972	1.06242e-19
294.76810	1.06739e-19
294.77648	1.06819e-19
294.78487	1.06454e-19
294.79325	1.06789e-19
294.80163	1.06877e-19
294.81001	1.07113e-19
294.81840	1.06971e-19
294.82678	1.07079e-19
294.83517	1.07255e-19
294.84355	1.07192e-19
294.85194	1.07224e-19
294.86032	1.07075e-19
294.86871	1.07375e-19
294.87710	1.07420e-19
294.88548	1.07521e-19
294.89387	1.07563e-19
294.90226	1.07296e-19
294.91065	1.07682e-19
294.91904	1.07581e-19
294.92743	1.07501e-19
294.93582	1.07688e-19
294.94421	1.07337e-19
294.95260	1.07374e-19
294.96099	1.07664e-19
294.96938	1.07696e-19
294.97778	1.07451e-19
294.98617	1.07174e-19
294.99456	1.07082e-19
295.00296	1.07085e-19
295.01135	1.07337e-19
295.01975	1.07403e-19
295.02814	1.07310e-19
295.03654	1.06993e-19
295.04494	1.06885e-19
295.05333	1.07258e-19
295.06173	1.06736e-19
295.07013	1.06694e-19
295.07853	1.07019e-19
295.08693	1.06321e-19
295.09532	1.06508e-19
295.10372	1.06350e-19
295.11212	1.05776e-19
295.12053	1.06128e-19
295.12893	1.05723e-19
295.13733	1.05491e-19
295.14573	1.05565e-19
295.15413	1.05498e-19
295.16254	1.05706e-19
295.17094	1.05113e-19
295.17934	1.04733e-19
295.18775	1.04890e-19
295.19615	1.04647e-19
295.20456	1.04598e-19
295.21297	1.04601e-19
295.22137	1.04297e-19
295.22978	1.04272e-19
295.23819	1.04247e-19
295.24660	1.03798e-19
295.25500	1.03680e-19
295.26341	1.03577e-19
295.27182	1.03495e-19
295.28023	1.03354e-19
295.28864	1.02877e-19
295.29705	1.03045e-19
295.30546	1.02790e-19
295.31388	1.02416e-19
295.32229	1.02436e-19
295.33070	1.02019e-19
295.33911	1.02133e-19
295.34753	1.02041e-19
295.35594	1.01687e-19
295.36436	1.01753e-19
295.37277	1.01486e-19
295.38119	1.01458e-19
295.38960	1.01200e-19
295.39802	1.00908e-19
295.40644	1.00967e-19
295.41486	1.00714e-19
295.42327	1.00786e-19
295.43169	1.00943e-19
295.44011	1.00445e-19
295.44853	1.00076e-19
295.45695	1.00196e-19
295.46537	9.99679e-20
295.47379	9.96202e-20
295.48221	9.96949e-20
295.49064	9.96921e-20
295.49906	9.95072e-20
295.50748	9.95242e-20
295.51590	9.96266e-20
295.52433	9.95673e-20
295.53275	9.95375e-20
295.54118	9.92911e-20
295.54960	9.89608e-20
295.55803	9.89215e-20
295.56645	9.89001e-20
295.57488	9.87966e-20
295.58331	9.89323e-20
295.59174	9.92338e-20
295.60016	9.87605e-20
295.60859	9.83080e-20
295.61702	9.85305e-20
295.62545	9.83130e-20
295.63388	9.83176e-20
295.64231	9.87621e-20
295.65074	9.85251e-20
295.65917	9.82406e-20
295.66761	9.84474e-20
295.67604	9.85548e-20
295.68447	9.83484e-20
295.69291	9.81123e-20
295.70134	9.84712e-20
295.70977	9.86248e-20
295.71821	9.83069e-20
295.72664	9.85837e-20
295.73508	9.86159e-20
295.74352	9.85502e-20
295.75195	9.86088e-20
295.76039	9.87320e-20
295.76883	9.90991e-20
295.77727	9.84602e-20
295.78570	9.83446e-20
295.79414	9.86606e-20
295.80258	9.85691e-20
295.81102	9.88397e-20
295.81946	9.86992e-20
295.82791	9.85922e-20
295.83635	9.89211e-20
295.84479	9.93069e-20
295.85323	9.91189e-20
295.86167	9.89731e-20
295.87012	9.92883e-20
295.87856	9.92448e-20
295.88701	9.96808e-20
295.89545	9.95843e-20
295.90390	9.92675e-20
295.91234	9.96578e-20
295.92079	9.96696e-20
295.92924	9.98190e-20
295.93768	1.00103e-19
295.94613	1.00174e-19
295.95458	1.00135e-19
295.96303	1.00303e-19
295.97148	1.00536e-19
295.97993	1.00765e-19
295.98838	1.00965e-19
295.99683	1.01202e-19
296.00528	1.01649e-19
296.01373	1.01281e-19
296.02218	1.01231e-19
296.03064	1.01808e-19
296.03909	1.02136e-19
296.04754	1.02203e-19
296.05600	1.02188e-19
296.06445	1.02842e-19
296.07291	1.02912e-19
296.08136	1.02929e-19
296.08982	1.03423e-19
296.09828	1.03363e-19
296.10673	1.03507e-19
296.11519	1.03815e-19
296.12365	1.03884e-19
296.13211	1.04043e-19
296.14057	1.04527e-19
296.14903	1.04864e-19
296.15749	1.05196e-19
296.16595	1.05376e-19
296.17441	1.05221e-19
296.18287	1.05442e-19
296.19133	1.05797e-19
296.19979	1.06236e-19
296.20826	1.06591e-19
296.21672	1.06861e-19
296.22518	1.06702e-19
296.23365	1.06987e-19
296.24211	1.07479e-19
296.25058	1.07435e-19
296.25904	1.07996e-19
296.26751	1.07807e-19
296.27598	1.08226e-19
296.28444	1.08775e-19
296.29291	1.08374e-19
296.30138	1.09371e-19
296.30985	1.09305e-19
296.31832	1.09109e-19
296.32679	1.09496e-19
296.33526	1.09557e-19
296.34373	1.10075e-19
296.35220	1.09876e-19
296.36067	1.10266e-19
296.36914	1.10684e-19
296.37761	1.10950e-19
296.38609	1.11020e-19
296.39456	1.10780e-19
296.40303	1.11432e-19
296.41151	1.11756e-19
296.41998	1.12297e-19
296.42846	1.12331e-19
296.43694	1.11869e-19
296.44541	1.12910e-19
296.45389	1.13072e-19
296.46237	1.12420e-19
296.47084	1.12787e-19
296.47932	1.13225e-19
296.48780	1.13691e-19
296.49628	1.14021e-19
296.50476	1.13824e-19
296.51324	1.14270e-19
296.52172	1.14640e-19
296.53020	1.15027e-19
296.53868	1.15492e-19
296.54717	1.14782e-19
296.55565	1.14892e-19
296.56413	1.15742e-19
296.57262	1.15767e-19
296.58110	1.15810e-19
296.58959	1.16339e-19
296.59807	1.16543e-19
296.60656	1.16315e-19
296.61504	1.16776e-19
296.62353	1.16893e-19
296.63202	1.17019e-19
296.64050	1.17629e-19
296.64899	1.17508e-19
296.65748	1.17953e-19
296.66597	1.18583e-19
296.67446	1.18255e-19
296.68295	1.18474e-19
296.69144	1.18749e-19
296.69993	1.18751e-19
296.70842	1.18995e-19
296.71691	1.18876e-19
296.72541	1.18986e-19
296.73390	1.19315e-19
296.74239	1.19659e-19
296.75089	1.19830e-19
296.75938	1.19712e-19
296.76788	1.20263e-19
296.77637	1.20610e-19
296.78487	1.20671e-19
296.79336	1.20598e-19
296.80186	1.20665e-19
296.81036	1.21252e-19
296.81885	1.21406e-19
296.82735	1.21824e-19
296.83585	1.22088e-19
296.84435	1.22339e-19
296.85285	1.22417e-19
296.86135	1.22220e-19
296.86985	1.23191e-19
296.87835	1.23408e-19
296.88685	1.22953e-19
296.89536	1.23023e-19
296.90386	1.23475e-19
296.91236	1.23770e-19
296.92087	1.23747e-19
296.92937	1.24238e-19
296.93787	1.24230e-19
296.94638	1.24223e-19
296.95489	1.24865e-19
296.96339	1.25400e-19
296.97190	1.25374e-19
296.98040	1.25809e-19
296.98891	1.26712e-19
296.99742	1.26021e-19
297.00593	1.25749e-19
297.01444	1.26727e-19
297.02295	1.27037e-19
297.03146	1.27077e-19
297.03997	1.27806e-19
297.04848	1.28541e-19
297.05699	1.28371e-19
297.06550	1.27975e-19
297.07401	1.28611e-19
297.08253	1.29352e-19
297.09104	1.28915e-19
297.09955	1.29634e-19
297.10807	1.30631e-19
297.11658	1.30085e-19
297.12510	1.30271e-19
297.13361	1.30361e-19
297.14213	1.30945e-19
297.15065	1.31466e-19
297.15917	1.31430e-19
297.16768	1.32056e-19
297.17620	1.32563e-19
297.18472	1.32780e-19
297.19324	1.32707e-19
297.20176	1.33019e-19
297.21028	1.32935e-19
297.21880	1.33802e-19
297.22732	1.34243e-19
297.23584	1.33157e-19
297.24436	1.34407e-19
297.25289	1.35007e-19
297.26141	1.35069e-19
297.26993	1.35645e-19
297.27846	1.35316e-19
297.28698	1.35616e-19
297.29551	1.35097e-19
297.30403	1.35144e-19
297.31256	1.35479e-19
297.32109	1.36034e-19
297.32961	1.36993e-19
297.33814	1.36698e-19
297.34667	1.36311e-19
297.35520	1.36508e-19
297.36373	1.37330e-19
297.37226	1.37490e-19
297.38079	1.38290e-19
297.38932	1.38560e-19
297.39785	1.37525e-19
297.40638	1.38174e-19
297.41491	1.38519e-19
297.42344	1.38186e-19
297.43198	1.38241e-19
297.44051	1.38522e-19
297.44904	1.38999e-19
297.45758	1.38511e-19
297.46611	1.38462e-19
297.47465	1.38918e-19
297.48318	1.38754e-19
297.49172	1.38923e-19
297.50026	1.39564e-19
297.50879	1.39157e-19
297.51733	1.39036e-19
297.52587	1.39276e-19
297.53441	1.38562e-19
297.54295	1.38986e-19
297.55149	1.39330e-19
297.56003	1.39492e-19
297.56857	1.39908e-19
297.57711	1.39060e-19
297.58565	1.39260e-19
297.59419	1.39397e-19
297.60274	1.38616e-19
297.61128	1.38707e-19
297.61982	1.39035e-19
297.62837	1.38632e-19
297.63691	1.37935e-19
297.64546	1.38098e-19
297.65400	1.37792e-19
297.66255	1.37448e-19
297.67110	1.39013e-19
297.67964	1.38949e-19
297.68819	1.37785e-19
297.69674	1.38230e-19
297.70529	1.37487e-19
297.71384	1.37468e-19
297.72239	1.37715e-19
297.73094	1.36984e-19
297.73949	1.37078e-19
297.74804	1.35948e-19
297.75659	1.35515e-19
297.76514	1.36137e-19
297.77369	1.35312e-19
297.78225	1.35701e-19
297.79080	1.35744e-19
297.79936	1.34579e-19
297.80791	1.34746e-19
297.81646	1.34774e-19
297.82502	1.34258e-19
297.83358	1.34517e-19
297.84213	1.34195e-19
297.85069	1.33251e-19
297.85925	1.33465e-19
297.86780	1.33138e-19
297.87636	1.32256e-19
297.88492	1.32367e-19
297.89348	1.32274e-19
297.90204	1.31963e-19
297.91060	1.31635e-19
297.91916	1.31911e-19
297.92772	1.31441e-19
297.93629	1.30563e-19
297.94485	1.30932e-19
297.95341	1.30383e-19
297.96197	1.29819e-19
297.97054	1.29678e-19
297.97910	1.29166e-19
297.98767	1.29291e-19
297.99623	1.29318e-19
298.00480	1.29376e-19
298.01337	1.29120e-19
298.02193	1.28807e-19
298.03050	1.28375e-19
298.03907	1.27816e-19
298.04764	1.28154e-19
298.05620	1.27308e-19
298.06477	1.26971e-19
298.07334	1.27869e-19
298.08191	1.27706e-19
298.09048	1.27571e-19
298.09906	1.27295e-19
298.10763	1.26880e-19
298.11620	1.26649e-19
298.12477	1.26270e-19
298.13335	1.26552e-19
298.14192	1.26261e-19
298.15049	1.25972e-19
298.15907	1.26437e-19
298.16764	1.25857e-19
298.17622	1.25575e-19
298.18479	1.25936e-19
298.19337	1.25088e-19
298.20195	1.24787e-19
298.21053	1.25375e-19
298.21910	1.25238e-19
298.22768	1.24793e-19
298.23626	1.24447e-19
298.24484	1.24623e-19
298.25342	1.24733e-19
298.26200	1.24340e-19
298.27058	1.24396e-19
298.27917	1.24845e-19
298.28775	1.24528e-19
298.29633	1.23841e-19
298.30491	1.24144e-19
298.31350	1.23800e-19
298.32208	1.23349e-19
298.33067	1.24051e-19
298.33925	1.23650e-19
298.34784	1.23395e-19
298.35642	1.23739e-19
298.36501	1.23422e-19
298.37360	1.23758e-19
298.38218	1.23968e-19
298.39077	1.23833e-19
298.39936	1.23489e-19
298.40795	1.23033e-19
298.41654	1.24005e-19
298.42513	1.23692e-19
298.43372	1.22963e-19
298.44231	1.23636e-19
298.45090	1.23221e-19
298.45949	1.23077e-19
298.46809	1.23176e-19
298.47668	1.22993e-19
298.48527	1.23298e-19
298.49387	1.23126e-19
298.50246	1.22941e-19
298.51106	1.22654e-19
298.51965	1.23527e-19
298.52825	1.23492e-19
298.53684	1.22963e-19
298.54544	1.23593e-19
298.55404	1.22833e-19
298.56264	1.23469e-19
298.57123	1.23471e-19
298.57983	1.22476e-19
298.58843	1.23569e-19
298.59703	1.23211e-19
298.60563	1.23153e-19
298.61423	1.23251e-19
298.62283	1.22847e-19
298.63144	1.23049e-19
298.64004	1.23174e-19
298.64864	1.23767e-19
298.65725	1.23553e-19
298.66585	1.23457e-19
298.67445	1.23340e-19
298.68306	1.23237e-19
298.69166	1.23322e-19
298.70027	1.23144e-19
298.70888	1.23520e-19
298.71748	1.22947e-19
298.72609	1.22684e-19
298.73470	1.22688e-19
298.74331	1.23129e-19
298.75191	1.24044e-19
298.76052	1.22858e-19
298.76913	1.22593e-19
298.77774	1.23351e-19
298.78636	1.23240e-19
298.79497	1.22804e-19
298.80358	1.22949e-19
298.81219	1.23221e-19
298.82080	1.22798e-19
298.82942	1.23066e-19
298.83803	1.22620e-19
298.84664	1.22953e-19
298.85526	1.23653e-19
298.86387	1.22928e-19
298.87249	1.22904e-19
298.88111	1.23068e-19
298.88972	1.23409e-19
298.89834	1.23564e-19
298.90696	1.23618e-19
298.91558	1.23757e-19
298.92420	1.23928e-19
298.93281	1.24275e-19
298.94143	1.24355e-19
298.95005	1.24848e-19
298.95868	1.24596e-19
298.96730	1.24596e-19
298.97592	1.24602e-19
298.98454	1.23993e-19
298.99316	1.24591e-19
299.00179	1.24720e-19
299.01041	1.25292e-19
299.01903	1.25024e-19
299.02766	1.24506e-19
299.03628	1.25445e-19
299.04491	1.24759e-19
299.05354	1.25186e-19
299.06216	1.26085e-19
299.07079	1.25841e-19
299.07942	1.25926e-19
299.08805	1.25661e-19
299.09668	1.25764e-19
299.10530	1.26160e-19
299.11393	1.26561e-19
299.12256	1.26423e-19
299.13119	1.26224e-19
299.13983	1.26565e-19
299.14846	1.26635e-19
299.15709	1.26515e-19
299.16572	1.26235e-19
299.17436	1.26771e-19
299.18299	1.27094e-19
299.19162	1.27398e-19
299.20026	1.27381e-19
299.20889	1.26899e-19
299.21753	1.27523e-19
299.22617	1.27530e-19
299.23480	1.27344e-19
299.24344	1.27733e-19
299.25208	1.27827e-19
299.26071	1.27615e-19
299.26935	1.27540e-19
299.27799	1.28211e-19
299.28663	1.27916e-19
299.29527	1.27717e-19
299.30391	1.28395e-19
299.31255	1.28296e-19
299.32120	1.28326e-19
299.32984	1.28125e-19
299.33848	1.27956e-19
299.34712	1.28546e-19
299.35577	1.28750e-19
299.36441	1.28417e-19
299.37306	1.28507e-19
299.38170	1.28899e-19
299.39035	1.28929e-19
299.39899	1.28564e-19
299.40764	1.28170e-19
299.41629	1.28750e-19
299.42493	1.29051e-19
299.43358	1.28838e-19
299.44223	1.29089e-19
299.45088	1.28735e-19
299.45953	1.28597e-19
299.46818	1.29697e-19
299.47683	1.30085e-19
299.48548	1.29327e-19
299.49413	1.29882e-19
299.50279	1.30138e-19
299.51144	1.29418e-19
299.52009	1.29759e-19
299.52875	1.29847e-19
299.53740	1.29812e-19
299.54605	1.29805e-19
299.55471	1.29737e-19
299.56337	1.30196e-19
299.57202	1.29898e-19
299.58068	1.30173e-19
299.58934	1.30235e-19
299.59799	1.29968e-19
299.60665	1.30571e-19
299.61531	1.30311e-19
299.62397	1.30022e-19
299.63263	1.30527e-19
299.64129	1.30903e-19
299.64995	1.30901e-19
299.65861	1.30832e-19
299.66727	1.30779e-19
299.67593	1.30663e-19
299.68460	1.31034e-19
299.69326	1.30744e-19
299.70192	1.30312e-19
299.71059	1.30717e-19
299.71925	1.30845e-19
299.72792	1.31018e-19
299.73658	1.30941e-19
299.74525	1.31250e-19
299.75392	1.31774e-19
299.76258	1.31433e-19
299.77125	1.31043e-19
299.77992	1.30440e-19
299.78859	1.30452e-19
299.79726	1.30875e-19
299.80593	1.30684e-19
299.81460	1.30407e-19
299.82327	1.30314e-19
299.83194	1.30797e-19
299.84061	1.31002e-19
299.84928	1.30745e-19
299.85796	1.30349e-19
299.86663	1.30418e-19
299.87530	1.30166e-19
299.88398	1.29921e-19
299.89265	1.30517e-19
299.90133	1.30119e-19
299.91000	1.29626e-19
299.91868	1.29661e-19
299.92735	1.29594e-19
299.93603	1.29275e-19
299.94471	1.29173e-19
299.95339	1.29665e-19
299.96207	1.28787e-19
299.97075	1.28864e-19
299.97943	1.29366e-19
299.98811	1.28513e-19
299.99679	1.28745e-19
300.00547	1.28660e-19
300.01415	1.28173e-19
300.02283	1.27915e-19
300.03151	1.27826e-19
300.04020	1.27616e-19
300.04888	1.27280e-19
300.05757	1.27276e-19
300.06625	1.27455e-19
300.07494	1.27624e-19
300.08362	1.27122e-19
300.09231	1.27164e-19
300.10099	1.26595e-19
300.10968	1.26142e-19
300.11837	1.26654e-19
300.12706	1.26080e-19
300.13575	1.25791e-19
300.14444	1.25262e-19
300.15313	1.25617e-19
300.16182	1.26108e-19
300.17051	1.24854e-19
300.17920	1.25417e-19
300.18789	1.26013e-19
300.19658	1.25168e-19
300.20527	1.25035e-19
300.21397	1.24933e-19
300.22266	1.24912e-19
300.23136	1.25097e-19
300.24005	1.24221e-19
300.24875	1.23823e-19
300.25744	1.24693e-19
300.26614	1.24508e-19
300.27483	1.24245e-19
300.28353	1.24119e-19
300.29223	1.23950e-19
300.30093	1.24162e-19
300.30963	1.23624e-19
300.31833	1.23375e-19
300.32703	1.23952e-19
300.33573	1.24324e-19
300.34443	1.23675e-19
300.35313	1.23398e-19
300.36183	1.23318e-19
300.37053	1.23314e-19
300.37924	1.23947e-19
300.38794	1.23757e-19
300.39664	1.23989e-19
300.40535	1.23852e-19
300.41405	1.23441e-19
300.42276	1.23588e-19
300.43146	1.23302e-19
300.44017	1.23689e-19
300.44888	1.23790e-19
300.45758	1.23798e-19
300.46629	1.23629e-19
300.47500	1.23598e-19
300.48371	1.24121e-19
300.49242	1.23819e-19
300.50113	1.23857e-19
300.50984	1.23983e-19
300.51855	1.23873e-19
300.52726	1.23824e-19
300.53597	1.23799e-19
300.54469	1.24166e-19
300.55340	1.24372e-19
300.56211	1.24311e-19
300.57083	1.24553e-19
300.57954	1.24764e-19
300.58826	1.24224e-19
300.59697	1.24746e-19
300.60569	1.24990e-19
300.61440	1.24860e-19
300.62312	1.25188e-19
300.63184	1.24846e-19
300.64056	1.25528e-19
300.64927	1.25341e-19
300.65799	1.24521e-19
300.66671	1.24877e-19
300.67543	1.24910e-19
300.68415	1.24879e-19
300.69288	1.25058e-19
300.70160	1.25271e-19
300.71032	1.25167e-19
300.71904	1.25458e-19
300.72776	1.25616e-19
300.73649	1.25542e-19
300.74521	1.25603e-19
300.75394	1.25555e-19
300.76266	1.26054e-19
300.77139	1.25845e-19
300.78011	1.25858e-19
300.78884	1.25844e-19
300.79757	1.25818e-19
300.80629	1.26147e-19
300.81502	1.25758e-19
300.82375	1.25766e-19
300.83248	1.25730e-19
300.84121	1.25993e-19
300.84994	1.25879e-19
300.85867	1.26116e-19
300.86740	1.26198e-19
300.87613	1.25680e-19
300.88487	1.25996e-19
300.89360	1.25523e-19
300.90233	1.25907e-19
300.91107	1.25736e-19
300.91980	1.25465e-19
300.92853	1.25807e-19
300.93727	1.25158e-19
300.94601	1.25973e-19
300.95474	1.25680e-19
300.96348	1.25500e-19
300.97222	1.25619e-19
300.98095	1.25267e-19
300.98969	1.25790e-19
300.99843	1.24979e-19
301.00717	1.25133e-19
301.01591	1.25058e-19
301.02465	1.24868e-19
301.03339	1.25179e-19
301.04213	1.24904e-19
301.05087	1.25415e-19
301.05962	1.24942e-19
301.06836	1.24827e-19
301.07710	1.25217e-19
301.08585	1.25101e-19
301.09459	1.25251e-19
301.10334	1.25226e-19
301.11208	1.25129e-19
301.12083	1.24740e-19
301.12957	1.24731e-19
301.13832	1.24677e-19
301.14707	1.25035e-19
301.15582	1.24979e-19
301.16456	1.24260e-19
301.17331	1.24657e-19
301.18206	1.24958e-19
301.19081	1.25015e-19
301.19956	1.25244e-19
301.20831	1.25243e-19
301.21707	1.25254e-19
301.22582	1.25308e-19
301.23457	1.25211e-19
301.24332	1.25429e-19
301.25208	1.25272e-19
301.26083	1.25120e-19
301.26958	1.25685e-19
301.27834	1.25632e-19
301.28710	1.26031e-19
301.29585	1.26428e-19
301.30461	1.26191e-19
301.31336	1.26104e-19
301.32212	1.26134e-19
301.33088	1.26608e-19
301.33964	1.26607e-19
301.34840	1.26989e-19
301.35716	1.27297e-19
301.36592	1.26803e-19
301.37468	1.27151e-19
301.38344	1.27789e-19
301.39220	1.27733e-19
301.40096	1.27480e-19
301.40973	1.27973e-19
301.41849	1.28268e-19
301.42725	1.28325e-19
301.43602	1.28478e-19
301.44478	1.28373e-19
301.45355	1.28856e-19
301.46231	1.28800e-19
301.47108	1.28994e-19
301.47985	1.29756e-19
301.48861	1.29511e-19
301.49738	1.29438e-19
301.50615	1.30345e-19
301.51492	1.30438e-19
301.52369	1.30451e-19
301.53246	1.30783e-19
301.54123	1.30449e-19
301.55000	1.31017e-19
301.55877	1.31381e-19
301.56754	1.31560e-19
301.57631	1.31836e-19
301.58509	1.31590e-19
301.59386	1.32179e-19
301.60263	1.32192e-19
301.61141	1.32718e-19
301.62018	1.32832e-19
301.62896	1.32512e-19
301.63773	1.33225e-19
301.64651	1.33389e-19
301.65529	1.34012e-19
301.66407	1.34022e-19
301.67284	1.34128e-19
301.68162	1.34067e-19
301.69040	1.34030e-19
301.69918	1.35113e-19
301.70796	1.34709e-19
301.71674	1.35102e-19
301.72552	1.35647e-19
301.73430	1.35260e-19
301.74309	1.35670e-19
301.75187	1.35994e-19
301.76065	1.36090e-19
301.76944	1.36144e-19
301.77822	1.36427e-19
301.78700	1.36356e-19
301.79579	1.36952e-19
301.80457	1.37431e-19
301.81336	1.37649e-19
301.82215	1.38033e-19
301.83093	1.37423e-19
301.83972	1.37983e-19
301.84851	1.38329e-19
301.85730	1.38263e-19
301.86609	1.38431e-19
301.87488	1.38619e-19
301.88367	1.39615e-19
301.89246	1.39099e-19
301.90125	1.38986e-19
301.91004	1.39490e-19
301.91883	1.39522e-19
301.92763	1.40227e-19
301.93642	1.40547e-19
301.94521	1.40770e-19
301.95401	1.40827e-19
301.96280	1.40821e-19
301.97160	1.41102e-19
301.98040	1.41392e-19
301.98919	1.42035e-19
301.99799	1.41674e-19
302.00679	1.41247e-19
302.01558	1.42354e-19
302.02438	1.42823e-19
302.03318	1.42357e-19
302.04198	1.42772e-19
302.05078	1.42577e-19
302.05958	1.42653e-19
302.06838	1.43785e-19
302.07718	1.43417e-19
302.08599	1.42931e-19
302.09479	1.43660e-19
302.10359	1.43659e-19
302.11240	1.43484e-19
302.12120	1.43782e-19
302.13000	1.44032e-19
302.13881	1.44389e-19
302.14761	1.44402e-19
302.15642	1.44929e-19
302.16523	1.45466e-19
302.17403	1.45033e-19
302.18284	1.45808e-19
302.19165	1.45640e-19
302.20046	1.44885e-19
302.20927	1.45729e-19
302.21808	1.45876e-19
302.22689	1.46014e-19
302.23570	1.45823e-19
302.24451	1.45572e-19
302.25332	1.46249e-19
302.26213	1.45824e-19
302.27095	1.45820e-19
302.27976	1.46264e-19
302.28857	1.45549e-19
302.29739	1.46034e-19
302.30620	1.46806e-19
302.31502	1.46487e-19
302.32383	1.46488e-19
302.33265	1.46620e-19
302.34147	1.46682e-19
302.35029	1.46796e-19
302.35910	1.46870e-19
302.36792	1.46734e-19
302.37674	1.46370e-19
302.38556	1.46321e-19
302.39438	1.46645e-19
302.40320	1.46917e-19
302.41202	1.46675e-19
302.42084	1.46534e-19
302.42967	1.46622e-19
302.43849	1.46646e-19
302.44731	1.46602e-19
302.45614	1.46591e-19
302.46496	1.46814e-19
302.47378	1.46702e-19
302.48261	1.46930e-19
302.49143	1.47051e-19
302.50026	1.46602e-19
302.50909	1.46990e-19
302.51792	1.46998e-19
302.52674	1.47300e-19
302.53557	1.47686e-19
302.54440	1.46782e-19
302.55323	1.46857e-19
302.56206	1.47241e-19
302.57089	1.47181e-19
302.57972	1.47305e-19
302.58855	1.47075e-19
302.59738	1.47229e-19
302.60622	1.47334e-19
302.61505	1.47368e-19
302.62388	1.47774e-19
302.63272	1.47616e-19
302.64155	1.47455e-19
302.65039	1.47473e-19
302.65922	1.47531e-19
302.66806	1.47560e-19
302.67689	1.47715e-19
302.68573	1.48102e-19
302.69457	1.48267e-19
302.70341	1.48199e-19
302.71224	1.48220e-19
302.72108	1.48580e-19
302.72992	1.48715e-19
302.73876	1.48673e-19
302.74760	1.48757e-19
302.75645	1.48702e-19
302.76529	1.48820e-19
302.77413	1.49078e-19
302.78297	1.49061e-19
302.79181	1.49009e-19
302.80066	1.49757e-19
302.80950	1.49889e-19
302.81835	1.50155e-19
302.82719	1.50876e-19
302.83604	1.50182e-19
302.84489	1.50575e-19
302.85373	1.50985e-19
302.86258	1.51056e-19
302.87143	1.51879e-19
302.88028	1.51735e-19
302.88912	1.51810e-19
302.89797	1.51677e-19
302.90682	1.51654e-19
302.91567	1.52352e-19
302.92453	1.52806e-19
302.93338	1.52820e-19
302.94223	1.53095e-19
302.95108	1.53772e-19
302.95993	1.53315e-19
302.96879	1.53623e-19
302.97764	1.53944e-19
302.98650	1.53963e-19
302.99535	1.54797e-19
303.00421	1.54506e-19
303.01306	1.54777e-19
303.02192	1.55324e-19
303.03078	1.55511e-19
303.03963	1.55622e-19
303.04849	1.55631e-19
303.05735	1.55857e-19
303.06621	1.55927e-19
303.07507	1.56742e-19
303.08393	1.56662e-19
303.09279	1.56739e-19
303.10165	1.57262e-19
303.11052	1.56745e-19
303.11938	1.57054e-19
303.12824	1.57164e-19
303.13710	1.57054e-19
303.14597	1.56985e-19
303.15483	1.56914e-19
303.16370	1.57465e-19
303.17256	1.57453e-19
303.18143	1.57424e-19
303.19030	1.57920e-19
303.19916	1.57997e-19
303.20803	1.57857e-19
303.21690	1.58513e-19
303.22577	1.58532e-19
303.23464	1.57782e-19
303.24351	1.58099e-19
303.25238	1.58118e-19
303.26125	1.57937e-19
303.27012	1.58528e-19
303.27899	1.58377e-19
303.28786	1.58167e-19
303.29673	1.58573e-19
303.30561	1.58388e-19
303.31448	1.58456e-19
303.32335	1.58740e-19
303.33223	1.58645e-19
303.34111	1.58614e-19
303.34998	1.58592e-19
303.35886	1.58895e-19
303.36773	1.58710e-19
303.37661	1.58397e-19
303.38549	1.58516e-19
303.39437	1.58480e-19
303.40325	1.58337e-19
303.41213	1.58077e-19
303.42101	1.58149e-19
303.42989	1.58183e-19
303.43877	1.58639e-19
303.44765	1.58721e-19
303.45653	1.58160e-19
303.46541	1.58359e-19
303.47430	1.58027e-19
303.48318	1.57788e-19
303.49207	1.57951e-19
303.50095	1.58406e-19
303.50984	1.58435e-19
303.51872	1.57671e-19
303.52761	1.58212e-19
303.53649	1.58274e-19
303.54538	1.58044e-19
303.55427	1.58012e-19
303.56316	1.57800e-19
303.57205	1.58406e-19
303.58094	1.57878e-19
303.58983	1.57684e-19
303.59872	1.58189e-19
303.60761	1.57617e-19
303.61650	1.57561e-19
303.62539	1.58015e-19
303.63428	1.57850e-19
303.64318	1.57300e-19
303.65207	1.57065e-19
303.66096	1.56846e-19
303.66986	1.57345e-19
303.67875	1.57879e-19
303.68765	1.57259e-19
303.69654	1.57276e-19
303.70544	1.57066e-19
303.71434	1.56752e-19
303.72324	1.57250e-19
303.73213	1.56747e-19
303.74103	1.56471e-19
303.74993	1.57089e-19
303.75883	1.57060e-19
303.76773	1.56737e-19
303.77663	1.56669e-19
303.78553	1.56487e-19
303.79444	1.56585e-19
303.80334	1.56866e-19
303.81224	1.56332e-19
303.82115	1.56220e-19
303.83005	1.56570e-19
303.83895	1.56227e-19
303.84786	1.56225e-19
303.85676	1.56217e-19
303.86567	1.56150e-19
303.87458	1.56335e-19
303.88348	1.55871e-19
303.89239	1.55723e-19
303.90130	1.56095e-19
303.91021	1.56186e-19
303.91912	1.56068e-19
303.92803	1.55708e-19
303.93694	1.56140e-19
303.94585	1.56519e-19
303.95476	1.55760e-19
303.96367	1.55858e-19
303.97258	1.56267e-19
303.98150	1.55864e-19
303.99041	1.55463e-19
303.99932	1.55310e-19
304.00824	1.55637e-19
304.01715	1.55718e-19
304.02607	1.55643e-19
304.03498	1.55813e-19
304.04390	1.55837e-19
304.05282	1.55859e-19
304.06174	1.55601e-19
304.07065	1.55617e-19
304.07957	1.55857e-19
304.08849	1.55633e-19
304.09741	1.55358e-19
304.10633	1.55680e-19
304.11525	1.55871e-19
304.12417	1.55185e-19
304.13310	1.55244e-19
304.14202	1.55828e-19
304.15094	1.55852e-19
304.15986	1.55578e-19
304.16879	1.55198e-19
304.17771	1.55237e-19
304.18664	1.55512e-19
304.19556	1.55822e-19
304.20449	1.55532e-19
304.21341	1.55618e-19
304.22234	1.56140e-19
304.23127	1.55777e-19
304.24020	1.56025e-19
304.24913	1.56154e-19
304.25805	1.55975e-19
304.26698	1.56169e-19
304.27591	1.55904e-19
304.28484	1.56234e-19
304.29378	1.56769e-19
304.30271	1.56657e-19
304.31164	1.56318e-19
304.32057	1.56595e-19
304.32951	1.57024e-19
304.33844	1.56805e-19
304.34737	1.57191e-19
304.35631	1.57020e-19
304.36524	1.56930e-19
304.37418	1.57963e-19
304.38312	1.57470e-19
304.39205	1.57453e-19
304.40099	1.57994e-19
304.40993	1.57588e-19
304.41887	1.58193e-19
304.42781	1.57774e-19
304.43675	1.57291e-19
304.44569	1.58131e-19
304.45463	1.58156e-19
304.46357	1.58157e-19
304.47251	1.58069e-19
304.48145	1.58169e-19
304.49039	1.58430e-19
304.49934	1.58402e-19
304.50828	1.58388e-19
304.51723	1.58275e-19
304.52617	1.58570e-19
304.53512	1.58270e-19
304.54406	1.58262e-19
304.55301	1.58923e-19
304.56196	1.58960e-19
304.57090	1.58856e-19
304.57985	1.58841e-19
304.58880	1.59327e-19
304.59775	1.59440e-19
304.60670	1.59023e-19
304.61565	1.59060e-19
304.62460	1.59179e-19
304.63355	1.59014e-19
304.64250	1.59053e-19
304.65145	1.58981e-19
304.66041	1.58992e-19
304.66936	1.59688e-19
304.67831	1.59398e-19
304.68727	1.59599e-19
304.69622	1.59834e-19
304.70518	1.59301e-19
304.71413	1.59966e-19
304.72309	1.59892e-19
304.73205	1.60224e-19
304.74100	1.60152e-19
304.74996	1.60028e-19
304.75892	1.61120e-19
304.76788	1.60374e-19
304.77684	1.61006e-19
304.78580	1.61336e-19
304.79476	1.60342e-19
304.80372	1.61248e-19
304.81268	1.61219e-19
304.82164	1.61703e-19
304.83061	1.62203e-19
304.83957	1.61451e-19
304.84853	1.62574e-19
304.85750	1.62654e-19
304.86646	1.61860e-19
304.87543	1.62763e-19
304.88439	1.62381e-19
304.89336	1.62097e-19
304.90233	1.62617e-19
304.91130	1.62715e-19
304.92026	1.63432e-19
304.92923	1.63307e-19
304.93820	1.62985e-19
304.94717	1.62622e-19
304.95614	1.62861e-19
304.96511	1.63489e-19
304.97408	1.63132e-19
304.98305	1.63719e-19
304.99203	1.63285e-19
305.00100	1.62829e-19
305.00997	1.63379e-19
305.01895	1.63666e-19
305.02792	1.63734e-19
305.03689	1.62843e-19
305.04587	1.63478e-19
305.05485	1.63450e-19
305.06382	1.63218e-19
305.07280	1.64036e-19
305.08178	1.63055e-19
305.09076	1.63006e-19
305.09973	1.63206e-19
305.10871	1.63187e-19
305.11769	1.63277e-19
305.12667	1.62844e-19
305.13565	1.63136e-19
305.14463	1.63017e-19
305.15362	1.63100e-19
305.16260	1.62835e-19
305.17158	1.62478e-19
305.18056	1.63001e-19
305.18955	1.62412e-19
305.19853	1.62249e-19
305.20752	1.62912e-19
305.21650	1.62484e-19
305.22549	1.62156e-19
305.23448	1.62054e-19
305.24346	1.61761e-19
305.25245	1.62366e-19
305.26144	1.62805e-19
305.27043	1.62266e-19
305.27942	1.61698e-19
305.28841	1.61764e-19
305.29740	1.61732e-19
305.30639	1.61247e-19
305.31538	1.61482e-19
305.32437	1.61384e-19
305.33336	1.60868e-19
305.34235	1.60967e-19
305.35135	1.60913e-19
305.36034	1.61030e-19
305.36934	1.61286e-19
305.37833	1.60953e-19
305.38733	1.60470e-19
305.39632	1.60136e-19
305.40532	1.60187e-19
305.41432	1.60772e-19
305.42331	1.60147e-19
305.43231	1.59623e-19
305.44131	1.60168e-19
305.45031	1.59579e-19
305.45931	1.59114e-19
305.46831	1.59070e-19
305.47731	1.59322e-19
305.48631	1.59530e-19
305.49531	1.59504e-19
305.50432	1.59420e-19
305.51332	1.58613e-19
305.52232	1.59010e-19
305.53133	1.58640e-19
305.54033	1.58062e-19
305.54934	1.58853e-19
305.55834	1.58507e-19
305.56735	1.58728e-19
305.57635	1.58669e-19
305.58536	1.57860e-19
305.59437	1.57317e-19
305.60338	1.57349e-19
305.61239	1.57806e-19
305.62139	1.57110e-19
305.63040	1.56923e-19
305.63941	1.56883e-19
305.64843	1.57087e-19
305.65744	1.57368e-19
305.66645	1.56767e-19
305.67546	1.56967e-19
305.68447	1.56670e-19
305.69349	1.56309e-19
305.70250	1.56681e-19
305.71152	1.56604e-19
305.72053	1.56182e-19
305.72955	1.56132e-19
305.73856	1.56344e-19
305.74758	1.55973e-19
305.75660	1.56150e-19
305.76562	1.56275e-19
305.77463	1.55932e-19
305.78365	1.55848e-19
305.79267	1.55409e-19
305.80169	1.55362e-19
305.81071	1.55638e-19
305.81973	1.55710e-19
305.82875	1.55359e-19
305.83778	1.54954e-19
305.84680	1.55566e-19
305.85582	1.55918e-19
305.86485	1.55012e-19
305.87387	1.55014e-19
305.88289	1.55460e-19
305.89192	1.54833e-19
305.90095	1.55458e-19
305.90997	1.55640e-19
305.91900	1.55012e-19
305.92803	1.55345e-19
305.93705	1.54799e-19
305.94608	1.55093e-19
305.95511	1.55338e-19
305.96414	1.55271e-19
305.97317	1.55700e-19
305.98220	1.55049e-19
305.99123	1.55119e-19
306.00026	1.54518e-19
306.00930	1.54734e-19
306.01833	1.55579e-19
306.02736	1.55125e-19
306.03640	1.55708e-19
306.04543	1.54938e-19
306.05447	1.55042e-19
306.06350	1.55652e-19
306.07254	1.55189e-19
306.08157	1.55447e-19
306.09061	1.54703e-19
306.09965	1.55310e-19
306.10869	1.55386e-19
306.11772	1.55222e-19
306.12676	1.55642e-19
306.13580	1.54926e-19
306.14484	1.55704e-19
306.15388	1.55493e-19
306.16292	1.55778e-19
306.17197	1.56436e-19
306.18101	1.55742e-19
306.19005	1.55662e-19
306.19909	1.55607e-19
306.20814	1.56689e-19
306.21718	1.56844e-19
306.22623	1.56583e-19
306.23527	1.56465e-19
306.24432	1.56563e-19
306.25337	1.57321e-19
306.26241	1.56781e-19
306.27146	1.57227e-19
306.28051	1.56978e-19
306.28956	1.57066e-19
306.29861	1.58034e-19
306.30766	1.57616e-19
306.31671	1.57919e-19
306.32576	1.57891e-19
306.33481	1.58305e-19
306.34386	1.58321e-19
306.35291	1.58162e-19
306.36197	1.58577e-19
306.37102	1.58465e-19
306.38007	1.58962e-19
306.38913	1.59013e-19
306.39818	1.60254e-19
306.40724	1.60505e-19
306.41630	1.59530e-19
306.42535	1.60328e-19
306.43441	1.60772e-19
306.44347	1.61337e-19
306.45253	1.61427e-19
306.46158	1.61090e-19
306.47064	1.60578e-19
306.47970	1.60845e-19
306.48876	1.61727e-19
306.49783	1.61265e-19
306.50689	1.61617e-19
306.51595	1.61538e-19
306.52501	1.62072e-19
306.53407	1.62841e-19
306.54314	1.62081e-19
306.55220	1.62679e-19
306.56127	1.62878e-19
306.57033	1.62755e-19
306.57940	1.62507e-19
306.58847	1.62410e-19
306.59753	1.63378e-19
306.60660	1.63462e-19
306.61567	1.63373e-19
306.62474	1.63524e-19
306.63381	1.64196e-19
306.64287	1.64020e-19
306.65194	1.64100e-19
306.66102	1.64957e-19
306.67009	1.64244e-19
306.67916	1.64675e-19
306.68823	1.64488e-19
306.69730	1.64079e-19
306.70638	1.65259e-19
306.71545	1.65609e-19
306.72453	1.65828e-19
306.73360	1.65450e-19
306.74268	1.66189e-19
306.75175	1.66731e-19
306.76083	1.66413e-19
306.76991	1.67030e-19
306.77898	1.66682e-19
306.78806	1.66791e-19
306.79714	1.66327e-19
306.80622	1.66827e-19
306.81530	1.68226e-19
306.82438	1.67796e-19
306.83346	1.67996e-19
306.84254	1.67631e-19
306.85162	1.67481e-19
306.86071	1.67690e-19
306.86979	1.67971e-19
306.87887	1.68543e-19
306.88796	1.68324e-19
306.89704	1.69016e-19
306.90613	1.69354e-19
306.91521	1.69807e-19
306.92430	1.69526e-19
306.93339	1.69184e-19
306.94247	1.70479e-19
306.95156	1.70658e-19
306.96065	1.71021e-19
306.96974	1.70864e-19
306.97883	1.71008e-19
306.98792	1.72203e-19
306.99701	1.71835e-19
307.00610	1.71542e-19
307.01519	1.72099e-19
307.02428	1.72594e-19
307.03338	1.72306e-19
307.04247	1.72255e-19
307.05156	1.72818e-19
307.06066	1.73066e-19
307.06975	1.73203e-19
307.07885	1.73694e-19
307.08794	1.73855e-19
307.09704	1.73535e-19
307.10614	1.74026e-19
307.11523	1.73636e-19
307.12433	1.73823e-19
307.13343	1.74184e-19
307.14253	1.73303e-19
307.15163	1.74198e-19
307.16073	1.74179e-19
307.16983	1.73500e-19
307.17893	1.73767e-19
307.18803	1.73411e-19
307.19714	1.73431e-19
307.20624	1.73646e-19
307.21534	1.73711e-19
307.22445	1.74076e-19
307.23355	1.74777e-19
307.24266	1.74368e-19
307.25176	1.74072e-19
307.26087	1.74490e-19
307.26997	1.73654e-19
307.27908	1.73927e-19
307.28819	1.74429e-19
307.29730	1.73612e-19
307.30641	1.73948e-19
307.31552	1.73966e-19
307.32463	1.73523e-19
307.33374	1.74148e-19
307.34285	1.73918e-19
307.35196	1.73776e-19
307.36107	1.74190e-19
307.37018	1.74075e-19
307.37930	1.73714e-19
307.38841	1.73352e-19
307.39753	1.74069e-19
307.40664	1.74101e-19
307.41576	1.73784e-19
307.42487	1.73836e-19
307.43399	1.73421e-19
307.44311	1.73920e-19
307.45222	1.74214e-19
307.46134	1.73523e-19
307.47046	1.72650e-19
307.47958	1.73444e-19
307.48870	1.73467e-19
307.49782	1.72169e-19
307.50694	1.72790e-19
307.51606	1.72887e-19
307.52518	1.72909e-19
307.53430	1.72541e-19
307.54343	1.72413e-19
307.55255	1.72921e-19
307.56168	1.72710e-19
307.57080	1.72947e-19
307.57992	1.71976e-19
307.58905	1.71793e-19
307.59818	1.71428e-19
307.60730	1.71073e-19
307.61643	1.71751e-19
307.62556	1.71088e-19
307.63469	1.71210e-19
307.64382	1.70778e-19
307.65295	1.70585e-19
307.66208	1.70614e-19
307.67121	1.70272e-19
307.68034	1.70557e-19
307.68947	1.69905e-19
307.69860	1.69602e-19
307.70773	1.69687e-19
307.71687	1.69755e-19
307.72600	1.69203e-19
307.73513	1.69500e-19
307.74427	1.69493e-19
307.75340	1.68468e-19
307.76254	1.68795e-19
307.77168	1.68318e-19
307.78081	1.68507e-19
307.78995	1.68012e-19
307.79909	1.67061e-19
307.80823	1.67719e-19
307.81737	1.67446e-19
307.82651	1.67159e-19
307.83565	1.67480e-19
307.84479	1.67517e-19
307.85393	1.66714e-19
307.86307	1.67344e-19
307.87221	1.67017e-19
307.88136	1.66041e-19
307.89050	1.66988e-19
307.89965	1.65952e-19
307.90879	1.65884e-19
307.91793	1.66390e-19
307.92708	1.65907e-19
307.93623	1.65973e-19
307.94537	1.65923e-19
307.95452	1.66131e-19
307.96367	1.66139e-19
307.97282	1.66510e-19
307.98197	1.65793e-19
307.99112	1.65524e-19
308.00027	1.65876e-19
308.00942	1.65518e-19
308.01857	1.65639e-19
308.02772	1.65653e-19
308.03687	1.65806e-19
308.04602	1.65096e-19
308.05518	1.65057e-19
308.06433	1.65234e-19
308.07349	1.65118e-19
308.08264	1.64984e-19
308.09180	1.64108e-19
308.10095	1.64469e-19
308.11011	1.64536e-19
308.11927	1.64857e-19
308.12842	1.65122e-19
308.13758	1.65069e-19
308.14674	1.64534e-19
308.15590	1.63662e-19
308.16506	1.64627e-19
308.17422	1.64445e-19
308.18338	1.64248e-19
308.19254	1.64244e-19
308.20170	1.64160e-19
308.21087	1.64601e-19
308.22003	1.64203e-19
308.22919	1.64092e-19
308.23836	1.64109e-19
308.24752	1.64439e-19
308.25669	1.63600e-19
308.26585	1.64164e-19
308.27502	1.64452e-19
308.28419	1.63178e-19
308.29336	1.64190e-19
308.30252	1.63504e-19
308.31169	1.63689e-19
308.32086	1.64360e-19
308.33003	1.63801e-19
308.33920	1.64289e-19
308.34837	1.63942e-19
308.35754	1.64229e-19
308.36671	1.64284e-19
308.37589	1.64735e-19
308.38506	1.64804e-19
308.39423	1.64138e-19
308.40341	1.64920e-19
308.41258	1.64797e-19
308.42176	1.64611e-19
308.43093	1.64930e-19
308.44011	1.64988e-19
308.44929	1.65409e-19
308.45846	1.65722e-19
308.46764	1.65297e-19
308.47682	1.66126e-19
308.48600	1.66833e-19
308.49518	1.66386e-19
308.50436	1.67199e-19
308.51354	1.66785e-19
308.52272	1.67092e-19
308.53190	1.67774e-19
308.54108	1.67217e-19
308.55027	1.68007e-19
308.55945	1.68615e-19
308.56863	1.69616e-19
308.57782	1.69693e-19
308.58700	1.69329e-19
308.59619	1.70085e-19
308.60537	1.70028e-19
308.61456	1.70189e-19
308.62375	1.70831e-19
308.63294	1.71087e-19
308.64212	1.71172e-19
308.65131	1.71944e-19
308.66050	1.72052e-19
308.66969	1.72291e-19
308.67888	1.73515e-19
308.68807	1.73601e-19
308.69727	1.73604e-19
308.70646	1.74290e-19
308.71565	1.74775e-19
308.72484	1.74383e-19
308.73404	1.74873e-19
308.74323	1.75770e-19
308.75243	1.76066e-19
308.76162	1.77192e-19
308.77082	1.77547e-19
308.78001	1.77523e-19
308.78921	1.77940e-19
308.79841	1.78554e-19
308.80761	1.79321e-19
308.81680	1.79640e-19
308.82600	1.79569e-19
308.83520	1.80531e-19
308.84440	1.81812e-19
308.85360	1.81628e-19
308.86281	1.82128e-19
308.87201	1.82030e-19
308.88121	1.82296e-19
308.89041	1.83451e-19
308.89962	1.83737e-19
308.90882	1.84790e-19
308.91803	1.84639e-19
308.92723	1.85551e-19
308.93644	1.86364e-19
308.94564	1.85952e-19
308.95485	1.86987e-19
308.96406	1.86853e-19
308.97327	1.87056e-19
308.98247	1.87290e-19
308.99168	1.88041e-19
309.00089	1.88768e-19
309.01010	1.88246e-19
309.01931	1.88505e-19
309.02852	1.88358e-19
309.03774	1.89901e-19
309.04695	1.90620e-19
309.05616	1.89323e-19
309.06538	1.89577e-19
309.07459	1.90092e-19
309.08380	1.90538e-19
309.09302	1.90852e-19
309.10223	1.90916e-19
309.11145	1.90645e-19
309.12067	1.91205e-19
309.12988	1.91590e-19
309.13910	1.91180e-19
309.14832	1.91561e-19
309.15754	1.91627e-19
309.16676	1.91840e-19
309.17598	1.92208e-19
309.18520	1.92492e-19
309.19442	1.92117e-19
309.20364	1.92432e-19
309.21287	1.92614e-19
309.22209	1.91423e-19
309.23131	1.92204e-19
309.24054	1.92254e-19
309.24976	1.92505e-19
309.25898	1.93262e-19
309.26821	1.92811e-19
309.27744	1.93308e-19
309.28666	1.92472e-19
309.29589	1.92406e-19
309.30512	1.93134e-19
309.31435	1.93476e-19
309.32358	1.93575e-19
309.33280	1.92919e-19
309.34203	1.93524e-19
309.35127	1.93194e-19
309.36050	1.93405e-19
309.36973	1.93782e-19
309.37896	1.93311e-19
309.38819	1.93861e-19
309.39743	1.93323e-19
309.40666	1.93265e-19
309.41589	1.93826e-19
309.42513	1.94336e-19
309.43436	1.94151e-19
309.44360	1.93399e-19
309.45284	1.93976e-19
309.46207	1.94331e-19
309.47131	1.94077e-19
309.48055	1.93419e-19
309.48979	1.94154e-19
309.49903	1.94776e-19
309.50827	1.93963e-19
309.51751	1.94200e-19
309.52675	1.93706e-19
309.53599	1.93531e-19
309.54523	1.94131e-19
309.55448	1.94095e-19
309.56372	1.94003e-19
309.57296	1.93458e-19
309.58221	1.93454e-19
309.59145	1.93786e-19
309.60070	1.93459e-19
309.60994	1.93021e-19
309.61919	1.92877e-19
309.62844	1.92839e-19
309.63768	1.92608e-19
309.64693	1.92376e-19
309.65618	1.92768e-19
309.66543	1.92712e-19
309.67468	1.92262e-19
309.68393	1.91982e-19
309.69318	1.91259e-19
309.70243	1.92049e-19
309.71169	1.92051e-19
309.72094	1.91324e-19
309.73019	1.91741e-19
309.73944	1.90774e-19
309.74870	1.90952e-19
309.75795	1.90833e-19
309.76721	1.89632e-19
309.77646	1.89428e-19
309.78572	1.89358e-19
309.79498	1.89839e-19
309.80424	1.89205e-19
309.81349	1.89016e-19
309.82275	1.89100e-19
309.83201	1.88620e-19
309.84127	1.88927e-19
309.85053	1.88601e-19
309.85979	1.88507e-19
309.86905	1.88045e-19
309.87832	1.87154e-19
309.88758	1.87114e-19
309.89684	1.87242e-19
309.90611	1.87024e-19
309.91537	1.87060e-19
309.92463	1.86970e-19
309.93390	1.86308e-19
309.94317	1.87049e-19
309.95243	1.87272e-19
309.96170	1.86475e-19
309.97097	1.86345e-19
309.98023	1.86277e-19
309.98950	1.85847e-19
309.99877	1.84918e-19
310.00804	1.85026e-19
310.01731	1.85337e-19
310.02658	1.85134e-19
310.03585	1.84683e-19
310.04513	1.84378e-19
310.05440	1.84737e-19
310.06367	1.84798e-19
310.07295	1.84798e-19
310.08222	1.84547e-19
310.09149	1.84505e-19
310.10077	1.83924e-19
310.11005	1.83848e-19
310.11932	1.84377e-19
310.12860	1.84035e-19
310.13788	1.84667e-19
310.14715	1.84168e-19
310.15643	1.83897e-19
310.16571	1.84255e-19
310.17499	1.83828e-19
310.18427	1.84791e-19
310.19355	1.84431e-19
310.20284	1.83820e-19
310.21212	1.84331e-19
310.22140	1.83802e-19
310.23068	1.83577e-19
310.23997	1.84470e-19
310.24925	1.84420e-19
310.25854	1.83989e-19
310.26782	1.84455e-19
310.27711	1.84384e-19
310.28639	1.84896e-19
310.29568	1.84824e-19
310.30497	1.84491e-19
310.31426	1.85051e-19
310.32354	1.84584e-19
310.33283	1.84620e-19
310.34212	1.84597e-19
310.35141	1.84373e-19
310.36070	1.84811e-19
310.37000	1.85395e-19
310.37929	1.85296e-19
310.38858	1.84999e-19
310.39787	1.85521e-19
310.40717	1.85046e-19
310.41646	1.85174e-19
310.42576	1.85483e-19
310.43505	1.85698e-19
310.44435	1.86266e-19
310.45364	1.85508e-19
310.46294	1.86190e-19
310.47224	1.86534e-19
310.48154	1.85792e-19
310.49083	1.86568e-19
310.50013	1.86877e-19
310.50943	1.86337e-19
310.51873	1.86721e-19
310.52803	1.87525e-19
310.53734	1.87195e-19
310.54664	1.87237e-19
310.55594	1.87729e-19
310.56524	1.87930e-19
310.57455	1.88102e-19
310.58385	1.88151e-19
310.59316	1.88621e-19
310.60246	1.88535e-19
310.61177	1.88884e-19
310.62107	1.89754e-19
310.63038	1.89546e-19
310.63969	1.89347e-19
310.64900	1.89623e-19
310.65830	1.89836e-19
310.66761	1.90011e-19
310.67692	1.90404e-19
310.68623	1.90580e-19
310.69555	1.90848e-19
310.70486	1.91464e-19
310.71417	1.91907e-19
310.72348	1.91980e-19
310.73279	1.91592e-19
310.74211	1.91637e-19
310.75142	1.91944e-19
310.76074	1.92082e-19
310.77005	1.92675e-19
310.77937	1.93148e-19
310.78868	1.92946e-19
310.79800	1.92835e-19
310.80732	1.93374e-19
310.81664	1.94009e-19
310.82596	1.93369e-19
310.83528	1.93185e-19
310.84460	1.94591e-19
310.85392	1.94106e-19
310.86324	1.93418e-19
310.87256	1.93929e-19
310.88188	1.93592e-19
310.89120	1.93979e-19
310.90053	1.94212e-19
310.90985	1.94055e-19
310.91917	1.94332e-19
310.92850	1.94152e-19
310.93782	1.94381e-19
310.94715	1.94357e-19
310.95648	1.93767e-19
310.96580	1.94494e-19
310.97513	1.94976e-19
310.98446	1.94211e-19
310.99379	1.94416e-19
311.00312	1.94281e-19
311.01245	1.94374e-19
311.02178	1.95020e-19
311.03111	1.94797e-19
311.04044	1.95212e-19
311.04977	1.94923e-19
311.05911	1.95293e-19
311.06844	1.95362e-19
311.07777	1.94230e-19
311.08711	1.95322e-19
311.09644	1.95143e-19
311.10578	1.94918e-19
311.11511	1.95524e-19
311.12445	1.94835e-19
311.13379	1.95460e-19
311.14313	1.95752e-19
311.15246	1.96022e-19
311.16180	1.96127e-19
311.17114	1.95368e-19
311.18048	1.96085e-19
311.18982	1.96199e-19
311.19916	1.96272e-19
311.20851	1.97077e-19
311.21785	1.96806e-19
311.22719	1.96547e-19
311.23653	1.96567e-19
311.24588	1.96815e-19
311.25522	1.96729e-19
311.26457	1.96826e-19
311.27391	1.97669e-19
311.28326	1.97620e-19
311.29261	1.97449e-19
311.30195	1.97561e-19
311.31130	1.98113e-19
311.32065	1.98748e-19
311.33000	1.98816e-19
311.33935	1.99352e-19
311.34870	1.99513e-19
311.35805	1.99308e-19
311.36740	1.99360e-19
311.37675	1.99705e-19
311.38610	1.99481e-19
311.39546	1.99643e-19
311.40481	2.00794e-19
311.41416	2.00313e-19
311.42352	2.00385e-19
311.43287	2.00412e-19
311.44223	1.99926e-19
311.45159	2.00917e-19
311.46094	2.01080e-19
311.47030	2.01142e-19
311.47966	2.01290e-19
311.48902	2.01617e-19
311.49838	2.01407e-19
311.50774	2.00979e-19
311.51710	2.01568e-19
311.52646	2.01169e-19
311.53582	2.01714e-19
311.54518	2.02123e-19
311.55454	2.01762e-19
311.56391	2.01872e-19
311.57327	2.01293e-19
311.58263	2.01551e-19
311.59200	2.01709e-19
311.60136	2.01587e-19
311.61073	2.01797e-19
311.62010	2.01496e-19
311.62946	2.01141e-19
311.63883	2.01234e-19
311.64820	2.01003e-19
311.65757	2.00966e-19
311.66694	2.01465e-19
311.67631	2.00438e-19
311.68568	2.00234e-19
311.69505	2.00628e-19
311.70442	2.00113e-19
311.71379	2.00432e-19
311.72316	2.00632e-19
311.73254	2.00399e-19
311.74191	1.99743e-19
311.75128	2.00154e-19
311.76066	1.99843e-19
311.77003	1.98781e-19
311.77941	1.99496e-19
311.78879	1.99266e-19
311.79816	1.99411e-19
311.80754	1.99262e-19
311.81692	1.98682e-19
311.82630	1.99289e-19
311.83568	1.98813e-19
311.84506	1.98832e-19
311.85444	1.99062e-19
311.86382	1.98680e-19
311.87320	1.98918e-19
311.88258	1.99290e-19
311.89197	1.98577e-19
311.90135	1.98041e-19
311.91073	1.99012e-19
311.92012	1.99048e-19
311.92950	1.99144e-19
311.93889	1.99859e-19
311.94827	1.99570e-19
311.95766	1.98919e-19
311.96705	1.98814e-19
311.97644	1.99349e-19
311.98582	1.99365e-19
311.99521	1.99763e-19
312.00460	1.99993e-19
312.01399	1.99993e-19
312.02338	2.00738e-19
312.03277	2.00680e-19
312.04217	2.00673e-19
312.05156	2.00674e-19
312.06095	2.01119e-19
312.07035	2.01517e-19
312.07974	2.01139e-19
312.08913	2.02226e-19
312.09853	2.02590e-19
312.10793	2.02409e-19
312.11732	2.02946e-19
312.12672	2.02985e-19
312.13612	2.03282e-19
312.14551	2.03358e-19
312.15491	2.03916e-19
312.16431	2.04585e-19
312.17371	2.04435e-19
312.18311	2.04452e-19
312.19251	2.04822e-19
312.20191	2.05615e-19
312.21132	2.05774e-19
312.22072	2.05557e-19
312.23012	2.06001e-19
312.23953	2.06615e-19
312.24893	2.07078e-19
312.25833	2.07380e-19
312.26774	2.07560e-19
312.27715	2.08154e-19
312.28655	2.08421e-19
312.29596	2.08395e-19
312.30537	2.09625e-19
312.31477	2.09789e-19
312.32418	2.10118e-19
312.33359	2.11072e-19
312.34300	2.10744e-19
312.35241	2.11664e-19
312.36182	2.11656e-19
312.37124	2.11745e-19
312.38065	2.12376e-19
312.39006	2.11767e-19
312.39947	2.12401e-19
312.40889	2.12713e-19
312.41830	2.12792e-19
312.42772	2.12504e-19
312.43713	2.12856e-19
312.44655	2.13142e-19
312.45597	2.12457e-19
312.46538	2.13518e-19
312.47480	2.13460e-19
312.48422	2.13941e-19
312.49364	2.14298e-19
312.50306	2.14055e-19
312.51248	2.14981e-19
312.52190	2.13755e-19
312.53132	2.13759e-19
312.54074	2.14164e-19
312.55016	2.13813e-19
312.55959	2.13952e-19
312.56901	2.13519e-19
312.57843	2.14395e-19
312.58786	2.14431e-19
312.59728	2.13716e-19
312.60671	2.13990e-19
312.61614	2.14025e-19
312.62556	2.13748e-19
312.63499	2.13994e-19
312.64442	2.13895e-19
312.65385	2.13366e-19
312.66328	2.13778e-19
312.67271	2.13946e-19
312.68214	2.13849e-19
312.69157	2.13328e-19
312.70100	2.13457e-19
312.71043	2.13427e-19
312.71986	2.13019e-19
312.72930	2.14126e-19
312.73873	2.13352e-19
312.74817	2.13015e-19
312.75760	2.13206e-19
312.76704	2.12426e-19
312.77647	2.13369e-19
312.78591	2.13288e-19
312.79535	2.12849e-19
312.80478	2.12565e-19
312.81422	2.12088e-19
312.82366	2.13003e-19
312.83310	2.12904e-19
312.84254	2.11697e-19
312.85198	2.11761e-19
312.86142	2.12027e-19
312.87086	2.11467e-19
312.88031	2.11336e-19
312.88975	2.11315e-19
312.89919	2.11656e-19
312.90864	2.11694e-19
312.91808	2.11172e-19
312.92753	2.11286e-19
312.93697	2.10513e-19
312.94642	2.10138e-19
312.95587	2.10465e-19
312.96531	2.10012e-19
312.97476	2.10137e-19
312.98421	2.10106e-19
312.99366	2.09775e-19
313.00311	2.10560e-19
313.01256	2.10243e-19
313.02201	2.09193e-19
313.03146	2.09452e-19
313.04091	2.08989e-19
313.05037	2.09008e-19
313.05982	2.09313e-19
313.06927	2.08756e-19
313.07873	2.09125e-19
313.08818	2.08904e-19
313.09764	2.08065e-19
313.10709	2.08407e-19
313.11655	2.08613e-19
313.12601	2.07581e-19
313.13546	2.08097e-19
313.14492	2.08382e-19
313.15438	2.07410e-19
313.16384	2.08009e-19
313.17330	2.07251e-19
313.18276	2.06758e-19
313.19222	2.07276e-19
313.20168	2.07430e-19
313.21115	2.07405e-19
313.22061	2.06085e-19
313.23007	2.06159e-19
313.23954	2.06520e-19
313.24900	2.06568e-19
313.25847	2.05865e-19
313.26793	2.05209e-19
313.27740	2.05828e-19
313.28687	2.04703e-19
313.29633	2.05145e-19
313.30580	2.05811e-19
313.31527	2.04841e-19
313.32474	2.05340e-19
313.33421	2.05364e-19
313.34368	2.04758e-19
313.35315	2.04315e-19
313.36262	2.03844e-19
313.37209	2.03367e-19
313.38157	2.03383e-19
313.39104	2.03340e-19
313.40051	2.03059e-19
313.40999	2.03292e-19
313.41946	2.02946e-19
313.42894	2.02733e-19
313.43841	2.02757e-19
313.44789	2.02571e-19
313.45737	2.02505e-19
313.46684	2.01995e-19
313.47632	2.01447e-19
313.48580	2.01853e-19
313.49528	2.01864e-19
313.50476	2.00664e-19
313.51424	2.00713e-19
313.52372	2.01386e-19
313.53320	2.00890e-19
313.54269	2.00306e-19
313.55217	2.00604e-19
313.56165	2.00916e-19
313.57114	2.00516e-19
313.58062	2.00163e-19
313.59011	1.99855e-19
313.59959	1.99862e-19
313.60908	2.00218e-19
313.61857	1.99911e-19
313.62805	1.99570e-19
313.63754	2.00460e-19
313.64703	2.00399e-19
313.65652	1.99304e-19
313.66601	1.99810e-19
313.67550	1.99984e-19
313.68499	1.99510e-19
313.69448	1.99839e-19
313.70397	2.00391e-19
313.71347	1.99763e-19
313.72296	1.99689e-19
313.73245	2.00315e-19
313.74195	1.99231e-19
313.75144	1.99951e-19
313.76094	2.00601e-19
313.77044	2.00102e-19
313.77993	2.00604e-19
313.78943	1.99805e-19
313.79893	1.99777e-19
313.80843	2.00246e-19
313.81792	1.99923e-19
313.82742	1.99992e-19
313.83692	2.00443e-19
313.84642	2.00092e-19
313.85593	1.99843e-19
313.86543	2.00518e-19
313.87493	2.00578e-19
313.88443	2.01117e-19
313.89394	2.00691e-19
313.90344	2.00857e-19
313.91295	2.00965e-19
313.92245	1.99741e-19
313.93196	2.00972e-19
313.94146	2.01674e-19
313.95097	2.01887e-19
313.96048	2.01268e-19
313.96999	2.00453e-19
313.97950	2.01171e-19
313.98900	2.01159e-19
313.99851	2.01784e-19
314.00802	2.01570e-19
314.01754	2.01298e-19
314.02705	2.01305e-19
314.03656	2.01131e-19
314.04607	2.01764e-19
314.05559	2.01240e-19
314.06510	2.01154e-19
314.07461	2.01846e-19
314.08413	2.02195e-19
314.09365	2.02143e-19
314.10316	2.02292e-19
314.11268	2.02518e-19
314.12220	2.02557e-19
314.13171	2.02457e-19
314.14123	2.02431e-19
314.15075	2.02652e-19
314.16027	2.02191e-19
314.16979	2.03187e-19
314.17931	2.03366e-19
314.18883	2.03245e-19
314.19836	2.04050e-19
314.20788	2.03074e-19
314.21740	2.03634e-19
314.22693	2.04588e-19
314.23645	2.04867e-19
314.24597	2.03978e-19
314.25550	2.03685e-19
314.26503	2.04739e-19
314.27455	2.03803e-19
314.28408	2.04352e-19
314.29361	2.04702e-19
314.30314	2.04918e-19
314.31267	2.05756e-19
314.32219	2.05558e-19
314.33172	2.05929e-19
314.34126	2.05684e-19
314.35079	2.06349e-19
314.36032	2.06886e-19
314.36985	2.07145e-19
314.37938	2.07475e-19
314.38892	2.07666e-19
314.39845	2.08735e-19
314.40799	2.08473e-19
314.41752	2.08839e-19
314.42706	2.09288e-19
314.43659	2.08598e-19
314.44613	2.09615e-19
314.45567	2.10715e-19
314.46521	2.09980e-19
314.47475	2.10517e-19
314.48429	2.11400e-19
314.49383	2.11428e-19
314.50337	2.12954e-19
314.51291	2.12534e-19
314.52245	2.12762e-19
314.53199	2.13906e-19
314.54153	2.12890e-19
314.55108	2.13560e-19
314.56062	2.14435e-19
314.57017	2.14894e-19
314.57971	2.15088e-19
314.58926	2.15937e-19
314.59880	2.16578e-19
314.60835	2.15767e-19
314.61790	2.16154e-19
314.62745	2.16704e-19
314.63699	2.17986e-19
314.64654	2.17543e-19
314.65609	2.17694e-19
314.66564	2.19818e-19
314.67519	2.18800e-19
314.68475	2.19118e-19
314.69430	2.20150e-19
314.70385	2.20084e-19
314.71340	2.20640e-19
314.72296	2.20429e-19
314.73251	2.20890e-19
314.74207	2.21671e-19
314.75162	2.22127e-19
314.76118	2.22037e-19
314.77074	2.21652e-19
314.78029	2.22768e-19
314.78985	2.23788e-19
314.79941	2.23442e-19
314.80897	2.23326e-19
314.81853	2.24417e-19
314.82809	2.25033e-19
314.83765	2.24731e-19
314.84721	2.25356e-19
314.85677	2.25716e-19
314.86634	2.25641e-19
314.87590	2.25945e-19
314.88546	2.25784e-19
314.89503	2.25999e-19
314.90459	2.26297e-19
314.91416	2.26943e-19
314.92372	2.27379e-19
314.93329	2.27332e-19
314.94286	2.27496e-19
314.95242	2.27439e-19
314.96199	2.28224e-19
314.97156	2.28295e-19
314.98113	2.28617e-19
314.99070	2.28513e-19
315.00027	2.27836e-19
315.00984	2.29426e-19
315.01942	2.29456e-19
315.02899	2.29004e-19
315.03856	2.28949e-19
315.04813	2.28681e-19
315.05771	2.29168e-19
315.06728	2.29568e-19
315.07686	2.30006e-19
315.08643	2.29172e-19
315.09601	2.29102e-19
315.10559	2.29080e-19
315.11517	2.29257e-19
315.12474	2.29771e-19
315.13432	2.28957e-19
315.14390	2.29128e-19
315.15348	2.28578e-19
315.16306	2.27602e-19
315.17264	2.27919e-19
315.18223	2.28809e-19
315.19181	2.28194e-19
315.20139	2.27231e-19
315.21097	2.27393e-19
315.22056	2.27071e-19
315.23014	2.27338e-19
315.23973	2.26498e-19
315.24931	2.26322e-19
315.25890	2.26472e-19
315.26849	2.25626e-19
315.27808	2.26101e-19
315.28766	2.25927e-19
315.29725	2.25566e-19
315.30684	2.24672e-19
315.31643	2.24114e-19
315.32602	2.24150e-19
315.33561	2.24533e-19
315.34520	2.24532e-19
315.35480	2.23233e-19
315.36439	2.23561e-19
315.37398	2.23312e-19
315.38358	2.22707e-19
315.39317	2.22416e-19
315.40277	2.22191e-19
315.41236	2.22494e-19
315.42196	2.22469e-19
315.43156	2.22736e-19
315.44115	2.22285e-19
315.45075	2.21393e-19
315.46035	2.20524e-19
315.46995	2.21313e-19
315.47955	2.21209e-19
315.48915	2.21011e-19
315.49875	2.21505e-19
315.50835	2.20173e-19
315.51795	2.21433e-19
315.52756	2.21330e-19
315.53716	2.20123e-19
315.54676	2.19881e-19
315.55637	2.19689e-19
315.56597	2.20174e-19
315.57558	2.19625e-19
315.58519	2.20387e-19
315.59479	2.19465e-19
315.60440	2.19321e-19
315.61401	2.19409e-19
315.62362	2.18973e-19
315.63323	2.20415e-19
315.64284	2.19383e-19
315.65245	2.19449e-19
315.66206	2.19005e-19
315.67167	2.18521e-19
315.68128	2.19029e-19
315.69089	2.18412e-19
315.70051	2.18474e-19
315.71012	2.18085e-19
315.71974	2.18524e-19
315.72935	2.18152e-19
315.73897	2.17612e-19
315.74858	2.17941e-19
315.75820	2.18693e-19
315.76782	2.18157e-19
315.77743	2.17254e-19
315.78705	2.17806e-19
315.79667	2.17052e-19
315.80629	2.17977e-19
315.81591	2.17638e-19
315.82553	2.17063e-19
315.83515	2.17051e-19
315.84478	2.16455e-19
315.85440	2.17315e-19
315.86402	2.16101e-19
315.87365	2.16152e-19
315.88327	2.15907e-19
315.89290	2.15867e-19
315.90252	2.16048e-19
315.91215	2.15288e-19
315.92177	2.15350e-19
315.93140	2.15110e-19
315.94103	2.16356e-19
315.95066	2.14977e-19
315.96029	2.15672e-19
315.96992	2.16050e-19
315.97955	2.14438e-19
315.98918	2.15289e-19
315.99881	2.14204e-19
316.00844	2.14871e-19
316.01807	2.14497e-19
316.02771	2.14029e-19
316.03734	2.12932e-19
316.04698	2.12170e-19
316.05661	2.14931e-19
316.06625	2.14776e-19
316.07588	2.14033e-19
316.08552	2.13084e-19
316.09516	2.13118e-19
316.10479	2.13160e-19
316.11443	2.14137e-19
316.12407	2.13647e-19
316.13371	2.12171e-19
316.14335	2.13985e-19
316.15299	2.12984e-19
316.16263	2.13499e-19
316.17228	2.13091e-19
316.18192	2.12950e-19
316.19156	2.13181e-19
316.20121	2.12732e-19
316.21085	2.13214e-19
316.22050	2.12415e-19
316.23014	2.14535e-19
316.23979	2.12203e-19
316.24943	2.12620e-19
316.25908	2.12251e-19
316.26873	2.11929e-19
316.27838	2.13585e-19
316.28803	2.10516e-19
316.29768	2.13188e-19
316.30733	2.09714e-19
316.31698	2.11864e-19
316.32663	2.11181e-19
316.33628	2.10221e-19
316.34593	2.12081e-19
316.35559	2.05833e-19
316.36524	2.15451e-19
316.37490	1.92056e-19
316.38455	1.89360e-19
316.39421	2.31840e-19
316.40386	2.18610e-19
316.41352	2.14726e-19
316.42318	2.18925e-19
316.43283	2.12938e-19
316.44249	2.18197e-19
316.45215	2.13692e-19
316.46181	2.16186e-19
316.47147	2.15634e-19
316.48113	2.15928e-19
316.49079	2.15516e-19
316.50046	2.13626e-19
316.51012	2.15988e-19
316.51978	2.14550e-19
316.52945	2.17022e-19
316.53911	2.15061e-19
316.54878	2.16259e-19
316.55844	2.16657e-19
316.56811	2.15809e-19
316.57777	2.18274e-19
316.58744	2.16454e-19
316.59711	2.17719e-19
316.60678	2.16315e-19
316.61645	2.16859e-19
316.62612	2.17755e-19
316.63579	2.17533e-19
316.64546	2.18644e-19
316.65513	2.17710e-19
316.66480	2.19431e-19
316.67447	2.19184e-19
316.68415	2.20144e-19
316.69382	2.20099e-19
316.70350	2.19406e-19
316.71317	2.21266e-19
316.72285	2.21179e-19
316.73252	2.20544e-19
316.74220	2.19992e-19
316.75188	2.21761e-19
316.76156	2.22183e-19
316.77123	2.21695e-19
316.78091	2.21656e-19
316.79059	2.22318e-19
316.80027	2.22853e-19
316.80995	2.22227e-19
316.81964	2.23805e-19
316.82932	2.23718e-19
316.83900	2.23393e-19
316.84868	2.23886e-19
316.85837	2.24471e-19
316.86805	2.24065e-19
316.87774	2.24163e-19
316.88742	2.25452e-19
316.89711	2.25057e-19
316.90680	2.26246e-19
316.91648	2.25849e-19
316.92617	2.26119e-19
316.93586	2.25966e-19
316.94555	2.26074e-19
316.95524	2.28014e-19
316.96493	2.26893e-19
316.97462	2.28061e-19
316.98431	2.27185e-19
316.99401	2.27116e-19
317.00370	2.28681e-19
317.01339	2.28170e-19
317.02309	2.29363e-19
317.03278	2.29194e-19
317.04248	2.30120e-19
317.05217	2.29425e-19
317.06187	2.29863e-19
317.07156	2.31378e-19
317.08126	2.30403e-19
317.09096	2.31299e-19
317.10066	2.30815e-19
317.11036	2.31426e-19
317.12006	2.32030e-19
317.12976	2.32189e-19
317.13946	2.33237e-19
317.14916	2.32698e-19
317.15886	2.33591e-19
317.16857	2.34786e-19
317.17827	2.34166e-19
317.18797	2.33569e-19
317.19768	2.34926e-19
317.20738	2.35270e-19
317.21709	2.35505e-19
317.22680	2.36677e-19
317.23650	2.36499e-19
317.24621	2.37063e-19
317.25592	2.37028e-19
317.26563	2.37029e-19
317.27534	2.38101e-19
317.28505	2.38800e-19
317.29476	2.38820e-19
317.30447	2.38798e-19
317.31418	2.39324e-19
317.32389	2.40227e-19
317.33361	2.40702e-19
317.34332	2.40441e-19
317.35304	2.41624e-19
317.36275	2.41629e-19
317.37247	2.41357e-19
317.38218	2.42693e-19
317.39190	2.43097e-19
317.40161	2.43323e-19
317.41133	2.43495e-19
317.42105	2.44335e-19
317.43077	2.44575e-19
317.44049	2.45119e-19
317.45021	2.46249e-19
317.45993	2.46638e-19
317.46965	2.47269e-19
317.47937	2.46653e-19
317.48910	2.46711e-19
317.49882	2.47377e-19
317.50854	2.47438e-19
317.51827	2.48245e-19
317.52799	2.49433e-19
317.53772	2.49240e-19
317.54744	2.48895e-19
317.55717	2.49628e-19
317.56690	2.49636e-19
317.57663	2.50796e-19
317.58635	2.51635e-19
317.59608	2.51533e-19
317.60581	2.51074e-19
317.61554	2.50965e-19
317.62527	2.52618e-19
317.63501	2.52164e-19
317.64474	2.51641e-19
317.65447	2.52196e-19
317.66420	2.52196e-19
317.67394	2.52140e-19
317.68367	2.51877e-19
317.69341	2.52251e-19
317.70314	2.52750e-19
317.71288	2.52996e-19
317.72262	2.52558e-19
317.73235	2.52962e-19
317.74209	2.52998e-19
317.75183	2.53208e-19
317.76157	2.53981e-19
317.77131	2.52836e-19
317.78105	2.53128e-19
317.79079	2.53234e-19
317.80053	2.52021e-19
317.81027	2.52082e-19
317.82002	2.52970e-19
317.82976	2.52992e-19
317.83950	2.52285e-19
317.84925	2.52803e-19
317.85899	2.52865e-19
317.86874	2.52675e-19
317.87849	2.52817e-19
317.88823	2.52560e-19
317.89798	2.51851e-19
317.90773	2.51641e-19
317.91748	2.52132e-19
317.92723	2.51871e-19
317.93698	2.52344e-19
317.94673	2.52365e-19
317.95648	2.51343e-19
317.96623	2.51819e-19
317.97598	2.52164e-19
317.98574	2.50456e-19
317.99549	2.50386e-19
318.00524	2.51202e-19
318.01500	2.50047e-19
318.02475	2.51026e-19
318.03451	2.51919e-19
318.04427	2.51621e-19
318.05402	2.51816e-19
318.06378	2.50963e-19
318.07354	2.50816e-19
318.08330	2.51235e-19
318.09306	2.50735e-19
318.10282	2.50014e-19
318.11258	2.50850e-19
318.12234	2.50974e-19
318.13210	2.50505e-19
318.14186	2.51273e-19
318.15163	2.51479e-19
318.16139	2.50987e-19
318.17116	2.50864e-19
318.18092	2.51509e-19
318.19069	2.50731e-19
318.20045	2.51399e-19
318.21022	2.51122e-19
318.21999	2.49833e-19
318.22975	2.51992e-19
318.23952	2.50757e-19
318.24929	2.50030e-19
318.25906	2.51214e-19
318.26883	2.50124e-19
318.27860	2.49220e-19
318.28837	2.49357e-19
318.29815	2.50008e-19
318.30792	2.49357e-19
318.31769	2.49919e-19
318.32747	2.49323e-19
318.33724	2.49118e-19
318.34702	2.49590e-19
318.35679	2.47626e-19
318.36657	2.48609e-19
318.37635	2.49163e-19
318.38612	2.48090e-19
318.39590	2.47665e-19
318.40568	2.48149e-19
318.41546	2.48437e-19
318.42524	2.47403e-19
318.43502	2.46972e-19
318.44480	2.45932e-19
318.45458	2.46460e-19
318.46437	2.46977e-19
318.47415	2.46519e-19
318.48393	2.46088e-19
318.49372	2.45646e-19
318.50350	2.45879e-19
318.51329	2.45175e-19
318.52307	2.45093e-19
318.53286	2.43917e-19
318.54265	2.43444e-19
318.55243	2.44423e-19
318.56222	2.44196e-19
318.57201	2.43833e-19
318.58180	2.43357e-19
318.59159	2.44036e-19
318.60138	2.43443e-19
318.61117	2.42968e-19
318.62096	2.43280e-19
318.63076	2.42730e-19
318.64055	2.42885e-19
318.65034	2.42316e-19
318.66014	2.41667e-19
318.66993	2.41547e-19
318.67973	2.42394e-19
318.68953	2.42110e-19
318.69932	2.40773e-19
318.70912	2.40706e-19
318.71892	2.40683e-19
318.72872	2.40236e-19
318.73852	2.39831e-19
318.74832	2.40233e-19
318.75812	2.39590e-19
318.76792	2.39876e-19
318.77772	2.40299e-19
318.78752	2.40017e-19
318.79732	2.41105e-19
318.80713	2.40255e-19
318.81693	2.40238e-19
318.82674	2.40212e-19
318.83654	2.39160e-19
318.84635	2.39637e-19
318.85615	2.39622e-19
318.86596	2.39313e-19
318.87577	2.39293e-19
318.88558	2.39385e-19
318.89538	2.38369e-19
318.90519	2.38154e-19
318.91500	2.38683e-19
318.92481	2.38482e-19
318.93463	2.38699e-19
318.94444	2.38781e-19
318.95425	2.38971e-19
318.96406	2.38394e-19
318.97388	2.38281e-19
318.98369	2.38485e-19
318.99351	2.38948e-19
319.00332	2.38936e-19
319.01314	2.38277e-19
319.02295	2.39016e-19
319.03277	2.38095e-19
319.04259	2.38143e-19
319.05241	2.38412e-19
319.06223	2.38041e-19
319.07205	2.39536e-19
319.08187	2.38543e-19
319.09169	2.37997e-19
319.10151	2.38893e-19
319.11133	2.38886e-19
319.12115	2.39061e-19
319.13098	2.38720e-19
319.14080	2.38783e-19
319.15063	2.38867e-19
319.16045	2.38111e-19
319.17028	2.38157e-19
319.18010	2.39336e-19
319.18993	2.39188e-19
319.19976	2.38471e-19
319.20959	2.39287e-19
319.21942	2.38974e-19
319.22924	2.37296e-19
319.23907	2.37892e-19
319.24891	2.38497e-19
319.25874	2.37881e-19
319.26857	2.38681e-19
319.27840	2.38553e-19
319.28823	2.38807e-19
319.29807	2.39266e-19
319.30790	2.38577e-19
319.31774	2.39305e-19
319.32757	2.39217e-19
319.33741	2.38837e-19
319.34724	2.39117e-19
319.35708	2.39310e-19
319.36692	2.39210e-19
319.37676	2.39296e-19
319.38660	2.40213e-19
319.39644	2.39682e-19
319.40628	2.39560e-19
319.41612	2.39451e-19
319.42596	2.38903e-19
319.43580	2.40167e-19
319.44564	2.40207e-19
319.45549	2.39643e-19
319.46533	2.40411e-19
319.47518	2.40532e-19
319.48502	2.40693e-19
319.49487	2.41548e-19
319.50471	2.41291e-19
319.51456	2.40631e-19
319.52441	2.41367e-19
319.53426	2.42112e-19
319.54411	2.41461e-19
319.55395	2.42344e-19
319.56380	2.43371e-19
319.57366	2.42656e-19
319.58351	2.43728e-19
319.59336	2.43671e-19
319.60321	2.43859e-19
319.61306	2.45341e-19
319.62292	2.44610e-19
319.63277	2.45000e-19
319.64263	2.45219e-19
319.65248	2.45701e-19
319.66234	2.46812e-19
319.67219	2.46904e-19
319.68205	2.47873e-19
319.69191	2.48084e-19
319.70177	2.48249e-19
319.71163	2.48825e-19
319.72149	2.49050e-19
319.73135	2.49304e-19
319.74121	2.49507e-19
319.75107	2.50058e-19
319.76093	2.50876e-19
319.77080	2.50952e-19
319.78066	2.51211e-19
319.79052	2.52318e-19
319.80039	2.51696e-19
319.81025	2.51926e-19
319.82012	2.52980e-19
319.82998	2.53471e-19
319.83985	2.54798e-19
319.84972	2.54747e-19
319.85959	2.54652e-19
319.86946	2.55078e-19
319.87933	2.55605e-19
319.88920	2.55163e-19
319.89907	2.55077e-19
319.90894	2.56753e-19
319.91881	2.57039e-19
319.92868	2.57573e-19
319.93856	2.58075e-19
319.94843	2.58023e-19
319.95830	2.58004e-19
319.96818	2.58870e-19
319.97805	2.59789e-19
319.98793	2.58575e-19
319.99781	2.59133e-19
320.00768	2.59816e-19
320.01756	2.59517e-19
320.02744	2.60123e-19
320.03732	2.60431e-19
320.04720	2.61018e-19
320.05708	2.61599e-19
320.06696	2.62336e-19
320.07684	2.62409e-19
320.08673	2.61907e-19
320.09661	2.62054e-19
320.10649	2.62627e-19
320.11638	2.63011e-19
320.12626	2.63290e-19
320.13615	2.63328e-19
320.14603	2.63301e-19
320.15592	2.63964e-19
320.16581	2.64261e-19
320.17569	2.64434e-19
320.18558	2.63907e-19
320.19547	2.64845e-19
320.20536	2.65888e-19
320.21525	2.64985e-19
320.22514	2.65951e-19
320.23503	2.65430e-19
320.24492	2.64823e-19
320.25482	2.65467e-19
320.26471	2.65365e-19
320.27460	2.66051e-19
320.28450	2.66219e-19
320.29439	2.66847e-19
320.30429	2.67023e-19
320.31419	2.66887e-19
320.32408	2.67159e-19
320.33398	2.67632e-19
320.34388	2.67456e-19
320.35378	2.66626e-19
320.36368	2.66938e-19
320.37358	2.66308e-19
320.38348	2.66882e-19
320.39338	2.67084e-19
320.40328	2.66711e-19
320.41318	2.67630e-19
320.42309	2.66599e-19
320.43299	2.66515e-19
320.44289	2.66762e-19
320.45280	2.66368e-19
320.46270	2.66058e-19
320.47261	2.66117e-19
320.48252	2.66429e-19
320.49242	2.65683e-19
320.50233	2.65858e-19
320.51224	2.65691e-19
320.52215	2.65396e-19
320.53206	2.65329e-19
320.54197	2.65066e-19
320.55188	2.64687e-19
320.56179	2.63949e-19
320.57171	2.64195e-19
320.58162	2.63876e-19
320.59153	2.63296e-19
320.60145	2.62406e-19
320.61136	2.61862e-19
320.62128	2.62110e-19
320.63119	2.61895e-19
320.64111	2.61880e-19
320.65103	2.61562e-19
320.66094	2.61680e-19
320.67086	2.60713e-19
320.68078	2.59734e-19
320.69070	2.59684e-19
320.70062	2.58588e-19
320.71054	2.58672e-19
320.72046	2.58691e-19
320.73038	2.57738e-19
320.74031	2.57657e-19
320.75023	2.57836e-19
320.76015	2.57520e-19
320.77008	2.56500e-19
320.78000	2.55596e-19
320.78993	2.56181e-19
320.79986	2.56570e-19
320.80978	2.55222e-19
320.81971	2.54642e-19
320.82964	2.55280e-19
320.83957	2.55656e-19
320.84950	2.54926e-19
320.85943	2.54733e-19
320.86936	2.54938e-19
320.87929	2.54348e-19
320.88922	2.54688e-19
320.89915	2.54010e-19
320.90909	2.53740e-19
320.91902	2.54258e-19
320.92895	2.53989e-19
320.93889	2.54169e-19
320.94883	2.54040e-19
320.95876	2.54522e-19
320.96870	2.53688e-19
320.97864	2.53320e-19
320.98857	2.53901e-19
320.99851	2.52404e-19
321.00845	2.53141e-19
321.01839	2.54291e-19
321.02833	2.53274e-19
321.03827	2.53208e-19
321.04821	2.53628e-19
321.05816	2.53463e-19
321.06810	2.53896e-19
321.07804	2.53776e-19
321.08799	2.52490e-19
321.09793	2.52682e-19
321.10788	2.53531e-19
321.11782	2.53381e-19
321.12777	2.52576e-19
321.13772	2.52438e-19
321.14767	2.52320e-19
321.15761	2.51782e-19
321.16756	2.52508e-19
321.17751	2.53036e-19
321.18746	2.53191e-19
321.19741	2.52973e-19
321.20737	2.52609e-19
321.21732	2.52201e-19
321.22727	2.51567e-19
321.23722	2.52018e-19
321.24718	2.51873e-19
321.25713	2.51517e-19
321.26709	2.51377e-19
321.27704	2.51516e-19
321.28700	2.52021e-19
321.29696	2.51778e-19
321.30692	2.51654e-19
321.31687	2.51647e-19
321.32683	2.51147e-19
321.33679	2.50314e-19
321.34675	2.51178e-19
321.35671	2.51446e-19
321.36668	2.50537e-19
321.37664	2.51094e-19
321.38660	2.50279e-19
321.39656	2.50336e-19
321.40653	2.51354e-19
321.41649	2.51130e-19
321.42646	2.51057e-19
321.43642	2.50642e-19
321.44639	2.51230e-19
321.45636	2.51168e-19
321.46632	2.50346e-19
321.47629	2.50731e-19
321.48626	2.50738e-19
321.49623	2.50623e-19
321.50620	2.51314e-19
321.51617	2.51576e-19
321.52614	2.51074e-19
321.53611	2.51020e-19
321.54609	2.50286e-19
321.55606	2.50211e-19
321.56603	2.51826e-19
321.57601	2.52261e-19
321.58598	2.51547e-19
321.59596	2.51580e-19
321.60594	2.52116e-19
321.61591	2.51366e-19
321.62589	2.51704e-19
321.63587	2.52651e-19
321.64585	2.52068e-19
321.65583	2.52286e-19
321.66581	2.52581e-19
321.67579	2.52989e-19
321.68577	2.53240e-19
321.69575	2.52812e-19
321.70573	2.53590e-19
321.71572	2.54702e-19
321.72570	2.54097e-19
321.73568	2.52907e-19
321.74567	2.53950e-19
321.75565	2.54745e-19
321.76564	2.54245e-19
321.77563	2.54835e-19
321.78562	2.55094e-19
321.79560	2.54478e-19
321.80559	2.55008e-19
321.81558	2.55999e-19
321.82557	2.55682e-19
321.83556	2.56576e-19
321.84555	2.57343e-19
321.85554	2.56958e-19
321.86554	2.57620e-19
321.87553	2.57192e-19
321.88552	2.57586e-19
321.89552	2.58783e-19
321.90551	2.58693e-19
321.91551	2.58587e-19
321.92550	2.58001e-19
321.93550	2.58423e-19
321.94550	2.59391e-19
321.95550	2.59704e-19
321.96550	2.59915e-19
321.97549	2.59851e-19
321.98549	2.60209e-19
321.99549	2.60724e-19
322.00550	2.61273e-19
322.01550	2.61409e-19
322.02550	2.61156e-19
322.03550	2.61491e-19
322.04551	2.61438e-19
322.05551	2.61234e-19
322.06552	2.62034e-19
322.07552	2.62699e-19
322.08553	2.62480e-19
322.09553	2.62948e-19
322.10554	2.63783e-19
322.11555	2.63299e-19
322.12556	2.63953e-19
322.13557	2.64867e-19
322.14558	2.64223e-19
322.15559	2.64643e-19
322.16560	2.63889e-19
322.17561	2.64587e-19
322.18562	2.66646e-19
322.19564	2.64984e-19
322.20565	2.64869e-19
322.21566	2.65672e-19
322.22568	2.66049e-19
322.23569	2.66570e-19
322.24571	2.65803e-19
322.25573	2.66104e-19
322.26574	2.65917e-19
322.27576	2.66578e-19
322.28578	2.67269e-19
322.29580	2.67417e-19
322.30582	2.67755e-19
322.31584	2.67233e-19
322.32586	2.68121e-19
322.33588	2.67659e-19
322.34590	2.67837e-19
322.35593	2.69016e-19
322.36595	2.69185e-19
322.37597	2.69314e-19
322.38600	2.68801e-19
322.39602	2.70294e-19
322.40605	2.70318e-19
322.41608	2.69803e-19
322.42610	2.70190e-19
322.43613	2.70116e-19
322.44616	2.70780e-19
322.45619	2.70548e-19
322.46622	2.72016e-19
322.47625	2.71792e-19
322.48628	2.71268e-19
322.49631	2.72215e-19
322.50634	2.71444e-19
322.51638	2.72628e-19
322.52641	2.72861e-19
322.53644	2.73039e-19
322.54648	2.72998e-19
322.55652	2.71955e-19
322.56655	2.73488e-19
322.57659	2.73578e-19
322.58662	2.73359e-19
322.59666	2.74000e-19
322.60670	2.74151e-19
322.61674	2.74620e-19
322.62678	2.74797e-19
322.63682	2.74877e-19
322.64686	2.75158e-19
322.65690	2.74970e-19
322.66695	2.74636e-19
322.67699	2.74786e-19
322.68703	2.74725e-19
322.69708	2.75871e-19
322.70712	2.76356e-19
322.71717	2.75316e-19
322.72721	2.75705e-19
322.73726	2.76217e-19
322.74731	2.75735e-19
322.75735	2.75809e-19
322.76740	2.76961e-19
322.77745	2.76854e-19
322.78750	2.76668e-19
322.79755	2.76425e-19
322.80760	2.76351e-19
322.81765	2.76625e-19
322.82771	2.75012e-19
322.83776	2.76670e-19
322.84781	2.77720e-19
322.85787	2.76611e-19
322.86792	2.77890e-19
322.87798	2.77484e-19
322.88803	2.77219e-19
322.89809	2.77070e-19
322.90815	2.76402e-19
322.91820	2.76490e-19
322.92826	2.76877e-19
322.93832	2.77475e-19
322.94838	2.76266e-19
322.95844	2.76042e-19
322.96850	2.76987e-19
322.97856	2.76619e-19
322.98863	2.76430e-19
322.99869	2.77114e-19
323.00875	2.77044e-19
323.01882	2.76727e-19
323.02888	2.77196e-19
323.03895	2.76724e-19
323.04901	2.76781e-19
323.05908	2.76807e-19
323.06915	2.75819e-19
323.07922	2.75979e-19
323.08928	2.76254e-19
323.09935	2.76004e-19
323.10942	2.76792e-19
323.11949	2.77113e-19
323.12956	2.76073e-19
323.13964	2.76775e-19
323.14971	2.77356e-19
323.15978	2.76437e-19
323.16986	2.76576e-19
323.17993	2.76690e-19
323.19000	2.76101e-19
323.20008	2.76552e-19
323.21016	2.77067e-19
323.22023	2.76470e-19
323.23031	2.77364e-19
323.24039	2.77042e-19
323.25047	2.76418e-19
323.26055	2.77436e-19
323.27063	2.76065e-19
323.28071	2.76087e-19
323.29079	2.76496e-19
323.30087	2.75978e-19
323.31095	2.76865e-19
323.32103	2.75712e-19
323.33112	2.74902e-19
323.34120	2.76384e-19
323.35129	2.76368e-19
323.36137	2.74910e-19
323.37146	2.75016e-19
323.38154	2.75148e-19
323.39163	2.75000e-19
323.40172	2.75134e-19
323.41181	2.74885e-19
323.42190	2.75078e-19
323.43199	2.74471e-19
323.44208	2.75561e-19
323.45217	2.75693e-19
323.46226	2.74080e-19
323.47235	2.74584e-19
323.48245	2.74183e-19
323.49254	2.74483e-19
323.50264	2.74008e-19
323.51273	2.73753e-19
323.52283	2.75224e-19
323.53292	2.73979e-19
323.54302	2.73524e-19
323.55312	2.73728e-19
323.56321	2.73360e-19
323.57331	2.73983e-19
323.58341	2.73653e-19
323.59351	2.73880e-19
323.60361	2.74187e-19
323.61371	2.73788e-19
323.62382	2.73951e-19
323.63392	2.73291e-19
323.64402	2.74499e-19
323.65413	2.75567e-19
323.66423	2.73812e-19
323.67433	2.74504e-19
323.68444	2.74206e-19
323.69455	2.72982e-19
323.70465	2.73318e-19
323.71476	2.72639e-19
323.72487	2.73399e-19
323.73498	2.73944e-19
323.74509	2.74049e-19
323.75520	2.73907e-19
323.76531	2.73394e-19
323.77542	2.73919e-19
323.78553	2.73300e-19
323.79564	2.73132e-19
323.80576	2.72974e-19
323.81587	2.72965e-19
323.82599	2.72822e-19
323.83610	2.71615e-19
323.84622	2.72077e-19
323.85633	2.72872e-19
323.86645	2.72764e-19
323.87657	2.72231e-19
323.88669	2.72643e-19
323.89681	2.72149e-19
323.90693	2.70901e-19
323.91705	2.71542e-19
323.92717	2.70741e-19
323.93729	2.70435e-19
323.94741	2.71006e-19
323.95753	2.70275e-19
323.96766	2.71028e-19
323.97778	2.70774e-19
323.98790	2.68463e-19
323.99803	2.68889e-19
324.00816	2.70050e-19
324.01828	2.69178e-19
324.02841	2.69792e-19
324.03854	2.69712e-19
324.04867	2.68052e-19
324.05879	2.67639e-19
324.06892	2.67014e-19
324.07905	2.67311e-19
324.08919	2.69046e-19
324.09932	2.69218e-19
324.10945	2.67753e-19
324.11958	2.68151e-19
324.12972	2.68650e-19
324.13985	2.67827e-19
324.14998	2.68905e-19
324.16012	2.68933e-19
324.17026	2.68134e-19
324.18039	2.68356e-19
324.19053	2.67710e-19
324.20067	2.67850e-19
324.21081	2.68110e-19
324.22095	2.68312e-19
324.23109	2.68693e-19
324.24123	2.68181e-19
324.25137	2.68391e-19
324.26151	2.69445e-19
324.27165	2.68768e-19
324.28179	2.66544e-19
324.29194	2.67542e-19
324.30208	2.68435e-19
324.31223	2.67868e-19
324.32237	2.68837e-19
324.33252	2.67152e-19
324.34267	2.67468e-19
324.35281	2.68859e-19
324.36296	2.67650e-19
324.37311	2.67508e-19
324.38326	2.66842e-19
324.39341	2.68850e-19
324.40356	2.69517e-19
324.41371	2.68130e-19
324.42386	2.69302e-19
324.43401	2.68054e-19
324.44417	2.67966e-19
324.45432	2.68783e-19
324.46448	2.68191e-19
324.47463	2.68385e-19
324.48479	2.69355e-19
324.49494	2.70266e-19
324.50510	2.69562e-19
324.51526	2.69518e-19
324.52542	2.69712e-19
324.53558	2.70444e-19
324.54573	2.70542e-19
324.55589	2.70805e-19
324.56606	2.72079e-19
324.57622	2.70860e-19
324.58638	2.71995e-19
324.59654	2.73250e-19
324.60671	2.72161e-19
324.61687	2.71619e-19
324.62703	2.72535e-19
324.63720	2.75349e-19
324.64736	2.75558e-19
324.65753	2.74608e-19
324.66770	2.74475e-19
324.67787	2.73549e-19
324.68803	2.73655e-19
324.69820	2.75392e-19
324.70837	2.75039e-19
324.71854	2.75021e-19
324.72871	2.76998e-19
324.73889	2.75905e-19
324.74906	2.76057e-19
324.75923	2.76537e-19
324.76941	2.77311e-19
324.77958	2.79055e-19
324.78975	2.77268e-19
324.79993	2.77999e-19
324.81011	2.79738e-19
324.82028	2.78746e-19
324.83046	2.78706e-19
324.84064	2.80782e-19
324.85082	2.80962e-19
324.86100	2.80690e-19
324.87118	2.83047e-19
324.88136	2.82638e-19
324.89154	2.83200e-19
324.90172	2.82960e-19
324.91190	2.82764e-19
324.92208	2.85434e-19
324.93227	2.85082e-19
324.94245	2.86130e-19
324.95264	2.85799e-19
324.96282	2.86331e-19
324.97301	2.88708e-19
324.98320	2.88097e-19
324.99338	2.89437e-19
325.00357	2.89464e-19
325.01376	2.89783e-19
325.02395	2.91086e-19
325.03414	2.90761e-19
325.04433	2.91917e-19
325.05452	2.92724e-19
325.06471	2.93693e-19
325.07491	2.95295e-19
325.08510	2.95595e-19
325.09529	2.95324e-19
325.10549	2.95758e-19
325.11568	2.96616e-19
325.12588	2.97672e-19
325.13608	2.97988e-19
325.14627	2.97363e-19
325.15647	2.97068e-19
325.16667	2.97292e-19
325.17687	2.99176e-19
325.18707	2.99461e-19
325.19727	2.99517e-19
325.20747	3.00712e-19
325.21767	2.99840e-19
325.22787	3.00538e-19
325.23808	3.02739e-19
325.24828	3.02139e-19
325.25848	3.00798e-19
325.26869	3.01600e-19
325.27890	3.02102e-19
325.28910	3.02224e-19
325.29931	3.03292e-19
325.30952	3.03441e-19
325.31972	3.03637e-19
325.32993	3.04536e-19
325.34014	3.04801e-19
325.35035	3.04336e-19
325.36056	3.04801e-19
325.37077	3.03894e-19
325.38099	3.03237e-19
325.39120	3.05539e-19
325.40141	3.05305e-19
325.41162	3.05038e-19
325.42184	3.06079e-19
325.43205	3.06265e-19
325.44227	3.06001e-19
325.45249	3.05447e-19
325.46270	3.05735e-19
325.47292	3.05348e-19
325.48314	3.05531e-19
325.49336	3.05365e-19
325.50358	3.04319e-19
325.51380	3.04940e-19
325.52402	3.04893e-19
325.53424	3.03449e-19
325.54446	3.03298e-19
325.55469	3.04499e-19
325.56491	3.04067e-19
325.57513	3.03130e-19
325.58536	3.01950e-19
325.59558	3.01874e-19
325.60581	3.02709e-19
325.61604	3.00901e-19
325.62626	3.00715e-19
325.63649	3.02467e-19
325.64672	3.02634e-19
325.65695	3.01480e-19
325.66718	3.00573e-19
325.67741	3.00421e-19
325.68764	2.99931e-19
325.69787	2.99856e-19
325.70810	2.99306e-19
325.71834	2.99960e-19
325.72857	3.01208e-19
325.73881	2.99641e-19
325.74904	2.97945e-19
325.75928	2.98847e-19
325.76951	2.98697e-19
325.77975	2.97427e-19
325.78999	2.98167e-19
325.80022	2.96801e-19
325.81046	2.97152e-19
325.82070	2.98672e-19
325.83094	2.96718e-19
325.84118	2.97604e-19
325.85143	2.97500e-19
325.86167	2.97796e-19
325.87191	2.98872e-19
325.88215	2.95872e-19
325.89240	2.96969e-19
325.90264	2.97497e-19
325.91289	2.96854e-19
325.92313	2.98832e-19
325.93338	2.97878e-19
325.94363	2.97434e-19
325.95388	2.96367e-19
325.96412	2.97332e-19
325.97437	2.99856e-19
325.98462	2.96801e-19
325.99487	2.96116e-19
326.00512	2.97062e-19
326.01538	2.96597e-19
326.02563	2.97738e-19
326.03588	2.97450e-19
326.04613	2.96935e-19
326.05639	2.98017e-19
326.06664	2.98463e-19
326.07690	2.96108e-19
326.08716	2.96567e-19
326.09741	2.98527e-19
326.10767	2.97243e-19
326.11793	2.98048e-19
326.12819	2.96949e-19
326.13845	2.96853e-19
326.14871	2.99625e-19
326.15897	2.97772e-19
326.16923	2.97754e-19
326.17949	2.98875e-19
326.18975	2.98175e-19
326.20002	2.98824e-19
326.21028	2.99402e-19
326.22055	3.00622e-19
326.23081	3.00153e-19
326.24108	2.99600e-19
326.25134	3.01630e-19
326.26161	3.00955e-19
326.27188	2.99255e-19
326.28215	2.99910e-19
326.29242	3.01160e-19
326.30269	3.01416e-19
326.31296	3.02173e-19
326.32323	3.04402e-19
326.33350	3.03008e-19
326.34377	3.01717e-19
326.35405	3.03657e-19
326.36432	3.03535e-19
326.37459	3.04155e-19
326.38487	3.05406e-19
326.39514	3.05116e-19
326.40542	3.05487e-19
326.41570	3.05948e-19
326.42597	3.06817e-19
326.43625	3.07775e-19
326.44653	3.06824e-19
326.45681	3.05903e-19
326.46709	3.06888e-19
326.47737	3.05573e-19
326.48765	3.06131e-19
326.49794	3.07621e-19
326.50822	3.06232e-19
326.51850	3.07804e-19
326.52879	3.06356e-19
326.53907	3.06149e-19
326.54936	3.07747e-19
326.55964	3.05076e-19
326.56993	3.06343e-19
326.58022	3.04940e-19
326.59050	3.04211e-19
326.60079	3.07670e-19
326.61108	3.05154e-19
326.62137	3.04291e-19
326.63166	3.06655e-19
326.64195	3.04865e-19
326.65224	3.03390e-19
326.66254	3.03393e-19
326.67283	3.02140e-19
326.68312	3.02394e-19
326.69342	3.02246e-19
326.70371	3.02349e-19
326.71401	3.04055e-19
326.72431	3.02444e-19
326.73460	3.01980e-19
326.74490	3.02709e-19
326.75520	3.00916e-19
326.76550	3.00859e-19
326.77580	3.01112e-19
326.78610	3.00632e-19
326.79640	3.00901e-19
326.80670	3.00119e-19
326.81700	2.99401e-19
326.82731	2.99555e-19
326.83761	2.99058e-19
326.84791	2.98604e-19
326.85822	2.98804e-19
326.86852	2.99734e-19
326.87883	2.98108e-19
326.88914	2.96517e-19
326.89944	2.97588e-19
326.90975	2.97278e-19
326.92006	2.96530e-19
326.93037	2.94746e-19
326.94068	2.95480e-19
326.95099	2.96978e-19
326.96130	2.96041e-19
326.97161	2.96635e-19
326.98193	2.95560e-19
326.99224	2.96177e-19
327.00255	2.95664e-19
327.01287	2.94753e-19
327.02318	2.96043e-19
327.03350	2.94222e-19
327.04382	2.94764e-19
327.05413	2.94770e-19
327.06445	2.95207e-19
327.07477	2.95204e-19
327.08509	2.94008e-19
327.09541	2.95344e-19
327.10573	2.94121e-19
327.11605	2.94418e-19
327.12637	2.93586e-19
327.13669	2.92772e-19
327.14702	2.93664e-19
327.15734	2.93613e-19
327.16766	2.95175e-19
327.17799	2.93876e-19
327.18832	2.93835e-19
327.19864	2.94301e-19
327.20897	2.93785e-19
327.21930	2.93948e-19
327.22962	2.93380e-19
327.23995	2.93915e-19
327.25028	2.93757e-19
327.26061	2.94166e-19
327.27094	2.94426e-19
327.28128	2.95965e-19
327.29161	2.96352e-19
327.30194	2.94646e-19
327.31227	2.95459e-19
327.32261	2.95252e-19
327.33294	2.95055e-19
327.34328	2.94761e-19
327.35361	2.96866e-19
327.36395	2.98337e-19
327.37429	2.96363e-19
327.38463	2.97316e-19
327.39496	2.98137e-19
327.40530	2.99025e-19
327.41564	2.99578e-19
327.42598	2.99083e-19
327.43633	2.99744e-19
327.44667	3.00259e-19
327.45701	3.01306e-19
327.46735	3.02303e-19
327.47770	3.02979e-19
327.48804	3.02790e-19
327.49839	3.02256e-19
327.50873	3.03458e-19
327.51908	3.04335e-19
327.52943	3.04053e-19
327.53977	3.06075e-19
327.55012	3.05727e-19
327.56047	3.04691e-19
327.57082	3.06837e-19
327.58117	3.05576e-19
327.59152	3.06005e-19
327.60188	3.06700e-19
327.61223	3.06036e-19
327.62258	3.07029e-19
327.63293	3.06057e-19
327.64329	3.07203e-19
327.65364	3.07641e-19
327.66400	3.09087e-19
327.67436	3.09749e-19
327.68471	3.08312e-19
327.69507	3.10356e-19
327.70543	3.09601e-19
327.71579	3.09011e-19
327.72615	3.08445e-19
327.73651	3.09497e-19
327.74687	3.11846e-19
327.75723	3.10029e-19
327.76759	3.09838e-19
327.77796	3.09187e-19
327.78832	3.10353e-19
327.79868	3.10856e-19
327.80905	3.10048e-19
327.81941	3.12081e-19
327.82978	3.11267e-19
327.84015	3.11495e-19
327.85051	3.12776e-19
327.86088	3.13229e-19
327.87125	3.13108e-19
327.88162	3.12409e-19
327.89199	3.12599e-19
327.90236	3.12001e-19
327.91273	3.13207e-19
327.92310	3.13006e-19
327.93348	3.11221e-19
327.94385	3.12938e-19
327.95422	3.13764e-19
327.96460	3.12970e-19
327.97497	3.12206e-19
327.98535	3.12272e-19
327.99573	3.12280e-19
328.00610	3.10760e-19
328.01648	3.11276e-19
328.02686	3.11408e-19
328.03724	3.10797e-19
328.04762	3.11757e-19
328.05800	3.10432e-19
328.06838	3.10122e-19
328.07876	3.10080e-19
328.08915	3.09127e-19
328.09953	3.10125e-19
328.10991	3.09006e-19
328.12030	3.08536e-19
328.13068	3.09326e-19
328.14107	3.08596e-19
328.15146	3.08605e-19
328.16184	3.07805e-19
328.17223	3.07077e-19
328.18262	3.06984e-19
328.19301	3.06025e-19
328.20340	3.06939e-19
328.21379	3.07696e-19
328.22418	3.06592e-19
328.23457	3.07368e-19
328.24496	3.06828e-19
328.25536	3.05855e-19
328.26575	3.07187e-19
328.27615	3.05882e-19
328.28654	3.05720e-19
328.29694	3.06226e-19
328.30733	3.03900e-19
328.31773	3.04144e-19
328.32813	3.05490e-19
328.33853	3.04388e-19
328.34892	3.03512e-19
328.35932	3.04139e-19
328.36972	3.04711e-19
328.38013	3.04713e-19
328.39053	3.02873e-19
328.40093	3.02855e-19
328.41133	3.04448e-19
328.42174	3.03344e-19
328.43214	3.03715e-19
328.44255	3.03170e-19
328.45295	3.02102e-19
328.46336	3.02894e-19
328.47376	3.02064e-19
328.48417	3.01913e-19
328.49458	3.02109e-19
328.50499	3.01590e-19
328.51540	3.02185e-19
328.52581	3.02423e-19
328.53622	3.01446e-19
328.54663	3.01304e-19
328.55704	3.00909e-19
328.56746	3.00220e-19
328.57787	3.01047e-19
328.58828	3.00792e-19
328.59870	3.00823e-19
328.60911	3.00630e-19
328.61953	3.00859e-19
328.62995	3.00845e-19
328.64036	2.99515e-19
328.65078	3.00300e-19
328.66120	2.99728e-19
328.67162	2.99005e-19
328.68204	2.99703e-19
328.69246	3.00057e-19
328.70288	2.99841e-19
328.71331	2.99190e-19
328.72373	2.99080e-19
328.73415	2.98164e-19
328.74458	2.98147e-19
328.75500	2.98790e-19
328.76543	3.00162e-19
328.77585	3.00452e-19
328.78628	2.99965e-19
328.79671	3.00725e-19
328.80713	2.99972e-19
328.81756	3.00878e-19
328.82799	3.00522e-19
328.83842	2.99338e-19
328.84885	3.01471e-19
328.85928	3.01837e-19
328.86972	3.00797e-19
328.88015	3.01822e-19
328.89058	3.02678e-19
328.90102	3.01492e-19
328.91145	3.03075e-19
328.92189	3.03692e-19
328.93232	3.02810e-19
328.94276	3.04126e-19
328.95320	3.04294e-19
328.96363	3.05520e-19
328.97407	3.04871e-19
328.98451	3.05433e-19
328.99495	3.06382e-19
329.00539	3.04177e-19
329.01583	3.05793e-19
329.02628	3.07037e-19
329.03672	3.07500e-19
329.04716	3.07622e-19
329.05761	3.07148e-19
329.06805	3.08185e-19
329.07850	3.08551e-19
329.08894	3.08770e-19
329.09939	3.09257e-19
329.10984	3.10593e-19
329.12028	3.11106e-19
329.13073	3.10974e-19
329.14118	3.09929e-19
329.15163	3.09972e-19
329.16208	3.10480e-19
329.17253	3.10711e-19
329.18299	3.12526e-19
329.19344	3.10934e-19
329.20389	3.11511e-19
329.21435	3.13020e-19
329.22480	3.13017e-19
329.23526	3.14759e-19
329.24571	3.13531e-19
329.25617	3.13350e-19
329.26662	3.13473e-19
329.27708	3.13965e-19
329.28754	3.14878e-19
329.29800	3.14453e-19
329.30846	3.15883e-19
329.31892	3.16441e-19
329.32938	3.16648e-19
329.33984	3.15769e-19
329.35031	3.16359e-19
329.36077	3.16741e-19
329.37123	3.16223e-19
329.38170	3.17979e-19
329.39216	3.17357e-19
329.40263	3.17859e-19
329.41310	3.18458e-19
329.42356	3.18907e-19
329.43403	3.20336e-19
329.44450	3.18352e-19
329.45497	3.19055e-19
329.46544	3.22212e-19
329.47591	3.22585e-19
329.48638	3.22352e-19
329.49685	3.21800e-19
329.50732	3.21500e-19
329.51780	3.22896e-19
329.52827	3.22845e-19
329.53875	3.22602e-19
329.54922	3.24938e-19
329.55970	3.26070e-19
329.57017	3.24951e-19
329.58065	3.24837e-19
329.59113	3.26233e-19
329.60161	3.25663e-19
329.61209	3.25289e-19
329.62257	3.25285e-19
329.63305	3.24576e-19
329.64353	3.26515e-19
329.65401	3.27433e-19
329.66449	3.27122e-19
329.67498	3.27481e-19
329.68546	3.27000e-19
329.69594	3.26088e-19
329.70643	3.26813e-19
329.71691	3.28734e-19
329.72740	3.28653e-19
329.73789	3.28091e-19
329.74838	3.26988e-19
329.75886	3.26837e-19
329.76935	3.27528e-19
329.77984	3.27621e-19
329.79033	3.28378e-19
329.80083	3.28938e-19
329.81132	3.29588e-19
329.82181	3.28507e-19
329.83230	3.28945e-19
329.84280	3.29262e-19
329.85329	3.28143e-19
329.86379	3.30046e-19
329.87428	3.29565e-19
329.88478	3.28969e-19
329.89528	3.29197e-19
329.90577	3.28229e-19
329.91627	3.28904e-19
329.92677	3.29193e-19
329.93727	3.28612e-19
329.94777	3.29357e-19
329.95827	3.30224e-19
329.96878	3.28002e-19
329.97928	3.27581e-19
329.98978	3.28584e-19
330.00028	3.27514e-19
330.01079	3.26816e-19
330.02129	3.26257e-19
330.03180	3.26810e-19
330.04231	3.26831e-19
330.05281	3.26433e-19
330.06332	3.26150e-19
330.07383	3.25545e-19
330.08434	3.24942e-19
330.09485	3.24905e-19
330.10536	3.25830e-19
330.11587	3.23497e-19
330.12638	3.23185e-19
330.13690	3.23488e-19
330.14741	3.22465e-19
330.15792	3.23257e-19
330.16844	3.21757e-19
330.17895	3.22710e-19
330.18947	3.21663e-19
330.19999	3.19889e-19
330.21050	3.21786e-19
330.22102	3.19119e-19
330.23154	3.18998e-19
330.24206	3.20875e-19
330.25258	3.18949e-19
330.26310	3.18514e-19
330.27362	3.19212e-19
330.28414	3.18732e-19
330.29467	3.17553e-19
330.30519	3.16963e-19
330.31571	3.16687e-19
330.32624	3.16951e-19
330.33676	3.16987e-19
330.34729	3.15876e-19
330.35781	3.15220e-19
330.36834	3.15120e-19
330.37887	3.14478e-19
330.38940	3.14061e-19
330.39993	3.13859e-19
330.41046	3.12910e-19
330.42099	3.13054e-19
330.43152	3.12886e-19
330.44205	3.12867e-19
330.45258	3.13700e-19
330.46312	3.13861e-19
330.47365	3.13095e-19
330.48419	3.12102e-19
330.49472	3.12793e-19
330.50526	3.11897e-19
330.51580	3.11998e-19
330.52633	3.13513e-19
330.53687	3.11549e-19
330.54741	3.12932e-19
330.55795	3.13472e-19
330.56849	3.11553e-19
330.57903	3.12907e-19
330.58957	3.11755e-19
330.60011	3.13020e-19
330.61066	3.14884e-19
330.62120	3.11701e-19
330.63174	3.12515e-19
330.64229	3.13180e-19
330.65283	3.12456e-19
330.66338	3.13772e-19
330.67393	3.12514e-19
330.68447	3.13407e-19
330.69502	3.13973e-19
330.70557	3.11734e-19
330.71612	3.12670e-19
330.72667	3.13249e-19
330.73722	3.13742e-19
330.74777	3.14153e-19
330.75833	3.13167e-19
330.76888	3.13826e-19
330.77943	3.14595e-19
330.78999	3.14013e-19
330.80054	3.13414e-19
330.81110	3.14386e-19
330.82165	3.14330e-19
330.83221	3.14369e-19
330.84277	3.16039e-19
330.85333	3.15383e-19
330.86388	3.14728e-19
330.87444	3.14349e-19
330.88500	3.14640e-19
330.89557	3.16500e-19
330.90613	3.16115e-19
330.91669	3.15799e-19
330.92725	3.16277e-19
330.93782	3.16337e-19
330.94838	3.16136e-19
330.95894	3.15524e-19
330.96951	3.17307e-19
330.98008	3.17473e-19
330.99064	3.16859e-19
331.00121	3.18219e-19
331.01178	3.17017e-19
331.02235	3.17460e-19
331.03292	3.18134e-19
331.04349	3.18018e-19
331.05406	3.19041e-19
331.06463	3.17235e-19
331.07520	3.18100e-19
331.08578	3.18893e-19
331.09635	3.18758e-19
331.10693	3.19887e-19
331.11750	3.18334e-19
331.12808	3.19767e-19
331.13865	3.20697e-19
331.14923	3.18877e-19
331.15981	3.19696e-19
331.17039	3.20375e-19
331.18097	3.20939e-19
331.19155	3.20595e-19
331.20213	3.19594e-19
331.21271	3.20486e-19
331.22329	3.21747e-19
331.23387	3.20485e-19
331.24445	3.20711e-19
331.25504	3.21701e-19
331.26562	3.20235e-19
331.27621	3.21685e-19
331.28679	3.22270e-19
331.29738	3.21150e-19
331.30797	3.20882e-19
331.31856	3.20153e-19
331.32915	3.21750e-19
331.33973	3.21946e-19
331.35032	3.21894e-19
331.36092	3.22848e-19
331.37151	3.22527e-19
331.38210	3.22840e-19
331.39269	3.21775e-19
331.40328	3.22243e-19
331.41388	3.23060e-19
331.42447	3.21574e-19
331.43507	3.22227e-19
331.44566	3.23235e-19
331.45626	3.23095e-19
331.46686	3.23709e-19
331.47746	3.23111e-19
331.48806	3.22027e-19
331.49866	3.23374e-19
331.50926	3.23219e-19
331.51986	3.22492e-19
331.53046	3.21789e-19
331.54106	3.22174e-19
331.55166	3.24952e-19
331.56227	3.22687e-19
331.57287	3.22695e-19
331.58348	3.23982e-19
331.59408	3.22079e-19
331.60469	3.24355e-19
331.61529	3.23438e-19
331.62590	3.22634e-19
331.63651	3.23788e-19
331.64712	3.22723e-19
331.65773	3.24189e-19
331.66834	3.23526e-19
331.67895	3.22994e-19
331.68956	3.23212e-19
331.70017	3.21339e-19
331.71079	3.21428e-19
331.72140	3.21347e-19
331.73202	3.21463e-19
331.74263	3.22682e-19
331.75325	3.22049e-19
331.76386	3.21862e-19
331.77448	3.23459e-19
331.78510	3.23090e-19
331.79572	3.22440e-19
331.80634	3.22486e-19
331.81696	3.22281e-19
331.82758	3.22213e-19
331.83820	3.21086e-19
331.84882	3.20725e-19
331.85944	3.20592e-19
331.87006	3.22586e-19
331.88069	3.23483e-19
331.89131	3.21049e-19
331.90194	3.21659e-19
331.91256	3.20478e-19
331.92319	3.20066e-19
331.93382	3.21872e-19
331.94445	3.21973e-19
331.95508	3.21826e-19
331.96570	3.21555e-19
331.97633	3.22655e-19
331.98697	3.21686e-19
331.99760	3.21540e-19
332.00823	3.22431e-19
332.01886	3.21667e-19
332.02949	3.22421e-19
332.04013	3.22839e-19
332.05076	3.23561e-19
332.06140	3.22803e-19
332.07204	3.21608e-19
332.08267	3.22950e-19
332.09331	3.24204e-19
332.10395	3.24149e-19
332.11459	3.23063e-19
332.12523	3.24714e-19
332.13587	3.24432e-19
332.14651	3.23054e-19
332.15715	3.25077e-19
332.16779	3.23853e-19
332.17843	3.23833e-19
332.18908	3.26907e-19
332.19972	3.25760e-19
332.21037	3.25267e-19
332.22101	3.27140e-19
332.23166	3.28143e-19
332.24231	3.29260e-19
332.25295	3.28939e-19
332.26360	3.29362e-19
332.27425	3.29403e-19
332.28490	3.29455e-19
332.29555	3.32788e-19
332.30620	3.33050e-19
332.31686	3.33065e-19
332.32751	3.34216e-19
332.33816	3.34084e-19
332.34882	3.35963e-19
332.35947	3.36660e-19
332.37013	3.37553e-19
332.38078	3.37817e-19
332.39144	3.38100e-19
332.40210	3.38863e-19
332.41275	3.39249e-19
332.42341	3.41429e-19
332.43407	3.41895e-19
332.44473	3.42666e-19
332.45539	3.44239e-19
332.46605	3.44973e-19
332.47672	3.46798e-19
332.48738	3.47875e-19
332.49804	3.48324e-19
332.50871	3.49008e-19
332.51937	3.50179e-19
332.53004	3.50515e-19
332.54070	3.51161e-19
332.55137	3.53082e-19
332.56204	3.53274e-19
332.57271	3.54307e-19
332.58337	3.55724e-19
332.59404	3.57424e-19
332.60471	3.59966e-19
332.61539	3.58989e-19
332.62606	3.58741e-19
332.63673	3.61072e-19
332.64740	3.60532e-19
332.65808	3.62126e-19
332.66875	3.62856e-19
332.67943	3.61867e-19
332.69010	3.66263e-19
332.70078	3.67170e-19
332.71146	3.67872e-19
332.72213	3.69059e-19
332.73281	3.67870e-19
332.74349	3.69726e-19
332.75417	3.70151e-19
332.76485	3.72353e-19
332.77553	3.73125e-19
332.78621	3.73073e-19
332.79690	3.74334e-19
332.80758	3.74377e-19
332.81826	3.75184e-19
332.82895	3.75251e-19
332.83963	3.78588e-19
332.85032	3.77822e-19
332.86101	3.77624e-19
332.87170	3.80495e-19
332.88238	3.78392e-19
332.89307	3.81812e-19
332.90376	3.82946e-19
332.91445	3.82088e-19
332.92514	3.82203e-19
332.93583	3.81875e-19
332.94653	3.85779e-19
332.95722	3.84217e-19
332.96791	3.85091e-19
332.97861	3.86040e-19
332.98930	3.84587e-19
333.00000	3.87146e-19
333.01069	3.86110e-19
333.02139	3.85766e-19
333.03209	3.87482e-19
333.04279	3.86259e-19
333.05349	3.86051e-19
333.06419	3.87099e-19
333.07489	3.85224e-19
333.08559	3.87100e-19
333.09629	3.87565e-19
333.10699	3.83662e-19
333.11770	3.85940e-19
333.12840	3.85636e-19
333.13911	3.84843e-19
333.14981	3.86078e-19
333.16052	3.84019e-19
333.17122	3.85547e-19
333.18193	3.84245e-19
333.19264	3.83853e-19
333.20335	3.84831e-19
333.21406	3.83160e-19
333.22477	3.84102e-19
333.23548	3.83714e-19
333.24619	3.82809e-19
333.25690	3.80102e-19
333.26761	3.78883e-19
333.27833	3.80400e-19
333.28904	3.78518e-19
333.29976	3.79178e-19
333.31047	3.79915e-19
333.32119	3.77210e-19
333.33191	3.75709e-19
333.34262	3.74947e-19
333.35334	3.74860e-19
333.36406	3.76137e-19
333.37478	3.74191e-19
333.38550	3.71186e-19
333.39622	3.71136e-19
333.40694	3.69341e-19
333.41767	3.68759e-19
333.42839	3.67987e-19
333.43911	3.66821e-19
333.44984	3.67349e-19
333.46056	3.66860e-19
333.47129	3.67860e-19
333.48202	3.65769e-19
333.49274	3.63492e-19
333.50347	3.62881e-19
333.51420	3.59865e-19
333.52493	3.60481e-19
333.53566	3.62701e-19
333.54639	3.60451e-19
333.55712	3.58604e-19
333.56786	3.59841e-19
333.57859	3.57566e-19
333.58932	3.55828e-19
333.60006	3.56920e-19
333.61079	3.55965e-19
333.62153	3.55042e-19
333.63226	3.53650e-19
333.64300	3.55541e-19
333.65374	3.56866e-19
333.66448	3.53954e-19
333.67522	3.53498e-19
333.68596	3.53094e-19
333.69670	3.52809e-19
333.70744	3.52470e-19
333.71818	3.52104e-19
333.72892	3.51649e-19
333.73966	3.51625e-19
333.75041	3.50794e-19
333.76115	3.48641e-19
333.77190	3.50330e-19
333.78264	3.49053e-19
333.79339	3.47207e-19
333.80414	3.46120e-19
333.81489	3.46188e-19
333.82564	3.47883e-19
333.83639	3.46763e-19
333.84714	3.46256e-19
333.85789	3.43126e-19
333.86864	3.44210e-19
333.87939	3.44895e-19
333.89014	3.40796e-19
333.90090	3.42682e-19
333.91165	3.41788e-19
333.92241	3.41819e-19
333.93316	3.40147e-19
333.94392	3.36817e-19
333.95468	3.38899e-19
333.96543	3.36915e-19
333.97619	3.36454e-19
333.98695	3.36450e-19
333.99771	3.34129e-19
334.00847	3.32970e-19
334.01923	3.32925e-19
334.02999	3.34583e-19
334.04076	3.30996e-19
334.05152	3.29024e-19
334.06228	3.31021e-19
334.07305	3.29565e-19
334.08382	3.29602e-19
334.09458	3.28414e-19
334.10535	3.26018e-19
334.11612	3.26175e-19
334.12688	3.24362e-19
334.13765	3.24605e-19
334.14842	3.26303e-19
334.15919	3.24485e-19
334.16996	3.23269e-19
334.18074	3.23143e-19
334.19151	3.23840e-19
334.20228	3.21380e-19
334.21305	3.21925e-19
334.22383	3.25451e-19
334.23460	3.21004e-19
334.24538	3.22005e-19
334.25616	3.23866e-19
334.26693	3.20984e-19
334.27771	3.22493e-19
334.28849	3.20466e-19
334.29927	3.19157e-19
334.31005	3.20364e-19
334.32083	3.21655e-19
334.33161	3.23281e-19
334.34239	3.22564e-19
334.35318	3.21654e-19
334.36396	3.20844e-19
334.37474	3.20798e-19
334.38553	3.22922e-19
334.39631	3.23215e-19
334.40710	3.21321e-19
334.41789	3.22264e-19
334.42868	3.23619e-19
334.43946	3.22870e-19
334.45025	3.22330e-19
334.46104	3.23848e-19
334.47183	3.24393e-19
334.48262	3.24396e-19
334.49342	3.27117e-19
334.50421	3.25291e-19
334.51500	3.24883e-19
334.52580	3.25415e-19
334.53659	3.25017e-19
334.54739	3.27191e-19
334.55818	3.24847e-19
334.56898	3.27034e-19
334.57978	3.28696e-19
334.59057	3.29056e-19
334.60137	3.31958e-19
334.61217	3.28004e-19
334.62297	3.29359e-19
334.63377	3.32993e-19
334.64458	3.31333e-19
334.65538	3.32415e-19
334.66618	3.34097e-19
334.67698	3.33401e-19
334.68779	3.35300e-19
334.69859	3.38032e-19
334.70940	3.36505e-19
334.72021	3.38071e-19
334.73101	3.40140e-19
334.74182	3.41354e-19
334.75263	3.43181e-19
334.76344	3.43460e-19
334.77425	3.45474e-19
334.78506	3.46518e-19
334.79587	3.48196e-19
334.80668	3.48692e-19
334.81750	3.49176e-19
334.82831	3.53309e-19
334.83912	3.55682e-19
334.84994	3.56899e-19
334.86075	3.57681e-19
334.87157	3.59390e-19
334.88239	3.60467e-19
334.89321	3.63123e-19
334.90402	3.63976e-19
334.91484	3.64862e-19
334.92566	3.69681e-19
334.93648	3.69225e-19
334.94730	3.70481e-19
334.95813	3.72465e-19
334.96895	3.71920e-19
334.97977	3.73051e-19
334.99060	3.73301e-19
335.00142	3.75182e-19
335.01225	3.75895e-19
335.02307	3.77080e-19
335.03390	3.78051e-19
335.04473	3.76947e-19
335.05555	3.78922e-19
335.06638	3.79827e-19
335.07721	3.77429e-19
335.08804	3.78371e-19
335.09887	3.80077e-19
335.10971	3.77795e-19
335.12054	3.77186e-19
335.13137	3.76919e-19
335.14220	3.75898e-19
335.15304	3.76381e-19
335.16387	3.75000e-19
335.17471	3.74005e-19
335.18555	3.74100e-19
335.19638	3.73979e-19
335.20722	3.71860e-19
335.21806	3.69392e-19
335.22890	3.70426e-19
335.23974	3.69520e-19
335.25058	3.67859e-19
335.26142	3.67991e-19
335.27226	3.65945e-19
335.28311	3.65096e-19
335.29395	3.65607e-19
335.30479	3.63915e-19
335.31564	3.62826e-19
335.32649	3.62433e-19
335.33733	3.61822e-19
335.34818	3.60930e-19
335.35903	3.59642e-19
335.36988	3.59168e-19
335.38072	3.58871e-19
335.39157	3.57727e-19
335.40242	3.56576e-19
335.41328	3.56732e-19
335.42413	3.56976e-19
335.43498	3.55825e-19
335.44583	3.54131e-19
335.45669	3.54411e-19
335.46754	3.54301e-19
335.47840	3.52864e-19
335.48925	3.53422e-19
335.50011	3.52019e-19
335.51097	3.51430e-19
335.52183	3.51706e-19
335.53269	3.51068e-19
335.54355	3.52300e-19
335.55441	3.50569e-19
335.56527	3.50257e-19
335.57613	3.50423e-19
335.58699	3.48389e-19
335.59786	3.49332e-19
335.60872	3.50046e-19
335.61958	3.49520e-19
335.63045	3.48410e-19
335.64132	3.47559e-19
335.65218	3.47173e-19
335.66305	3.47789e-19
335.67392	3.48872e-19
335.68479	3.47051e-19
335.69566	3.46376e-19
335.70653	3.47620e-19
335.71740	3.47165e-19
335.72827	3.46100e-19
335.73914	3.46954e-19
335.75001	3.47746e-19
335.76089	3.47161e-19
335.77176	3.47215e-19
335.78264	3.47704e-19
335.79351	3.48328e-19
335.80439	3.47349e-19
335.81527	3.47728e-19
335.82615	3.48137e-19
335.83702	3.47445e-19
335.84790	3.48960e-19
335.85878	3.49793e-19
335.86966	3.50684e-19
335.88055	3.49024e-19
335.89143	3.48863e-19
335.90231	3.50746e-19
335.91320	3.49131e-19
335.92408	3.50470e-19
335.93496	3.51357e-19
335.94585	3.51081e-19
335.95674	3.51890e-19
335.96762	3.52655e-19
335.97851	3.53604e-19
335.98940	3.53338e-19
336.00029	3.54091e-19
336.01118	3.54357e-19
336.02207	3.55042e-19
336.03296	3.54259e-19
336.04385	3.54026e-19
336.05475	3.56456e-19
336.06564	3.56597e-19
336.07653	3.57765e-19
336.08743	3.57266e-19
336.09833	3.57172e-19
336.10922	3.58496e-19
336.12012	3.58503e-19
336.13102	3.60204e-19
336.14192	3.59668e-19
336.15281	3.60638e-19
336.16371	3.61978e-19
336.17461	3.61084e-19
336.18552	3.62622e-19
336.19642	3.63315e-19
336.20732	3.62990e-19
336.21822	3.62525e-19
336.22913	3.63200e-19
336.24003	3.64465e-19
336.25094	3.64582e-19
336.26185	3.66084e-19
336.27275	3.65792e-19
336.28366	3.64698e-19
336.29457	3.66230e-19
336.30548	3.67038e-19
336.31639	3.66953e-19
336.32730	3.66642e-19
336.33821	3.67001e-19
336.34912	3.67799e-19
336.36003	3.67283e-19
336.37095	3.67096e-19
336.38186	3.67274e-19
336.39278	3.68268e-19
336.40369	3.67927e-19
336.41461	3.66455e-19
336.42552	3.68226e-19
336.43644	3.69396e-19
336.44736	3.68683e-19
336.45828	3.68934e-19
336.46920	3.69950e-19
336.48012	3.69862e-19
336.49104	3.69674e-19
336.50196	3.70723e-19
336.51288	3.69145e-19
336.52381	3.68920e-19
336.53473	3.70380e-19
336.54566	3.69384e-19
336.55658	3.70153e-19
336.56751	3.70707e-19
336.57843	3.69804e-19
336.58936	3.70165e-19
336.60029	3.69302e-19
336.61122	3.68354e-19
336.62215	3.69446e-19
336.63308	3.70164e-19
336.64401	3.70040e-19
336.65494	3.70041e-19
336.66587	3.71017e-19
336.67681	3.70726e-19
336.68774	3.69888e-19
336.69868	3.71582e-19
336.70961	3.71568e-19
336.72055	3.71843e-19
336.73148	3.72512e-19
336.74242	3.71301e-19
336.75336	3.72148e-19
336.76430	3.72887e-19
336.77524	3.73134e-19
336.78618	3.72819e-19
336.79712	3.73055e-19
336.80806	3.73803e-19
336.81900	3.73695e-19
336.82995	3.73967e-19
336.84089	3.72648e-19
336.85184	3.73245e-19
336.86278	3.73758e-19
336.87373	3.72800e-19
336.88467	3.72248e-19
336.89562	3.71468e-19
336.90657	3.72617e-19
336.91752	3.72003e-19
336.92847	3.72263e-19
336.93942	3.72711e-19
336.95037	3.71314e-19
336.96132	3.71704e-19
336.97227	3.71299e-19
336.98323	3.70433e-19
336.99418	3.69298e-19
337.00513	3.69203e-19
337.01609	3.69339e-19
337.02705	3.68168e-19
337.03800	3.67114e-19
337.04896	3.67105e-19
337.05992	3.67432e-19
337.07088	3.66313e-19
337.08184	3.66509e-19
337.09280	3.65687e-19
337.10376	3.65787e-19
337.11472	3.65561e-19
337.12568	3.62381e-19
337.13664	3.62849e-19
337.14761	3.61986e-19
337.15857	3.61396e-19
337.16954	3.63200e-19
337.18050	3.62578e-19
337.19147	3.60708e-19
337.20244	3.59069e-19
337.21341	3.60188e-19
337.22437	3.60605e-19
337.23534	3.59363e-19
337.24631	3.58567e-19
337.25729	3.58386e-19
337.26826	3.57797e-19
337.27923	3.56439e-19
337.29020	3.56454e-19
337.30118	3.55805e-19
337.31215	3.55300e-19
337.32313	3.55133e-19
337.33410	3.54883e-19
337.34508	3.53395e-19
337.35606	3.51704e-19
337.36703	3.52981e-19
337.37801	3.51903e-19
337.38899	3.50042e-19
337.39997	3.50730e-19
337.41095	3.51377e-19
337.42193	3.50965e-19
337.43292	3.50714e-19
337.44390	3.50201e-19
337.45488	3.49006e-19
337.46587	3.49371e-19
337.47685	3.47794e-19
337.48784	3.47321e-19
337.49883	3.48101e-19
337.50981	3.46859e-19
337.52080	3.47087e-19
337.53179	3.46374e-19
337.54278	3.46187e-19
337.55377	3.45310e-19
337.56476	3.44503e-19
337.57575	3.45560e-19
337.58675	3.45141e-19
337.59774	3.45734e-19
337.60873	3.44800e-19
337.61973	3.44464e-19
337.63072	3.44947e-19
337.64172	3.43693e-19
337.65271	3.44562e-19
337.66371	3.44092e-19
337.67471	3.43195e-19
337.68571	3.43390e-19
337.69671	3.42370e-19
337.70771	3.41749e-19
337.71871	3.41644e-19
337.72971	3.41423e-19
337.74071	3.41351e-19
337.75172	3.40937e-19
337.76272	3.40171e-19
337.77373	3.40741e-19
337.78473	3.41159e-19
337.79574	3.40729e-19
337.80674	3.40021e-19
337.81775	3.40034e-19
337.82876	3.41660e-19
337.83977	3.40825e-19
337.85078	3.40178e-19
337.86179	3.41958e-19
337.87280	3.41440e-19
337.88381	3.40341e-19
337.89482	3.41636e-19
337.90584	3.42008e-19
337.91685	3.41528e-19
337.92786	3.42795e-19
337.93888	3.42556e-19
337.94990	3.42555e-19
337.96091	3.43792e-19
337.97193	3.43457e-19
337.98295	3.44096e-19
337.99397	3.45304e-19
338.00499	3.46781e-19
338.01601	3.47657e-19
338.02703	3.47676e-19
338.03805	3.48299e-19
338.04907	3.49696e-19
338.06010	3.51750e-19
338.07112	3.52095e-19
338.08214	3.52315e-19
338.09317	3.52936e-19
338.10420	3.54719e-19
338.11522	3.55209e-19
338.12625	3.54946e-19
338.13728	3.59642e-19
338.14831	3.59923e-19
338.15934	3.58723e-19
338.17037	3.61597e-19
338.18140	3.62204e-19
338.19243	3.64284e-19
338.20346	3.66349e-19
338.21450	3.67869e-19
338.22553	3.68777e-19
338.23656	3.69348e-19
338.24760	3.73224e-19
338.25864	3.74992e-19
338.26967	3.75488e-19
338.28071	3.77110e-19
338.29175	3.78088e-19
338.30279	3.79874e-19
338.31383	3.81471e-19
338.32487	3.83172e-19
338.33591	3.87228e-19
338.34695	3.88602e-19
338.35799	3.88730e-19
338.36904	3.92266e-19
338.38008	3.92795e-19
338.39113	3.94787e-19
338.40217	3.98120e-19
338.41322	3.98003e-19
338.42427	3.99550e-19
338.43531	4.00728e-19
338.44636	4.02561e-19
338.45741	4.03902e-19
338.46846	4.05169e-19
338.47951	4.07309e-19
338.49056	4.07791e-19
338.50161	4.08283e-19
338.51267	4.08390e-19
338.52372	4.11594e-19
338.53477	4.12538e-19
338.54583	4.12023e-19
338.55689	4.14373e-19
338.56794	4.13837e-19
338.57900	4.14431e-19
338.59006	4.15146e-19
338.60112	4.15365e-19
338.61217	4.15308e-19
338.62323	4.15518e-19
338.63430	4.17818e-19
338.64536	4.17337e-19
338.65642	4.16537e-19
338.66748	4.16196e-19
338.67855	4.16493e-19
338.68961	4.17779e-19
338.70067	4.18919e-19
338.71174	4.18395e-19
338.72281	4.16889e-19
338.73387	4.18285e-19
338.74494	4.18776e-19
338.75601	4.18999e-19
338.76708	4.17956e-19
338.77815	4.18534e-19
338.78922	4.22063e-19
338.80029	4.19894e-19
338.81136	4.19566e-19
338.82244	4.21102e-19
338.83351	4.20384e-19
338.84459	4.21279e-19
338.85566	4.21715e-19
338.86674	4.21821e-19
338.87781	4.20492e-19
338.88889	4.20656e-19
338.89997	4.23211e-19
338.91105	4.22811e-19
338.92213	4.21650e-19
338.93321	4.21624e-19
338.94429	4.21927e-19
338.95537	4.22799e-19
338.96645	4.22377e-19
338.97754	4.22589e-19
338.98862	4.23822e-19
338.99970	4.22657e-19
339.01079	4.22719e-19
339.02188	4.23808e-19
339.03296	4.23450e-19
339.04405	4.22841e-19
339.05514	4.22700e-19
339.06623	4.23118e-19
339.07732	4.23614e-19
339.08841	4.24985e-19
339.09950	4.23477e-19
339.11059	4.22333e-19
339.12168	4.23343e-19
339.13278	4.21945e-19
339.14387	4.22231e-19
339.15496	4.23097e-19
339.16606	4.22606e-19
339.17716	4.20788e-19
339.18825	4.19252e-19
339.19935	4.19578e-19
339.21045	4.19679e-19
339.22155	4.19233e-19
339.23265	4.17656e-19
339.24375	4.18078e-19
339.25485	4.17968e-19
339.26595	4.16921e-19
339.27705	4.16911e-19
339.28816	4.15952e-19
339.29926	4.16057e-19
339.31037	4.14705e-19
339.32147	4.13787e-19
339.33258	4.13204e-19
339.34369	4.13181e-19
339.35479	4.14147e-19
339.36590	4.12591e-19
339.37701	4.12500e-19
339.38812	4.10794e-19
339.39923	4.09796e-19
339.41034	4.10064e-19
339.42146	4.08045e-19
339.43257	4.09314e-19
339.44368	4.09542e-19
339.45480	4.07568e-19
339.46591	4.06677e-19
339.47703	4.06172e-19
339.48814	4.05162e-19
339.49926	4.04085e-19
339.51038	4.03665e-19
339.52150	4.02594e-19
339.53262	4.02169e-19
339.54374	4.00811e-19
339.55486	4.00225e-19
339.56598	4.00173e-19
339.57710	3.99056e-19
339.58823	3.99058e-19
339.59935	3.98227e-19
339.61047	3.97805e-19
339.62160	3.96740e-19
339.63273	3.96252e-19
339.64385	3.95875e-19
339.65498	3.95306e-19
339.66611	3.96756e-19
339.67724	3.94143e-19
339.68837	3.93925e-19
339.69950	3.95033e-19
339.71063	3.92649e-19
339.72176	3.94029e-19
339.73289	3.93744e-19
339.74403	3.93665e-19
339.75516	3.94669e-19
339.76629	3.92980e-19
339.77743	3.94068e-19
339.78857	3.93717e-19
339.79970	3.92897e-19
339.81084	3.94057e-19
339.82198	3.93162e-19
339.83312	3.94351e-19
339.84426	3.94938e-19
339.85540	3.92563e-19
339.86654	3.93836e-19
339.87768	3.94848e-19
339.88883	3.93134e-19
339.89997	3.93541e-19
339.91111	3.93656e-19
339.92226	3.93531e-19
339.93340	3.95045e-19
339.94455	3.94992e-19
339.95570	3.93831e-19
339.96685	3.94977e-19
339.97799	3.96412e-19
339.98914	3.94995e-19
340.00029	3.94584e-19
340.01144	3.94988e-19
340.02260	3.95187e-19
340.03375	3.96709e-19
340.04490	3.95808e-19
340.05606	3.95785e-19
340.06721	3.97090e-19
340.07836	3.96860e-19
340.08952	3.97384e-19
340.10068	3.96338e-19
340.11183	3.96730e-19
340.12299	3.98063e-19
340.13415	3.97268e-19
340.14531	3.97549e-19
340.15647	3.97772e-19
340.16763	3.98644e-19
340.17879	3.99040e-19
340.18996	3.98508e-19
340.20112	3.98735e-19
340.21228	3.99010e-19
340.22345	3.99104e-19
340.23461	3.98142e-19
340.24578	3.98731e-19
340.25695	3.98718e-19
340.26812	3.98503e-19
340.27928	4.00560e-19
340.29045	4.00480e-19
340.30162	3.99757e-19
340.31279	3.99661e-19
340.32397	4.00758e-19
340.33514	4.01340e-19
340.34631	4.00399e-19
340.35748	4.00668e-19
340.36866	4.00459e-19
340.37983	4.00679e-19
340.39101	4.00898e-19
340.40219	4.01654e-19
340.41336	4.01897e-19
340.42454	4.01147e-19
340.43572	4.02402e-19
340.44690	4.02620e-19
340.45808	4.03858e-19
340.46926	4.04134e-19
340.48044	4.02762e-19
340.49162	4.03266e-19
340.50281	4.02947e-19
340.51399	4.04268e-19
340.52517	4.05008e-19
340.53636	4.04483e-19
340.54755	4.04744e-19
340.55873	4.05851e-19
340.56992	4.06780e-19
340.58111	4.05265e-19
340.59230	4.06414e-19
340.60349	4.06499e-19
340.61468	4.06210e-19
340.62587	4.07861e-19
340.63706	4.06472e-19
340.64825	4.07320e-19
340.65945	4.07855e-19
340.67064	4.07556e-19
340.68184	4.08783e-19
340.69303	4.08454e-19
340.70423	4.08700e-19
340.71542	4.09271e-19
340.72662	4.10934e-19
340.73782	4.12021e-19
340.74902	4.11689e-19
340.76022	4.12218e-19
340.77142	4.13116e-19
340.78262	4.13826e-19
340.79382	4.13901e-19
340.80503	4.14619e-19
340.81623	4.15141e-19
340.82744	4.16720e-19
340.83864	4.17978e-19
340.84985	4.17184e-19
340.86105	4.18286e-19
340.87226	4.19993e-19
340.88347	4.21101e-19
340.89468	4.21462e-19
340.90589	4.21575e-19
340.91710	4.22684e-19
340.92831	4.23961e-19
340.93952	4.24317e-19
340.95073	4.25283e-19
340.96195	4.27469e-19
340.97316	4.26744e-19
340.98438	4.27714e-19
340.99559	4.30312e-19
341.00681	4.29600e-19
341.01802	4.29664e-19
341.02924	4.30623e-19
341.04046	4.32332e-19
341.05168	4.32937e-19
341.06290	4.33501e-19
341.07412	4.34781e-19
341.08534	4.33678e-19
341.09656	4.35494e-19
341.10779	4.37604e-19
341.11901	4.36654e-19
341.13023	4.37220e-19
341.14146	4.37979e-19
341.15269	4.38144e-19
341.16391	4.38544e-19
341.17514	4.39082e-19
341.18637	4.40549e-19
341.19760	4.41606e-19
341.20883	4.40775e-19
341.22006	4.40783e-19
341.23129	4.41496e-19
341.24252	4.40830e-19
341.25375	4.41193e-19
341.26498	4.42163e-19
341.27622	4.41423e-19
341.28745	4.41640e-19
341.29869	4.42312e-19
341.30992	4.41173e-19
341.32116	4.41793e-19
341.33240	4.42603e-19
341.34364	4.41859e-19
341.35488	4.41652e-19
341.36612	4.41797e-19
341.37736	4.42390e-19
341.38860	4.41438e-19
341.39984	4.40628e-19
341.41108	4.40604e-19
341.42233	4.41051e-19
341.43357	4.41178e-19
341.44482	4.39208e-19
341.45606	4.39310e-19
341.46731	4.39367e-19
341.47856	4.39573e-19
341.48980	4.39192e-19
341.50105	4.36970e-19
341.51230	4.38323e-19
341.52355	4.38118e-19
341.53480	4.36562e-19
341.54605	4.36755e-19
341.55731	4.37353e-19
341.56856	4.36992e-19
341.57981	4.34644e-19
341.59107	4.35039e-19
341.60232	4.35455e-19
341.61358	4.35281e-19
341.62484	4.35153e-19
341.63610	4.33036e-19
341.64735	4.33017e-19
341.65861	4.33483e-19
341.66987	4.32972e-19
341.68113	4.32995e-19
341.69239	4.32783e-19
341.70366	4.32148e-19
341.71492	4.31897e-19
341.72618	4.31217e-19
341.73745	4.30584e-19
341.74871	4.31018e-19
341.75998	4.30940e-19
341.77125	4.31578e-19
341.78251	4.30312e-19
341.79378	4.28589e-19
341.80505	4.29658e-19
341.81632	4.28970e-19
341.82759	4.27992e-19
341.83886	4.27444e-19
341.85013	4.26654e-19
341.86140	4.26313e-19
341.87268	4.25284e-19
341.88395	4.24169e-19
341.89523	4.23335e-19
341.90650	4.22702e-19
341.91778	4.20794e-19
341.92906	4.19348e-19
341.94033	4.18532e-19
341.95161	4.17292e-19
341.96289	4.16922e-19
341.97417	4.15801e-19
341.98545	4.15300e-19
341.99673	4.13987e-19
342.00801	4.11754e-19
342.01930	4.11432e-19
342.03058	4.09844e-19
342.04187	4.08482e-19
342.05315	4.08104e-19
342.06444	4.07132e-19
342.07572	4.06521e-19
342.08701	4.05076e-19
342.09830	4.04324e-19
342.10959	4.03732e-19
342.12088	4.02289e-19
342.13217	4.01307e-19
342.14346	4.00233e-19
342.15475	3.99973e-19
342.16604	3.99092e-19
342.17734	3.98143e-19
342.18863	3.98338e-19
342.19993	3.96929e-19
342.21122	3.95618e-19
342.22252	3.95521e-19
342.23381	3.95192e-19
342.24511	3.94216e-19
342.25641	3.93317e-19
342.26771	3.92977e-19
342.27901	3.91786e-19
342.29031	3.90669e-19
342.30161	3.89917e-19
342.31292	3.89445e-19
342.32422	3.89015e-19
342.33552	3.87601e-19
342.34683	3.86853e-19
342.35813	3.86181e-19
342.36944	3.85790e-19
342.38074	3.86456e-19
342.39205	3.85549e-19
342.40336	3.84049e-19
342.41467	3.83329e-19
342.42598	3.83057e-19
342.43729	3.83093e-19
342.44860	3.81494e-19
342.45991	3.80771e-19
342.47123	3.81794e-19
342.48254	3.80893e-19
342.49385	3.80130e-19
342.50517	3.80864e-19
342.51648	3.80877e-19
342.52780	3.79434e-19
342.53912	3.79141e-19
342.55044	3.79921e-19
342.56175	3.78836e-19
342.57307	3.78838e-19
342.58439	3.78769e-19
342.59572	3.77891e-19
342.60704	3.78264e-19
342.61836	3.77339e-19
342.62968	3.76642e-19
342.64101	3.75804e-19
342.65233	3.74682e-19
342.66366	3.74925e-19
342.67498	3.74981e-19
342.68631	3.74790e-19
342.69764	3.74277e-19
342.70897	3.73688e-19
342.72030	3.72466e-19
342.73163	3.71457e-19
342.74296	3.71251e-19
342.75429	3.71400e-19
342.76562	3.71344e-19
342.77695	3.70221e-19
342.78829	3.70394e-19
342.79962	3.69983e-19
342.81096	3.69076e-19
342.82229	3.69180e-19
342.83363	3.68256e-19
342.84497	3.68161e-19
342.85630	3.67616e-19
342.86764	3.66611e-19
342.87898	3.67064e-19
342.89032	3.67095e-19
342.90167	3.67271e-19
342.91301	3.68165e-19
342.92435	3.68166e-19
342.93569	3.67190e-19
342.94704	3.66851e-19
342.95838	3.67157e-19
342.96973	3.67096e-19
342.98107	3.66962e-19
342.99242	3.67290e-19
343.00377	3.66983e-19
343.01512	3.66769e-19
343.02647	3.67286e-19
343.03782	3.66563e-19
343.04917	3.66111e-19
343.06052	3.66257e-19
343.07187	3.66339e-19
343.08323	3.66389e-19
343.09458	3.66098e-19
343.10594	3.66474e-19
343.11729	3.65945e-19
343.12865	3.66453e-19
343.14000	3.68136e-19
343.15136	3.67778e-19
343.16272	3.68476e-19
343.17408	3.69693e-19
343.18544	3.69415e-19
343.19680	3.70109e-19
343.20816	3.71224e-19
343.21952	3.71696e-19
343.23089	3.72577e-19
343.24225	3.73547e-19
343.25362	3.74850e-19
343.26498	3.76076e-19
343.27635	3.76322e-19
343.28771	3.77411e-19
343.29908	3.78636e-19
343.31045	3.78782e-19
343.32182	3.79786e-19
343.33319	3.81949e-19
343.34456	3.83082e-19
343.35593	3.83811e-19
343.36730	3.85609e-19
343.37867	3.86817e-19
343.39005	3.88102e-19
343.40142	3.89216e-19
343.41280	3.89516e-19
343.42417	3.90408e-19
343.43555	3.91454e-19
343.44693	3.93178e-19
343.45831	3.94325e-19
343.46968	3.94440e-19
343.48106	3.95422e-19
343.49244	3.96043e-19
343.50383	3.96132e-19
343.51521	3.97218e-19
343.52659	3.98299e-19
343.53797	3.98640e-19
343.54936	3.98908e-19
343.56074	3.99154e-19
343.57213	3.99759e-19
343.58351	3.99940e-19
343.59490	4.00448e-19
343.60629	4.01360e-19
343.61768	4.01727e-19
343.62907	4.02181e-19
343.64046	4.01333e-19
343.65185	4.02146e-19
343.66324	4.03639e-19
343.67463	4.03345e-19
343.68603	4.04380e-19
343.69742	4.04132e-19
343.70881	4.04209e-19
343.72021	4.05649e-19
343.73161	4.05270e-19
343.74300	4.05617e-19
343.75440	4.06648e-19
343.76580	4.06680e-19
343.77720	4.06775e-19
343.78860	4.07562e-19
343.80000	4.07515e-19
343.81140	4.07322e-19
343.82280	4.07958e-19
343.83421	4.07916e-19
343.84561	4.07713e-19
343.85701	4.08048e-19
343.86842	4.08698e-19
343.87982	4.09258e-19
343.89123	4.09232e-19
343.90264	4.08701e-19
343.91405	4.08814e-19
343.92546	4.08876e-19
343.93687	4.08330e-19
343.94828	4.08212e-19
343.95969	4.08582e-19
343.97110	4.09578e-19
343.98251	4.08926e-19
343.99393	4.08434e-19
344.00534	4.09661e-19
344.01676	4.09630e-19
344.02817	4.09046e-19
344.03959	4.08553e-19
344.05101	4.08501e-19
344.06242	4.08065e-19
344.07384	4.08174e-19
344.08526	4.08270e-19
344.09668	4.06885e-19
344.10810	4.07276e-19
344.11953	4.07657e-19
344.13095	4.07301e-19
344.14237	4.06852e-19
344.15380	4.06160e-19
344.16522	4.06429e-19
344.17665	4.06353e-19
344.18807	4.05857e-19
344.19950	4.05562e-19
344.21093	4.05434e-19
344.22236	4.05013e-19
344.23379	4.05678e-19
344.24522	4.05288e-19
344.25665	4.04194e-19
344.26808	4.05224e-19
344.27951	4.04321e-19
344.29095	4.03457e-19
344.30238	4.03261e-19
344.31381	4.03147e-19
344.32525	4.03741e-19
344.33669	4.03010e-19
344.34812	4.03384e-19
344.35956	4.03691e-19
344.37100	4.03596e-19
344.38244	4.03264e-19
344.39388	4.03312e-19
344.40532	4.04129e-19
344.41676	4.03156e-19
344.42820	4.03463e-19
344.43965	4.04274e-19
344.45109	4.03987e-19
344.46254	4.03780e-19
344.47398	4.04079e-19
344.48543	4.04990e-19
344.49687	4.05961e-19
344.50832	4.06934e-19
344.51977	4.06072e-19
344.53122	4.07003e-19
344.54267	4.08711e-19
344.55412	4.07731e-19
344.56557	4.09003e-19
344.57702	4.10424e-19
344.58848	4.09442e-19
344.59993	4.09843e-19
344.61139	4.10914e-19
344.62284	4.10517e-19
344.63430	4.11625e-19
344.64575	4.13174e-19
344.65721	4.12453e-19
344.66867	4.13116e-19
344.68013	4.14705e-19
344.69159	4.14462e-19
344.70305	4.14386e-19
344.71451	4.15840e-19
344.72597	4.16475e-19
344.73744	4.16338e-19
344.74890	4.16764e-19
344.76037	4.16881e-19
344.77183	4.16690e-19
344.78330	4.16186e-19
344.79476	4.16520e-19
344.80623	4.17069e-19
344.81770	4.17686e-19
344.82917	4.17758e-19
344.84064	4.16876e-19
344.85211	4.17743e-19
344.86358	4.17879e-19
344.87505	4.17893e-19
344.88653	4.18436e-19
344.89800	4.17916e-19
344.90947	4.18428e-19
344.92095	4.18808e-19
344.93242	4.18925e-19
344.94390	4.19323e-19
344.95538	4.19469e-19
344.96686	4.19420e-19
344.97834	4.19399e-19
344.98982	4.19017e-19
345.00130	4.18896e-19
345.01278	4.19024e-19
345.02426	4.18114e-19
345.03574	4.19054e-19
345.04723	4.19855e-19
345.05871	4.20336e-19
345.07020	4.21048e-19
345.08168	4.19323e-19
345.09317	4.20204e-19
345.10466	4.21342e-19
345.11614	4.20433e-19
345.12763	4.21339e-19
345.13912	4.22006e-19
345.15061	4.21738e-19
345.16210	4.21987e-19
345.17360	4.22406e-19
345.18509	4.22405e-19
345.19658	4.23350e-19
345.20808	4.23777e-19
345.21957	4.23597e-19
345.23107	4.24342e-19
345.24256	4.23942e-19
345.25406	4.23891e-19
345.26556	4.24172e-19
345.27706	4.23668e-19
345.28856	4.23933e-19
345.30006	4.24472e-19
345.31156	4.24156e-19
345.32306	4.23722e-19
345.33456	4.23486e-19
345.34607	4.22941e-19
345.35757	4.23229e-19
345.36908	4.23499e-19
345.38058	4.23199e-19
345.39209	4.22221e-19
345.40360	4.21476e-19
345.41510	4.22232e-19
345.42661	4.21493e-19
345.43812	4.20169e-19
345.44963	4.19324e-19
345.46114	4.18732e-19
345.47266	4.19244e-19
345.48417	4.18614e-19
345.49568	4.17699e-19
345.50720	4.17759e-19
345.51871	4.17694e-19
345.53023	4.17159e-19
345.54174	4.16649e-19
345.55326	4.16851e-19
345.56478	4.16471e-19
345.57630	4.15773e-19
345.58782	4.16474e-19
345.59934	4.16519e-19
345.61086	4.15613e-19
345.62238	4.16140e-19
345.63390	4.16239e-19
345.64543	4.15742e-19
345.65695	4.16254e-19
345.66848	4.16388e-19
345.68000	4.16747e-19
345.69153	4.18002e-19
345.70306	4.18500e-19
345.71458	4.18548e-19
345.72611	4.19131e-19
345.73764	4.19494e-19
345.74917	4.20136e-19
345.76070	4.20722e-19
345.77224	4.20793e-19
345.78377	4.21611e-19
345.79530	4.23159e-19
345.80684	4.24471e-19
345.81837	4.24749e-19
345.82991	4.25761e-19
345.84144	4.26770e-19
345.85298	4.27161e-19
345.86452	4.28213e-19
345.87606	4.28902e-19
345.88760	4.29868e-19
345.89914	4.29833e-19
345.91068	4.31343e-19
345.92222	4.34009e-19
345.93376	4.33912e-19
345.94531	4.35541e-19
345.95685	4.36752e-19
345.96840	4.36436e-19
345.97994	4.37616e-19
345.99149	4.38925e-19
346.00304	4.40714e-19
346.01458	4.41620e-19
346.02613	4.42068e-19
346.03768	4.43716e-19
346.04923	4.44524e-19
346.06078	4.44277e-19
346.07234	4.45366e-19
346.08389	4.46216e-19
346.09544	4.46837e-19
346.10700	4.47994e-19
346.11855	4.48195e-19
346.13011	4.48975e-19
346.14166	4.48710e-19
346.15322	4.50190e-19
346.16478	4.51814e-19
346.17634	4.49974e-19
346.18790	4.51802e-19
346.19946	4.52949e-19
346.21102	4.52835e-19
346.22258	4.54350e-19
346.23414	4.53826e-19
346.24571	4.54527e-19
346.25727	4.54640e-19
346.26884	4.54375e-19
346.28040	4.54835e-19
346.29197	4.54477e-19
346.30354	4.55335e-19
346.31510	4.55540e-19
346.32667	4.55403e-19
346.33824	4.55592e-19
346.34981	4.55961e-19
346.36138	4.56727e-19
346.37296	4.56690e-19
346.38453	4.56800e-19
346.39610	4.56579e-19
346.40768	4.56634e-19
346.41925	4.57325e-19
346.43083	4.57568e-19
346.44240	4.58007e-19
346.45398	4.58258e-19
346.46556	4.58656e-19
346.47714	4.58825e-19
346.48872	4.59611e-19
346.50030	4.60739e-19
346.51188	4.59469e-19
346.52346	4.59713e-19
346.53505	4.61458e-19
346.54663	4.61478e-19
346.55821	4.61847e-19
346.56980	4.62482e-19
346.58138	4.63298e-19
346.59297	4.63428e-19
346.60456	4.63816e-19
346.61615	4.65131e-19
346.62774	4.65394e-19
346.63933	4.65877e-19
346.65092	4.65138e-19
346.66251	4.65189e-19
346.67410	4.66411e-19
346.68569	4.65142e-19
346.69729	4.65921e-19
346.70888	4.67338e-19
346.72048	4.66680e-19
346.73207	4.67745e-19
346.74367	4.68384e-19
346.75527	4.67926e-19
346.76686	4.68169e-19
346.77846	4.67164e-19
346.79006	4.66738e-19
346.80166	4.67596e-19
346.81327	4.66946e-19
346.82487	4.66525e-19
346.83647	4.66459e-19
346.84807	4.65975e-19
346.85968	4.66179e-19
346.87128	4.65638e-19
346.88289	4.64918e-19
346.89450	4.64230e-19
346.90611	4.63078e-19
346.91771	4.63432e-19
346.92932	4.63427e-19
346.94093	4.62407e-19
346.95254	4.62301e-19
346.96415	4.61467e-19
346.97577	4.61032e-19
346.98738	4.60597e-19
346.99899	4.59395e-19
347.01061	4.59120e-19
347.02222	4.57556e-19
347.03384	4.56806e-19
347.04546	4.56047e-19
347.05708	4.54135e-19
347.06869	4.54533e-19
347.08031	4.53578e-19
347.09193	4.51941e-19
347.10355	4.51933e-19
347.11518	4.51298e-19
347.12680	4.50104e-19
347.13842	4.49565e-19
347.15005	4.49398e-19
347.16167	4.48910e-19
347.17330	4.49394e-19
347.18492	4.48388e-19
347.19655	4.47428e-19
347.20818	4.48026e-19
347.21981	4.47120e-19
347.23143	4.46979e-19
347.24307	4.46998e-19
347.25470	4.46466e-19
347.26633	4.45526e-19
347.27796	4.44800e-19
347.28959	4.44815e-19
347.30123	4.44505e-19
347.31286	4.45020e-19
347.32450	4.43408e-19
347.33613	4.42117e-19
347.34777	4.42522e-19
347.35941	4.42233e-19
347.37105	4.43343e-19
347.38269	4.42738e-19
347.39433	4.41800e-19
347.40597	4.42184e-19
347.41761	4.41913e-19
347.42925	4.41839e-19
347.44090	4.41371e-19
347.45254	4.41724e-19
347.46419	4.41796e-19
347.47583	4.40602e-19
347.48748	4.40124e-19
347.49913	4.40033e-19
347.51077	4.39998e-19
347.52242	4.40175e-19
347.53407	4.39895e-19
347.54572	4.39810e-19
347.55738	4.40745e-19
347.56903	4.40700e-19
347.58068	4.40088e-19
347.59233	4.39968e-19
347.60399	4.39911e-19
347.61564	4.39904e-19
347.62730	4.39597e-19
347.63896	4.40079e-19
347.65061	4.40367e-19
347.66227	4.40809e-19
347.67393	4.41493e-19
347.68559	4.40851e-19
347.69725	4.41220e-19
347.70891	4.41678e-19
347.72058	4.41482e-19
347.73224	4.42058e-19
347.74390	4.42595e-19
347.75557	4.43255e-19
347.76723	4.44106e-19
347.77890	4.44994e-19
347.79056	4.45062e-19
347.80223	4.45080e-19
347.81390	4.46362e-19
347.82557	4.47847e-19
347.83724	4.48779e-19
347.84891	4.48881e-19
347.86058	4.50419e-19
347.87226	4.51804e-19
347.88393	4.51844e-19
347.89560	4.53800e-19
347.90728	4.54446e-19
347.91895	4.55156e-19
347.93063	4.57471e-19
347.94231	4.58222e-19
347.95398	4.60146e-19
347.96566	4.61945e-19
347.97734	4.64333e-19
347.98902	4.66925e-19
348.00070	4.67904e-19
348.01239	4.70719e-19
348.02407	4.72492e-19
348.03575	4.75460e-19
348.04744	4.79142e-19
348.05912	4.81571e-19
348.07081	4.86678e-19
348.08249	4.89406e-19
348.09418	4.92448e-19
348.10587	4.96774e-19
348.11756	4.99114e-19
348.12925	5.03502e-19
348.14094	5.06709e-19
348.15263	5.09982e-19
348.16432	5.13820e-19
348.17601	5.15562e-19
348.18771	5.18551e-19
348.19940	5.20823e-19
348.21110	5.22859e-19
348.22279	5.25543e-19
348.23449	5.26850e-19
348.24619	5.29279e-19
348.25788	5.31702e-19
348.26958	5.33011e-19
348.28128	5.35027e-19
348.29298	5.36969e-19
348.30469	5.37903e-19
348.31639	5.38762e-19
348.32809	5.40800e-19
348.33979	5.42994e-19
348.35150	5.45148e-19
348.36320	5.46523e-19
348.37491	5.47432e-19
348.38662	5.49269e-19
348.39832	5.49705e-19
348.41003	5.50286e-19
348.42174	5.50853e-19
348.43345	5.50869e-19
348.44516	5.51756e-19
348.45688	5.50766e-19
348.46859	5.50249e-19
348.48030	5.50278e-19
348.49201	5.49778e-19
348.50373	5.49500e-19
348.51545	5.47584e-19
348.52716	5.46597e-19
348.53888	5.45773e-19
348.55060	5.43590e-19
348.56232	5.41220e-19
348.57404	5.39318e-19
348.58576	5.38953e-19
348.59748	5.37851e-19
348.60920	5.35533e-19
348.62092	5.34192e-19
348.63264	5.33781e-19
348.64437	5.32447e-19
348.65609	5.31417e-19
348.66782	5.30607e-19
348.67955	5.28779e-19
348.69127	5.27970e-19
348.70300	5.25404e-19
348.71473	5.23069e-19
348.72646	5.23585e-19
348.73819	5.21626e-19
348.74992	5.18801e-19
348.76165	5.18001e-19
348.77339	5.16572e-19
348.78512	5.13635e-19
348.79686	5.12480e-19
348.80859	5.12096e-19
348.82033	5.10273e-19
348.83206	5.09931e-19
348.84380	5.08623e-19
348.85554	5.06252e-19
348.86728	5.05540e-19
348.87902	5.03670e-19
348.89076	5.02009e-19
348.90250	5.01600e-19
348.91424	5.00133e-19
348.92599	4.98673e-19
348.93773	4.96973e-19
348.94948	4.94903e-19
348.96122	4.94023e-19
348.97297	4.92546e-19
348.98472	4.90940e-19
348.99646	4.89347e-19
349.00821	4.87142e-19
349.01996	4.85671e-19
349.03171	4.83179e-19
349.04346	4.81744e-19
349.05522	4.80593e-19
349.06697	4.78003e-19
349.07872	4.76627e-19
349.09048	4.74643e-19
349.10223	4.72113e-19
349.11399	4.68850e-19
349.12574	4.67017e-19
349.13750	4.65775e-19
349.14926	4.62018e-19
349.16102	4.60040e-19
349.17278	4.58107e-19
349.18454	4.56509e-19
349.19630	4.54911e-19
349.20806	4.51937e-19
349.21983	4.50778e-19
349.23159	4.48214e-19
349.24335	4.45689e-19
349.25512	4.44255e-19
349.26689	4.42181e-19
349.27865	4.40493e-19
349.29042	4.38692e-19
349.30219	4.37268e-19
349.31396	4.34837e-19
349.32573	4.32956e-19
349.33750	4.32546e-19
349.34927	4.31191e-19
349.36104	4.29610e-19
349.37282	4.28121e-19
349.38459	4.26634e-19
349.39637	4.26264e-19
349.40814	4.25622e-19
349.41992	4.23563e-19
349.43169	4.22745e-19
349.44347	4.22061e-19
349.45525	4.21562e-19
349.46703	4.21438e-19
349.47881	4.19950e-19
349.49059	4.19870e-19
349.50237	4.19139e-19
349.51416	4.18001e-19
349.52594	4.18235e-19
349.53773	4.17972e-19
349.54951	4.17804e-19
349.56130	4.17267e-19
349.57308	4.17072e-19
349.58487	4.16680e-19
349.59666	4.16640e-19
349.60845	4.16077e-19
349.62024	4.14934e-19
349.63203	4.15507e-19
349.64382	4.14594e-19
349.65561	4.14584e-19
349.66741	4.14509e-19
349.67920	4.13248e-19
349.69100	4.14529e-19
349.70279	4.13680e-19
349.71459	4.12658e-19
349.72638	4.13852e-19
349.73818	4.13060e-19
349.74998	4.12591e-19
349.76178	4.13571e-19
349.77358	4.13472e-19
349.78538	4.13700e-19
349.79718	4.14160e-19
349.80899	4.13787e-19
349.82079	4.14740e-19
349.83259	4.14859e-19
349.84440	4.14182e-19
349.85621	4.14255e-19
349.86801	4.13995e-19
349.87982	4.14905e-19
349.89163	4.15510e-19
349.90344	4.15794e-19
349.91525	4.16041e-19
349.92706	4.15758e-19
349.93887	4.16223e-19
349.95068	4.16174e-19
349.96249	4.16418e-19
349.97431	4.17258e-19
349.98612	4.17995e-19
349.99794	4.18574e-19
350.00976	4.18911e-19
350.02157	4.19397e-19
350.03339	4.19395e-19
350.04521	4.19612e-19
350.05703	4.20009e-19
350.06885	4.20658e-19
350.08067	4.21309e-19
350.09249	4.22009e-19
350.10431	4.23093e-19
350.11614	4.22746e-19
350.12796	4.23145e-19
350.13979	4.24117e-19
350.15161	4.23818e-19
350.16344	4.24129e-19
350.17527	4.24548e-19
350.18710	4.25319e-19
350.19892	4.25954e-19
350.21075	4.26206e-19
350.22258	4.26693e-19
350.23442	4.26328e-19
350.24625	4.27339e-19
350.25808	4.28710e-19
350.26992	4.28657e-19
350.28175	4.29311e-19
350.29359	4.30227e-19
350.30542	4.31646e-19
350.31726	4.32163e-19
350.32910	4.32195e-19
350.34094	4.34282e-19
350.35277	4.35077e-19
350.36461	4.35249e-19
350.37646	4.36745e-19
350.38830	4.37822e-19
350.40014	4.38807e-19
350.41198	4.39876e-19
350.42383	4.41312e-19
350.43567	4.42514e-19
350.44752	4.43581e-19
350.45937	4.45608e-19
350.47121	4.46233e-19
350.48306	4.46372e-19
350.49491	4.48536e-19
350.50676	4.49496e-19
350.51861	4.50064e-19
350.53046	4.51895e-19
350.54231	4.51926e-19
350.55417	4.52396e-19
350.56602	4.53510e-19
350.57788	4.53886e-19
350.58973	4.54662e-19
350.60159	4.54946e-19
350.61344	4.55734e-19
350.62530	4.55948e-19
350.63716	4.56075e-19
350.64902	4.56443e-19
350.66088	4.56093e-19
350.67274	4.57355e-19
350.68460	4.57589e-19
350.69647	4.57740e-19
350.70833	4.58736e-19
350.72019	4.58134e-19
350.73206	4.58881e-19
350.74393	4.59897e-19
350.75579	4.60751e-19
350.76766	4.62346e-19
350.77953	4.62470e-19
350.79140	4.62729e-19
350.80327	4.63999e-19
350.81514	4.64919e-19
350.82701	4.65108e-19
350.83888	4.65569e-19
350.85075	4.66544e-19
350.86263	4.66673e-19
350.87450	4.67387e-19
350.88638	4.68077e-19
350.89826	4.68041e-19
350.91013	4.69226e-19
350.92201	4.69255e-19
350.93389	4.68928e-19
350.94577	4.69797e-19
350.95765	4.70692e-19
350.96953	4.71357e-19
350.98141	4.70822e-19
350.99329	4.71683e-19
351.00518	4.72058e-19
351.01706	4.71724e-19
351.02895	4.72607e-19
351.04083	4.72094e-19
351.05272	4.73189e-19
351.06461	4.74193e-19
351.07650	4.74101e-19
351.08839	4.74792e-19
351.10028	4.75404e-19
351.11217	4.76733e-19
351.12406	4.76910e-19
351.13595	4.77450e-19
351.14784	4.77629e-19
351.15974	4.77528e-19
351.17163	4.78370e-19
351.18353	4.78564e-19
351.19543	4.79287e-19
351.20732	4.78512e-19
351.21922	4.78676e-19
351.23112	4.79209e-19
351.24302	4.77812e-19
351.25492	4.77551e-19
351.26682	4.77574e-19
351.27872	4.77736e-19
351.29063	4.77175e-19
351.30253	4.76111e-19
351.31443	4.74886e-19
351.32634	4.75130e-19
351.33825	4.75822e-19
351.35015	4.74006e-19
351.36206	4.73942e-19
351.37397	4.73786e-19
351.38588	4.72548e-19
351.39779	4.71969e-19
351.40970	4.71762e-19
351.42161	4.71339e-19
351.43352	4.68953e-19
351.44544	4.68672e-19
351.45735	4.68923e-19
351.46927	4.67256e-19
351.48118	4.66411e-19
351.49310	4.65745e-19
351.50502	4.63737e-19
351.51693	4.61848e-19
351.52885	4.61829e-19
351.54077	4.60431e-19
351.55269	4.58822e-19
351.56462	4.57600e-19
351.57654	4.55500e-19
351.58846	4.54606e-19
351.60038	4.53340e-19
351.61231	4.51755e-19
351.62424	4.50426e-19
351.63616	4.49211e-19
351.64809	4.47436e-19
351.66002	4.45923e-19
351.67195	4.44691e-19
351.68387	4.42723e-19
351.69581	4.42872e-19
351.70774	4.41956e-19
351.71967	4.40135e-19
351.73160	4.39633e-19
351.74353	4.38363e-19
351.75547	4.38006e-19
351.76740	4.37459e-19
351.77934	4.36782e-19
351.79128	4.36205e-19
351.80322	4.35231e-19
351.81515	4.34937e-19
351.82709	4.34689e-19
351.83903	4.34614e-19
351.85097	4.34506e-19
351.86292	4.34851e-19
351.87486	4.34987e-19
351.88680	4.35047e-19
351.89875	4.35519e-19
351.91069	4.35883e-19
351.92264	4.36962e-19
351.93458	4.37288e-19
351.94653	4.37646e-19
351.95848	4.38880e-19
351.97043	4.39498e-19
351.98238	4.40440e-19
351.99433	4.41899e-19
352.00628	4.42500e-19
352.01823	4.43137e-19
352.03019	4.44718e-19
352.04214	4.45597e-19
352.05409	4.46607e-19
352.06605	4.48019e-19
352.07801	4.49392e-19
352.08996	4.51503e-19
352.10192	4.53073e-19
352.11388	4.53745e-19
352.12584	4.54564e-19
352.13780	4.56576e-19
352.14976	4.58240e-19
352.16172	4.59828e-19
352.17369	4.61483e-19
352.18565	4.61600e-19
352.19761	4.62874e-19
352.20958	4.63170e-19
352.22154	4.63383e-19
352.23351	4.65518e-19
352.24548	4.64931e-19
352.25745	4.64770e-19
352.26942	4.65711e-19
352.28139	4.65250e-19
352.29336	4.65177e-19
352.30533	4.65113e-19
352.31730	4.65171e-19
352.32928	4.65122e-19
352.34125	4.65312e-19
352.35323	4.65379e-19
352.36520	4.64693e-19
352.37718	4.64649e-19
352.38916	4.64884e-19
352.40113	4.64871e-19
352.41311	4.64193e-19
352.42509	4.64083e-19
352.43707	4.63876e-19
352.44905	4.62235e-19
352.46104	4.61784e-19
352.47302	4.61731e-19
352.48500	4.61007e-19
352.49699	4.59495e-19
352.50897	4.58374e-19
352.52096	4.58339e-19
352.53295	4.56816e-19
352.54494	4.55991e-19
352.55693	4.55108e-19
352.56892	4.53743e-19
352.58091	4.53639e-19
352.59290	4.52142e-19
352.60489	4.51058e-19
352.61688	4.49690e-19
352.62888	4.47554e-19
352.64087	4.46422e-19
352.65287	4.45009e-19
352.66486	4.44318e-19
352.67686	4.42998e-19
352.68886	4.41503e-19
352.70086	4.40026e-19
352.71286	4.37748e-19
352.72486	4.36826e-19
352.73686	4.35502e-19
352.74886	4.33697e-19
352.76086	4.31801e-19
352.77286	4.29976e-19
352.78487	4.29028e-19
352.79687	4.27216e-19
352.80888	4.25803e-19
352.82089	4.24410e-19
352.83289	4.22744e-19
352.84490	4.21549e-19
352.85691	4.19889e-19
352.86892	4.19463e-19
352.88093	4.18381e-19
352.89295	4.16584e-19
352.90496	4.16183e-19
352.91697	4.14714e-19
352.92899	4.13980e-19
352.94100	4.13930e-19
352.95302	4.13193e-19
352.96503	4.13236e-19
352.97705	4.12250e-19
352.98907	4.11714e-19
353.00109	4.11786e-19
353.01311	4.11047e-19
353.02513	4.10981e-19
353.03715	4.11065e-19
353.04917	4.11892e-19
353.06120	4.12247e-19
353.07322	4.11853e-19
353.08524	4.12209e-19
353.09727	4.12225e-19
353.10930	4.12603e-19
353.12132	4.12752e-19
353.13335	4.12689e-19
353.14538	4.13497e-19
353.15741	4.13705e-19
353.16944	4.13762e-19
353.18147	4.14537e-19
353.19350	4.14503e-19
353.20554	4.14427e-19
353.21757	4.15583e-19
353.22961	4.15926e-19
353.24164	4.16438e-19
353.25368	4.17289e-19
353.26572	4.17193e-19
353.27775	4.17914e-19
353.28979	4.18871e-19
353.30183	4.19847e-19
353.31387	4.20778e-19
353.32591	4.21434e-19
353.33796	4.21993e-19
353.35000	4.22626e-19
353.36204	4.24415e-19
353.37409	4.25854e-19
353.38613	4.27213e-19
353.39818	4.28447e-19
353.41022	4.29214e-19
353.42227	4.30728e-19
353.43432	4.31800e-19
353.44637	4.33063e-19
353.45842	4.34403e-19
353.47047	4.35795e-19
353.48252	4.37426e-19
353.49458	4.37977e-19
353.50663	4.38997e-19
353.51868	4.40226e-19
353.53074	4.41002e-19
353.54280	4.42209e-19
353.55485	4.43599e-19
353.56691	4.45037e-19
353.57897	4.45864e-19
353.59103	4.46886e-19
353.60309	4.48623e-19
353.61515	4.49976e-19
353.62721	4.51379e-19
353.63927	4.52768e-19
353.65134	4.54194e-19
353.66340	4.55720e-19
353.67547	4.57109e-19
353.68753	4.59221e-19
353.69960	4.60814e-19
353.71167	4.62284e-19
353.72374	4.64611e-19
353.73580	4.66616e-19
353.74787	4.68688e-19
353.75995	4.70661e-19
353.77202	4.73064e-19
353.78409	4.75320e-19
353.79616	4.77019e-19
353.80824	4.79327e-19
353.82031	4.81297e-19
353.83239	4.83442e-19
353.84446	4.85155e-19
353.85654	4.86428e-19
353.86862	4.88529e-19
353.88070	4.90180e-19
353.89278	4.91745e-19
353.90486	4.93504e-19
353.91694	4.94355e-19
353.92902	4.95515e-19
353.94111	4.97692e-19
353.95319	4.98855e-19
353.96528	5.00296e-19
353.97736	5.02282e-19
353.98945	5.03218e-19
354.00153	5.05007e-19
354.01362	5.07167e-19
354.02571	5.09135e-19
354.03780	5.11098e-19
354.04989	5.13479e-19
354.06198	5.15984e-19
354.07408	5.17553e-19
354.08617	5.19638e-19
354.09826	5.21991e-19
354.11036	5.25152e-19
354.12245	5.27616e-19
354.13455	5.28891e-19
354.14665	5.31308e-19
354.15875	5.33163e-19
354.17084	5.34896e-19
354.18294	5.36875e-19
354.19504	5.39493e-19
354.20715	5.42433e-19
354.21925	5.43773e-19
354.23135	5.45409e-19
354.24345	5.47404e-19
354.25556	5.49230e-19
354.26767	5.51792e-19
354.27977	5.53505e-19
354.29188	5.54721e-19
354.30399	5.56343e-19
354.31610	5.56481e-19
354.32820	5.57914e-19
354.34032	5.59570e-19
354.35243	5.59228e-19
354.36454	5.61176e-19
354.37665	5.62538e-19
354.38877	5.62767e-19
354.40088	5.62800e-19
354.41300	5.63064e-19
354.42511	5.64843e-19
354.43723	5.64267e-19
354.44935	5.64066e-19
354.46147	5.64621e-19
354.47359	5.64803e-19
354.48571	5.64935e-19
354.49783	5.64551e-19
354.50995	5.64865e-19
354.52207	5.64302e-19
354.53420	5.64997e-19
354.54632	5.64651e-19
354.55845	5.63932e-19
354.57057	5.64203e-19
354.58270	5.62620e-19
354.59483	5.63305e-19
354.60696	5.63400e-19
354.61908	5.62454e-19
354.63122	5.61974e-19
354.64335	5.60961e-19
354.65548	5.60705e-19
354.66761	5.59862e-19
354.67975	5.59743e-19
354.69188	5.58834e-19
354.70401	5.57864e-19
354.71615	5.57583e-19
354.72829	5.56961e-19
354.74043	5.56420e-19
354.75256	5.54862e-19
354.76470	5.54955e-19
354.77684	5.54474e-19
354.78899	5.53531e-19
354.80113	5.53384e-19
354.81327	5.52113e-19
354.82541	5.51490e-19
354.83756	5.50065e-19
354.84970	5.49175e-19
354.86185	5.48600e-19
354.87400	5.46742e-19
354.88614	5.45477e-19
354.89829	5.44695e-19
354.91044	5.43524e-19
354.92259	5.41294e-19
354.93474	5.40034e-19
354.94690	5.38774e-19
354.95905	5.37513e-19
354.97120	5.36543e-19
354.98336	5.34315e-19
354.99551	5.33596e-19
355.00767	5.32003e-19
355.01983	5.29852e-19
355.03198	5.29134e-19
355.04414	5.27341e-19
355.05630	5.26396e-19
355.06846	5.25302e-19
355.08062	5.23200e-19
355.09278	5.21674e-19
355.10495	5.20345e-19
355.11711	5.19308e-19
355.12928	5.17485e-19
355.14144	5.15637e-19
355.15361	5.14386e-19
355.16577	5.12927e-19
355.17794	5.11550e-19
355.19011	5.10365e-19
355.20228	5.09117e-19
355.21445	5.07573e-19
355.22662	5.06153e-19
355.23879	5.04643e-19
355.25097	5.03569e-19
355.26314	5.02663e-19
355.27531	5.00979e-19
355.28749	4.99942e-19
355.29967	4.98998e-19
355.31184	4.97751e-19
355.32402	4.96386e-19
355.33620	4.94788e-19
355.34838	4.93555e-19
355.36056	4.92236e-19
355.37274	4.91533e-19
355.38492	4.90300e-19
355.39710	4.88547e-19
355.40929	4.88302e-19
355.42147	4.87910e-19
355.43366	4.86861e-19
355.44584	4.86086e-19
355.45803	4.85304e-19
355.47022	4.84256e-19
355.48241	4.83506e-19
355.49460	4.82747e-19
355.50679	4.81768e-19
355.51898	4.81301e-19
355.53117	4.80575e-19
355.54336	4.80033e-19
355.55556	4.79472e-19
355.56775	4.78122e-19
355.57995	4.77207e-19
355.59214	4.76304e-19
355.60434	4.74956e-19
355.61654	4.74322e-19
355.62874	4.73786e-19
355.64094	4.72526e-19
355.65314	4.71458e-19
355.66534	4.70240e-19
355.67754	4.69154e-19
355.68974	4.68378e-19
355.70195	4.68090e-19
355.71415	4.67801e-19
355.72636	4.66100e-19
355.73856	4.66067e-19
355.75077	4.65336e-19
355.76298	4.62902e-19
355.77519	4.63460e-19
355.78740	4.63608e-19
355.79961	4.62726e-19
355.81182	4.62023e-19
355.82403	4.61066e-19
355.83624	4.61135e-19
355.84846	4.60863e-19
355.86067	4.60557e-19
355.87289	4.60346e-19
355.88510	4.59968e-19
355.89732	4.59521e-19
355.90954	4.59082e-19
355.92176	4.59556e-19
355.93398	4.59806e-19
355.94620	4.59591e-19
355.95842	4.60079e-19
355.97064	4.60571e-19
355.98286	4.60652e-19
355.99509	4.61457e-19
356.00731	4.61888e-19
356.01954	4.62508e-19
356.03176	4.63753e-19
356.04399	4.64146e-19
356.05622	4.65497e-19
356.06845	4.65837e-19
356.08068	4.65732e-19
356.09291	4.67588e-19
356.10514	4.68353e-19
356.11737	4.68922e-19
356.12961	4.69865e-19
356.14184	4.70819e-19
356.15407	4.72250e-19
356.16631	4.72743e-19
356.17855	4.72935e-19
356.19078	4.73743e-19
356.20302	4.74964e-19
356.21526	4.75651e-19
356.22750	4.75860e-19
356.23974	4.76774e-19
356.25198	4.77955e-19
356.26423	4.78626e-19
356.27647	4.79283e-19
356.28871	4.80052e-19
356.30096	4.80561e-19
356.31320	4.81190e-19
356.32545	4.81934e-19
356.33770	4.82712e-19
356.34994	4.83660e-19
356.36219	4.85062e-19
356.37444	4.85641e-19
356.38669	4.85648e-19
356.39895	4.87068e-19
356.41120	4.87904e-19
356.42345	4.88387e-19
356.43571	4.89219e-19
356.44796	4.89715e-19
356.46022	4.91391e-19
356.47247	4.92426e-19
356.48473	4.92727e-19
356.49699	4.94049e-19
356.50925	4.95334e-19
356.52151	4.96392e-19
356.53377	4.97594e-19
356.54603	4.99212e-19
356.55829	5.00400e-19
356.57056	5.01392e-19
356.58282	5.03398e-19
356.59509	5.05451e-19
356.60735	5.07126e-19
356.61962	5.08715e-19
356.63189	5.10139e-19
356.64416	5.12249e-19
356.65642	5.14849e-19
356.66869	5.16345e-19
356.68097	5.18000e-19
356.69324	5.19951e-19
356.70551	5.20944e-19
356.71778	5.22787e-19
356.73006	5.24190e-19
356.74233	5.25735e-19
356.75461	5.28503e-19
356.76689	5.29180e-19
356.77916	5.30176e-19
356.79144	5.31961e-19
356.80372	5.33368e-19
356.81600	5.35592e-19
356.82828	5.37024e-19
356.84057	5.38888e-19
356.85285	5.40453e-19
356.86513	5.41202e-19
356.87742	5.42873e-19
356.88970	5.44286e-19
356.90199	5.45930e-19
356.91428	5.47730e-19
356.92656	5.49613e-19
356.93885	5.51507e-19
356.95114	5.52915e-19
356.96343	5.54932e-19
356.97572	5.56665e-19
356.98802	5.58059e-19
357.00031	5.60092e-19
357.01260	5.62018e-19
357.02490	5.63855e-19
357.03719	5.65332e-19
357.04949	5.66079e-19
357.06179	5.67728e-19
357.07408	5.69102e-19
357.08638	5.69485e-19
357.09868	5.70905e-19
357.11098	5.72482e-19
357.12328	5.73847e-19
357.13559	5.74542e-19
357.14789	5.75400e-19
357.16019	5.76779e-19
357.17250	5.77426e-19
357.18480	5.78558e-19
357.19711	5.78976e-19
357.20942	5.78934e-19
357.22173	5.79368e-19
357.23404	5.79444e-19
357.24635	5.79101e-19
357.25866	5.78908e-19
357.27097	5.78869e-19
357.28328	5.77818e-19
357.29559	5.77305e-19
357.30791	5.76428e-19
357.32022	5.75880e-19
357.33254	5.75483e-19
357.34486	5.73475e-19
357.35717	5.73320e-19
357.36949	5.72945e-19
357.38181	5.72338e-19
357.39413	5.72209e-19
357.40645	5.70645e-19
357.41877	5.69921e-19
357.43110	5.69573e-19
357.44342	5.69091e-19
357.45574	5.68787e-19
357.46807	5.68606e-19
357.48040	5.67523e-19
357.49272	5.67460e-19
357.50505	5.68589e-19
357.51738	5.67132e-19
357.52971	5.66635e-19
357.54204	5.66859e-19
357.55437	5.65695e-19
357.56670	5.65219e-19
357.57903	5.64709e-19
357.59137	5.63775e-19
357.60370	5.62754e-19
357.61604	5.61083e-19
357.62837	5.58724e-19
357.64071	5.57403e-19
357.65305	5.56027e-19
357.66539	5.54230e-19
357.67773	5.52693e-19
357.69007	5.50976e-19
357.70241	5.49434e-19
357.71475	5.47100e-19
357.72710	5.46100e-19
357.73944	5.45215e-19
357.75178	5.43621e-19
357.76413	5.43036e-19
357.77648	5.41651e-19
357.78882	5.41318e-19
357.80117	5.40686e-19
357.81352	5.39244e-19
357.82587	5.38509e-19
357.83822	5.37224e-19
357.85057	5.37021e-19
357.86293	5.36936e-19
357.87528	5.36541e-19
357.88763	5.36526e-19
357.89999	5.36356e-19
357.91234	5.35927e-19
357.92470	5.35465e-19
357.93706	5.36129e-19
357.94942	5.35715e-19
357.96178	5.34945e-19
357.97414	5.35271e-19
357.98650	5.33946e-19
357.99886	5.32786e-19
358.01122	5.32279e-19
358.02358	5.31139e-19
358.03595	5.30496e-19
358.04831	5.29482e-19
358.06068	5.28616e-19
358.07305	5.27552e-19
358.08542	5.25827e-19
358.09778	5.24946e-19
358.11015	5.24148e-19
358.12252	5.23463e-19
358.13490	5.22761e-19
358.14727	5.22545e-19
358.15964	5.22505e-19
358.17201	5.21331e-19
358.18439	5.20919e-19
358.19676	5.20365e-19
358.20914	5.19484e-19
358.22152	5.19051e-19
358.23390	5.18253e-19
358.24627	5.17943e-19
358.25865	5.17510e-19
358.27104	5.17117e-19
358.28342	5.16630e-19
358.29580	5.15774e-19
358.30818	5.15014e-19
358.32057	5.14036e-19
358.33295	5.14054e-19
358.34534	5.13604e-19
358.35772	5.12239e-19
358.37011	5.11788e-19
358.38250	5.10792e-19
358.39489	5.10015e-19
358.40728	5.09308e-19
358.41967	5.07639e-19
358.43206	5.07508e-19
358.44445	5.07112e-19
358.45685	5.05788e-19
358.46924	5.05107e-19
358.48164	5.04179e-19
358.49403	5.03718e-19
358.50643	5.02612e-19
358.51883	5.01668e-19
358.53123	5.01340e-19
358.54363	5.00274e-19
358.55603	4.99669e-19
358.56843	4.98672e-19
358.58083	4.97884e-19
358.59323	4.97556e-19
358.60564	4.97286e-19
358.61804	4.96601e-19
358.63045	4.95410e-19
358.64285	4.95438e-19
358.65526	4.94388e-19
358.66767	4.93113e-19
358.68008	4.92671e-19
358.69249	4.91468e-19
358.70490	4.91366e-19
358.71731	4.91368e-19
358.72972	4.90180e-19
358.74213	4.89729e-19
358.75455	4.89705e-19
358.76696	4.88606e-19
358.77938	4.87795e-19
358.79180	4.87096e-19
358.80421	4.86321e-19
358.81663	4.85887e-19
358.82905	4.85027e-19
358.84147	4.84581e-19
358.85389	4.83473e-19
358.86631	4.82605e-19
358.87874	4.82022e-19
358.89116	4.80680e-19
358.90358	4.79671e-19
358.91601	4.78152e-19
358.92844	4.77481e-19
358.94086	4.76766e-19
358.95329	4.75113e-19
358.96572	4.73594e-19
358.97815	4.72124e-19
358.99058	4.71279e-19
359.00301	4.70337e-19
359.01544	4.69547e-19
359.02788	4.68115e-19
359.04031	4.67177e-19
359.05274	4.67407e-19
359.06518	4.66676e-19
359.07762	4.66526e-19
359.09005	4.66945e-19
359.10249	4.66914e-19
359.11493	4.67353e-19
359.12737	4.68012e-19
359.13981	4.68036e-19
359.15225	4.68201e-19
359.16470	4.68567e-19
359.17714	4.69114e-19
359.18958	4.69421e-19
359.20203	4.69027e-19
359.21447	4.69800e-19
359.22692	4.69511e-19
359.23937	4.68817e-19
359.25182	4.69535e-19
359.26427	4.70069e-19
359.27672	4.70494e-19
359.28917	4.70345e-19
359.30162	4.71440e-19
359.31407	4.71597e-19
359.32653	4.71182e-19
359.33898	4.72183e-19
359.35144	4.72169e-19
359.36389	4.72955e-19
359.37635	4.73131e-19
359.38881	4.73150e-19
359.40127	4.73280e-19
359.41373	4.72714e-19
359.42619	4.73113e-19
359.43865	4.72742e-19
359.45111	4.72959e-19
359.46357	4.73174e-19
359.47604	4.72867e-19
359.48850	4.72726e-19
359.50097	4.72383e-19
359.51344	4.72463e-19
359.52590	4.72029e-19
359.53837	4.72247e-19
359.55084	4.71939e-19
359.56331	4.71444e-19
359.57578	4.71668e-19
359.58825	4.70958e-19
359.60073	4.70749e-19
359.61320	4.70800e-19
359.62567	4.71204e-19
359.63815	4.71612e-19
359.65063	4.71304e-19
359.66310	4.72004e-19
359.67558	4.72846e-19
359.68806	4.72612e-19
359.70054	4.72762e-19
359.71302	4.73068e-19
359.72550	4.72883e-19
359.73798	4.72936e-19
359.75047	4.72667e-19
359.76295	4.72511e-19
359.77544	4.72370e-19
359.78792	4.72415e-19
359.80041	4.72290e-19
359.81290	4.71720e-19
359.82538	4.72006e-19
359.83787	4.71129e-19
359.85036	4.70709e-19
359.86285	4.71087e-19
359.87535	4.70638e-19
359.88784	4.70638e-19
359.90033	4.69790e-19
359.91283	4.69356e-19
359.92532	4.69207e-19
359.93782	4.68929e-19
359.95031	4.68681e-19
359.96281	4.67884e-19
359.97531	4.67777e-19
359.98781	4.67635e-19
360.00031	4.68179e-19
360.01281	4.67774e-19
360.02531	4.67141e-19
360.03782	4.68251e-19
360.05032	4.68558e-19
360.06283	4.69313e-19
360.07533	4.69801e-19
360.08784	4.70426e-19
360.10035	4.71569e-19
360.11285	4.71789e-19
360.12536	4.73350e-19
360.13787	4.74636e-19
360.15038	4.75533e-19
360.16290	4.77128e-19
360.17541	4.78391e-19
360.18792	4.79561e-19
360.20044	4.80494e-19
360.21295	4.82189e-19
360.22547	4.83348e-19
360.23798	4.84447e-19
360.25050	4.86467e-19
360.26302	4.87471e-19
360.27554	4.88995e-19
360.28806	4.89924e-19
360.30058	4.90314e-19
360.31310	4.91995e-19
360.32563	4.92642e-19
360.33815	4.93551e-19
360.35068	4.95367e-19
360.36320	4.96514e-19
360.37573	4.97500e-19
360.38826	4.98881e-19
360.40078	5.00271e-19
360.41331	5.01067e-19
360.42584	5.02200e-19
360.43837	5.03442e-19
360.45091	5.04425e-19
360.46344	5.05144e-19
360.47597	5.06170e-19
360.48851	5.07451e-19
360.50104	5.07854e-19
360.51358	5.09393e-19
360.52611	5.10484e-19
360.53865	5.10478e-19
360.55119	5.12059e-19
360.56373	5.13469e-19
360.57627	5.14824e-19
360.58881	5.16710e-19
360.60135	5.17972e-19
360.61390	5.19291e-19
360.62644	5.21405e-19
360.63899	5.23607e-19
360.65153	5.25564e-19
360.66408	5.27151e-19
360.67663	5.28367e-19
360.68917	5.30301e-19
360.70172	5.32514e-19
360.71427	5.34075e-19
360.72682	5.34247e-19
360.73938	5.35299e-19
360.75193	5.36941e-19
360.76448	5.36630e-19
360.77704	5.37688e-19
360.78959	5.38498e-19
360.80215	5.38447e-19
360.81471	5.39654e-19
360.82726	5.40403e-19
360.83982	5.41242e-19
360.85238	5.42034e-19
360.86494	5.42909e-19
360.87750	5.43464e-19
360.89007	5.44474e-19
360.90263	5.45086e-19
360.91519	5.44914e-19
360.92776	5.46620e-19
360.94032	5.46632e-19
360.95289	5.46099e-19
360.96546	5.46727e-19
360.97803	5.47188e-19
360.99060	5.48142e-19
361.00317	5.47582e-19
361.01574	5.47286e-19
361.02831	5.47759e-19
361.04088	5.48013e-19
361.05346	5.47613e-19
361.06603	5.47122e-19
361.07861	5.48160e-19
361.09118	5.47981e-19
361.10376	5.47358e-19
361.11634	5.47772e-19
361.12892	5.47957e-19
361.14150	5.47716e-19
361.15408	5.47443e-19
361.16666	5.47528e-19
361.17924	5.47773e-19
361.19182	5.48020e-19
361.20441	5.47084e-19
361.21699	5.46609e-19
361.22958	5.46730e-19
361.24217	5.46258e-19
361.25475	5.45950e-19
361.26734	5.44741e-19
361.27993	5.43740e-19
361.29252	5.43178e-19
361.30511	5.42458e-19
361.31771	5.41375e-19
361.33030	5.39990e-19
361.34289	5.39370e-19
361.35549	5.38716e-19
361.36808	5.37866e-19
361.38068	5.36253e-19
361.39328	5.35867e-19
361.40588	5.35995e-19
361.41847	5.34118e-19
361.43107	5.33828e-19
361.44368	5.33720e-19
361.45628	5.32437e-19
361.46888	5.31832e-19
361.48148	5.30947e-19
361.49409	5.30244e-19
361.50669	5.29442e-19
361.51930	5.28070e-19
361.53191	5.27055e-19
361.54451	5.26588e-19
361.55712	5.25304e-19
361.56973	5.23766e-19
361.58234	5.23464e-19
361.59495	5.22367e-19
361.60757	5.21197e-19
361.62018	5.21150e-19
361.63279	5.20169e-19
361.64541	5.19604e-19
361.65803	5.19225e-19
361.67064	5.17690e-19
361.68326	5.17366e-19
361.69588	5.17154e-19
361.70850	5.16580e-19
361.72112	5.16460e-19
361.73374	5.15856e-19
361.74636	5.15938e-19
361.75898	5.15470e-19
361.77161	5.14946e-19
361.78423	5.15023e-19
361.79686	5.14005e-19
361.80948	5.13644e-19
361.82211	5.13415e-19
361.83474	5.12862e-19
361.84737	5.12989e-19
361.86000	5.13289e-19
361.87263	5.12615e-19
361.88526	5.11720e-19
361.89789	5.12511e-19
361.91053	5.12472e-19
361.92316	5.11843e-19
361.93580	5.12121e-19
361.94843	5.12326e-19
361.96107	5.12912e-19
361.97371	5.13033e-19
361.98635	5.13265e-19
361.99899	5.14229e-19
362.01163	5.14642e-19
362.02427	5.14625e-19
362.03691	5.14750e-19
362.04955	5.15055e-19
362.06220	5.15829e-19
362.07484	5.16025e-19
362.08749	5.15792e-19
362.10013	5.16204e-19
362.11278	5.15575e-19
362.12543	5.15874e-19
362.13808	5.16887e-19
362.15073	5.16863e-19
362.16338	5.17687e-19
362.17603	5.18473e-19
362.18869	5.20073e-19
362.20134	5.21110e-19
362.21399	5.20991e-19
362.22665	5.21984e-19
362.23931	5.22987e-19
362.25196	5.23710e-19
362.26462	5.23766e-19
362.27728	5.24307e-19
362.28994	5.24285e-19
362.30260	5.23982e-19
362.31526	5.25342e-19
362.32793	5.25582e-19
362.34059	5.25039e-19
362.35325	5.24865e-19
362.36592	5.25017e-19
362.37859	5.24851e-19
362.39125	5.24810e-19
362.40392	5.25275e-19
362.41659	5.25088e-19
362.42926	5.25450e-19
362.44193	5.25837e-19
362.45460	5.26572e-19
362.46727	5.27407e-19
362.47995	5.27562e-19
362.49262	5.28404e-19
362.50530	5.29178e-19
362.51797	5.29377e-19
362.53065	5.29715e-19
362.54333	5.30495e-19
362.55600	5.30597e-19
362.56868	5.30964e-19
362.58136	5.31648e-19
362.59405	5.31341e-19
362.60673	5.31116e-19
362.61941	5.30659e-19
362.63209	5.30231e-19
362.64478	5.29446e-19
362.65746	5.28992e-19
362.67015	5.29214e-19
362.68284	5.28152e-19
362.69553	5.27167e-19
362.70822	5.27118e-19
362.72091	5.26487e-19
362.73360	5.25938e-19
362.74629	5.26762e-19
362.75898	5.26336e-19
362.77168	5.25774e-19
362.78437	5.26797e-19
362.79707	5.26981e-19
362.80976	5.27418e-19
362.82246	5.27868e-19
362.83516	5.28170e-19
362.84786	5.28694e-19
362.86056	5.28865e-19
362.87326	5.28870e-19
362.88596	5.28941e-19
362.89866	5.29699e-19
362.91136	5.30272e-19
362.92407	5.30801e-19
362.93677	5.30410e-19
362.94948	5.30319e-19
362.96219	5.30592e-19
362.97489	5.30116e-19
362.98760	5.31179e-19
363.00031	5.31676e-19
363.01302	5.32211e-19
363.02574	5.32193e-19
363.03845	5.31200e-19
363.05116	5.31954e-19
363.06387	5.31091e-19
363.07659	5.29741e-19
363.08931	5.29430e-19
363.10202	5.28564e-19
363.11474	5.27652e-19
363.12746	5.27012e-19
363.14018	5.26948e-19
363.15290	5.26466e-19
363.16562	5.25427e-19
363.17834	5.24868e-19
363.19106	5.24635e-19
363.20379	5.23991e-19
363.21651	5.23748e-19
363.22924	5.23491e-19
363.24197	5.22954e-19
363.25469	5.23260e-19
363.26742	5.23566e-19
363.28015	5.23489e-19
363.29288	5.23208e-19
363.30561	5.23806e-19
363.31834	5.24114e-19
363.33108	5.23593e-19
363.34381	5.24084e-19
363.35655	5.24348e-19
363.36928	5.24101e-19
363.38202	5.23652e-19
363.39475	5.23432e-19
363.40749	5.23369e-19
363.42023	5.22689e-19
363.43297	5.22072e-19
363.44571	5.22171e-19
363.45845	5.21818e-19
363.47120	5.20136e-19
363.48394	5.19143e-19
363.49668	5.18317e-19
363.50943	5.17524e-19
363.52218	5.16739e-19
363.53492	5.15464e-19
363.54767	5.14870e-19
363.56042	5.13584e-19
363.57317	5.12673e-19
363.58592	5.12016e-19
363.59867	5.10686e-19
363.61142	5.09753e-19
363.62418	5.08655e-19
363.63693	5.07833e-19
363.64969	5.07012e-19
363.66244	5.05956e-19
363.67520	5.05144e-19
363.68796	5.04666e-19
363.70072	5.03582e-19
363.71348	5.02235e-19
363.72624	5.01377e-19
363.73900	5.00897e-19
363.75176	5.00663e-19
363.76452	4.99297e-19
363.77729	4.98706e-19
363.79005	4.98157e-19
363.80282	4.97286e-19
363.81559	4.97358e-19
363.82835	4.96477e-19
363.84112	4.96451e-19
363.85389	4.96470e-19
363.86666	4.96345e-19
363.87943	4.96481e-19
363.89221	4.95902e-19
363.90498	4.96909e-19
363.91775	4.98084e-19
363.93053	4.98670e-19
363.94330	4.99597e-19
363.95608	5.00262e-19
363.96886	5.00466e-19
363.98164	5.01251e-19
363.99442	5.02625e-19
364.00720	5.03778e-19
364.01998	5.04976e-19
364.03276	5.05960e-19
364.04554	5.07878e-19
364.05833	5.09286e-19
364.07111	5.10366e-19
364.08390	5.11680e-19
364.09668	5.12492e-19
364.10947	5.14504e-19
364.12226	5.15315e-19
364.13505	5.16443e-19
364.14784	5.18213e-19
364.16063	5.19125e-19
364.17342	5.20910e-19
364.18621	5.21831e-19
364.19901	5.22898e-19
364.21180	5.23937e-19
364.22460	5.25020e-19
364.23739	5.26623e-19
364.25019	5.27594e-19
364.26299	5.28929e-19
364.27579	5.29957e-19
364.28859	5.30992e-19
364.30139	5.31782e-19
364.31419	5.32535e-19
364.32699	5.33731e-19
364.33980	5.35114e-19
364.35260	5.36276e-19
364.36541	5.36698e-19
364.37821	5.38404e-19
364.39102	5.39528e-19
364.40383	5.40213e-19
364.41664	5.41448e-19
364.42945	5.41380e-19
364.44226	5.42075e-19
364.45507	5.42664e-19
364.46788	5.42987e-19
364.48070	5.44003e-19
364.49351	5.44385e-19
364.50633	5.45465e-19
364.51914	5.46898e-19
364.53196	5.47852e-19
364.54478	5.49485e-19
364.55760	5.51798e-19
364.57042	5.54017e-19
364.58324	5.55544e-19
364.59606	5.56939e-19
364.60888	5.59208e-19
364.62171	5.61203e-19
364.63453	5.62118e-19
364.64735	5.63668e-19
364.66018	5.65783e-19
364.67301	5.67264e-19
364.68584	5.68456e-19
364.69866	5.69530e-19
364.71149	5.70584e-19
364.72433	5.71249e-19
364.73716	5.71929e-19
364.74999	5.73397e-19
364.76282	5.74748e-19
364.77566	5.75800e-19
364.78849	5.76485e-19
364.80133	5.77373e-19
364.81417	5.78088e-19
364.82700	5.77644e-19
364.83984	5.78021e-19
364.85268	5.78785e-19
364.86552	5.79314e-19
364.87836	5.79889e-19
364.89121	5.80038e-19
364.90405	5.80483e-19
364.91689	5.81109e-19
364.92974	5.82208e-19
364.94258	5.82779e-19
364.95543	5.83624e-19
364.96828	5.85865e-19
364.98113	5.87722e-19
364.99398	5.89267e-19
365.00683	5.90632e-19
365.01968	5.92928e-19
365.03253	5.95055e-19
365.04539	5.96007e-19
365.05824	5.97845e-19
365.07109	6.00285e-19
365.08395	6.01925e-19
365.09681	6.02601e-19
365.10967	6.04742e-19
365.12252	6.06528e-19
365.13538	6.07000e-19
365.14824	6.08867e-19
365.16111	6.09892e-19
365.17397	6.10969e-19
365.18683	6.13283e-19
365.19970	6.15048e-19
365.21256	6.16571e-19
365.22543	6.18067e-19
365.23829	6.20009e-19
365.25116	6.22338e-19
365.26403	6.23592e-19
365.27690	6.23973e-19
365.28977	6.25126e-19
365.30264	6.26319e-19
365.31551	6.26791e-19
365.32839	6.26636e-19
365.34126	6.26807e-19
365.35414	6.27154e-19
365.36701	6.26094e-19
365.37989	6.25644e-19
365.39277	6.25375e-19
365.40564	6.23976e-19
365.41852	6.22717e-19
365.43140	6.21443e-19
365.44429	6.20219e-19
365.45717	6.18969e-19
365.47005	6.17921e-19
365.48294	6.17186e-19
365.49582	6.16650e-19
365.50871	6.16837e-19
365.52159	6.17448e-19
365.53448	6.16946e-19
365.54737	6.16484e-19
365.56026	6.17220e-19
365.57315	6.17283e-19
365.58604	6.18346e-19
365.59893	6.19137e-19
365.61183	6.17959e-19
365.62472	6.17637e-19
365.63762	6.16726e-19
365.65051	6.15165e-19
365.66341	6.14016e-19
365.67631	6.12809e-19
365.68920	6.11210e-19
365.70210	6.09112e-19
365.71500	6.07880e-19
365.72791	6.06063e-19
365.74081	6.04105e-19
365.75371	6.03391e-19
365.76662	6.01745e-19
365.77952	6.00008e-19
365.79243	5.99090e-19
365.80533	5.97770e-19
365.81824	5.96388e-19
365.83115	5.94828e-19
365.84406	5.93336e-19
365.85697	5.92632e-19
365.86988	5.91262e-19
365.88279	5.88982e-19
365.89571	5.87469e-19
365.90862	5.87002e-19
365.92154	5.86299e-19
365.93445	5.84276e-19
365.94737	5.82264e-19
365.96029	5.81111e-19
365.97320	5.80525e-19
365.98612	5.79181e-19
365.99905	5.76113e-19
366.01197	5.74620e-19
366.02489	5.73761e-19
366.03781	5.71721e-19
366.05074	5.70134e-19
366.06366	5.67174e-19
366.07659	5.64740e-19
366.08951	5.63347e-19
366.10244	5.61265e-19
366.11537	5.60010e-19
366.12830	5.57876e-19
366.14123	5.55779e-19
366.15416	5.53890e-19
366.16709	5.51261e-19
366.18003	5.49434e-19
366.19296	5.47250e-19
366.20590	5.45601e-19
366.21883	5.43814e-19
366.23177	5.40979e-19
366.24471	5.39018e-19
366.25765	5.37201e-19
366.27059	5.35342e-19
366.28353	5.33897e-19
366.29647	5.32385e-19
366.30941	5.30708e-19
366.32235	5.29485e-19
366.33530	5.28347e-19
366.34824	5.27020e-19
366.36119	5.26047e-19
366.37414	5.24446e-19
366.38708	5.22740e-19
366.40003	5.21890e-19
366.41298	5.20860e-19
366.42593	5.19827e-19
366.43889	5.19398e-19
366.45184	5.18663e-19
366.46479	5.18156e-19
366.47775	5.17773e-19
366.49070	5.16390e-19
366.50366	5.15637e-19
366.51661	5.15520e-19
366.52957	5.15056e-19
366.54253	5.14583e-19
366.55549	5.14393e-19
366.56845	5.14006e-19
366.58141	5.13470e-19
366.59438	5.13899e-19
366.60734	5.13990e-19
366.62030	5.14042e-19
366.63327	5.14197e-19
366.64624	5.13974e-19
366.65920	5.14009e-19
366.67217	5.13550e-19
366.68514	5.13761e-19
366.69811	5.13966e-19
366.71108	5.14024e-19
366.72405	5.14552e-19
366.73702	5.14779e-19
366.75000	5.15198e-19
366.76297	5.15150e-19
366.77595	5.15640e-19
366.78892	5.16268e-19
366.80190	5.16847e-19
366.81488	5.17772e-19
366.82786	5.17928e-19
366.84084	5.18478e-19
366.85382	5.19486e-19
366.86680	5.21184e-19
366.87978	5.22638e-19
366.89277	5.24061e-19
366.90575	5.25993e-19
366.91874	5.27096e-19
366.93172	5.29097e-19
366.94471	5.30590e-19
366.95770	5.31199e-19
366.97069	5.32793e-19
366.98368	5.34041e-19
366.99667	5.34844e-19
367.00966	5.36001e-19
367.02266	5.37425e-19
367.03565	5.38315e-19
367.04864	5.39107e-19
367.06164	5.40007e-19
367.07464	5.41055e-19
367.08763	5.42524e-19
367.10063	5.43753e-19
367.11363	5.45239e-19
367.12663	5.46635e-19
367.13963	5.47746e-19
367.15263	5.49225e-19
367.16564	5.50643e-19
367.17864	5.51997e-19
367.19165	5.53273e-19
367.20465	5.54413e-19
367.21766	5.56430e-19
367.23067	5.58380e-19
367.24368	5.59726e-19
367.25668	5.61977e-19
367.26969	5.63773e-19
367.28271	5.65845e-19
367.29572	5.67997e-19
367.30873	5.68750e-19
367.32175	5.70612e-19
367.33476	5.71902e-19
367.34778	5.72976e-19
367.36079	5.75123e-19
367.37381	5.75413e-19
367.38683	5.75673e-19
367.39985	5.76152e-19
367.41287	5.75563e-19
367.42589	5.75686e-19
367.43891	5.75900e-19
367.45194	5.75826e-19
367.46496	5.75800e-19
367.47799	5.75273e-19
367.49101	5.74943e-19
367.50404	5.74778e-19
367.51707	5.74516e-19
367.53010	5.74196e-19
367.54313	5.74429e-19
367.55616	5.74891e-19
367.56919	5.74199e-19
367.58222	5.74279e-19
367.59525	5.74112e-19
367.60829	5.72745e-19
367.62132	5.72054e-19
367.63436	5.70594e-19
367.64740	5.69624e-19
367.66044	5.69354e-19
367.67347	5.68378e-19
367.68651	5.68225e-19
367.69955	5.68344e-19
367.71260	5.67553e-19
367.72564	5.66809e-19
367.73868	5.67369e-19
367.75173	5.67426e-19
367.76477	5.66701e-19
367.77782	5.66989e-19
367.79087	5.66643e-19
367.80391	5.65916e-19
367.81696	5.66220e-19
367.83001	5.66343e-19
367.84307	5.66336e-19
367.85612	5.66555e-19
367.86917	5.66741e-19
367.88222	5.67408e-19
367.89528	5.67690e-19
367.90833	5.67910e-19
367.92139	5.68790e-19
367.93445	5.68295e-19
367.94751	5.67415e-19
367.96057	5.67877e-19
367.97363	5.67642e-19
367.98669	5.66715e-19
367.99975	5.66692e-19
368.01281	5.66380e-19
368.02588	5.66069e-19
368.03894	5.65693e-19
368.05201	5.64446e-19
368.06507	5.64741e-19
368.07814	5.64694e-19
368.09121	5.63579e-19
368.10428	5.63465e-19
368.11735	5.62868e-19
368.13042	5.62524e-19
368.14349	5.62102e-19
368.15657	5.61603e-19
368.16964	5.61602e-19
368.18272	5.60594e-19
368.19579	5.60020e-19
368.20887	5.59517e-19
368.22195	5.57899e-19
368.23503	5.56853e-19
368.24811	5.56440e-19
368.26119	5.55221e-19
368.27427	5.53984e-19
368.28735	5.53688e-19
368.30044	5.52479e-19
368.31352	5.51060e-19
368.32660	5.51203e-19
368.33969	5.51079e-19
368.35278	5.50711e-19
368.36587	5.50382e-19
368.37896	5.49691e-19
368.39205	5.50111e-19
368.40514	5.50144e-19
368.41823	5.49639e-19
368.43132	5.49833e-19
368.44441	5.49604e-19
368.45751	5.49489e-19
368.47061	5.49162e-19
368.48370	5.49014e-19
368.49680	5.49515e-19
368.50990	5.49660e-19
368.52300	5.49675e-19
368.53610	5.49875e-19
368.54920	5.50294e-19
368.56230	5.49948e-19
368.57540	5.49807e-19
368.58851	5.49362e-19
368.60161	5.47568e-19
368.61472	5.46794e-19
368.62782	5.45994e-19
368.64093	5.44704e-19
368.65404	5.43590e-19
368.66715	5.41871e-19
368.68026	5.40394e-19
368.69337	5.38935e-19
368.70649	5.37315e-19
368.71960	5.36195e-19
368.73271	5.35057e-19
368.74583	5.33790e-19
368.75894	5.33149e-19
368.77206	5.33044e-19
368.78518	5.33011e-19
368.79830	5.33211e-19
368.81142	5.33889e-19
368.82454	5.34722e-19
368.83766	5.35180e-19
368.85078	5.35248e-19
368.86391	5.36032e-19
368.87703	5.37206e-19
368.89016	5.37262e-19
368.90328	5.37975e-19
368.91641	5.38780e-19
368.92954	5.39078e-19
368.94267	5.40254e-19
368.95580	5.40157e-19
368.96893	5.39818e-19
368.98206	5.39939e-19
368.99519	5.39876e-19
369.00833	5.40459e-19
369.02146	5.40880e-19
369.03460	5.41363e-19
369.04773	5.42244e-19
369.06087	5.43405e-19
369.07401	5.43858e-19
369.08715	5.44958e-19
369.10029	5.46503e-19
369.11343	5.46888e-19
369.12657	5.47821e-19
369.13972	5.48058e-19
369.15286	5.48795e-19
369.16601	5.50027e-19
369.17915	5.51034e-19
369.19230	5.53567e-19
369.20545	5.54651e-19
369.21860	5.55132e-19
369.23175	5.56620e-19
369.24490	5.57479e-19
369.25805	5.58305e-19
369.27120	5.59076e-19
369.28435	5.58611e-19
369.29751	5.58195e-19
369.31066	5.58453e-19
369.32382	5.57992e-19
369.33698	5.58148e-19
369.35014	5.57750e-19
369.36329	5.56786e-19
369.37645	5.56870e-19
369.38962	5.56078e-19
369.40278	5.55510e-19
369.41594	5.55387e-19
369.42910	5.54530e-19
369.44227	5.54128e-19
369.45543	5.54055e-19
369.46860	5.53495e-19
369.48177	5.53655e-19
369.49494	5.53700e-19
369.50811	5.53071e-19
369.52128	5.53802e-19
369.53445	5.54023e-19
369.54762	5.53833e-19
369.56079	5.53535e-19
369.57397	5.52651e-19
369.58714	5.52713e-19
369.60032	5.51891e-19
369.61350	5.51254e-19
369.62667	5.51279e-19
369.63985	5.51045e-19
369.65303	5.51619e-19
369.66621	5.51447e-19
369.67939	5.51263e-19
369.69258	5.51185e-19
369.70576	5.50133e-19
369.71895	5.50005e-19
369.73213	5.49484e-19
369.74532	5.48032e-19
369.75850	5.47616e-19
369.77169	5.46646e-19
369.78488	5.45470e-19
369.79807	5.44714e-19
369.81126	5.44027e-19
369.82446	5.44117e-19
369.83765	5.43720e-19
369.85084	5.43922e-19
369.86404	5.44843e-19
369.87723	5.45373e-19
369.89043	5.46132e-19
369.90363	5.47254e-19
369.91683	5.48604e-19
369.93002	5.49591e-19
369.94323	5.51114e-19
369.95643	5.52221e-19
369.96963	5.53606e-19
369.98283	5.55745e-19
369.99604	5.56459e-19
370.00924	5.57527e-19
370.02245	5.58644e-19
370.03566	5.59544e-19
370.04886	5.60314e-19
370.06207	5.60195e-19
370.07528	5.60251e-19
370.08849	5.60270e-19
370.10170	5.60233e-19
370.11492	5.60042e-19
370.12813	5.60114e-19
370.14135	5.60198e-19
370.15456	5.60208e-19
370.16778	5.60217e-19
370.18100	5.59946e-19
370.19421	5.59474e-19
370.20743	5.58436e-19
370.22065	5.57889e-19
370.23387	5.57002e-19
370.24710	5.56495e-19
370.26032	5.56686e-19
370.27354	5.55992e-19
370.28677	5.55640e-19
370.29999	5.55105e-19
370.31322	5.54349e-19
370.32645	5.53667e-19
370.33968	5.53328e-19
370.35291	5.53159e-19
370.36614	5.52580e-19
370.37937	5.52223e-19
370.39260	5.51667e-19
370.40584	5.51185e-19
370.41907	5.50392e-19
370.43231	5.49473e-19
370.44554	5.47977e-19
370.45878	5.46265e-19
370.47202	5.45599e-19
370.48526	5.44555e-19
370.49850	5.43468e-19
370.51174	5.42233e-19
370.52498	5.41306e-19
370.53822	5.40190e-19
370.55147	5.38486e-19
370.56471	5.37903e-19
370.57796	5.36808e-19
370.59120	5.35774e-19
370.60445	5.35153e-19
370.61770	5.33845e-19
370.63095	5.32772e-19
370.64420	5.31576e-19
370.65745	5.30666e-19
370.67071	5.29873e-19
370.68396	5.28074e-19
370.69721	5.26540e-19
370.71047	5.25193e-19
370.72372	5.23186e-19
370.73698	5.21822e-19
370.75024	5.19909e-19
370.76350	5.18041e-19
370.77676	5.17164e-19
370.79002	5.15201e-19
370.80328	5.14096e-19
370.81654	5.13334e-19
370.82981	5.11900e-19
370.84307	5.11705e-19
370.85634	5.11361e-19
370.86961	5.10862e-19
370.88287	5.11089e-19
370.89614	5.11375e-19
370.90941	5.11994e-19
370.92268	5.13000e-19
370.93595	5.13324e-19
370.94923	5.13565e-19
370.96250	5.14597e-19
370.97577	5.15108e-19
370.98905	5.15513e-19
371.00232	5.16646e-19
371.01560	5.17857e-19
371.02888	5.19860e-19
371.04216	5.22413e-19
371.05544	5.24661e-19
371.06872	5.27349e-19
371.08200	5.29266e-19
371.09528	5.31221e-19
371.10857	5.34207e-19
371.12185	5.35955e-19
371.13514	5.37589e-19
371.14842	5.38477e-19
371.16171	5.38570e-19
371.17500	5.39487e-19
371.18829	5.39655e-19
371.20158	5.39879e-19
371.21487	5.40399e-19
371.22816	5.40411e-19
371.24146	5.39990e-19
371.25475	5.40285e-19
371.26805	5.40973e-19
371.28134	5.40811e-19
371.29464	5.41029e-19
371.30794	5.41340e-19
371.32124	5.42644e-19
371.33454	5.44259e-19
371.34784	5.45235e-19
371.36114	5.46843e-19
371.37444	5.47990e-19
371.38775	5.49245e-19
371.40105	5.50500e-19
371.41436	5.51824e-19
371.42766	5.53817e-19
371.44097	5.55754e-19
371.45428	5.57973e-19
371.46759	5.59933e-19
371.48090	5.61753e-19
371.49421	5.63724e-19
371.50752	5.65314e-19
371.52084	5.66621e-19
371.53415	5.68346e-19
371.54747	5.70791e-19
371.56078	5.73470e-19
371.57410	5.75681e-19
371.58742	5.78171e-19
371.60074	5.81698e-19
371.61406	5.83802e-19
371.62738	5.84901e-19
371.64070	5.86959e-19
371.65402	5.88886e-19
371.66735	5.90606e-19
371.68067	5.92813e-19
371.69400	5.95102e-19
371.70732	5.97260e-19
371.72065	5.99374e-19
371.73398	6.01177e-19
371.74731	6.03517e-19
371.76064	6.05005e-19
371.77397	6.05906e-19
371.78730	6.07413e-19
371.80064	6.07344e-19
371.81397	6.08227e-19
371.82731	6.09620e-19
371.84064	6.09911e-19
371.85398	6.11516e-19
371.86732	6.13280e-19
371.88066	6.15016e-19
371.89400	6.16786e-19
371.90734	6.18269e-19
371.92068	6.20132e-19
371.93402	6.22055e-19
371.94737	6.23683e-19
371.96071	6.25578e-19
371.97406	6.26888e-19
371.98740	6.26981e-19
372.00075	6.28259e-19
372.01410	6.29919e-19
372.02745	6.30783e-19
372.04080	6.30753e-19
372.05415	6.29949e-19
372.06750	6.29051e-19
372.08086	6.27555e-19
372.09421	6.27456e-19
372.10757	6.27404e-19
372.12092	6.26329e-19
372.13428	6.26332e-19
372.14764	6.25853e-19
372.16100	6.24597e-19
372.17436	6.23476e-19
372.18772	6.22528e-19
372.20108	6.21510e-19
372.21445	6.20893e-19
372.22781	6.20886e-19
372.24117	6.19701e-19
372.25454	6.18427e-19
372.26791	6.18962e-19
372.28128	6.19999e-19
372.29464	6.20877e-19
372.30801	6.21893e-19
372.32138	6.23295e-19
372.33476	6.25182e-19
372.34813	6.25777e-19
372.36150	6.26108e-19
372.37488	6.27119e-19
372.38825	6.26599e-19
372.40163	6.26392e-19
372.41501	6.27188e-19
372.42838	6.27119e-19
372.44176	6.27082e-19
372.45514	6.27331e-19
372.46853	6.27139e-19
372.48191	6.27305e-19
372.49529	6.27440e-19
372.50868	6.26589e-19
372.52206	6.25825e-19
372.53545	6.25256e-19
372.54883	6.25494e-19
372.56222	6.25850e-19
372.57561	6.25414e-19
372.58900	6.25595e-19
372.60239	6.24674e-19
372.61578	6.22993e-19
372.62918	6.21936e-19
372.64257	6.20618e-19
372.65597	6.20362e-19
372.66936	6.19964e-19
372.68276	6.17929e-19
372.69616	6.16939e-19
372.70955	6.15756e-19
372.72295	6.12618e-19
372.73635	6.10740e-19
372.74976	6.09630e-19
372.76316	6.07535e-19
372.77656	6.05662e-19
372.78997	6.03719e-19
372.80337	6.01644e-19
372.81678	6.00633e-19
372.83018	5.99254e-19
372.84359	5.97014e-19
372.85700	5.96335e-19
372.87041	5.94897e-19
372.88382	5.92602e-19
372.89724	5.91734e-19
372.91065	5.90440e-19
372.92406	5.88815e-19
372.93748	5.86404e-19
372.95089	5.84196e-19
372.96431	5.82779e-19
372.97773	5.81041e-19
372.99115	5.79932e-19
373.00457	5.78947e-19
373.01799	5.77821e-19
373.03141	5.76042e-19
373.04483	5.75454e-19
373.05826	5.75879e-19
373.07168	5.75105e-19
373.08511	5.74982e-19
373.09853	5.74514e-19
373.11196	5.73469e-19
373.12539	5.72369e-19
373.13882	5.71025e-19
373.15225	5.70031e-19
373.16568	5.69086e-19
373.17911	5.68561e-19
373.19255	5.67574e-19
373.20598	5.66900e-19
373.21942	5.66576e-19
373.23285	5.65431e-19
373.24629	5.64718e-19
373.25973	5.63952e-19
373.27317	5.62838e-19
373.28661	5.62874e-19
373.30005	5.63674e-19
373.31349	5.63227e-19
373.32693	5.62656e-19
373.34038	5.62691e-19
373.35382	5.61759e-19
373.36727	5.60655e-19
373.38072	5.59633e-19
373.39416	5.58837e-19
373.40761	5.58566e-19
373.42106	5.57643e-19
373.43451	5.56807e-19
373.44796	5.56450e-19
373.46142	5.55010e-19
373.47487	5.53527e-19
373.48833	5.52670e-19
373.50178	5.51037e-19
373.51524	5.49742e-19
373.52870	5.49110e-19
373.54215	5.48340e-19
373.55561	5.48177e-19
373.56907	5.48530e-19
373.58254	5.48887e-19
373.59600	5.49410e-19
373.60946	5.49618e-19
373.62293	5.49579e-19
373.63639	5.50302e-19
373.64986	5.50688e-19
373.66332	5.50953e-19
373.67679	5.51651e-19
373.69026	5.51709e-19
373.70373	5.52077e-19
373.71720	5.52181e-19
373.73068	5.52152e-19
373.74415	5.53298e-19
373.75762	5.54738e-19
373.77110	5.56372e-19
373.78457	5.57966e-19
373.79805	5.59525e-19
373.81153	5.61356e-19
373.82501	5.63051e-19
373.83849	5.64596e-19
373.85197	5.66006e-19
373.86545	5.67355e-19
373.87893	5.68605e-19
373.89242	5.69868e-19
373.90590	5.71579e-19
373.91939	5.73238e-19
373.93287	5.73510e-19
373.94636	5.73344e-19
373.95985	5.73825e-19
373.97334	5.73496e-19
373.98683	5.72818e-19
374.00032	5.72447e-19
374.01382	5.71665e-19
374.02731	5.71081e-19
374.04080	5.70126e-19
374.05430	5.69194e-19
374.06780	5.68473e-19
374.08129	5.66561e-19
374.09479	5.65506e-19
374.10829	5.64701e-19
374.12179	5.63120e-19
374.13529	5.63036e-19
374.14879	5.63319e-19
374.16230	5.63311e-19
374.17580	5.63436e-19
374.18931	5.63533e-19
374.20281	5.63115e-19
374.21632	5.62489e-19
374.22983	5.62337e-19
374.24334	5.61154e-19
374.25685	5.60431e-19
374.27036	5.60252e-19
374.28387	5.58845e-19
374.29738	5.57388e-19
374.31090	5.55990e-19
374.32441	5.54278e-19
374.33793	5.52212e-19
374.35145	5.50054e-19
374.36496	5.47189e-19
374.37848	5.44275e-19
374.39200	5.42162e-19
374.40552	5.39958e-19
374.41905	5.38119e-19
374.43257	5.36155e-19
374.44609	5.34578e-19
374.45962	5.33522e-19
374.47314	5.32259e-19
374.48667	5.31654e-19
374.50020	5.30905e-19
374.51373	5.30234e-19
374.52726	5.30221e-19
374.54079	5.29776e-19
374.55432	5.29022e-19
374.56785	5.28850e-19
374.58138	5.28745e-19
374.59492	5.28661e-19
374.60845	5.28993e-19
374.62199	5.28867e-19
374.63553	5.28752e-19
374.64907	5.28518e-19
374.66261	5.28431e-19
374.67615	5.28980e-19
374.68969	5.28637e-19
374.70323	5.28279e-19
374.71677	5.28662e-19
374.73032	5.28915e-19
374.74386	5.29203e-19
374.75741	5.29427e-19
374.77096	5.29726e-19
374.78450	5.30489e-19
374.79805	5.31075e-19
374.81160	5.32057e-19
374.82515	5.33201e-19
374.83871	5.33616e-19
374.85226	5.34753e-19
374.86581	5.35107e-19
374.87937	5.34980e-19
374.89293	5.36393e-19
374.90648	5.37435e-19
374.92004	5.38064e-19
374.93360	5.38445e-19
374.94716	5.38844e-19
374.96072	5.39752e-19
374.97428	5.40693e-19
374.98784	5.41745e-19
375.00141	5.43254e-19
375.01497	5.45459e-19
375.02854	5.47496e-19
375.04211	5.50220e-19
375.05567	5.52993e-19
375.06924	5.55533e-19
375.08281	5.58469e-19
375.09638	5.60580e-19
375.10996	5.63437e-19
375.12353	5.66095e-19
375.13710	5.68753e-19
375.15068	5.72127e-19
375.16425	5.73997e-19
375.17783	5.76290e-19
375.19141	5.79360e-19
375.20499	5.81785e-19
375.21856	5.83201e-19
375.23215	5.84320e-19
375.24573	5.85924e-19
375.25931	5.87683e-19
375.27289	5.90071e-19
375.28648	5.91847e-19
375.30006	5.93149e-19
375.31365	5.95139e-19
375.32724	5.97127e-19
375.34083	5.98727e-19
375.35442	6.00076e-19
375.36801	6.00854e-19
375.38160	6.01191e-19
375.39519	6.01729e-19
375.40878	6.02200e-19
375.42238	6.03613e-19
375.43597	6.04554e-19
375.44957	6.05134e-19
375.46317	6.07095e-19
375.47676	6.08134e-19
375.49036	6.09957e-19
375.50396	6.11249e-19
375.51757	6.10611e-19
375.53117	6.11157e-19
375.54477	6.11357e-19
375.55838	6.11794e-19
375.57198	6.11766e-19
375.58559	6.10853e-19
375.59919	6.11070e-19
375.61280	6.11045e-19
375.62641	6.11773e-19
375.64002	6.12872e-19
375.65363	6.13546e-19
375.66724	6.14322e-19
375.68086	6.14351e-19
375.69447	6.14896e-19
375.70809	6.16020e-19
375.72170	6.17371e-19
375.73532	6.19022e-19
375.74894	6.20096e-19
375.76256	6.20512e-19
375.77618	6.20804e-19
375.78980	6.21445e-19
375.80342	6.21371e-19
375.81704	6.20072e-19
375.83067	6.18292e-19
375.84429	6.16877e-19
375.85792	6.15502e-19
375.87154	6.13580e-19
375.88517	6.11832e-19
375.89880	6.10454e-19
375.91243	6.10498e-19
375.92606	6.11288e-19
375.93969	6.12314e-19
375.95333	6.14936e-19
375.96696	6.18042e-19
375.98060	6.21430e-19
375.99423	6.24534e-19
376.00787	6.27402e-19
376.02151	6.30784e-19
376.03515	6.34001e-19
376.04878	6.37847e-19
376.06243	6.41605e-19
376.07607	6.45021e-19
376.08971	6.47838e-19
376.10335	6.50416e-19
376.11700	6.53262e-19
376.13064	6.55301e-19
376.14429	6.58160e-19
376.15794	6.60709e-19
376.17159	6.63377e-19
376.18524	6.66695e-19
376.19889	6.69061e-19
376.21254	6.72360e-19
376.22619	6.74701e-19
376.23985	6.76262e-19
376.25350	6.77780e-19
376.26716	6.78542e-19
376.28081	6.80456e-19
376.29447	6.82380e-19
376.30813	6.84050e-19
376.32179	6.84511e-19
376.33545	6.83748e-19
376.34911	6.83167e-19
376.36277	6.82281e-19
376.37644	6.81390e-19
376.39010	6.80385e-19
376.40377	6.80102e-19
376.41743	6.79355e-19
376.43110	6.78448e-19
376.44477	6.78832e-19
376.45844	6.77572e-19
376.47211	6.75509e-19
376.48578	6.74334e-19
376.49945	6.72638e-19
376.51313	6.70201e-19
376.52680	6.68246e-19
376.54048	6.66903e-19
376.55415	6.65266e-19
376.56783	6.63699e-19
376.58151	6.62132e-19
376.59519	6.60881e-19
376.60887	6.59854e-19
376.62255	6.58746e-19
376.63623	6.57632e-19
376.64992	6.56727e-19
376.66360	6.56804e-19
376.67729	6.55596e-19
376.69097	6.54464e-19
376.70466	6.54418e-19
376.71835	6.52224e-19
376.73204	6.50840e-19
376.74573	6.50084e-19
376.75942	6.47906e-19
376.77311	6.46755e-19
376.78681	6.45330e-19
376.80050	6.43226e-19
376.81420	6.41613e-19
376.82789	6.39032e-19
376.84159	6.35672e-19
376.85529	6.32716e-19
376.86899	6.29525e-19
376.88269	6.25945e-19
376.89639	6.22574e-19
376.91009	6.18930e-19
376.92379	6.14831e-19
376.93750	6.11702e-19
376.95120	6.09689e-19
376.96491	6.07242e-19
376.97862	6.05162e-19
376.99233	6.03553e-19
377.00603	6.01540e-19
377.01975	5.99489e-19
377.03346	5.97320e-19
377.04717	5.95589e-19
377.06088	5.93459e-19
377.07460	5.92018e-19
377.08831	5.91738e-19
377.10203	5.90215e-19
377.11575	5.89348e-19
377.12946	5.89019e-19
377.14318	5.87655e-19
377.15690	5.86219e-19
377.17062	5.85055e-19
377.18435	5.83999e-19
377.19807	5.82500e-19
377.21179	5.80909e-19
377.22552	5.78248e-19
377.23925	5.75411e-19
377.25297	5.73423e-19
377.26670	5.71009e-19
377.28043	5.69302e-19
377.29416	5.67651e-19
377.30789	5.65729e-19
377.32162	5.64061e-19
377.33536	5.62073e-19
377.34909	5.60058e-19
377.36283	5.57143e-19
377.37656	5.54325e-19
377.39030	5.52263e-19
377.40404	5.49691e-19
377.41778	5.47544e-19
377.43152	5.45912e-19
377.44526	5.43905e-19
377.45900	5.42353e-19
377.47275	5.41418e-19
377.48649	5.40594e-19
377.50023	5.40203e-19
377.51398	5.39906e-19
377.52773	5.39711e-19
377.54148	5.40233e-19
377.55523	5.41084e-19
377.56898	5.41533e-19
377.58273	5.41861e-19
377.59648	5.42181e-19
377.61023	5.42004e-19
377.62399	5.42030e-19
377.63774	5.41939e-19
377.65150	5.41719e-19
377.66526	5.41968e-19
377.67901	5.41718e-19
377.69277	5.41161e-19
377.70653	5.40267e-19
377.72030	5.39159e-19
377.73406	5.38317e-19
377.74782	5.37250e-19
377.76159	5.36351e-19
377.77535	5.35737e-19
377.78912	5.35520e-19
377.80288	5.35969e-19
377.81665	5.36381e-19
377.83042	5.36869e-19
377.84419	5.39949e-19
377.85796	5.45456e-19
377.87174	5.47659e-19
377.88551	5.46040e-19
377.89928	5.46845e-19
377.91306	5.50635e-19
377.92684	5.53421e-19
377.94061	5.54246e-19
377.95439	5.54365e-19
377.96817	5.54280e-19
377.98195	5.53437e-19
377.99573	5.53304e-19
378.00951	5.51966e-19
378.02330	5.49058e-19
378.03708	5.49567e-19
378.05087	5.48227e-19
378.06465	5.45357e-19
378.07844	5.45924e-19
378.09223	5.44496e-19
378.10602	5.42896e-19
378.11981	5.41666e-19
378.13360	5.39813e-19
378.14739	5.40122e-19
378.16119	5.38435e-19
378.17498	5.34337e-19
378.18878	5.32895e-19
378.20257	5.34789e-19
378.21637	5.34464e-19
378.23017	5.31665e-19
378.24397	5.31111e-19
378.25777	5.32369e-19
378.27157	5.33622e-19
378.28537	5.32478e-19
378.29918	5.30876e-19
378.31298	5.31071e-19
378.32679	5.31912e-19
378.34059	5.33337e-19
378.35440	5.33842e-19
378.36821	5.33627e-19
378.38202	5.33964e-19
378.39583	5.35356e-19
378.40964	5.37318e-19
378.42345	5.39347e-19
378.43727	5.40552e-19
378.45108	5.40905e-19
378.46490	5.42823e-19
378.47871	5.44594e-19
378.49253	5.46409e-19
378.50635	5.48025e-19
378.52017	5.46819e-19
378.53399	5.45463e-19
378.54781	5.44589e-19
378.56164	5.43964e-19
378.57546	5.43962e-19
378.58928	5.44133e-19
378.60311	5.43798e-19
378.61694	5.42374e-19
378.63076	5.41637e-19
378.64459	5.41576e-19
378.65842	5.42013e-19
378.67225	5.43019e-19
378.68609	5.43747e-19
378.69992	5.44446e-19
378.71375	5.45164e-19
378.72759	5.46699e-19
378.74142	5.49107e-19
378.75526	5.51127e-19
378.76910	5.52703e-19
378.78294	5.53494e-19
378.79678	5.52800e-19
378.81062	5.51968e-19
378.82446	5.51778e-19
378.83830	5.51910e-19
378.85215	5.52168e-19
378.86599	5.52217e-19
378.87984	5.53371e-19
378.89368	5.54696e-19
378.90753	5.54995e-19
378.92138	5.55954e-19
378.93523	5.56959e-19
378.94908	5.57447e-19
378.96293	5.58155e-19
378.97679	5.59475e-19
378.99064	5.61012e-19
379.00449	5.61724e-19
379.01835	5.62826e-19
379.03221	5.64516e-19
379.04607	5.65140e-19
379.05993	5.65775e-19
379.07379	5.66939e-19
379.08765	5.67520e-19
379.10151	5.68178e-19
379.11537	5.69053e-19
379.12924	5.69719e-19
379.14310	5.70122e-19
379.15697	5.70724e-19
379.17083	5.72336e-19
379.18470	5.73682e-19
379.19857	5.74746e-19
379.21244	5.76492e-19
379.22631	5.77896e-19
379.24019	5.79516e-19
379.25406	5.81576e-19
379.26793	5.83513e-19
379.28181	5.86232e-19
379.29568	5.88837e-19
379.30956	5.90803e-19
379.32344	5.93021e-19
379.33732	5.94999e-19
379.35120	5.96867e-19
379.36508	5.98337e-19
379.37896	5.99348e-19
379.39285	6.01506e-19
379.40673	6.04260e-19
379.42062	6.06652e-19
379.43450	6.09809e-19
379.44839	6.13517e-19
379.46228	6.17039e-19
379.47617	6.20860e-19
379.49006	6.24428e-19
379.50395	6.27243e-19
379.51784	6.29721e-19
379.53174	6.32523e-19
379.54563	6.35192e-19
379.55953	6.37536e-19
379.57342	6.40307e-19
379.58732	6.42812e-19
379.60122	6.46271e-19
379.61512	6.49456e-19
379.62902	6.51581e-19
379.64292	6.53596e-19
379.65683	6.53860e-19
379.67073	6.56096e-19
379.68463	6.58316e-19
379.69854	6.58325e-19
379.71245	6.59334e-19
379.72636	6.59217e-19
379.74026	6.59851e-19
379.75417	6.60279e-19
379.76808	6.59326e-19
379.78200	6.59264e-19
379.79591	6.58818e-19
379.80982	6.59085e-19
379.82374	6.60120e-19
379.83765	6.61367e-19
379.85157	6.62988e-19
379.86549	6.64037e-19
379.87941	6.64123e-19
379.89333	6.64554e-19
379.90725	6.64140e-19
379.92117	6.62101e-19
379.93510	6.61354e-19
379.94902	6.60190e-19
379.96294	6.58674e-19
379.97687	6.57774e-19
379.99080	6.56867e-19
380.00473	6.55933e-19
380.01866	6.54475e-19
380.03259	6.53565e-19
380.04652	6.51375e-19
380.06045	6.48687e-19
380.07438	6.46295e-19
380.08832	6.44043e-19
380.10225	6.42304e-19
380.11619	6.39700e-19
380.13013	6.38281e-19
380.14407	6.37148e-19
380.15800	6.36028e-19
380.17195	6.35650e-19
380.18589	6.35394e-19
380.19983	6.35591e-19
380.21377	6.35902e-19
380.22772	6.37171e-19
380.24166	6.37961e-19
380.25561	6.38580e-19
380.26956	6.38534e-19
380.28351	6.37919e-19
380.29746	6.37832e-19
380.31141	6.36416e-19
380.32536	6.35722e-19
380.33931	6.35025e-19
380.35327	6.33881e-19
380.36722	6.33107e-19
380.38118	6.31919e-19
380.39513	6.31304e-19
380.40909	6.31050e-19
380.42305	6.31613e-19
380.43701	6.32297e-19
380.45097	6.33104e-19
380.46493	6.33866e-19
380.47890	6.34116e-19
380.49286	6.34371e-19
380.50682	6.34059e-19
380.52079	6.33696e-19
380.53476	6.33416e-19
380.54873	6.33720e-19
380.56270	6.33940e-19
380.57667	6.34495e-19
380.59064	6.35261e-19
380.60461	6.35376e-19
380.61858	6.35627e-19
380.63256	6.35315e-19
380.64653	6.35743e-19
380.66051	6.35514e-19
380.67449	6.35199e-19
380.68846	6.35672e-19
380.70244	6.35157e-19
380.71642	6.35830e-19
380.73041	6.35725e-19
380.74439	6.35353e-19
380.75837	6.35837e-19
380.77236	6.34899e-19
380.78634	6.33376e-19
380.80033	6.31820e-19
380.81432	6.30671e-19
380.82831	6.28978e-19
380.84229	6.27174e-19
380.85629	6.25266e-19
380.87028	6.22737e-19
380.88427	6.21020e-19
380.89826	6.19519e-19
380.91226	6.18007e-19
380.92625	6.16604e-19
380.94025	6.15776e-19
380.95425	6.15173e-19
380.96825	6.13879e-19
380.98225	6.12825e-19
380.99625	6.12035e-19
381.01025	6.11268e-19
381.02425	6.10799e-19
381.03826	6.10240e-19
381.05226	6.09720e-19
381.06627	6.09656e-19
381.08028	6.09874e-19
381.09429	6.10248e-19
381.10830	6.09436e-19
381.12231	6.08279e-19
381.13632	6.07842e-19
381.15033	6.06934e-19
381.16434	6.06710e-19
381.17836	6.06273e-19
381.19237	6.05869e-19
381.20639	6.06211e-19
381.22041	6.05466e-19
381.23442	6.05208e-19
381.24844	6.04664e-19
381.26247	6.03044e-19
381.27649	6.02215e-19
381.29051	6.01445e-19
381.30453	6.00712e-19
381.31856	6.00824e-19
381.33258	6.01091e-19
381.34661	6.01568e-19
381.36064	6.02286e-19
381.37467	6.02257e-19
381.38870	6.01742e-19
381.40273	6.00711e-19
381.41676	5.99626e-19
381.43079	5.98689e-19
381.44483	5.97576e-19
381.45886	5.97263e-19
381.47290	5.96489e-19
381.48694	5.95408e-19
381.50097	5.95414e-19
381.51501	5.95627e-19
381.52905	5.95846e-19
381.54309	5.95975e-19
381.55714	5.96281e-19
381.57118	5.96918e-19
381.58522	5.97221e-19
381.59927	5.97680e-19
381.61332	5.98629e-19
381.62736	5.99778e-19
381.64141	6.01127e-19
381.65546	6.02468e-19
381.66951	6.04456e-19
381.68356	6.06205e-19
381.69762	6.07250e-19
381.71167	6.08519e-19
381.72572	6.08567e-19
381.73978	6.08549e-19
381.75384	6.08215e-19
381.76789	6.07124e-19
381.78195	6.06844e-19
381.79601	6.05988e-19
381.81007	6.05319e-19
381.82414	6.04150e-19
381.83820	6.02944e-19
381.85226	6.02416e-19
381.86633	6.00604e-19
381.88039	5.98870e-19
381.89446	5.96688e-19
381.90853	5.94915e-19
381.92260	5.94414e-19
381.93667	5.94106e-19
381.95074	5.94077e-19
381.96481	5.93512e-19
381.97889	5.93854e-19
381.99296	5.94602e-19
382.00704	5.94627e-19
382.02111	5.95019e-19
382.03519	5.95605e-19
382.04927	5.96283e-19
382.06335	5.96749e-19
382.07743	5.96984e-19
382.09151	5.97938e-19
382.10559	6.00159e-19
382.11968	6.02333e-19
382.13376	6.04690e-19
382.14785	6.07612e-19
382.16193	6.08935e-19
382.17602	6.09037e-19
382.19011	6.08594e-19
382.20420	6.07179e-19
382.21829	6.05295e-19
382.23238	6.03349e-19
382.24648	6.01446e-19
382.26057	5.99405e-19
382.27467	5.97146e-19
382.28876	5.94866e-19
382.30286	5.92499e-19
382.31696	5.89744e-19
382.33106	5.86359e-19
382.34516	5.82577e-19
382.35926	5.79708e-19
382.37336	5.77074e-19
382.38746	5.73738e-19
382.40157	5.70635e-19
382.41567	5.67365e-19
382.42978	5.64175e-19
382.44389	5.61315e-19
382.45800	5.58968e-19
382.47211	5.57671e-19
382.48622	5.56475e-19
382.50033	5.56285e-19
382.51444	5.56949e-19
382.52856	5.56410e-19
382.54267	5.55692e-19
382.55679	5.54836e-19
382.57090	5.53158e-19
382.58502	5.52136e-19
382.59914	5.51377e-19
382.61326	5.50867e-19
382.62738	5.51258e-19
382.64151	5.52037e-19
382.65563	5.53437e-19
382.66975	5.54811e-19
382.68388	5.56560e-19
382.69800	5.58903e-19
382.71213	5.61111e-19
382.72626	5.63504e-19
382.74039	5.65449e-19
382.75452	5.67461e-19
382.76865	5.68871e-19
382.78279	5.69286e-19
382.79692	5.69912e-19
382.81105	5.69803e-19
382.82519	5.69842e-19
382.83933	5.70319e-19
382.85346	5.70171e-19
382.86760	5.69582e-19
382.88174	5.68621e-19
382.89588	5.67477e-19
382.91003	5.65818e-19
382.92417	5.64406e-19
382.93831	5.63644e-19
382.95246	5.63339e-19
382.96660	5.63154e-19
382.98075	5.62197e-19
382.99490	5.62100e-19
383.00905	5.62606e-19
383.02320	5.62688e-19
383.03735	5.63510e-19
383.05150	5.63976e-19
383.06566	5.63929e-19
383.07981	5.63958e-19
383.09397	5.63740e-19
383.10812	5.63640e-19
383.12228	5.63621e-19
383.13644	5.63840e-19
383.15060	5.64732e-19
383.16476	5.66932e-19
383.17892	5.69884e-19
383.19309	5.73157e-19
383.20725	5.77014e-19
383.22142	5.80582e-19
383.23558	5.83911e-19
383.24975	5.86180e-19
383.26392	5.86850e-19
383.27809	5.86986e-19
383.29226	5.86610e-19
383.30643	5.86247e-19
383.32060	5.85988e-19
383.33477	5.85320e-19
383.34895	5.85168e-19
383.36312	5.85282e-19
383.37730	5.84937e-19
383.39148	5.85275e-19
383.40566	5.85428e-19
383.41984	5.85095e-19
383.43402	5.85329e-19
383.44820	5.85261e-19
383.46238	5.85209e-19
383.47657	5.84980e-19
383.49075	5.84171e-19
383.50494	5.82927e-19
383.51912	5.81409e-19
383.53331	5.79839e-19
383.54750	5.78317e-19
383.56169	5.77548e-19
383.57588	5.76938e-19
383.59007	5.77316e-19
383.60427	5.77973e-19
383.61846	5.78555e-19
383.63266	5.80464e-19
383.64685	5.82498e-19
383.66105	5.85641e-19
383.67525	5.89114e-19
383.68945	5.92248e-19
383.70365	5.95085e-19
383.71785	5.96862e-19
383.73206	5.99009e-19
383.74626	6.00015e-19
383.76046	6.00627e-19
383.77467	6.02152e-19
383.78888	6.03387e-19
383.80309	6.04443e-19
383.81729	6.05830e-19
383.83150	6.07081e-19
383.84572	6.08352e-19
383.85993	6.10983e-19
383.87414	6.12957e-19
383.88836	6.14654e-19
383.90257	6.16530e-19
383.91679	6.18621e-19
383.93101	6.21403e-19
383.94522	6.22156e-19
383.95944	6.22820e-19
383.97366	6.23492e-19
383.98789	6.23830e-19
384.00211	6.24973e-19
384.01633	6.25646e-19
384.03056	6.25222e-19
384.04478	6.23566e-19
384.05901	6.21862e-19
384.07324	6.19180e-19
384.08747	6.16741e-19
384.10170	6.14600e-19
384.11593	6.11904e-19
384.13016	6.09182e-19
384.14440	6.06108e-19
384.15863	6.04892e-19
384.17287	6.03827e-19
384.18710	6.02952e-19
384.20134	6.02164e-19
384.21558	6.01095e-19
384.22982	6.02126e-19
384.24406	6.03716e-19
384.25830	6.06125e-19
384.27254	6.06967e-19
384.28679	6.05701e-19
384.30103	6.04873e-19
384.31528	6.04295e-19
384.32953	6.05140e-19
384.34377	6.07146e-19
384.35802	6.09796e-19
384.37227	6.12782e-19
384.38652	6.16811e-19
384.40078	6.20531e-19
384.41503	6.23685e-19
384.42928	6.27370e-19
384.44354	6.29384e-19
384.45780	6.31062e-19
384.47205	6.32168e-19
384.48631	6.32343e-19
384.50057	6.33377e-19
384.51483	6.34659e-19
384.52910	6.35019e-19
384.54336	6.35183e-19
384.55762	6.35783e-19
384.57189	6.35593e-19
384.58615	6.35543e-19
384.60042	6.34711e-19
384.61469	6.33397e-19
384.62896	6.32749e-19
384.64323	6.32662e-19
384.65750	6.33583e-19
384.67177	6.33756e-19
384.68605	6.34203e-19
384.70032	6.35980e-19
384.71460	6.40314e-19
384.72887	6.45366e-19
384.74315	6.48145e-19
384.75743	6.50605e-19
384.77171	6.52719e-19
384.78599	6.55392e-19
384.80027	6.57977e-19
384.81456	6.59707e-19
384.82884	6.60706e-19
384.84313	6.60015e-19
384.85741	6.58761e-19
384.87170	6.56979e-19
384.88599	6.54681e-19
384.90028	6.52377e-19
384.91457	6.50194e-19
384.92886	6.46848e-19
384.94315	6.43529e-19
384.95744	6.39750e-19
384.97174	6.35637e-19
384.98604	6.34093e-19
385.00033	6.32765e-19
385.01463	6.32492e-19
385.02893	6.32872e-19
385.04323	6.32813e-19
385.05753	6.31599e-19
385.07183	6.27873e-19
385.08614	6.25513e-19
385.10044	6.22944e-19
385.11475	6.19459e-19
385.12905	6.15825e-19
385.14336	6.12268e-19
385.15767	6.10412e-19
385.17198	6.08420e-19
385.18629	6.06594e-19
385.20060	6.05361e-19
385.21491	6.04975e-19
385.22923	6.04662e-19
385.24354	6.04067e-19
385.25786	6.04004e-19
385.27217	6.04452e-19
385.28649	6.06517e-19
385.30081	6.08770e-19
385.31513	6.10800e-19
385.32945	6.12044e-19
385.34378	6.12340e-19
385.35810	6.12823e-19
385.37242	6.13097e-19
385.38675	6.13729e-19
385.40108	6.13452e-19
385.41540	6.12766e-19
385.42973	6.11978e-19
385.44406	6.09795e-19
385.45839	6.07957e-19
385.47273	6.06485e-19
385.48706	6.04220e-19
385.50139	6.02784e-19
385.51573	6.02581e-19
385.53006	6.02579e-19
385.54440	6.03935e-19
385.55874	6.06436e-19
385.57308	6.09465e-19
385.58742	6.12194e-19
385.60176	6.14895e-19
385.61610	6.19020e-19
385.63045	6.22718e-19
385.64479	6.27115e-19
385.65914	6.32776e-19
385.67348	6.38154e-19
385.68783	6.43625e-19
385.70218	6.48078e-19
385.71653	6.50382e-19
385.73088	6.50603e-19
385.74524	6.49674e-19
385.75959	6.47135e-19
385.77394	6.44015e-19
385.78830	6.40987e-19
385.80266	6.37506e-19
385.81701	6.34537e-19
385.83137	6.31630e-19
385.84573	6.29176e-19
385.86009	6.27086e-19
385.87445	6.26052e-19
385.88882	6.25357e-19
385.90318	6.23424e-19
385.91755	6.21866e-19
385.93191	6.19131e-19
385.94628	6.14670e-19
385.96065	6.10680e-19
385.97502	6.07399e-19
385.98939	6.04027e-19
386.00376	6.00667e-19
386.01813	5.97756e-19
386.03250	5.95339e-19
386.04688	5.93938e-19
386.06126	5.92900e-19
386.07563	5.92011e-19
386.09001	5.91093e-19
386.10439	5.89948e-19
386.11877	5.88737e-19
386.13315	5.86959e-19
386.14753	5.85170e-19
386.16192	5.84187e-19
386.17630	5.84252e-19
386.19069	5.83606e-19
386.20507	5.82197e-19
386.21946	5.81208e-19
386.23385	5.79186e-19
386.24824	5.76541e-19
386.26263	5.74516e-19
386.27702	5.73001e-19
386.29141	5.71372e-19
386.30581	5.69767e-19
386.32020	5.68672e-19
386.33460	5.67621e-19
386.34900	5.67181e-19
386.36339	5.67007e-19
386.37779	5.66065e-19
386.39219	5.65168e-19
386.40660	5.64544e-19
386.42100	5.63762e-19
386.43540	5.62629e-19
386.44981	5.61203e-19
386.46421	5.60684e-19
386.47862	5.61171e-19
386.49303	5.61884e-19
386.50744	5.62363e-19
386.52185	5.62274e-19
386.53626	5.62202e-19
386.55067	5.61895e-19
386.56508	5.61514e-19
386.57950	5.61599e-19
386.59391	5.62231e-19
386.60833	5.63381e-19
386.62275	5.64281e-19
386.63717	5.65419e-19
386.65159	5.66872e-19
386.66601	5.68123e-19
386.68043	5.69366e-19
386.69485	5.71076e-19
386.70927	5.72628e-19
386.72370	5.73322e-19
386.73813	5.74354e-19
386.75255	5.74909e-19
386.76698	5.75401e-19
386.78141	5.77125e-19
386.79584	5.79140e-19
386.81027	5.81724e-19
386.82471	5.84746e-19
386.83914	5.87642e-19
386.85357	5.90623e-19
386.86801	5.94069e-19
386.88245	5.97171e-19
386.89689	5.99390e-19
386.91132	6.00000e-19
386.92577	5.99274e-19
386.94021	5.99510e-19
386.95465	5.99354e-19
386.96909	5.99643e-19
386.98354	6.01156e-19
386.99798	6.01881e-19
387.01243	6.03151e-19
387.02688	6.04163e-19
387.04133	6.04392e-19
387.05578	6.05147e-19
387.07023	6.06014e-19
387.08468	6.06778e-19
387.09913	6.07950e-19
387.11359	6.09170e-19
387.12804	6.09835e-19
387.14250	6.10608e-19
387.15696	6.10889e-19
387.17141	6.11373e-19
387.18587	6.12486e-19
387.20033	6.13203e-19
387.21480	6.13938e-19
387.22926	6.13916e-19
387.24372	6.13802e-19
387.25819	6.13555e-19
387.27265	6.12684e-19
387.28712	6.13179e-19
387.30159	6.14180e-19
387.31606	6.15181e-19
387.33053	6.17169e-19
387.34500	6.18889e-19
387.35947	6.20194e-19
387.37395	6.21712e-19
387.38842	6.22499e-19
387.40290	6.22781e-19
387.41737	6.23694e-19
387.43185	6.23973e-19
387.44633	6.23399e-19
387.46081	6.23754e-19
387.47529	6.23997e-19
387.48978	6.24066e-19
387.50426	6.24934e-19
387.51874	6.25587e-19
387.53323	6.26085e-19
387.54772	6.25632e-19
387.56220	6.24397e-19
387.57669	6.23370e-19
387.59118	6.22100e-19
387.60567	6.21224e-19
387.62017	6.20578e-19
387.63466	6.20195e-19
387.64915	6.20420e-19
387.66365	6.20527e-19
387.67814	6.20481e-19
387.69264	6.21119e-19
387.70714	6.21890e-19
387.72164	6.22329e-19
387.73614	6.23480e-19
387.75064	6.24399e-19
387.76515	6.25297e-19
387.77965	6.26583e-19
387.79416	6.27915e-19
387.80866	6.29389e-19
387.82317	6.30014e-19
387.83768	6.31548e-19
387.85219	6.33339e-19
387.86670	6.33976e-19
387.88121	6.34235e-19
387.89572	6.33582e-19
387.91024	6.33700e-19
387.92475	6.34255e-19
387.93927	6.34293e-19
387.95378	6.34575e-19
387.96830	6.34113e-19
387.98282	6.32773e-19
387.99734	6.30931e-19
388.01186	6.28656e-19
388.02638	6.26093e-19
388.04091	6.23499e-19
388.05543	6.21669e-19
388.06996	6.20863e-19
388.08449	6.20119e-19
388.09901	6.19374e-19
388.11354	6.19015e-19
388.12807	6.18416e-19
388.14260	6.17849e-19
388.15714	6.17517e-19
388.17167	6.16848e-19
388.18620	6.16000e-19
388.20074	6.15487e-19
388.21528	6.15116e-19
388.22981	6.14680e-19
388.24435	6.13828e-19
388.25889	6.12275e-19
388.27343	6.10584e-19
388.28798	6.08812e-19
388.30252	6.07151e-19
388.31706	6.06004e-19
388.33161	6.05149e-19
388.34615	6.03903e-19
388.36070	6.02507e-19
388.37525	6.01038e-19
388.38980	5.99314e-19
388.40435	5.98380e-19
388.41890	5.98061e-19
388.43346	5.98687e-19
388.44801	5.99517e-19
388.46257	6.00298e-19
388.47712	6.01961e-19
388.49168	6.02353e-19
388.50624	6.02286e-19
388.52080	6.01892e-19
388.53536	6.00918e-19
388.54992	6.00661e-19
388.56448	5.99336e-19
388.57905	5.97948e-19
388.59361	5.97366e-19
388.60818	5.97084e-19
388.62274	5.97409e-19
388.63731	5.98239e-19
388.65188	5.99479e-19
388.66645	6.00547e-19
388.68102	6.02222e-19
388.69560	6.04393e-19
388.71017	6.06657e-19
388.72475	6.08488e-19
388.73932	6.09189e-19
388.75390	6.09259e-19
388.76848	6.08319e-19
388.78306	6.07656e-19
388.79764	6.07938e-19
388.81222	6.08212e-19
388.82680	6.08524e-19
388.84138	6.09553e-19
388.85597	6.11329e-19
388.87055	6.12869e-19
388.88514	6.15257e-19
388.89973	6.18323e-19
388.91432	6.20638e-19
388.92891	6.22637e-19
388.94350	6.24368e-19
388.95809	6.26174e-19
388.97268	6.28455e-19
388.98728	6.31414e-19
389.00187	6.33924e-19
389.01647	6.35407e-19
389.03107	6.37005e-19
389.04567	6.38267e-19
389.06027	6.40164e-19
389.07487	6.43344e-19
389.08947	6.46383e-19
389.10407	6.48854e-19
389.11868	6.50389e-19
389.13328	6.51416e-19
389.14789	6.52524e-19
389.16250	6.53915e-19
389.17711	6.55414e-19
389.19172	6.56417e-19
389.20633	6.57169e-19
389.22094	6.57781e-19
389.23555	6.57642e-19
389.25017	6.55680e-19
389.26478	6.52398e-19
389.27940	6.49404e-19
389.29402	6.47156e-19
389.30863	6.45538e-19
389.32325	6.44178e-19
389.33788	6.43037e-19
389.35250	6.43118e-19
389.36712	6.44557e-19
389.38174	6.45734e-19
389.39637	6.47073e-19
389.41100	6.48470e-19
389.42562	6.48138e-19
389.44025	6.46811e-19
389.45488	6.45370e-19
389.46951	6.43978e-19
389.48414	6.41676e-19
389.49878	6.38899e-19
389.51341	6.36596e-19
389.52805	6.34285e-19
389.54268	6.32821e-19
389.55732	6.31721e-19
389.57196	6.29990e-19
389.58660	6.26753e-19
389.60124	6.23068e-19
389.61588	6.20102e-19
389.63052	6.17078e-19
389.64517	6.14854e-19
389.65981	6.12981e-19
389.67446	6.11666e-19
389.68910	6.10925e-19
389.70375	6.10056e-19
389.71840	6.09707e-19
389.73305	6.10143e-19
389.74770	6.10621e-19
389.76236	6.10497e-19
389.77701	6.11923e-19
389.79167	6.12967e-19
389.80632	6.12516e-19
389.82098	6.12499e-19
389.83564	6.12701e-19
389.85030	6.14546e-19
389.86496	6.16126e-19
389.87962	6.17480e-19
389.89428	6.19221e-19
389.90895	6.20723e-19
389.92361	6.23779e-19
389.93828	6.27035e-19
389.95294	6.30044e-19
389.96761	6.32209e-19
389.98228	6.33839e-19
389.99695	6.34118e-19
390.01162	6.32425e-19
390.02630	6.30622e-19
390.04097	6.27808e-19
390.05564	6.26420e-19
390.07032	6.26085e-19
390.08500	6.25283e-19
390.09967	6.25329e-19
390.11435	6.25108e-19
390.12903	6.24852e-19
390.14372	6.24889e-19
390.15840	6.25109e-19
390.17308	6.25603e-19
390.18777	6.26923e-19
390.20245	6.28067e-19
390.21714	6.29106e-19
390.23183	6.31783e-19
390.24652	6.34768e-19
390.26121	6.37472e-19
390.27590	6.39555e-19
390.29059	6.41080e-19
390.30528	6.42014e-19
390.31998	6.42916e-19
390.33467	6.43907e-19
390.34937	6.43203e-19
390.36407	6.42143e-19
390.37877	6.40461e-19
390.39347	6.38105e-19
390.40817	6.36274e-19
390.42287	6.34890e-19
390.43758	6.34331e-19
390.45228	6.33758e-19
390.46699	6.33002e-19
390.48169	6.30866e-19
390.49640	6.27931e-19
390.51111	6.26811e-19
390.52582	6.26202e-19
390.54053	6.25679e-19
390.55524	6.24866e-19
390.56996	6.22303e-19
390.58467	6.19116e-19
390.59939	6.16029e-19
390.61410	6.14234e-19
390.62882	6.14050e-19
390.64354	6.15139e-19
390.65826	6.17560e-19
390.67298	6.19043e-19
390.68771	6.19355e-19
390.70243	6.18689e-19
390.71715	6.18021e-19
390.73188	6.17465e-19
390.74661	6.15700e-19
390.76133	6.14206e-19
390.77606	6.12417e-19
390.79079	6.11377e-19
390.80552	6.09696e-19
390.82026	6.06727e-19
390.83499	6.05399e-19
390.84972	6.05530e-19
390.86446	6.08333e-19
390.87920	6.10256e-19
390.89394	6.10660e-19
390.90867	6.10270e-19
390.92341	6.07759e-19
390.93816	6.06372e-19
390.95290	6.03826e-19
390.96764	6.05629e-19
390.98239	6.15996e-19
390.99713	6.18589e-19
391.01188	6.09989e-19
391.02663	6.08861e-19
391.04138	6.15481e-19
391.05613	6.18464e-19
391.07088	6.17860e-19
391.08563	6.17456e-19
391.10038	6.19360e-19
391.11514	6.18630e-19
391.12989	6.20499e-19
391.14465	6.22558e-19
391.15941	6.20334e-19
391.17417	6.25652e-19
391.18893	6.23749e-19
391.20369	6.19558e-19
391.21845	6.23231e-19
391.23321	6.20823e-19
391.24798	6.21413e-19
391.26274	6.21505e-19
391.27751	6.21028e-19
391.29228	6.28249e-19
391.30705	6.30145e-19
391.32182	6.22200e-19
391.33659	6.18207e-19
391.35136	6.23549e-19
391.36614	6.20035e-19
391.38091	6.08623e-19
391.39569	6.03527e-19
391.41046	6.05760e-19
391.42524	6.10385e-19
391.44002	6.09234e-19
391.45480	6.09765e-19
391.46958	6.15350e-19
391.48436	6.23188e-19
391.49915	6.33355e-19
391.51393	6.38737e-19
391.52872	6.40599e-19
391.54351	6.42433e-19
391.55829	6.44798e-19
391.57308	6.50371e-19
391.58787	6.55863e-19
391.60266	6.55757e-19
391.61746	6.55178e-19
391.63225	6.59223e-19
391.64705	6.65082e-19
391.66184	6.72106e-19
391.67664	6.76262e-19
391.69144	6.74960e-19
391.70624	6.74547e-19
391.72104	6.78227e-19
391.73584	6.83062e-19
391.75064	6.90559e-19
391.76544	6.99506e-19
391.78025	7.03660e-19
391.79505	7.06155e-19
391.80986	7.08174e-19
391.82467	7.09184e-19
391.83948	7.09162e-19
391.85429	7.07708e-19
391.86910	7.06994e-19
391.88391	7.04319e-19
391.89873	7.01067e-19
391.91354	6.98778e-19
391.92836	6.95397e-19
391.94318	6.90746e-19
391.95799	6.85174e-19
391.97281	6.79796e-19
391.98763	6.73288e-19
392.00246	6.65772e-19
392.01728	6.60332e-19
392.03210	6.57181e-19
392.04693	6.54034e-19
392.06175	6.51848e-19
392.07658	6.50872e-19
392.09141	6.48638e-19
392.10624	6.44934e-19
392.12107	6.41003e-19
392.13590	6.38302e-19
392.15073	6.35780e-19
392.16557	6.33409e-19
392.18040	6.32184e-19
392.19524	6.30804e-19
392.21008	6.29752e-19
392.22491	6.29782e-19
392.23975	6.29685e-19
392.25460	6.28801e-19
392.26944	6.28084e-19
392.28428	6.28388e-19
392.29912	6.29863e-19
392.31397	6.32143e-19
392.32882	6.35260e-19
392.34366	6.38108e-19
392.35851	6.40079e-19
392.37336	6.41897e-19
392.38821	6.41650e-19
392.40306	6.39452e-19
392.41792	6.36032e-19
392.43277	6.31803e-19
392.44763	6.28046e-19
392.46248	6.25327e-19
392.47734	6.24651e-19
392.49220	6.25491e-19
392.50706	6.27793e-19
392.52192	6.30047e-19
392.53678	6.31957e-19
392.55165	6.34104e-19
392.56651	6.34984e-19
392.58137	6.35983e-19
392.59624	6.37155e-19
392.61111	6.37820e-19
392.62598	6.36310e-19
392.64085	6.32640e-19
392.65572	6.29610e-19
392.67059	6.27664e-19
392.68546	6.27886e-19
392.70034	6.29067e-19
392.71521	6.29963e-19
392.73009	6.31706e-19
392.74497	6.34255e-19
392.75985	6.35775e-19
392.77473	6.35505e-19
392.78961	6.34880e-19
392.80449	6.33852e-19
392.81938	6.33108e-19
392.83426	6.32931e-19
392.84915	6.32175e-19
392.86403	6.30098e-19
392.87892	6.27360e-19
392.89381	6.23794e-19
392.90870	6.18723e-19
392.92359	6.14316e-19
392.93848	6.10374e-19
392.95338	6.06895e-19
392.96827	6.04465e-19
392.98317	6.01847e-19
392.99806	5.98556e-19
393.01296	5.94841e-19
393.02786	5.91223e-19
393.04276	5.86996e-19
393.05766	5.83202e-19
393.07257	5.79908e-19
393.08747	5.75883e-19
393.10238	5.71680e-19
393.11728	5.67853e-19
393.13219	5.65260e-19
393.14710	5.63769e-19
393.16201	5.63159e-19
393.17692	5.62634e-19
393.19183	5.62513e-19
393.20674	5.63103e-19
393.22166	5.63203e-19
393.23657	5.62784e-19
393.25149	5.61185e-19
393.26640	5.60042e-19
393.28132	5.59503e-19
393.29624	5.57582e-19
393.31116	5.55170e-19
393.32609	5.52732e-19
393.34101	5.51238e-19
393.35593	5.51027e-19
393.37086	5.51768e-19
393.38578	5.53778e-19
393.40071	5.55501e-19
393.41564	5.56239e-19
393.43057	5.57746e-19
393.44550	5.60172e-19
393.46043	5.62860e-19
393.47537	5.66679e-19
393.49030	5.70883e-19
393.50524	5.73560e-19
393.52017	5.74819e-19
393.53511	5.75828e-19
393.55005	5.76584e-19
393.56499	5.76836e-19
393.57993	5.76116e-19
393.59487	5.74922e-19
393.60982	5.75174e-19
393.62476	5.76837e-19
393.63971	5.79978e-19
393.65465	5.83224e-19
393.66960	5.84657e-19
393.68455	5.85171e-19
393.69950	5.85375e-19
393.71445	5.86202e-19
393.72940	5.86806e-19
393.74436	5.86171e-19
393.75931	5.85157e-19
393.77427	5.84150e-19
393.78923	5.83402e-19
393.80418	5.83032e-19
393.81914	5.82795e-19
393.83410	5.81330e-19
393.84907	5.79859e-19
393.86403	5.79101e-19
393.87899	5.77843e-19
393.89396	5.77318e-19
393.90892	5.76675e-19
393.92389	5.75588e-19
393.93886	5.76047e-19
393.95383	5.78513e-19
393.96880	5.81647e-19
393.98377	5.83631e-19
393.99874	5.84529e-19
394.01372	5.83844e-19
394.02869	5.82569e-19
394.04367	5.82349e-19
394.05865	5.82161e-19
394.07363	5.82242e-19
394.08861	5.82134e-19
394.10359	5.81869e-19
394.11857	5.81282e-19
394.13355	5.78466e-19
394.14854	5.74672e-19
394.16352	5.70675e-19
394.17851	5.67611e-19
394.19350	5.65924e-19
394.20849	5.64535e-19
394.22348	5.64089e-19
394.23847	5.62691e-19
394.25346	5.61103e-19
394.26845	5.60838e-19
394.28345	5.60881e-19
394.29844	5.61946e-19
394.31344	5.63138e-19
394.32844	5.63905e-19
394.34344	5.63676e-19
394.35844	5.63105e-19
394.37344	5.63299e-19
394.38844	5.63496e-19
394.40344	5.64480e-19
394.41845	5.65227e-19
394.43346	5.64867e-19
394.44846	5.64482e-19
394.46347	5.65275e-19
394.47848	5.66255e-19
394.49349	5.65743e-19
394.50850	5.65379e-19
394.52352	5.64750e-19
394.53853	5.63235e-19
394.55355	5.62081e-19
394.56856	5.61623e-19
394.58358	5.61799e-19
394.59860	5.62448e-19
394.61362	5.63647e-19
394.62864	5.64556e-19
394.64366	5.64453e-19
394.65868	5.63565e-19
394.67371	5.62124e-19
394.68873	5.59661e-19
394.70376	5.56863e-19
394.71879	5.55179e-19
394.73382	5.55239e-19
394.74885	5.57287e-19
394.76388	5.60658e-19
394.77891	5.65545e-19
394.79394	5.70678e-19
394.80898	5.74625e-19
394.82401	5.77812e-19
394.83905	5.80466e-19
394.85409	5.83283e-19
394.86913	5.85830e-19
394.88417	5.88723e-19
394.89921	5.91840e-19
394.91425	5.94358e-19
394.92930	5.96320e-19
394.94434	5.96626e-19
394.95939	5.96890e-19
394.97443	5.97808e-19
394.98948	5.98640e-19
395.00453	5.99796e-19
395.01958	6.00008e-19
395.03463	5.98694e-19
395.04969	5.96811e-19
395.06474	5.94958e-19
395.07980	5.94885e-19
395.09485	5.98181e-19
395.10991	6.02176e-19
395.12497	6.04525e-19
395.14003	6.06353e-19
395.15509	6.08833e-19
395.17015	6.12152e-19
395.18522	6.15930e-19
395.20028	6.19656e-19
395.21535	6.22669e-19
395.23041	6.25592e-19
395.24548	6.27896e-19
395.26055	6.28077e-19
395.27562	6.27572e-19
395.29069	6.28921e-19
395.30576	6.33439e-19
395.32084	6.39541e-19
395.33591	6.44026e-19
395.35099	6.46551e-19
395.36606	6.48966e-19
395.38114	6.51567e-19
395.39622	6.54598e-19
395.41130	6.59141e-19
395.42638	6.65678e-19
395.44147	6.71491e-19
395.45655	6.74016e-19
395.47164	6.75740e-19
395.48672	6.75591e-19
395.50181	6.72487e-19
395.51690	6.69335e-19
395.53199	6.66301e-19
395.54708	6.62361e-19
395.56217	6.57326e-19
395.57726	6.52566e-19
395.59236	6.49392e-19
395.60745	6.48728e-19
395.62255	6.48624e-19
395.63765	6.48015e-19
395.65275	6.48711e-19
395.66785	6.49215e-19
395.68295	6.49614e-19
395.69805	6.51126e-19
395.71316	6.54442e-19
395.72826	6.58218e-19
395.74337	6.59332e-19
395.75847	6.58832e-19
395.77358	6.57784e-19
395.78869	6.57508e-19
395.80380	6.60048e-19
395.81891	6.64002e-19
395.83403	6.66224e-19
395.84914	6.67895e-19
395.86425	6.71061e-19
395.87937	6.74519e-19
395.89449	6.78391e-19
395.90961	6.81852e-19
395.92473	6.83020e-19
395.93985	6.80599e-19
395.95497	6.76691e-19
395.97009	6.73215e-19
395.98522	6.68059e-19
396.00034	6.61021e-19
396.01547	6.53504e-19
396.03060	6.47972e-19
396.04573	6.44398e-19
396.06086	6.41358e-19
396.07599	6.38621e-19
396.09112	6.37301e-19
396.10625	6.38120e-19
396.12139	6.38774e-19
396.13652	6.38733e-19
396.15166	6.35263e-19
396.16680	6.29144e-19
396.18194	6.25259e-19
396.19708	6.21450e-19
396.21222	6.17166e-19
396.22736	6.14665e-19
396.24251	6.13394e-19
396.25765	6.12789e-19
396.27280	6.12464e-19
396.28795	6.11715e-19
396.30309	6.12193e-19
396.31824	6.14075e-19
396.33340	6.14932e-19
396.34855	6.13896e-19
396.36370	6.10416e-19
396.37885	6.05291e-19
396.39401	5.99818e-19
396.40917	5.96087e-19
396.42433	5.93659e-19
396.43948	5.91434e-19
396.45464	5.91403e-19
396.46981	5.91725e-19
396.48497	5.90080e-19
396.50013	5.85954e-19
396.51530	5.82000e-19
396.53046	5.81010e-19
396.54563	5.81212e-19
396.56080	5.81294e-19
396.57597	5.80660e-19
396.59114	5.80936e-19
396.60631	5.82128e-19
396.62148	5.81978e-19
396.63666	5.79928e-19
396.65183	5.76368e-19
396.66701	5.72600e-19
396.68219	5.68616e-19
396.69737	5.65492e-19
396.71255	5.64298e-19
396.72773	5.64600e-19
396.74291	5.65198e-19
396.75809	5.65709e-19
396.77328	5.67225e-19
396.78846	5.68807e-19
396.80365	5.70608e-19
396.81884	5.72383e-19
396.83403	5.71851e-19
396.84922	5.71167e-19
396.86441	5.73449e-19
396.87960	5.76248e-19
396.89480	5.77449e-19
396.90999	5.76284e-19
396.92519	5.72120e-19
396.94038	5.69764e-19
396.95558	5.71176e-19
396.97078	5.74117e-19
396.98598	5.77729e-19
397.00119	5.79593e-19
397.01639	5.77420e-19
397.03159	5.73098e-19
397.04680	5.70941e-19
397.06200	5.71330e-19
397.07721	5.72878e-19
397.09242	5.75212e-19
397.10763	5.77648e-19
397.12284	5.80331e-19
397.13806	5.82861e-19
397.15327	5.83130e-19
397.16848	5.80573e-19
397.18370	5.77595e-19
397.19892	5.74626e-19
397.21414	5.71512e-19
397.22936	5.68651e-19
397.24458	5.66253e-19
397.25980	5.65468e-19
397.27502	5.65646e-19
397.29025	5.64981e-19
397.30547	5.64454e-19
397.32070	5.65810e-19
397.33592	5.66372e-19
397.35115	5.66640e-19
397.36638	5.67954e-19
397.38161	5.69167e-19
397.39685	5.70153e-19
397.41208	5.67955e-19
397.42732	5.64645e-19
397.44255	5.61403e-19
397.45779	5.59055e-19
397.47303	5.58804e-19
397.48827	5.57404e-19
397.50351	5.58854e-19
397.51875	5.64398e-19
397.53399	5.70675e-19
397.54923	5.73732e-19
397.56448	5.74146e-19
397.57973	5.78235e-19
397.59497	5.83562e-19
397.61022	5.90008e-19
397.62547	5.98001e-19
397.64072	6.04541e-19
397.65598	6.10471e-19
397.67123	6.14250e-19
397.68648	6.15236e-19
397.70174	6.15758e-19
397.71700	6.17225e-19
397.73225	6.19220e-19
397.74751	6.20150e-19
397.76277	6.18685e-19
397.77804	6.17694e-19
397.79330	6.17305e-19
397.80856	6.18687e-19
397.82383	6.24322e-19
397.83909	6.31673e-19
397.85436	6.46024e-19
397.86963	6.62506e-19
397.88490	6.67628e-19
397.90017	6.62241e-19
397.91544	6.57565e-19
397.93072	6.61981e-19
397.94599	6.68404e-19
397.96127	6.76297e-19
397.97654	6.82732e-19
397.99182	6.81875e-19
398.00710	6.79836e-19
398.02238	6.76635e-19
398.03766	6.75699e-19
398.05294	6.74842e-19
398.06823	6.71710e-19
398.08351	6.69593e-19
398.09880	6.67446e-19
398.11409	6.67740e-19
398.12938	6.68855e-19
398.14467	6.72983e-19
398.15996	6.83021e-19
398.17525	6.92124e-19
398.19054	6.94238e-19
398.20584	6.89714e-19
398.22113	6.85251e-19
398.23643	6.85443e-19
398.25173	6.88141e-19
398.26703	6.90265e-19
398.28233	6.91069e-19
398.29763	6.88133e-19
398.31293	6.84489e-19
398.32823	6.83900e-19
398.34354	6.86532e-19
398.35885	6.97341e-19
398.37415	7.09843e-19
398.38946	7.15620e-19
398.40477	7.17401e-19
398.42008	7.15357e-19
398.43539	7.17509e-19
398.45071	7.23381e-19
398.46602	7.21660e-19
398.48134	7.20697e-19
398.49665	7.21484e-19
398.51197	7.16233e-19
398.52729	7.13573e-19
398.54261	7.13479e-19
398.55793	7.10763e-19
398.57326	7.07227e-19
398.58858	7.00023e-19
398.60390	6.89412e-19
398.61923	6.81011e-19
398.63456	6.76045e-19
398.64989	6.74840e-19
398.66522	6.77859e-19
398.68055	6.78893e-19
398.69588	6.76934e-19
398.71121	6.73466e-19
398.72655	6.65337e-19
398.74188	6.59559e-19
398.75722	6.58455e-19
398.77256	6.54295e-19
398.78790	6.50835e-19
398.80324	6.50784e-19
398.81858	6.44736e-19
398.83392	6.34623e-19
398.84927	6.27786e-19
398.86461	6.21870e-19
398.87996	6.15742e-19
398.89530	6.09612e-19
398.91065	6.04467e-19
398.92600	6.01557e-19
398.94135	5.98600e-19
398.95671	5.92613e-19
398.97206	5.87324e-19
398.98741	5.87027e-19
399.00277	5.86044e-19
399.01813	5.84602e-19
399.03348	5.85325e-19
399.04884	5.83909e-19
399.06420	5.81939e-19
399.07957	5.81863e-19
399.09493	5.83440e-19
399.11029	5.83944e-19
399.12566	5.80359e-19
399.14102	5.78337e-19
399.15639	5.79005e-19
399.17176	5.77249e-19
399.18713	5.76069e-19
399.20250	5.75298e-19
399.21787	5.73025e-19
399.23325	5.72027e-19
399.24862	5.74765e-19
399.26400	5.81215e-19
399.27937	5.80879e-19
399.29475	5.73186e-19
399.31013	5.67244e-19
399.32551	5.66327e-19
399.34089	5.71854e-19
399.35628	5.77628e-19
399.37166	5.81606e-19
399.38705	5.85415e-19
399.40243	5.90521e-19
399.41782	5.95433e-19
399.43321	5.97879e-19
399.44860	6.00151e-19
399.46399	5.96488e-19
399.47938	5.94308e-19
399.49478	6.00617e-19
399.51017	6.06933e-19
399.52557	6.06520e-19
399.54096	6.06266e-19
399.55636	6.19512e-19
399.57176	6.28466e-19
399.58716	6.26825e-19
399.60257	6.29925e-19
399.61797	6.28499e-19
399.63337	6.20866e-19
399.64878	6.19138e-19
399.66418	6.25789e-19
399.67959	6.25891e-19
399.69500	6.21682e-19
399.71041	6.26345e-19
399.72582	6.30004e-19
399.74124	6.34230e-19
399.75665	6.45144e-19
399.77206	6.48876e-19
399.78748	6.45564e-19
399.80290	6.54963e-19
399.81832	6.64928e-19
399.83374	6.60361e-19
399.84916	6.59766e-19
399.86458	6.59887e-19
399.88000	6.60558e-19
399.89543	6.68339e-19
399.91085	6.71535e-19
399.92628	6.74134e-19
399.94171	6.77795e-19
399.95714	6.80002e-19
399.97257	6.89463e-19
399.98800	7.00025e-19
400.00343	6.98930e-19
400.01887	6.96819e-19
400.03430	7.06517e-19
400.04974	7.13968e-19
400.06518	7.10814e-19
400.08061	7.10440e-19
400.09605	7.10226e-19
400.11150	7.08752e-19
400.12694	7.12060e-19
400.14238	7.07840e-19
400.15783	6.98489e-19
400.17327	6.91835e-19
400.18872	6.88955e-19
400.20417	7.02083e-19
400.21962	7.14041e-19
400.23507	7.08272e-19
400.25052	7.08708e-19
400.26597	7.11066e-19
400.28143	7.03615e-19
400.29688	7.00555e-19
400.31234	6.89858e-19
400.32780	6.71609e-19
400.34326	6.73229e-19
400.35872	6.79453e-19
400.37418	6.75707e-19
400.38964	6.78574e-19
400.40510	6.79999e-19
400.42057	6.77136e-19
400.43604	6.82381e-19
400.45150	6.93072e-19
400.46697	6.99193e-19
400.48244	6.96854e-19
400.49791	6.97492e-19
400.51338	7.00199e-19
400.52886	7.00103e-19
400.54433	7.05925e-19
400.55981	7.08257e-19
400.57528	6.94618e-19
400.59076	6.76434e-19
400.60624	6.72700e-19
400.62172	6.78847e-19
400.63720	6.77815e-19
400.65269	6.70794e-19
400.66817	6.65272e-19
400.68366	6.68822e-19
400.69914	6.73801e-19
400.71463	6.74217e-19
400.73012	6.74404e-19
400.74561	6.68306e-19
400.76110	6.65895e-19
400.77659	6.67464e-19
400.79209	6.68132e-19
400.80758	6.76643e-19
400.82308	6.81385e-19
400.83858	6.76892e-19
400.85408	6.76110e-19
400.86958	6.84394e-19
400.88508	6.89841e-19
400.90058	6.85288e-19
400.91608	6.83233e-19
400.93159	6.79948e-19
400.94709	6.66194e-19
400.96260	6.60069e-19
400.97811	6.71844e-19
400.99362	6.74575e-19
401.00913	6.60093e-19
401.02464	6.51052e-19
401.04015	6.56538e-19
401.05567	6.76210e-19
401.07118	6.87638e-19
401.08670	6.79026e-19
401.10221	6.76140e-19
401.11773	6.86552e-19
401.13325	6.92961e-19
401.14878	6.83006e-19
401.16430	6.70619e-19
401.17982	6.70591e-19
401.19535	6.70874e-19
401.21087	6.62599e-19
401.22640	6.58762e-19
401.24193	6.62493e-19
401.25746	6.61146e-19
401.27299	6.55501e-19
401.28852	6.58700e-19
401.30405	6.68263e-19
401.31959	6.68089e-19
401.33513	6.58025e-19
401.35066	6.50236e-19
401.36620	6.46171e-19
401.38174	6.47038e-19
401.39728	6.55128e-19
401.41282	6.56993e-19
401.42836	6.48948e-19
401.44391	6.44757e-19
401.45945	6.45557e-19
401.47500	6.46856e-19
401.49055	6.45947e-19
401.50610	6.43297e-19
401.52165	6.40064e-19
401.53720	6.37545e-19
401.55275	6.42147e-19
401.56831	6.46661e-19
401.58386	6.43282e-19
401.59942	6.44443e-19
401.61497	6.49329e-19
401.63053	6.43653e-19
401.64609	6.35325e-19
401.66165	6.29322e-19
401.67722	6.24130e-19
401.69278	6.26238e-19
401.70834	6.26442e-19
401.72391	6.24884e-19
401.73948	6.28327e-19
401.75505	6.30593e-19
401.77061	6.34185e-19
401.78619	6.40190e-19
401.80176	6.44626e-19
401.81733	6.38593e-19
401.83291	6.23475e-19
401.84848	6.20428e-19
401.86406	6.32005e-19
401.87964	6.32433e-19
401.89521	6.24611e-19
401.91079	6.32223e-19
401.92638	6.29275e-19
401.94196	6.05071e-19
401.95754	5.92639e-19
401.97313	5.98146e-19
401.98871	6.08547e-19
402.00430	6.08455e-19
402.01989	6.00388e-19
402.03548	5.98091e-19
402.05107	5.99550e-19
402.06666	5.99553e-19
402.08226	6.00097e-19
402.09785	6.02591e-19
402.11345	6.04374e-19
402.12905	5.99333e-19
402.14465	5.84362e-19
402.16024	5.70095e-19
402.17585	5.69881e-19
402.19145	5.81202e-19
402.20705	5.80254e-19
402.22266	5.68407e-19
402.23826	5.70071e-19
402.25387	5.73403e-19
402.26948	5.66228e-19
402.28509	5.64328e-19
402.30070	5.75162e-19
402.31631	5.81516e-19
402.33192	5.75751e-19
402.34754	5.73768e-19
402.36315	5.71837e-19
402.37877	5.71527e-19
402.39439	5.80471e-19
402.41000	5.80167e-19
402.42562	5.67482e-19
402.44125	5.64093e-19
402.45687	5.68215e-19
402.47249	5.69211e-19
402.48812	5.70251e-19
402.50374	5.61496e-19
402.51937	5.54211e-19
402.53500	5.62659e-19
402.55063	5.65960e-19
402.56626	5.59923e-19
402.58189	5.52850e-19
402.59753	5.50549e-19
402.61316	5.56066e-19
402.62880	5.58670e-19
402.64444	5.56117e-19
402.66007	5.51532e-19
402.67571	5.45844e-19
402.69136	5.45759e-19
402.70700	5.47430e-19
402.72264	5.41047e-19
402.73829	5.33670e-19
402.75393	5.36552e-19
402.76958	5.53065e-19
402.78523	5.64662e-19
402.80088	5.58426e-19
402.81653	5.52807e-19
402.83218	5.54172e-19
402.84783	5.60214e-19
402.86349	5.64278e-19
402.87914	5.65491e-19
402.89480	5.66909e-19
402.91046	5.68024e-19
402.92612	5.70231e-19
402.94178	5.62218e-19
402.95744	5.55895e-19
402.97310	5.57302e-19
402.98876	5.60987e-19
403.00443	5.66310e-19
403.02010	5.61983e-19
403.03576	5.63319e-19
403.05143	5.63846e-19
403.06710	5.53355e-19
403.08277	5.45383e-19
403.09845	5.39060e-19
403.11412	5.42950e-19
403.12980	5.45816e-19
403.14547	5.40017e-19
403.16115	5.42827e-19
403.17683	5.49632e-19
403.19251	5.47979e-19
403.20819	5.42273e-19
403.22387	5.46445e-19
403.23955	5.55471e-19
403.25524	5.55128e-19
403.27093	5.48432e-19
403.28661	5.46116e-19
403.30230	5.49890e-19
403.31799	5.48878e-19
403.33368	5.44227e-19
403.34937	5.44207e-19
403.36507	5.44276e-19
403.38076	5.47905e-19
403.39646	5.52395e-19
403.41215	5.51207e-19
403.42785	5.60966e-19
403.44355	5.74289e-19
403.45925	5.78412e-19
403.47495	5.70968e-19
403.49066	5.54240e-19
403.50636	5.62555e-19
403.52207	5.79233e-19
403.53777	5.74118e-19
403.55348	5.67393e-19
403.56919	5.62210e-19
403.58490	5.65171e-19
403.60061	5.69244e-19
403.61633	5.61380e-19
403.63204	5.58426e-19
403.64776	5.66371e-19
403.66347	5.69425e-19
403.67919	5.65335e-19
403.69491	5.71892e-19
403.71063	5.79837e-19
403.72635	5.79234e-19
403.74207	5.87717e-19
403.75780	6.05617e-19
403.77352	6.10703e-19
403.78925	6.08955e-19
403.80498	6.22836e-19
403.82070	6.28968e-19
403.83643	6.22738e-19
403.85217	6.30541e-19
403.86790	6.36756e-19
403.88363	6.35444e-19
403.89937	6.37430e-19
403.91510	6.33797e-19
403.93084	6.31678e-19
403.94658	6.33225e-19
403.96232	6.31328e-19
403.97806	6.39593e-19
403.99380	6.52722e-19
404.00955	6.60775e-19
404.02529	6.51798e-19
404.04104	6.34608e-19
404.05678	6.41484e-19
404.07253	6.39891e-19
404.08828	6.30069e-19
404.10403	6.36746e-19
404.11978	6.33070e-19
404.13554	6.30830e-19
404.15129	6.33801e-19
404.16705	6.29593e-19
404.18281	6.28626e-19
404.19856	6.31446e-19
404.21432	6.23599e-19
404.23008	6.09078e-19
404.24585	6.11038e-19
404.26161	6.19228e-19
404.27737	6.28234e-19
404.29314	6.30651e-19
404.30891	6.12084e-19
404.32467	5.98017e-19
404.34044	5.97648e-19
404.35621	6.03776e-19
404.37198	6.08524e-19
404.38776	6.11741e-19
404.40353	6.12217e-19
404.41931	6.05311e-19
404.43508	6.01629e-19
404.45086	5.93598e-19
404.46664	5.88355e-19
404.48242	6.01347e-19
404.49820	6.14550e-19
404.51399	6.11767e-19
404.52977	6.02233e-19
404.54556	5.95565e-19
404.56134	5.87006e-19
404.57713	5.84599e-19
404.59292	5.87203e-19
404.60871	5.85221e-19
404.62450	5.84107e-19
404.64029	5.80579e-19
404.65609	5.86756e-19
404.67188	5.95927e-19
404.68768	5.89774e-19
404.70348	5.91848e-19
404.71928	6.00066e-19
404.73508	6.05189e-19
404.75088	6.19936e-19
404.76668	6.37907e-19
404.78248	6.36633e-19
404.79829	6.23632e-19
404.81409	6.33908e-19
404.82990	6.54533e-19
404.84571	6.70131e-19
404.86152	6.85180e-19
404.87733	6.88359e-19
404.89314	6.93042e-19
404.90896	6.84770e-19
404.92477	6.71902e-19
404.94059	6.70768e-19
404.95641	6.53454e-19
404.97222	6.31592e-19
404.98804	6.15564e-19
405.00387	6.11686e-19
405.01969	6.16621e-19
405.03551	6.21299e-19
405.05134	6.39087e-19
405.06716	6.50111e-19
405.08299	6.46300e-19
405.09882	6.50602e-19
405.11465	6.69342e-19
405.13048	6.88184e-19
405.14631	6.94017e-19
405.16214	7.04525e-19
405.17798	7.06183e-19
405.19381	6.90843e-19
405.20965	6.96347e-19
405.22549	7.18381e-19
405.24133	7.28937e-19
405.25717	7.36716e-19
405.27301	7.33340e-19
405.28886	7.24457e-19
405.30470	7.30525e-19
405.32055	7.11350e-19
405.33639	6.88268e-19
405.35224	6.86808e-19
405.36809	6.71310e-19
405.38394	6.50227e-19
405.39979	6.42939e-19
405.41565	6.55293e-19
405.43150	6.64623e-19
405.44736	6.57415e-19
405.46322	6.50678e-19
405.47907	6.47662e-19
405.49493	6.53739e-19
405.51079	6.44838e-19
405.52666	6.26975e-19
405.54252	6.13827e-19
405.55838	6.00014e-19
405.57425	6.12715e-19
405.59012	6.24047e-19
405.60598	6.07191e-19
405.62185	5.99841e-19
405.63772	6.08687e-19
405.65360	6.21499e-19
405.66947	6.17309e-19
405.68534	5.95958e-19
405.70122	5.85905e-19
405.71710	5.80256e-19
405.73297	5.69108e-19
405.74885	5.68575e-19
405.76473	5.71258e-19
405.78062	5.66564e-19
405.79650	5.64126e-19
405.81238	5.63221e-19
405.82827	5.65817e-19
405.84416	5.76925e-19
405.86004	5.82495e-19
405.87593	5.75296e-19
405.89182	5.73959e-19
405.90772	5.76828e-19
405.92361	5.71891e-19
405.93950	5.68644e-19
405.95540	5.75643e-19
405.97129	5.93428e-19
405.98719	5.94675e-19
406.00309	5.77031e-19
406.01899	5.78272e-19
406.03489	5.85947e-19
406.05080	5.76868e-19
406.06670	5.71155e-19
406.08261	5.73989e-19
406.09851	5.62269e-19
406.11442	5.50303e-19
406.13033	5.61697e-19
406.14624	5.83017e-19
406.16215	5.94003e-19
406.17807	5.88829e-19
406.19398	5.89671e-19
406.20990	5.89862e-19
406.22581	5.82563e-19
406.24173	5.99001e-19
406.25765	6.08240e-19
406.27357	5.93847e-19
406.28949	5.88421e-19
406.30541	5.91484e-19
406.32134	6.01073e-19
406.33726	5.98068e-19
406.35319	5.84763e-19
406.36912	5.77046e-19
406.38505	5.63952e-19
406.40098	5.56848e-19
406.41691	5.59075e-19
406.43284	5.60009e-19
406.44878	5.56811e-19
406.46471	5.43639e-19
406.48065	5.29690e-19
406.49659	5.29526e-19
406.51253	5.43213e-19
406.52847	5.52002e-19
406.54441	5.50058e-19
406.56035	5.53670e-19
406.57630	5.51535e-19
406.59224	5.41956e-19
406.60819	5.39841e-19
406.62414	5.30906e-19
406.64008	5.18505e-19
406.65603	5.12484e-19
406.67199	5.04101e-19
406.68794	5.01405e-19
406.70389	5.04598e-19
406.71985	5.00810e-19
406.73581	4.99454e-19
406.75176	5.07898e-19
406.76772	5.11763e-19
406.78368	5.10046e-19
406.79964	5.11391e-19
406.81561	5.12944e-19
406.83157	5.17194e-19
406.84754	5.15897e-19
406.86350	5.10312e-19
406.87947	5.14356e-19
406.89544	5.12030e-19
406.91141	5.04452e-19
406.92738	5.00299e-19
406.94336	4.97043e-19
406.95933	5.04395e-19
406.97531	5.11696e-19
406.99128	5.14949e-19
407.00726	5.16910e-19
407.02324	5.12313e-19
407.03922	5.11475e-19
407.05520	5.07867e-19
407.07119	5.00575e-19
407.08717	5.00534e-19
407.10316	5.00437e-19
407.11914	4.95266e-19
407.13513	4.92387e-19
407.15112	4.95497e-19
407.16711	4.98129e-19
407.18310	5.04935e-19
407.19909	5.15855e-19
407.21509	5.14795e-19
407.23108	5.07326e-19
407.24708	5.08568e-19
407.26308	5.17939e-19
407.27908	5.23970e-19
407.29508	5.15043e-19
407.31108	5.00300e-19
407.32708	4.98388e-19
407.34309	5.03275e-19
407.35909	5.06880e-19
407.37510	5.09303e-19
407.39111	5.05430e-19
407.40712	5.04986e-19
407.42313	5.09724e-19
407.43914	5.16692e-19
407.45515	5.22548e-19
407.47117	5.21457e-19
407.48718	5.31032e-19
407.50320	5.44955e-19
407.51922	5.41087e-19
407.53524	5.29204e-19
407.55126	5.24403e-19
407.56728	5.26431e-19
407.58331	5.28630e-19
407.59933	5.32009e-19
407.61536	5.33538e-19
407.63138	5.38992e-19
407.64741	5.50131e-19
407.66344	5.53940e-19
407.67947	5.61953e-19
407.69550	5.84627e-19
407.71154	6.01028e-19
407.72757	5.93286e-19
407.74361	5.82850e-19
407.75964	5.82196e-19
407.77568	5.85446e-19
407.79172	5.87441e-19
407.80776	5.75109e-19
407.82381	5.70938e-19
407.83985	5.84667e-19
407.85589	5.92368e-19
407.87194	6.03170e-19
407.88799	6.14393e-19
407.90403	6.13738e-19
407.92008	6.25192e-19
407.93614	6.47340e-19
407.95219	6.59878e-19
407.96824	6.72299e-19
407.98430	6.80439e-19
408.00035	6.73084e-19
408.01641	6.56117e-19
408.03247	6.32445e-19
408.04853	6.15003e-19
408.06459	6.05242e-19
408.08065	6.07881e-19
408.09672	6.24237e-19
408.11278	6.27368e-19
408.12885	6.34223e-19
408.14491	6.54680e-19
408.16098	6.52917e-19
408.17705	6.57353e-19
408.19312	6.78982e-19
408.20920	6.78747e-19
408.22527	6.72551e-19
408.24134	6.74488e-19
408.25742	6.99893e-19
408.27350	7.47452e-19
408.28958	7.59162e-19
408.30566	7.59350e-19
408.32174	7.54243e-19
408.33782	7.18420e-19
408.35391	7.11257e-19
408.36999	7.29983e-19
408.38608	7.40854e-19
408.40216	7.47394e-19
408.41825	7.49549e-19
408.43434	7.54329e-19
408.45044	7.51822e-19
408.46653	7.47340e-19
408.48262	7.45324e-19
408.49872	7.27945e-19
408.51481	7.24480e-19
408.53091	7.37454e-19
408.54701	7.38339e-19
408.56311	7.38304e-19
408.57921	7.25939e-19
408.59532	7.00524e-19
408.61142	6.92924e-19
408.62753	6.96670e-19
408.64363	7.00136e-19
408.65974	7.00831e-19
408.67585	6.93753e-19
408.69196	6.93247e-19
408.70807	6.95287e-19
408.72418	6.86762e-19
408.74030	6.85586e-19
408.75641	6.84046e-19
408.77253	6.68502e-19
408.78865	6.56183e-19
408.80477	6.48850e-19
408.82089	6.49324e-19
408.83701	6.58142e-19
408.85314	6.63024e-19
408.86926	6.61923e-19
408.88539	6.58961e-19
408.90151	6.64809e-19
408.91764	6.68393e-19
408.93377	6.55217e-19
408.94990	6.48439e-19
408.96603	6.59688e-19
408.98217	6.72393e-19
408.99830	6.71347e-19
409.01444	6.69354e-19
409.03057	6.72298e-19
409.04671	6.56633e-19
409.06285	6.35909e-19
409.07899	6.31536e-19
409.09514	6.23022e-19
409.11128	6.09357e-19
409.12742	6.09048e-19
409.14357	6.10276e-19
409.15972	5.98446e-19
409.17587	5.91501e-19
409.19202	6.03787e-19
409.20817	6.11189e-19
409.22432	6.08442e-19
409.24047	6.19611e-19
409.25663	6.29143e-19
409.27279	6.31059e-19
409.28894	6.35311e-19
409.30510	6.23851e-19
409.32126	6.20621e-19
409.33742	6.39693e-19
409.35359	6.43210e-19
409.36975	6.39006e-19
409.38592	6.43139e-19
409.40208	6.48730e-19
409.41825	6.58216e-19
409.43442	6.64527e-19
409.45059	6.69956e-19
409.46676	6.56699e-19
409.48294	6.39155e-19
409.49911	6.53872e-19
409.51528	6.62430e-19
409.53146	6.54288e-19
409.54764	6.56104e-19
409.56382	6.58298e-19
409.58000	6.52851e-19
409.59618	6.49648e-19
409.61236	6.70594e-19
409.62855	6.87674e-19
409.64473	6.70544e-19
409.66092	6.52206e-19
409.67711	6.39705e-19
409.69330	6.32312e-19
409.70949	6.43407e-19
409.72568	6.46651e-19
409.74188	6.20691e-19
409.75807	6.06562e-19
409.77427	6.08179e-19
409.79046	6.05850e-19
409.80666	6.06480e-19
409.82286	6.01883e-19
409.83906	5.92444e-19
409.85527	5.85446e-19
409.87147	5.89102e-19
409.88767	6.03333e-19
409.90388	6.03296e-19
409.92009	5.98559e-19
409.93630	6.02906e-19
409.95251	6.01919e-19
409.96872	5.99664e-19
409.98493	6.00227e-19
410.00114	5.95381e-19
410.01736	5.94586e-19
410.03358	6.02747e-19
410.04979	6.14079e-19
410.06601	6.27802e-19
410.08223	6.30917e-19
410.09846	6.21375e-19
410.11468	6.05441e-19
410.13090	5.97804e-19
410.14713	6.15553e-19
410.16335	6.31507e-19
410.17958	6.39459e-19
410.19581	6.58406e-19
410.21204	6.63011e-19
410.22827	6.66550e-19
410.24451	6.91738e-19
410.26074	7.00353e-19
410.27698	6.94719e-19
410.29321	7.04788e-19
410.30945	7.20281e-19
410.32569	7.32410e-19
410.34193	7.33821e-19
410.35818	7.19990e-19
410.37442	6.95450e-19
410.39066	6.83503e-19
410.40691	6.92946e-19
410.42316	6.90739e-19
410.43941	6.84602e-19
410.45566	6.91516e-19
410.47191	7.03427e-19
410.48816	7.24736e-19
410.50441	7.39838e-19
410.52067	7.31214e-19
410.53692	7.13772e-19
410.55318	7.15671e-19
410.56944	7.16309e-19
410.58570	6.91443e-19
410.60196	6.82000e-19
410.61823	6.95499e-19
410.63449	7.04848e-19
410.65075	6.88532e-19
410.66702	6.58827e-19
410.68329	6.47410e-19
410.69956	6.53625e-19
410.71583	6.62960e-19
410.73210	6.58542e-19
410.74837	6.46714e-19
410.76465	6.44343e-19
410.78092	6.52753e-19
410.79720	6.65523e-19
410.81348	6.62943e-19
410.82976	6.58686e-19
410.84604	6.72481e-19
410.86232	6.86392e-19
410.87860	6.79771e-19
410.89489	6.61378e-19
410.91118	6.54758e-19
410.92746	6.51095e-19
410.94375	6.39820e-19
410.96004	6.31926e-19
410.97633	6.38074e-19
410.99262	6.50593e-19
411.00892	6.48768e-19
411.02521	6.38834e-19
411.04151	6.16739e-19
411.05781	5.96004e-19
411.07411	6.01081e-19
411.09041	6.03598e-19
411.10671	5.95289e-19
411.12301	5.96981e-19
411.13931	5.99628e-19
411.15562	6.00750e-19
411.17193	6.07990e-19
411.18823	6.01852e-19
411.20454	5.84961e-19
411.22085	5.83311e-19
411.23717	5.84484e-19
411.25348	5.81871e-19
411.26979	5.78373e-19
411.28611	5.73441e-19
411.30243	5.76110e-19
411.31874	5.77242e-19
411.33506	5.70626e-19
411.35138	5.61823e-19
411.36771	5.62123e-19
411.38403	5.62979e-19
411.40036	5.57138e-19
411.41668	5.61184e-19
411.43301	5.54445e-19
411.44934	5.43279e-19
411.46567	5.51586e-19
411.48200	5.57570e-19
411.49833	5.63120e-19
411.51466	5.66380e-19
411.53100	5.48019e-19
411.54734	5.31456e-19
411.56367	5.27902e-19
411.58001	5.27092e-19
411.59635	5.32660e-19
411.61270	5.35465e-19
411.62904	5.29899e-19
411.64538	5.30692e-19
411.66173	5.33883e-19
411.67807	5.35072e-19
411.69442	5.40516e-19
411.71077	5.47888e-19
411.72712	5.56950e-19
411.74347	5.68118e-19
411.75983	5.71105e-19
411.77618	5.62782e-19
411.79254	5.54154e-19
411.80890	5.53732e-19
411.82525	5.50858e-19
411.84161	5.36976e-19
411.85798	5.37645e-19
411.87434	5.45288e-19
411.89070	5.37707e-19
411.90707	5.37362e-19
411.92343	5.45580e-19
411.93980	5.56052e-19
411.95617	5.63661e-19
411.97254	5.57216e-19
411.98891	5.48219e-19
412.00528	5.44724e-19
412.02166	5.47151e-19
412.03803	5.51766e-19
412.05441	5.53658e-19
412.07079	5.42356e-19
412.08717	5.27605e-19
412.10355	5.29792e-19
412.11993	5.41731e-19
412.13631	5.46840e-19
412.15270	5.39275e-19
412.16908	5.44952e-19
412.18547	5.57909e-19
412.20186	5.47443e-19
412.21825	5.45087e-19
412.23464	5.53446e-19
412.25103	5.42117e-19
412.26743	5.32079e-19
412.28382	5.37080e-19
412.30022	5.37461e-19
412.31661	5.30911e-19
412.33301	5.27584e-19
412.34941	5.28656e-19
412.36581	5.30425e-19
412.38222	5.43959e-19
412.39862	5.73103e-19
412.41503	5.80585e-19
412.43143	5.70000e-19
412.44784	5.61222e-19
412.46425	5.53774e-19
412.48066	5.56169e-19
412.49707	5.55294e-19
412.51349	5.62083e-19
412.52990	5.84230e-19
412.54632	6.04329e-19
412.56273	6.08141e-19
412.57915	5.98276e-19
412.59557	6.06436e-19
412.61199	6.17789e-19
412.62842	6.15344e-19
412.64484	6.14464e-19
412.66126	6.14232e-19
412.67769	6.12690e-19
412.69412	6.15645e-19
412.71055	6.29288e-19
412.72698	6.34988e-19
412.74341	6.36524e-19
412.75984	6.43769e-19
412.77628	6.34126e-19
412.79271	6.05889e-19
412.80915	5.97939e-19
412.82559	6.28319e-19
412.84203	6.39816e-19
412.85847	6.31596e-19
412.87491	6.49070e-19
412.89135	6.54807e-19
412.90780	6.36513e-19
412.92424	6.25180e-19
412.94069	6.31373e-19
412.95714	6.51275e-19
412.97359	6.68675e-19
412.99004	6.73507e-19
413.00649	6.76753e-19
413.02295	6.85101e-19
413.03940	7.04332e-19
413.05586	7.32624e-19
413.07231	7.29851e-19
413.08877	7.06331e-19
413.10523	7.08519e-19
413.12170	7.25133e-19
413.13816	7.23127e-19
413.15462	7.21585e-19
413.17109	7.33270e-19
413.18756	7.28502e-19
413.20402	7.23817e-19
413.22049	7.25453e-19
413.23696	7.21418e-19
413.25344	7.18797e-19
413.26991	7.10721e-19
413.28638	7.18088e-19
413.30286	7.35512e-19
413.31934	7.38788e-19
413.33582	7.60545e-19
413.35230	7.99345e-19
413.36878	8.15212e-19
413.38526	8.04590e-19
413.40174	7.91440e-19
413.41823	7.98395e-19
413.43472	7.98650e-19
413.45120	7.88028e-19
413.46769	7.75528e-19
413.48418	7.44592e-19
413.50068	7.47362e-19
413.51717	7.76446e-19
413.53366	7.86766e-19
413.55016	7.97691e-19
413.56666	7.93541e-19
413.58316	7.80511e-19
413.59965	7.72641e-19
413.61616	7.76846e-19
413.63266	7.87200e-19
413.64916	7.78173e-19
413.66567	7.58697e-19
413.68217	7.37948e-19
413.69868	7.38222e-19
413.71519	7.40739e-19
413.73170	7.22103e-19
413.74821	7.06894e-19
413.76472	7.14445e-19
413.78124	7.37774e-19
413.79775	7.37469e-19
413.81427	7.18942e-19
413.83079	6.92807e-19
413.84731	6.77309e-19
413.86383	6.77088e-19
413.88035	6.60575e-19
413.89688	6.47072e-19
413.91340	6.45460e-19
413.92993	6.45190e-19
413.94645	6.37101e-19
413.96298	6.22643e-19
413.97951	6.08625e-19
413.99604	5.96652e-19
414.01258	6.06791e-19
414.02911	6.14874e-19
414.04565	6.02451e-19
414.06218	5.97485e-19
414.07872	5.98217e-19
414.09526	5.92804e-19
414.11180	5.85567e-19
414.12834	5.85826e-19
414.14489	5.78541e-19
414.16143	5.60494e-19
414.17798	5.50309e-19
414.19452	5.46783e-19
414.21107	5.52347e-19
414.22762	5.66221e-19
414.24417	5.72869e-19
414.26073	5.74786e-19
414.27728	5.76813e-19
414.29384	5.67848e-19
414.31039	5.53924e-19
414.32695	5.46956e-19
414.34351	5.43250e-19
414.36007	5.39289e-19
414.37663	5.41133e-19
414.39319	5.50242e-19
414.40976	5.62979e-19
414.42633	5.77659e-19
414.44289	5.83722e-19
414.45946	5.86949e-19
414.47603	5.87345e-19
414.49260	5.78156e-19
414.50917	5.81284e-19
414.52575	5.93350e-19
414.54232	5.97202e-19
414.55890	5.90947e-19
414.57548	5.84840e-19
414.59206	5.95892e-19
414.60864	6.13430e-19
414.62522	6.11318e-19
414.64180	5.99791e-19
414.65839	6.00972e-19
414.67497	5.95482e-19
414.69156	5.87291e-19
414.70815	5.97505e-19
414.72474	6.07845e-19
414.74133	6.01385e-19
414.75792	5.86980e-19
414.77451	5.93419e-19
414.79111	5.97293e-19
414.80770	5.82657e-19
414.82430	6.03780e-19
414.84090	6.26235e-19
414.85750	5.94249e-19
414.87410	5.72285e-19
414.89071	5.81126e-19
414.90731	5.85929e-19
414.92392	5.88279e-19
414.94052	5.91231e-19
414.95713	5.90741e-19
414.97374	6.00164e-19
414.99035	6.03059e-19
415.00696	5.99003e-19
415.02358	6.10692e-19
415.04019	6.27235e-19
415.05681	6.29805e-19
415.07343	6.19251e-19
415.09004	6.12106e-19
415.10666	6.11155e-19
415.12329	6.14022e-19
415.13991	6.14725e-19
415.15653	6.01374e-19
415.17316	5.95394e-19
415.18979	6.02339e-19
415.20641	5.97503e-19
415.22304	6.00316e-19
415.23967	6.18307e-19
415.25631	6.11188e-19
415.27294	5.93896e-19
415.28957	5.78144e-19
415.30621	5.48489e-19
415.32285	5.40724e-19
415.33949	5.58353e-19
415.35613	5.62262e-19
415.37277	5.58251e-19
415.38941	5.57619e-19
415.40606	5.51091e-19
415.42270	5.45269e-19
415.43935	5.43012e-19
415.45600	5.41751e-19
415.47265	5.39734e-19
415.48930	5.34400e-19
415.50595	5.28682e-19
415.52260	5.20191e-19
415.53926	5.15139e-19
415.55591	5.16251e-19
415.57257	5.12427e-19
415.58923	5.04582e-19
415.60589	4.98892e-19
415.62255	4.99353e-19
415.63922	5.00950e-19
415.65588	4.99110e-19
415.67255	4.98479e-19
415.68921	4.95363e-19
415.70588	4.88342e-19
415.72255	4.85781e-19
415.73922	4.85235e-19
415.75589	4.84810e-19
415.77257	4.97624e-19
415.78924	5.07054e-19
415.80592	4.98359e-19
415.82260	4.96281e-19
415.83927	5.03747e-19
415.85595	5.13984e-19
415.87264	5.15727e-19
415.88932	5.05909e-19
415.90600	5.06310e-19
415.92269	5.18601e-19
415.93938	5.26724e-19
415.95606	5.21144e-19
415.97275	5.12965e-19
415.98945	5.09980e-19
416.00614	5.10751e-19
416.02283	5.07185e-19
416.03953	4.96511e-19
416.05622	4.95989e-19
416.07292	4.94935e-19
416.08962	4.89276e-19
416.10632	4.88014e-19
416.12302	4.88379e-19
416.13972	4.99165e-19
416.15643	5.00931e-19
416.17313	4.93130e-19
416.18984	4.99755e-19
416.20655	5.09599e-19
416.22326	5.15697e-19
416.23997	5.16107e-19
416.25668	5.13318e-19
416.27340	5.09213e-19
416.29011	5.08020e-19
416.30683	5.26204e-19
416.32355	5.32363e-19
416.34027	5.01532e-19
416.35699	4.84729e-19
416.37371	4.96577e-19
416.39043	5.05853e-19
416.40716	5.09770e-19
416.42388	5.09659e-19
416.44061	5.01587e-19
416.45734	5.02490e-19
416.47407	5.01374e-19
416.49080	4.85913e-19
416.50753	4.82458e-19
416.52426	4.99124e-19
416.54100	5.13386e-19
416.55774	5.14950e-19
416.57447	5.14492e-19
416.59121	5.11645e-19
416.60795	5.11856e-19
416.62470	5.27136e-19
416.64144	5.33808e-19
416.65818	5.17970e-19
416.67493	5.07354e-19
416.69168	5.09886e-19
416.70843	5.13961e-19
416.72518	5.10300e-19
416.74193	5.03318e-19
416.75868	5.06927e-19
416.77544	5.10647e-19
416.79219	5.07394e-19
416.80895	5.06042e-19
416.82571	4.98277e-19
416.84247	4.98368e-19
416.85923	5.12836e-19
416.87599	5.13440e-19
416.89275	5.06140e-19
416.90952	5.03587e-19
416.92628	5.06426e-19
416.94305	5.11263e-19
416.95982	5.09538e-19
416.97659	5.11259e-19
416.99336	5.13846e-19
417.01013	5.24708e-19
417.02691	5.41837e-19
417.04368	5.35431e-19
417.06046	5.28728e-19
417.07724	5.43234e-19
417.09402	5.59463e-19
417.11080	5.48379e-19
417.12758	5.28134e-19
417.14437	5.30956e-19
417.16115	5.36516e-19
417.17794	5.47606e-19
417.19473	5.64363e-19
417.21152	5.66493e-19
417.22831	5.78691e-19
417.24510	5.90563e-19
417.26189	5.77797e-19
417.27869	5.72278e-19
417.29548	5.91257e-19
417.31228	5.92786e-19
417.32908	5.69216e-19
417.34588	5.64316e-19
417.36268	5.60042e-19
417.37948	5.51961e-19
417.39629	5.57758e-19
417.41309	5.51695e-19
417.42990	5.45950e-19
417.44671	5.59958e-19
417.46352	5.73022e-19
417.48033	5.74413e-19
417.49714	5.60786e-19
417.51395	5.36928e-19
417.53077	5.26454e-19
417.54758	5.41257e-19
417.56440	5.50384e-19
417.58122	5.29627e-19
417.59804	5.15477e-19
417.61486	5.27097e-19
417.63169	5.49780e-19
417.64851	5.54033e-19
417.66534	5.40462e-19
417.68216	5.40166e-19
417.69899	5.38762e-19
417.71582	5.44722e-19
417.73265	5.65286e-19
417.74948	5.60323e-19
417.76632	5.50685e-19
417.78315	5.60757e-19
417.79999	5.87394e-19
417.81683	6.06463e-19
417.83367	5.86234e-19
417.85051	5.71409e-19
417.86735	5.80507e-19
417.88419	5.88346e-19
417.90104	5.93937e-19
417.91788	5.90023e-19
417.93473	5.73194e-19
417.95158	5.73460e-19
417.96843	5.84167e-19
417.98528	5.67669e-19
418.00213	5.43355e-19
418.01899	5.36919e-19
418.03584	5.39389e-19
418.05270	5.41260e-19
418.06956	5.51193e-19
418.08642	5.64432e-19
418.10328	5.73209e-19
418.12014	5.89032e-19
418.13701	5.93582e-19
418.15387	5.86652e-19
418.17074	5.84132e-19
418.18761	5.85652e-19
418.20448	5.98470e-19
418.22135	6.02861e-19
418.23822	5.98378e-19
418.25509	5.95357e-19
418.27197	5.74426e-19
418.28884	5.59607e-19
418.30572	5.70261e-19
418.32260	5.71323e-19
418.33948	5.73083e-19
418.35636	5.88272e-19
418.37324	5.83647e-19
418.39013	5.80727e-19
418.40701	5.75621e-19
418.42390	5.72309e-19
418.44079	5.86121e-19
418.45768	5.88324e-19
418.47457	6.06918e-19
418.49146	6.18870e-19
418.50835	6.10717e-19
418.52525	6.23728e-19
418.54215	6.26088e-19
418.55904	6.17095e-19
418.57594	5.96481e-19
418.59284	5.90763e-19
418.60975	6.15187e-19
418.62665	6.22826e-19
418.64355	6.20343e-19
418.66046	6.10375e-19
418.67737	6.05435e-19
418.69428	6.08874e-19
418.71119	5.91862e-19
418.72810	5.81586e-19
418.74501	5.83462e-19
418.76192	5.71966e-19
418.77884	5.52223e-19
418.79576	5.48113e-19
418.81267	5.52763e-19
418.82959	5.42974e-19
418.84652	5.38366e-19
418.86344	5.49697e-19
418.88036	5.58636e-19
418.89729	5.56698e-19
418.91421	5.46045e-19
418.93114	5.39715e-19
418.94807	5.44264e-19
418.96500	5.37947e-19
418.98193	5.25905e-19
418.99887	5.38429e-19
419.01580	5.52278e-19
419.03274	5.50897e-19
419.04967	5.52976e-19
419.06661	5.53283e-19
419.08355	5.59988e-19
419.10050	5.60245e-19
419.11744	5.42219e-19
419.13438	5.36690e-19
419.15133	5.42136e-19
419.16828	5.51257e-19
419.18522	5.66484e-19
419.20217	5.80954e-19
419.21912	5.95509e-19
419.23608	5.99225e-19
419.25303	5.94383e-19
419.26999	6.08583e-19
419.28694	6.33883e-19
419.30390	6.37125e-19
419.32086	6.18235e-19
419.33782	6.01597e-19
419.35478	6.04756e-19
419.37175	6.10403e-19
419.38871	6.10710e-19
419.40568	6.17467e-19
419.42265	6.11293e-19
419.43961	6.02788e-19
419.45658	6.00157e-19
419.47356	5.90875e-19
419.49053	5.89130e-19
419.50750	5.91403e-19
419.52448	5.92953e-19
419.54146	6.03901e-19
419.55844	6.13089e-19
419.57542	6.14122e-19
419.59240	6.28837e-19
419.60938	6.39547e-19
419.62636	6.42643e-19
419.64335	6.60775e-19
419.66034	6.44176e-19
419.67732	6.18709e-19
419.69431	6.12186e-19
419.71131	6.03961e-19
419.72830	6.21968e-19
419.74529	6.35061e-19
419.76229	6.26115e-19
419.77928	6.35202e-19
419.79628	6.44761e-19
419.81328	6.37324e-19
419.83028	6.29256e-19
419.84728	6.31107e-19
419.86429	6.31788e-19
419.88129	6.18738e-19
419.89830	6.09701e-19
419.91530	6.18323e-19
419.93231	6.13064e-19
419.94932	5.97770e-19
419.96634	5.93723e-19
419.98335	5.91585e-19
420.00036	5.96844e-19
420.01738	5.95926e-19
420.03440	5.93954e-19
420.05141	5.90683e-19
420.06843	5.70625e-19
420.08546	5.64960e-19
420.10248	5.78071e-19
420.11950	5.93447e-19
420.13653	6.06426e-19
420.15355	6.10669e-19
420.17058	6.09553e-19
420.18761	6.24338e-19
420.20464	6.38263e-19
420.22168	6.23135e-19
420.23871	6.22703e-19
420.25574	6.41791e-19
420.27278	6.35147e-19
420.28982	6.14675e-19
420.30686	6.20328e-19
420.32390	6.32652e-19
420.34094	6.27910e-19
420.35798	6.19541e-19
420.37503	6.14366e-19
420.39207	6.21238e-19
420.40912	6.17127e-19
420.42617	6.13040e-19
420.44322	6.10229e-19
420.46027	5.96246e-19
420.47733	5.99676e-19
420.49438	6.13136e-19
420.51144	6.34881e-19
420.52849	6.22255e-19
420.54555	6.02999e-19
420.56261	6.13108e-19
420.57967	5.97272e-19
420.59674	5.98281e-19
420.61380	5.98703e-19
420.63087	5.72885e-19
420.64793	5.79455e-19
420.66500	6.08732e-19
420.68207	6.08840e-19
420.69914	5.82672e-19
420.71621	5.87611e-19
420.73329	6.05262e-19
420.75036	6.15059e-19
420.76744	6.22328e-19
420.78452	6.28727e-19
420.80160	6.52269e-19
420.81868	6.59735e-19
420.83576	6.66076e-19
420.85284	6.71324e-19
420.86993	6.62837e-19
420.88701	6.52409e-19
420.90410	6.22681e-19
420.92119	6.10570e-19
420.93828	6.20096e-19
420.95537	6.24664e-19
420.97247	6.29924e-19
420.98956	6.41074e-19
421.00666	6.37944e-19
421.02376	6.37065e-19
421.04085	6.55604e-19
421.05795	6.50318e-19
421.07506	6.30255e-19
421.09216	6.09575e-19
421.10926	5.99961e-19
421.12637	6.12202e-19
421.14348	6.17213e-19
421.16058	6.13235e-19
421.17769	6.11622e-19
421.19481	6.09498e-19
421.21192	6.01636e-19
421.22903	5.96951e-19
421.24615	5.86468e-19
421.26326	5.69101e-19
421.28038	5.70583e-19
421.29750	5.95244e-19
421.31462	6.16504e-19
421.33175	5.92431e-19
421.34887	5.65777e-19
421.36600	5.71004e-19
421.38312	5.81434e-19
421.40025	5.76354e-19
421.41738	5.64156e-19
421.43451	5.72613e-19
421.45164	5.79364e-19
421.46878	5.74868e-19
421.48591	5.73305e-19
421.50305	5.60145e-19
421.52018	5.52421e-19
421.53732	5.66213e-19
421.55446	5.89303e-19
421.57161	5.91798e-19
421.58875	5.81852e-19
421.60589	5.88782e-19
421.62304	6.02393e-19
421.64019	6.02933e-19
421.65734	5.88695e-19
421.67449	5.80795e-19
421.69164	5.76385e-19
421.70879	5.65279e-19
421.72595	5.69405e-19
421.74310	5.91772e-19
421.76026	6.08486e-19
421.77742	6.22926e-19
421.79458	6.34986e-19
421.81174	6.21258e-19
421.82890	6.19495e-19
421.84607	6.46059e-19
421.86323	6.57230e-19
421.88040	6.52964e-19
421.89757	6.41138e-19
421.91474	6.30169e-19
421.93191	6.53147e-19
421.94908	6.87384e-19
421.96626	6.92690e-19
421.98343	6.79841e-19
422.00061	6.49408e-19
422.01779	6.32869e-19
422.03497	6.46650e-19
422.05215	6.54059e-19
422.06933	6.56412e-19
422.08651	6.70502e-19
422.10370	6.70230e-19
422.12089	6.45259e-19
422.13807	6.41648e-19
422.15526	6.43894e-19
422.17245	6.07409e-19
422.18965	5.88244e-19
422.20684	6.08718e-19
422.22403	6.33402e-19
422.24123	6.35008e-19
422.25843	6.11234e-19
422.27563	5.99298e-19
422.29283	6.13592e-19
422.31003	6.28429e-19
422.32723	6.27715e-19
422.34444	6.16658e-19
422.36165	6.17606e-19
422.37885	6.33655e-19
422.39606	6.35456e-19
422.41327	6.33170e-19
422.43048	6.27393e-19
422.44770	6.15593e-19
422.46491	6.23192e-19
422.48213	6.19479e-19
422.49935	6.15905e-19
422.51656	6.40891e-19
422.53379	6.50913e-19
422.55101	6.32764e-19
422.56823	6.10782e-19
422.58545	6.06212e-19
422.60268	6.01941e-19
422.61991	5.87726e-19
422.63714	5.95214e-19
422.65437	6.15527e-19
422.67160	6.24304e-19
422.68883	6.10643e-19
422.70606	5.85369e-19
422.72330	5.80931e-19
422.74054	5.98757e-19
422.75778	6.15466e-19
422.77502	6.10409e-19
422.79226	5.95968e-19
422.80950	5.92657e-19
422.82674	5.84846e-19
422.84399	5.78355e-19
422.86124	5.88860e-19
422.87849	5.99651e-19
422.89574	6.16987e-19
422.91299	6.28063e-19
422.93024	6.02182e-19
422.94749	5.79693e-19
422.96475	5.78209e-19
422.98201	5.80297e-19
422.99926	5.89276e-19
423.01652	5.89554e-19
423.03378	5.75577e-19
423.05105	5.81951e-19
423.06831	5.94267e-19
423.08558	5.90156e-19
423.10284	5.86817e-19
423.12011	5.77661e-19
423.13738	5.66119e-19
423.15465	5.53142e-19
423.17192	5.48693e-19
423.18920	5.73152e-19
423.20647	5.92205e-19
423.22375	6.03184e-19
423.24103	6.38195e-19
423.25831	6.56695e-19
423.27559	6.44627e-19
423.29287	6.39760e-19
423.31015	6.31714e-19
423.32744	6.17022e-19
423.34472	6.04700e-19
423.36201	5.87811e-19
423.37930	5.77096e-19
423.39659	5.75301e-19
423.41388	5.87192e-19
423.43118	6.21486e-19
423.44847	6.48062e-19
423.46577	6.58660e-19
423.48307	6.76945e-19
423.50037	6.73857e-19
423.51767	6.40847e-19
423.53497	6.24668e-19
423.55227	6.30053e-19
423.56958	6.34940e-19
423.58688	6.24970e-19
423.60419	6.13990e-19
423.62150	6.26800e-19
423.63881	6.36351e-19
423.65612	6.31603e-19
423.67343	6.27814e-19
423.69075	6.10301e-19
423.70807	6.02996e-19
423.72538	6.11012e-19
423.74270	6.06104e-19
423.76002	6.09339e-19
423.77734	6.30719e-19
423.79467	6.56343e-19
423.81199	6.73128e-19
423.82932	6.60950e-19
423.84665	6.46351e-19
423.86397	6.41183e-19
423.88130	6.38339e-19
423.89864	6.39109e-19
423.91597	6.29256e-19
423.93330	6.27268e-19
423.95064	6.24839e-19
423.96798	6.13499e-19
423.98532	6.33370e-19
424.00266	6.58855e-19
424.02000	6.49187e-19
424.03734	6.39650e-19
424.05469	6.45351e-19
424.07203	6.70349e-19
424.08938	7.21462e-19
424.10673	7.21828e-19
424.12408	6.69069e-19
424.14143	6.32652e-19
424.15878	6.08094e-19
424.17614	6.08724e-19
424.19349	6.06156e-19
424.21085	5.96231e-19
424.22821	6.14443e-19
424.24557	6.29156e-19
424.26293	6.25016e-19
424.28029	6.09927e-19
424.29766	6.18864e-19
424.31502	6.49351e-19
424.33239	6.55754e-19
424.34976	6.47916e-19
424.36713	6.39767e-19
424.38450	6.64816e-19
424.40187	6.90827e-19
424.41925	6.92671e-19
424.43662	7.07276e-19
424.45400	7.02605e-19
424.47138	7.02624e-19
424.48876	6.92997e-19
424.50614	6.67891e-19
424.52352	6.64796e-19
424.54091	6.58998e-19
424.55829	6.67473e-19
424.57568	6.76824e-19
424.59307	6.62067e-19
424.61046	6.65729e-19
424.62785	6.77504e-19
424.64524	6.62307e-19
424.66264	6.57986e-19
424.68003	6.70652e-19
424.69743	6.51020e-19
424.71483	6.39802e-19
424.73223	6.46972e-19
424.74963	6.39730e-19
424.76703	6.56093e-19
424.78444	6.68651e-19
424.80184	6.46201e-19
424.81925	6.41377e-19
424.83666	6.48598e-19
424.85407	6.41462e-19
424.87148	6.29939e-19
424.88889	6.30788e-19
424.90631	6.29036e-19
424.92372	6.01710e-19
424.94114	5.84680e-19
424.95856	5.86301e-19
424.97598	5.85463e-19
424.99340	5.96246e-19
425.01082	5.91747e-19
425.02824	5.63684e-19
425.04567	5.68216e-19
425.06310	5.84114e-19
425.08053	5.59681e-19
425.09796	5.38245e-19
425.11539	5.55952e-19
425.13282	5.73266e-19
425.15025	5.67791e-19
425.16769	5.68570e-19
425.18513	5.61938e-19
425.20257	5.51115e-19
425.22001	5.54863e-19
425.23745	5.47877e-19
425.25489	5.37369e-19
425.27233	5.31220e-19
425.28978	5.26675e-19
425.30723	5.31213e-19
425.32467	5.27721e-19
425.34212	5.25096e-19
425.35958	5.24032e-19
425.37703	5.28328e-19
425.39448	5.54470e-19
425.41194	5.64879e-19
425.42940	5.65694e-19
425.44685	5.62404e-19
425.46431	5.44289e-19
425.48178	5.44942e-19
425.49924	5.38608e-19
425.51670	5.35345e-19
425.53417	5.66612e-19
425.55164	5.78350e-19
425.56910	5.54367e-19
425.58657	5.33435e-19
425.60405	5.17640e-19
425.62152	5.01313e-19
425.63899	4.98327e-19
425.65647	5.04593e-19
425.67395	5.06417e-19
425.69142	5.16633e-19
425.70890	5.23348e-19
425.72639	5.07288e-19
425.74387	4.93417e-19
425.76135	4.98600e-19
425.77884	5.01210e-19
425.79633	4.87191e-19
425.81381	4.76732e-19
425.83130	4.76190e-19
425.84880	4.75848e-19
425.86629	4.73398e-19
425.88378	4.74125e-19
425.90128	4.81565e-19
425.91878	4.93011e-19
425.93628	5.02368e-19
425.95378	4.95787e-19
425.97128	4.77843e-19
425.98878	4.67931e-19
426.00628	4.65685e-19
426.02379	4.60280e-19
426.04130	4.46267e-19
426.05881	4.34840e-19
426.07632	4.39444e-19
426.09383	4.53422e-19
426.11134	4.64744e-19
426.12886	4.63873e-19
426.14637	4.51772e-19
426.16389	4.46460e-19
426.18141	4.48516e-19
426.19893	4.48230e-19
426.21645	4.46581e-19
426.23397	4.47900e-19
426.25150	4.55897e-19
426.26902	4.63927e-19
426.28655	4.70493e-19
426.30408	4.72970e-19
426.32161	4.67184e-19
426.33914	4.68187e-19
426.35668	4.73571e-19
426.37421	4.71735e-19
426.39175	4.66544e-19
426.40929	4.60761e-19
426.42682	4.57542e-19
426.44436	4.55741e-19
426.46191	4.50054e-19
426.47945	4.49033e-19
426.49699	4.58475e-19
426.51454	4.65331e-19
426.53209	4.65570e-19
426.54964	4.62288e-19
426.56719	4.62879e-19
426.58474	4.65246e-19
426.60229	4.53258e-19
426.61985	4.46577e-19
426.63741	4.47996e-19
426.65496	4.41944e-19
426.67252	4.45230e-19
426.69008	4.52604e-19
426.70765	4.47728e-19
426.72521	4.40517e-19
426.74277	4.40542e-19
426.76034	4.44553e-19
426.77791	4.43090e-19
426.79548	4.39936e-19
426.81305	4.47479e-19
426.83062	4.59674e-19
426.84819	4.65984e-19
426.86577	4.74520e-19
426.88335	4.90075e-19
426.90092	5.04260e-19
426.91850	4.98666e-19
426.93608	4.84408e-19
426.95367	4.92178e-19
426.97125	5.11199e-19
426.98884	5.29699e-19
427.00642	5.53587e-19
427.02401	5.73618e-19
427.04160	5.83594e-19
427.05919	5.89340e-19
427.07678	5.90534e-19
427.09438	5.76409e-19
427.11197	5.53543e-19
427.12957	5.32961e-19
427.14717	5.26061e-19
427.16477	5.35593e-19
427.18237	5.41910e-19
427.19997	5.43636e-19
427.21758	5.55031e-19
427.23518	5.80090e-19
427.25279	5.98333e-19
427.27040	5.94223e-19
427.28801	5.94833e-19
427.30562	6.03511e-19
427.32323	6.01038e-19
427.34085	5.92207e-19
427.35846	5.96764e-19
427.37608	6.28062e-19
427.39370	6.53610e-19
427.41132	6.45590e-19
427.42894	6.41966e-19
427.44656	6.38015e-19
427.46419	6.22230e-19
427.48181	6.21947e-19
427.49944	6.25619e-19
427.51707	6.17908e-19
427.53470	6.01919e-19
427.55233	5.87045e-19
427.56997	5.88445e-19
427.58760	5.94224e-19
427.60524	5.85863e-19
427.62287	5.72840e-19
427.64051	5.67722e-19
427.65815	5.72143e-19
427.67580	5.92669e-19
427.69344	6.09275e-19
427.71108	6.05773e-19
427.72873	6.10114e-19
427.74638	6.16928e-19
427.76403	6.32609e-19
427.78168	6.68795e-19
427.79933	6.63710e-19
427.81698	6.21472e-19
427.83464	6.01617e-19
427.85229	5.97948e-19
427.86995	5.93915e-19
427.88761	5.83106e-19
427.90527	5.77557e-19
427.92294	5.99676e-19
427.94060	6.28581e-19
427.95826	6.36588e-19
427.97593	6.28696e-19
427.99360	6.26178e-19
428.01127	6.34021e-19
428.02894	6.33308e-19
428.04661	6.43213e-19
428.06429	6.65631e-19
428.08196	6.70391e-19
428.09964	6.55913e-19
428.11732	6.34837e-19
428.13500	6.19056e-19
428.15268	6.04457e-19
428.17036	5.98928e-19
428.18805	5.99231e-19
428.20573	5.93505e-19
428.22342	6.00034e-19
428.24111	6.13289e-19
428.25880	6.10754e-19
428.27649	6.05665e-19
428.29418	6.05203e-19
428.31188	5.96100e-19
428.32957	5.86972e-19
428.34727	5.84340e-19
428.36497	5.84190e-19
428.38267	5.88053e-19
428.40037	6.06053e-19
428.41807	6.21715e-19
428.43578	6.04866e-19
428.45348	6.01559e-19
428.47119	6.13598e-19
428.48890	5.99300e-19
428.50661	5.77751e-19
428.52432	5.66491e-19
428.54204	5.66795e-19
428.55975	5.65584e-19
428.57747	5.59844e-19
428.59519	5.47324e-19
428.61291	5.39552e-19
428.63063	5.37404e-19
428.64835	5.16393e-19
428.66607	5.06950e-19
428.68380	5.15937e-19
428.70152	5.29646e-19
428.71925	5.42447e-19
428.73698	5.34578e-19
428.75471	5.20708e-19
428.77245	5.17287e-19
428.79018	5.28817e-19
428.80791	5.36032e-19
428.82565	5.33412e-19
428.84339	5.35581e-19
428.86113	5.29668e-19
428.87887	5.25580e-19
428.89661	5.37086e-19
428.91436	5.45945e-19
428.93210	5.36397e-19
428.94985	5.37713e-19
428.96760	5.47412e-19
428.98535	5.28791e-19
429.00310	5.06944e-19
429.02085	5.04344e-19
429.03861	5.15745e-19
429.05637	5.20798e-19
429.07412	5.10579e-19
429.09188	4.99379e-19
429.10964	4.88844e-19
429.12740	4.85804e-19
429.14517	4.83787e-19
429.16293	4.68743e-19
429.18070	4.54024e-19
429.19847	4.48691e-19
429.21624	4.51619e-19
429.23401	4.69335e-19
429.25178	4.91036e-19
429.26955	4.96338e-19
429.28733	4.80876e-19
429.30510	4.59408e-19
429.32288	4.54268e-19
429.34066	4.53046e-19
429.35844	4.52079e-19
429.37622	4.56108e-19
429.39401	4.53624e-19
429.41179	4.55106e-19
429.42958	4.52609e-19
429.44737	4.42570e-19
429.46516	4.34974e-19
429.48295	4.27307e-19
429.50074	4.30552e-19
429.51854	4.39961e-19
429.53633	4.38591e-19
429.55413	4.37459e-19
429.57193	4.50436e-19
429.58973	4.57667e-19
429.60753	4.46914e-19
429.62533	4.35293e-19
429.64314	4.33487e-19
429.66095	4.36896e-19
429.67875	4.33185e-19
429.69656	4.31504e-19
429.71437	4.35249e-19
429.73218	4.41413e-19
429.75000	4.42363e-19
429.76781	4.23761e-19
429.78563	4.19499e-19
429.80345	4.33375e-19
429.82127	4.34751e-19
429.83909	4.35490e-19
429.85691	4.40141e-19
429.87473	4.41951e-19
429.89256	4.35448e-19
429.91039	4.25737e-19
429.92821	4.33384e-19
429.94604	4.46358e-19
429.96387	4.52293e-19
429.98171	4.58647e-19
429.99954	4.64794e-19
430.01738	4.72797e-19
430.03521	4.69190e-19
430.05305	4.59294e-19
430.07089	4.70339e-19
430.08873	4.87963e-19
430.10658	5.00107e-19
430.12442	5.28878e-19
430.14227	5.51988e-19
430.16012	5.33957e-19
430.17796	5.14814e-19
430.19582	5.06575e-19
430.21367	5.02291e-19
430.23152	5.17568e-19
430.24938	5.29588e-19
430.26723	5.25197e-19
430.28509	5.14666e-19
430.30295	5.16749e-19
430.32081	5.35646e-19
430.33867	5.37327e-19
430.35654	5.61889e-19
430.37440	6.12974e-19
430.39227	6.18900e-19
430.41014	6.18986e-19
430.42801	6.07924e-19
430.44588	5.72829e-19
430.46375	5.66120e-19
430.48162	5.87400e-19
430.49950	6.24331e-19
430.51738	6.45243e-19
430.53526	6.37440e-19
430.55314	6.32642e-19
430.57102	6.24165e-19
430.58890	6.06072e-19
430.60678	5.93523e-19
430.62467	6.11029e-19
430.64256	6.30780e-19
430.66045	6.00869e-19
430.67834	5.70997e-19
430.69623	5.79303e-19
430.71412	6.03105e-19
430.73202	6.08279e-19
430.74991	6.07327e-19
430.76781	6.20332e-19
430.78571	6.21877e-19
430.80361	6.08251e-19
430.82152	6.00663e-19
430.83942	6.18931e-19
430.85732	6.38655e-19
430.87523	6.36321e-19
430.89314	6.49737e-19
430.91105	6.53604e-19
430.92896	6.33819e-19
430.94687	6.27548e-19
430.96479	6.37620e-19
430.98270	6.56948e-19
431.00062	6.51194e-19
431.01854	6.35154e-19
431.03646	6.45407e-19
431.05438	6.36909e-19
431.07231	6.08014e-19
431.09023	5.91550e-19
431.10816	5.66839e-19
431.12608	5.54930e-19
431.14401	5.73675e-19
431.16194	5.87914e-19
431.17988	5.96944e-19
431.19781	6.06752e-19
431.21575	6.00040e-19
431.23368	5.93317e-19
431.25162	5.98374e-19
431.26956	6.01322e-19
431.28750	6.03757e-19
431.30544	5.98700e-19
431.32339	5.86098e-19
431.34133	5.97304e-19
431.35928	6.04292e-19
431.37723	5.90534e-19
431.39518	5.96277e-19
431.41313	6.01969e-19
431.43108	5.92486e-19
431.44904	5.88301e-19
431.46699	5.86827e-19
431.48495	5.84401e-19
431.50291	5.85158e-19
431.52087	5.79798e-19
431.53883	5.70355e-19
431.55680	5.76356e-19
431.57476	5.90727e-19
431.59273	5.99650e-19
431.61070	5.89586e-19
431.62867	5.70870e-19
431.64664	5.73478e-19
431.66461	5.72535e-19
431.68258	5.56357e-19
431.70056	5.54057e-19
431.71854	5.51798e-19
431.73652	5.36351e-19
431.75450	5.32003e-19
431.77248	5.39710e-19
431.79046	5.42159e-19
431.80844	5.40905e-19
431.82643	5.35357e-19
431.84442	5.31477e-19
431.86241	5.42979e-19
431.88040	5.52194e-19
431.89839	5.35933e-19
431.91638	5.14678e-19
431.93438	5.16416e-19
431.95237	5.24223e-19
431.97037	5.11679e-19
431.98837	5.05739e-19
432.00637	5.12837e-19
432.02438	5.02861e-19
432.04238	4.90652e-19
432.06039	4.93832e-19
432.07839	4.91274e-19
432.09640	4.71925e-19
432.11441	4.64367e-19
432.13242	4.75453e-19
432.15044	4.74468e-19
432.16845	4.69869e-19
432.18647	4.71756e-19
432.20448	4.67353e-19
432.22250	4.65094e-19
432.24052	4.64264e-19
432.25855	4.66703e-19
432.27657	4.78129e-19
432.29459	4.84831e-19
432.31262	4.75751e-19
432.33065	4.60835e-19
432.34868	4.58350e-19
432.36671	4.62919e-19
432.38474	4.63514e-19
432.40278	4.65995e-19
432.42081	4.66123e-19
432.43885	4.56291e-19
432.45689	4.42767e-19
432.47493	4.34969e-19
432.49297	4.31657e-19
432.51101	4.26520e-19
432.52906	4.24930e-19
432.54710	4.25886e-19
432.56515	4.25053e-19
432.58320	4.28521e-19
432.60125	4.40152e-19
432.61930	4.60420e-19
432.63736	4.67559e-19
432.65541	4.57946e-19
432.67347	4.59708e-19
432.69153	4.65021e-19
432.70959	4.66353e-19
432.72765	4.67347e-19
432.74571	4.59232e-19
432.76377	4.49808e-19
432.78184	4.45674e-19
432.79991	4.47289e-19
432.81797	4.58695e-19
432.83604	4.65440e-19
432.85412	4.62869e-19
432.87219	4.68740e-19
432.89026	4.79398e-19
432.90834	4.91353e-19
432.92642	4.98091e-19
432.94450	4.94416e-19
432.96258	4.99211e-19
432.98066	5.04267e-19
432.99874	4.99372e-19
433.01683	4.96491e-19
433.03492	5.09066e-19
433.05301	5.27533e-19
433.07110	5.21610e-19
433.08919	5.05328e-19
433.10728	5.02836e-19
433.12537	5.14177e-19
433.14347	5.23370e-19
433.16157	5.19130e-19
433.17967	5.12699e-19
433.19777	5.15810e-19
433.21587	5.20229e-19
433.23397	5.15331e-19
433.25208	5.20368e-19
433.27018	5.32871e-19
433.28829	5.46148e-19
433.30640	5.52251e-19
433.32451	5.39984e-19
433.34262	5.42171e-19
433.36074	5.46366e-19
433.37885	5.46500e-19
433.39697	5.51661e-19
433.41509	5.48673e-19
433.43321	5.67591e-19
433.45133	5.84596e-19
433.46945	5.73734e-19
433.48758	5.70578e-19
433.50571	5.73689e-19
433.52383	5.87265e-19
433.54196	5.88054e-19
433.56009	5.59986e-19
433.57823	5.51687e-19
433.59636	5.60559e-19
433.61449	5.70896e-19
433.63263	5.74985e-19
433.65077	5.60710e-19
433.66891	5.66710e-19
433.68705	5.83149e-19
433.70519	5.90017e-19
433.72334	6.02676e-19
433.74148	6.08152e-19
433.75963	6.19615e-19
433.77778	6.11514e-19
433.79593	5.87492e-19
433.81408	5.79337e-19
433.83224	5.75605e-19
433.85039	5.95913e-19
433.86855	6.04730e-19
433.88671	5.94630e-19
433.90487	5.98619e-19
433.92303	5.85232e-19
433.94119	5.84543e-19
433.95935	6.06504e-19
433.97752	6.17691e-19
433.99569	6.18667e-19
434.01385	6.04797e-19
434.03203	5.90851e-19
434.05020	5.83749e-19
434.06837	5.78544e-19
434.08654	5.80502e-19
434.10472	5.79201e-19
434.12290	5.72780e-19
434.14108	5.73940e-19
434.15926	5.73337e-19
434.17744	5.55637e-19
434.19563	5.44313e-19
434.21381	5.46966e-19
434.23200	5.33219e-19
434.25019	5.11041e-19
434.26838	5.08681e-19
434.28657	5.31216e-19
434.30476	5.62754e-19
434.32296	5.71381e-19
434.34115	5.49743e-19
434.35935	5.33093e-19
434.37755	5.39867e-19
434.39575	5.44673e-19
434.41395	5.39916e-19
434.43216	5.39025e-19
434.45036	5.47653e-19
434.46857	5.66268e-19
434.48678	5.69284e-19
434.50499	5.44068e-19
434.52320	5.28126e-19
434.54141	5.50646e-19
434.55962	5.64971e-19
434.57784	5.54615e-19
434.59606	5.59710e-19
434.61428	5.64542e-19
434.63250	5.76085e-19
434.65072	5.73892e-19
434.66894	5.59110e-19
434.68717	5.78968e-19
434.70539	6.04055e-19
434.72362	6.17158e-19
434.74185	6.32913e-19
434.76008	6.65111e-19
434.77832	6.89207e-19
434.79655	6.90832e-19
434.81479	7.03896e-19
434.83302	6.98874e-19
434.85126	7.08696e-19
434.86950	7.46217e-19
434.88774	7.18882e-19
434.90599	6.61317e-19
434.92423	6.61216e-19
434.94248	6.78361e-19
434.96073	6.86207e-19
434.97898	7.26146e-19
434.99723	7.54274e-19
435.01548	8.02934e-19
435.03374	8.39492e-19
435.05199	7.80864e-19
435.07025	7.27590e-19
435.08851	6.89208e-19
435.10677	6.96085e-19
435.12503	7.06623e-19
435.14329	7.02368e-19
435.16156	7.14826e-19
435.17982	7.13407e-19
435.19809	7.34671e-19
435.21636	7.35109e-19
435.23463	7.12501e-19
435.25291	7.04810e-19
435.27118	7.11921e-19
435.28945	7.50346e-19
435.30773	7.45377e-19
435.32601	7.16163e-19
435.34429	7.17920e-19
435.36257	7.19154e-19
435.38086	6.71525e-19
435.39914	6.18380e-19
435.41743	6.24285e-19
435.43572	6.33920e-19
435.45400	6.13655e-19
435.47230	6.02102e-19
435.49059	6.13007e-19
435.50888	6.35770e-19
435.52718	6.25523e-19
435.54548	5.98232e-19
435.56377	5.95618e-19
435.58207	6.02443e-19
435.60038	5.96594e-19
435.61868	5.89801e-19
435.63698	6.00506e-19
435.65529	6.23236e-19
435.67360	6.25183e-19
435.69191	6.09733e-19
435.71022	6.16021e-19
435.72853	6.25177e-19
435.74685	6.20229e-19
435.76516	6.22236e-19
435.78348	6.21014e-19
435.80180	6.11314e-19
435.82012	6.10254e-19
435.83844	6.19917e-19
435.85676	6.15713e-19
435.87509	6.01805e-19
435.89341	5.96133e-19
435.91174	5.83868e-19
435.93007	5.67058e-19
435.94840	5.62381e-19
435.96673	5.75419e-19
435.98507	5.76037e-19
436.00340	5.68401e-19
436.02174	5.72790e-19
436.04008	5.57108e-19
436.05842	5.60496e-19
436.07676	5.74518e-19
436.09511	5.75309e-19
436.11345	6.03121e-19
436.13180	5.93239e-19
436.15015	5.83574e-19
436.16849	6.01928e-19
436.18685	5.83901e-19
436.20520	5.85457e-19
436.22355	5.85666e-19
436.24191	5.48719e-19
436.26027	5.25025e-19
436.27862	5.41856e-19
436.29698	5.66463e-19
436.31535	5.49083e-19
436.33371	5.42921e-19
436.35207	5.55590e-19
436.37044	5.58345e-19
436.38881	5.69433e-19
436.40718	5.66022e-19
436.42555	5.38547e-19
436.44392	5.22662e-19
436.46230	5.31108e-19
436.48067	5.56470e-19
436.49905	5.70089e-19
436.51743	5.54404e-19
436.53581	5.38453e-19
436.55419	5.25752e-19
436.57258	5.27029e-19
436.59096	5.35853e-19
436.60935	5.19264e-19
436.62774	5.08309e-19
436.64613	5.04051e-19
436.66452	5.07377e-19
436.68291	5.31526e-19
436.70130	5.48663e-19
436.71970	5.42911e-19
436.73810	5.19501e-19
436.75650	5.18592e-19
436.77490	5.25228e-19
436.79330	5.12723e-19
436.81170	5.20595e-19
436.83011	5.20057e-19
436.84851	4.97072e-19
436.86692	5.02602e-19
436.88533	5.09625e-19
436.90374	4.91784e-19
436.92216	4.94497e-19
436.94057	4.93752e-19
436.95899	4.68397e-19
436.97741	4.71067e-19
436.99582	4.79465e-19
437.01425	4.52730e-19
437.03267	4.38327e-19
437.05109	4.49329e-19
437.06952	4.50805e-19
437.08794	4.49294e-19
437.10637	4.44519e-19
437.12480	4.36613e-19
437.14323	4.38407e-19
437.16167	4.34693e-19
437.18010	4.38371e-19
437.19854	4.41797e-19
437.21698	4.32628e-19
437.23542	4.33734e-19
437.25386	4.36347e-19
437.27230	4.29514e-19
437.29074	4.20581e-19
437.30919	4.25452e-19
437.32764	4.36573e-19
437.34609	4.32673e-19
437.36454	4.18804e-19
437.38299	4.11702e-19
437.40144	4.19167e-19
437.41990	4.27782e-19
437.43835	4.33213e-19
437.45681	4.27201e-19
437.47527	4.08746e-19
437.49373	4.01348e-19
437.51219	4.06987e-19
437.53066	4.09217e-19
437.54912	4.03565e-19
437.56759	4.02535e-19
437.58606	4.08592e-19
437.60453	4.17151e-19
437.62300	4.18347e-19
437.64148	4.14913e-19
437.65995	4.10280e-19
437.67843	4.01904e-19
437.69691	4.05038e-19
437.71539	4.10017e-19
437.73387	4.13688e-19
437.75235	4.14353e-19
437.77084	4.10004e-19
437.78932	4.12465e-19
437.80781	4.10943e-19
437.82630	4.20492e-19
437.84479	4.26866e-19
437.86328	4.11628e-19
437.88178	4.05279e-19
437.90027	3.99760e-19
437.91877	3.89156e-19
437.93727	3.92609e-19
437.95577	4.05191e-19
437.97427	3.94582e-19
437.99277	3.80092e-19
438.01128	3.85899e-19
438.02978	3.84251e-19
438.04829	3.81333e-19
438.06680	3.90098e-19
438.08531	4.02372e-19
438.10383	4.11969e-19
438.12234	4.07333e-19
438.14086	3.95912e-19
438.15937	3.94079e-19
438.17789	3.95556e-19
438.19641	3.90440e-19
438.21494	3.94032e-19
438.23346	4.05712e-19
438.25198	4.16397e-19
438.27051	4.19386e-19
438.28904	4.08315e-19
438.30757	4.04838e-19
438.32610	4.04148e-19
438.34463	4.11455e-19
438.36317	4.34581e-19
438.38171	4.36887e-19
438.40024	4.31029e-19
438.41878	4.32575e-19
438.43732	4.35463e-19
438.45587	4.43232e-19
438.47441	4.51609e-19
438.49296	4.77258e-19
438.51150	4.96777e-19
438.53005	4.98897e-19
438.54860	5.26779e-19
438.56715	5.65277e-19
438.58571	5.93535e-19
438.60426	5.94628e-19
438.62282	5.68513e-19
438.64138	5.62133e-19
438.65994	5.78115e-19
438.67850	5.97021e-19
438.69706	6.13008e-19
438.71563	6.17003e-19
438.73419	6.06782e-19
438.75276	6.19730e-19
438.77133	6.47897e-19
438.78990	6.42978e-19
438.80847	6.29525e-19
438.82705	6.20863e-19
438.84562	6.16288e-19
438.86420	6.23661e-19
438.88278	6.42379e-19
438.90136	6.50238e-19
438.91994	6.49696e-19
438.93852	6.82307e-19
438.95711	7.13668e-19
438.97569	7.31837e-19
438.99428	7.51988e-19
439.01287	7.50108e-19
439.03146	7.41188e-19
439.05006	7.14460e-19
439.06865	6.92958e-19
439.08725	6.86449e-19
439.10584	6.66313e-19
439.12444	6.39609e-19
439.14304	6.16980e-19
439.16164	6.06301e-19
439.18025	6.26485e-19
439.19885	6.54407e-19
439.21746	6.51374e-19
439.23607	6.73925e-19
439.25468	7.14700e-19
439.27329	7.11097e-19
439.29190	7.04152e-19
439.31052	7.04954e-19
439.32914	7.24747e-19
439.34775	7.54701e-19
439.36637	7.39012e-19
439.38499	7.25895e-19
439.40362	7.50000e-19
439.42224	7.38247e-19
439.44087	7.01980e-19
439.45950	6.92436e-19
439.47812	6.83420e-19
439.49675	6.79616e-19
439.51539	6.72007e-19
439.53402	6.59068e-19
439.55266	6.59058e-19
439.57129	6.72384e-19
439.58993	6.90896e-19
439.60857	6.70733e-19
439.62721	6.47714e-19
439.64586	6.36501e-19
439.66450	6.23718e-19
439.68315	6.25768e-19
439.70180	6.05008e-19
439.72045	5.78778e-19
439.73910	5.74293e-19
439.75775	5.77606e-19
439.77640	5.83959e-19
439.79506	5.86906e-19
439.81372	5.91034e-19
439.83238	5.91887e-19
439.85104	6.02525e-19
439.86970	6.34153e-19
439.88836	6.49327e-19
439.90703	6.27258e-19
439.92570	5.92936e-19
439.94436	5.69031e-19
439.96303	5.67316e-19
439.98171	5.84374e-19
440.00038	5.95324e-19
440.01905	6.07612e-19
440.03773	6.27129e-19
440.05641	6.18325e-19
440.07509	5.92666e-19
440.09377	5.78480e-19
440.11245	5.86313e-19
440.13114	6.00504e-19
440.14982	5.93313e-19
440.16851	5.81907e-19
440.18720	5.75778e-19
440.20589	5.56103e-19
440.22458	5.26682e-19
440.24328	5.21724e-19
440.26197	5.21173e-19
440.28067	4.97565e-19
440.29937	4.85509e-19
440.31807	4.74182e-19
440.33677	4.68756e-19
440.35548	4.78418e-19
440.37418	4.85607e-19
440.39289	4.98213e-19
440.41160	4.76190e-19
440.43030	4.49081e-19
440.44902	4.47417e-19
440.46773	4.31692e-19
440.48644	4.24999e-19
440.50516	4.29779e-19
440.52388	4.26313e-19
440.54260	4.17713e-19
440.56132	4.18092e-19
440.58004	4.41407e-19
440.59877	4.55948e-19
440.61749	4.43773e-19
440.63622	4.35609e-19
440.65495	4.46488e-19
440.67368	4.51142e-19
440.69241	4.53176e-19
440.71114	4.62438e-19
440.72988	4.49417e-19
440.74862	4.29433e-19
440.76735	4.18881e-19
440.78609	4.15143e-19
440.80484	4.16696e-19
440.82358	4.18678e-19
440.84232	4.18138e-19
440.86107	4.26667e-19
440.87982	4.44756e-19
440.89857	4.40541e-19
440.91732	4.38915e-19
440.93607	4.41365e-19
440.95483	4.26176e-19
440.97358	4.31574e-19
440.99234	4.50994e-19
441.01110	4.46937e-19
441.02986	4.28574e-19
441.04862	4.27663e-19
441.06739	4.34819e-19
441.08615	4.41213e-19
441.10492	4.51586e-19
441.12369	4.45135e-19
441.14246	4.38824e-19
441.16123	4.38722e-19
441.18001	4.38360e-19
441.19878	4.39565e-19
441.21756	4.28886e-19
441.23634	4.14044e-19
441.25512	4.03501e-19
441.27390	3.96698e-19
441.29268	3.91589e-19
441.31147	3.96263e-19
441.33025	4.05357e-19
441.34904	3.98731e-19
441.36783	3.89700e-19
441.38662	3.89999e-19
441.40541	3.91211e-19
441.42421	3.88700e-19
441.44300	3.83141e-19
441.46180	3.76105e-19
441.48060	3.72428e-19
441.49940	3.70609e-19
441.51820	3.68224e-19
441.53701	3.69965e-19
441.55581	3.73201e-19
441.57462	3.74047e-19
441.59343	3.80005e-19
441.61224	3.80400e-19
441.63105	3.66186e-19
441.64987	3.75494e-19
441.66868	3.92210e-19
441.68750	3.87796e-19
441.70632	3.93681e-19
441.72514	3.83821e-19
441.74396	3.64817e-19
441.76278	3.68042e-19
441.78161	3.74112e-19
441.80043	3.68270e-19
441.81926	3.52257e-19
441.83809	3.46844e-19
441.85692	3.46944e-19
441.87575	3.50097e-19
441.89459	3.59054e-19
441.91342	3.51462e-19
441.93226	3.42453e-19
441.95110	3.46016e-19
441.96994	3.48374e-19
441.98879	3.52830e-19
442.00763	3.61037e-19
442.02648	3.58345e-19
442.04532	3.61445e-19
442.06417	3.81963e-19
442.08302	4.09984e-19
442.10187	4.32465e-19
442.12073	4.20324e-19
442.13958	4.03055e-19
442.15844	3.95891e-19
442.17730	3.93013e-19
442.19616	4.07571e-19
442.21502	4.15255e-19
442.23388	4.11108e-19
442.25275	4.04418e-19
442.27162	3.96640e-19
442.29048	3.87595e-19
442.30935	3.75714e-19
442.32823	3.72947e-19
442.34710	3.81855e-19
442.36597	3.97040e-19
442.38485	3.99295e-19
442.40373	3.89110e-19
442.42261	3.80067e-19
442.44149	3.81892e-19
442.46037	4.00586e-19
442.47926	4.11923e-19
442.49814	4.04607e-19
442.51703	3.93017e-19
442.53592	3.97656e-19
442.55481	4.02028e-19
442.57370	3.90559e-19
442.59260	3.93291e-19
442.61149	3.95393e-19
442.63039	3.93846e-19
442.64929	4.01885e-19
442.66819	4.03427e-19
442.68709	4.04125e-19
442.70599	4.04006e-19
442.72490	4.14610e-19
442.74381	4.24471e-19
442.76271	4.16110e-19
442.78162	4.30800e-19
442.80054	4.47050e-19
442.81945	4.39439e-19
442.83836	4.36487e-19
442.85728	4.37266e-19
442.87620	4.39866e-19
442.89512	4.28542e-19
442.91404	4.17869e-19
442.93296	4.28810e-19
442.95189	4.44566e-19
442.97081	4.44538e-19
442.98974	4.26504e-19
443.00867	4.19730e-19
443.02760	4.24335e-19
443.04654	4.41333e-19
443.06547	4.52646e-19
443.08441	4.38735e-19
443.10334	4.30977e-19
443.12228	4.17857e-19
443.14122	4.18590e-19
443.16017	4.27618e-19
443.17911	4.16741e-19
443.19806	4.16816e-19
443.21700	4.20899e-19
443.23595	4.29178e-19
443.25490	4.33697e-19
443.27386	4.28946e-19
443.29281	4.29832e-19
443.31177	4.25289e-19
443.33072	4.34859e-19
443.34968	4.55217e-19
443.36864	4.62773e-19
443.38760	4.73845e-19
443.40657	4.85266e-19
443.42553	4.69168e-19
443.44450	4.46507e-19
443.46347	4.40876e-19
443.48244	4.42030e-19
443.50141	4.51402e-19
443.52038	4.62839e-19
443.53936	4.67737e-19
443.55833	4.63401e-19
443.57731	4.52482e-19
443.59629	4.49577e-19
443.61527	4.56921e-19
443.63426	4.64267e-19
443.65324	4.67128e-19
443.67223	4.74769e-19
443.69122	4.68627e-19
443.71021	4.43999e-19
443.72920	4.39037e-19
443.74819	4.57919e-19
443.76718	4.54108e-19
443.78618	4.31815e-19
443.80518	4.34347e-19
443.82418	4.44210e-19
443.84318	4.55410e-19
443.86218	4.60545e-19
443.88118	4.52861e-19
443.90019	4.53710e-19
443.91920	4.44043e-19
443.93821	4.33135e-19
443.95722	4.35887e-19
443.97623	4.44506e-19
443.99524	4.53711e-19
444.01426	4.66654e-19
444.03328	4.90619e-19
444.05230	5.06495e-19
444.07132	4.94248e-19
444.09034	4.76746e-19
444.10936	4.98719e-19
444.12839	5.12030e-19
444.14741	4.96677e-19
444.16644	4.97361e-19
444.18547	4.96196e-19
444.20451	5.14068e-19
444.22354	5.20498e-19
444.24257	5.21641e-19
444.26161	5.58231e-19
444.28065	5.79225e-19
444.29969	5.89153e-19
444.31873	5.67769e-19
444.33777	5.36020e-19
444.35682	5.33549e-19
444.37587	5.28686e-19
444.39491	5.19852e-19
444.41396	5.20777e-19
444.43302	5.36061e-19
444.45207	5.41950e-19
444.47112	5.39736e-19
444.49018	5.50787e-19
444.50924	5.68652e-19
444.52830	5.84027e-19
444.54736	5.84843e-19
444.56642	5.95205e-19
444.58549	6.46105e-19
444.60455	7.00068e-19
444.62362	7.05388e-19
444.64269	6.88320e-19
444.66176	6.53118e-19
444.68083	6.23611e-19
444.69991	6.17051e-19
444.71898	6.31321e-19
444.73806	6.65134e-19
444.75714	6.69069e-19
444.77622	6.88606e-19
444.79530	7.44471e-19
444.81439	7.43422e-19
444.83347	6.95037e-19
444.85256	6.79245e-19
444.87165	6.93027e-19
444.89074	6.68889e-19
444.90983	6.70473e-19
444.92893	6.84976e-19
444.94802	6.53711e-19
444.96712	6.46247e-19
444.98622	6.29492e-19
445.00532	6.04540e-19
445.02442	6.08073e-19
445.04353	6.12731e-19
445.06263	6.10948e-19
445.08174	6.09748e-19
445.10085	6.05416e-19
445.11996	6.08620e-19
445.13907	6.10973e-19
445.15818	5.85838e-19
445.17730	5.93841e-19
445.19642	6.01113e-19
445.21554	5.52870e-19
445.23466	5.59416e-19
445.25378	5.83736e-19
445.27290	5.39552e-19
445.29203	5.14274e-19
445.31115	5.28129e-19
445.33028	5.40921e-19
445.34941	5.49799e-19
445.36854	5.54615e-19
445.38768	5.56943e-19
445.40681	5.55921e-19
445.42595	5.40984e-19
445.44509	5.27781e-19
445.46423	5.20409e-19
445.48337	5.18771e-19
445.50251	5.28641e-19
445.52166	5.45483e-19
445.54080	5.55500e-19
445.55995	5.34107e-19
445.57910	5.15172e-19
445.59825	5.19603e-19
445.61741	5.15250e-19
445.63656	5.09742e-19
445.65572	5.14999e-19
445.67488	5.22247e-19
445.69404	5.28170e-19
445.71320	5.17166e-19
445.73236	4.95041e-19
445.75152	4.81280e-19
445.77069	4.74645e-19
445.78986	4.79005e-19
445.80903	4.90238e-19
445.82820	4.95813e-19
445.84737	4.99611e-19
445.86655	4.97192e-19
445.88572	4.97344e-19
445.90490	4.97880e-19
445.92408	4.75187e-19
445.94326	4.66222e-19
445.96244	4.78719e-19
445.98163	4.70220e-19
446.00082	4.64702e-19
446.02000	4.74129e-19
446.03919	4.72347e-19
446.05838	4.67760e-19
446.07758	4.70114e-19
446.09677	4.90247e-19
446.11597	5.15742e-19
446.13516	5.12864e-19
446.15436	4.96242e-19
446.17356	4.77913e-19
446.19277	4.64728e-19
446.21197	4.65359e-19
446.23118	4.60433e-19
446.25039	4.48375e-19
446.26959	4.36628e-19
446.28881	4.19031e-19
446.30802	4.11003e-19
446.32723	4.16109e-19
446.34645	4.22446e-19
446.36567	4.30395e-19
446.38488	4.32459e-19
446.40411	4.25455e-19
446.42333	4.10681e-19
446.44255	3.94524e-19
446.46178	3.94270e-19
446.48101	4.09428e-19
446.50023	4.13931e-19
446.51947	4.02818e-19
446.53870	4.04784e-19
446.55793	4.10535e-19
446.57717	4.09985e-19
446.59641	4.14688e-19
446.61564	4.11389e-19
446.63488	4.09276e-19
446.65413	4.07949e-19
446.67337	3.92963e-19
446.69262	3.91269e-19
446.71186	4.07824e-19
446.73111	4.03078e-19
446.75036	3.84153e-19
446.76962	3.92716e-19
446.78887	4.17227e-19
446.80813	4.27021e-19
446.82738	4.12199e-19
446.84664	3.94187e-19
446.86590	4.02031e-19
446.88517	4.16001e-19
446.90443	4.17919e-19
446.92369	4.16163e-19
446.94296	4.18604e-19
446.96223	4.39175e-19
446.98150	4.59675e-19
447.00077	4.47035e-19
447.02005	4.25683e-19
447.03932	4.32072e-19
447.05860	4.39494e-19
447.07788	4.24940e-19
447.09716	4.23840e-19
447.11644	4.29489e-19
447.13573	4.37152e-19
447.15501	4.52237e-19
447.17430	4.39768e-19
447.19359	4.32910e-19
447.21288	4.39874e-19
447.23217	4.37425e-19
447.25146	4.59178e-19
447.27076	4.81342e-19
447.29006	4.82203e-19
447.30936	4.71013e-19
447.32866	4.56262e-19
447.34796	4.70640e-19
447.36726	4.80939e-19
447.38657	4.83497e-19
447.40588	5.07866e-19
447.42518	5.11143e-19
447.44450	5.07486e-19
447.46381	5.33324e-19
447.48312	5.46077e-19
447.50244	5.48577e-19
447.52175	5.55023e-19
447.54107	5.42127e-19
447.56039	5.61228e-19
447.57972	6.02664e-19
447.59904	6.27370e-19
447.61836	6.35546e-19
447.63769	6.04656e-19
447.65702	6.06877e-19
447.67635	6.25662e-19
447.69568	6.16706e-19
447.71502	6.08912e-19
447.73435	6.07964e-19
447.75369	6.31153e-19
447.77303	6.45646e-19
447.79237	6.64816e-19
447.81171	6.66135e-19
447.83106	6.48911e-19
447.85040	6.86547e-19
447.86975	7.07614e-19
447.88910	7.40323e-19
447.90845	7.96619e-19
447.92780	7.60235e-19
447.94715	7.40528e-19
447.96651	7.51458e-19
447.98587	7.28171e-19
448.00523	7.04392e-19
448.02459	6.99701e-19
448.04395	7.23686e-19
448.06331	7.73216e-19
448.08268	7.62389e-19
448.10205	7.26092e-19
448.12142	7.23581e-19
448.14079	6.94543e-19
448.16016	6.88473e-19
448.17953	7.29085e-19
448.19891	7.46333e-19
448.21829	7.40177e-19
448.23766	7.35311e-19
448.25705	7.31627e-19
448.27643	7.17861e-19
448.29581	7.22517e-19
448.31520	7.39152e-19
448.33459	7.12651e-19
448.35397	6.69694e-19
448.37337	6.26083e-19
448.39276	6.07205e-19
448.41215	6.29796e-19
448.43155	6.38069e-19
448.45095	6.27232e-19
448.47034	6.23651e-19
448.48975	6.07990e-19
448.50915	5.90026e-19
448.52855	5.80566e-19
448.54796	5.66117e-19
448.56737	5.39306e-19
448.58677	5.13694e-19
448.60619	5.09455e-19
448.62560	5.19367e-19
448.64501	5.19895e-19
448.66443	5.12590e-19
448.68385	5.08860e-19
448.70327	5.13117e-19
448.72269	5.21546e-19
448.74211	5.22085e-19
448.76153	5.29721e-19
448.78096	5.50367e-19
448.80039	5.51710e-19
448.81982	5.41371e-19
448.83925	5.51009e-19
448.85868	5.57170e-19
448.87812	5.45146e-19
448.89755	5.37615e-19
448.91699	5.18086e-19
448.93643	4.95523e-19
448.95587	4.83973e-19
448.97531	4.79279e-19
448.99476	4.86787e-19
449.01420	4.86819e-19
449.03365	4.95710e-19
449.05310	5.01840e-19
449.07255	4.75723e-19
449.09201	4.58451e-19
449.11146	4.52779e-19
449.13092	4.57259e-19
449.15037	4.70253e-19
449.16983	4.80688e-19
449.18930	4.86752e-19
449.20876	4.72206e-19
449.22822	4.61222e-19
449.24769	4.72598e-19
449.26716	4.72674e-19
449.28663	4.55387e-19
449.30610	4.60129e-19
449.32557	4.75730e-19
449.34505	4.82901e-19
449.36452	4.83428e-19
449.38400	4.62552e-19
449.40348	4.48553e-19
449.42296	4.41319e-19
449.44245	4.27604e-19
449.46193	4.21982e-19
449.48142	4.19574e-19
449.50091	4.13939e-19
449.52040	4.10098e-19
449.53989	4.23606e-19
449.55938	4.41009e-19
449.57888	4.40511e-19
449.59838	4.30202e-19
449.61787	4.25202e-19
449.63737	4.27887e-19
449.65688	4.17524e-19
449.67638	4.02296e-19
449.69589	4.00502e-19
449.71539	3.97332e-19
449.73490	3.90946e-19
449.75441	4.04145e-19
449.77392	4.07783e-19
449.79344	3.91118e-19
449.81295	3.95030e-19
449.83247	3.95910e-19
449.85199	3.88383e-19
449.87151	3.89652e-19
449.89103	3.94700e-19
449.91056	3.97765e-19
449.93008	3.89845e-19
449.94961	3.91079e-19
449.96914	3.97302e-19
449.98867	4.00831e-19
450.00820	3.98330e-19
450.02774	3.88392e-19
450.04727	3.99378e-19
450.06681	4.24910e-19
450.08635	4.33445e-19
450.10589	4.20395e-19
450.12543	4.15287e-19
450.14498	4.18123e-19
450.16452	4.24423e-19
450.18407	4.48196e-19
450.20362	4.65665e-19
450.22317	4.69002e-19
450.24272	4.61595e-19
450.26228	4.44452e-19
450.28183	4.37399e-19
450.30139	4.40809e-19
450.32095	4.58831e-19
450.34051	4.74702e-19
450.36008	4.71226e-19
450.37964	4.58824e-19
450.39921	4.51229e-19
450.41878	4.71700e-19
450.43835	4.81261e-19
450.45792	4.57848e-19
450.47749	4.47948e-19
450.49706	4.43914e-19
450.51664	4.49154e-19
450.53622	4.62958e-19
450.55580	4.59772e-19
450.57538	4.55315e-19
450.59496	4.50436e-19
450.61455	4.53067e-19
450.63414	4.63589e-19
450.65373	4.68721e-19
450.67332	4.80337e-19
450.69291	4.84725e-19
450.71250	4.83144e-19
450.73210	4.80358e-19
450.75169	4.71226e-19
450.77129	4.60042e-19
450.79089	4.46276e-19
450.81049	4.40917e-19
450.83010	4.40458e-19
450.84970	4.43177e-19
450.86931	4.41766e-19
450.88892	4.32258e-19
450.90853	4.35416e-19
450.92814	4.44922e-19
450.94776	4.46509e-19
450.96737	4.49232e-19
450.98699	4.52246e-19
451.00661	4.43388e-19
451.02623	4.30613e-19
451.04585	4.29414e-19
451.06548	4.44840e-19
451.08510	4.56445e-19
451.10473	4.53653e-19
451.12436	4.51246e-19
451.14399	4.42750e-19
451.16363	4.32325e-19
451.18326	4.25294e-19
451.20290	4.24859e-19
451.22253	4.25692e-19
451.24217	4.21457e-19
451.26182	4.28297e-19
451.28146	4.42651e-19
451.30110	4.60116e-19
451.32075	4.59917e-19
451.34040	4.39440e-19
451.36005	4.30756e-19
451.37970	4.27422e-19
451.39935	4.19062e-19
451.41901	4.05535e-19
451.43867	4.00238e-19
451.45832	4.06339e-19
451.47798	4.11845e-19
451.49765	4.09735e-19
451.51731	4.02836e-19
451.53698	4.03586e-19
451.55664	3.99905e-19
451.57631	3.97528e-19
451.59598	4.06749e-19
451.61565	4.17995e-19
451.63533	4.33844e-19
451.65500	4.36231e-19
451.67468	4.26969e-19
451.69436	4.32857e-19
451.71404	4.47635e-19
451.73372	4.58129e-19
451.75341	4.60669e-19
451.77309	4.56358e-19
451.79278	4.47298e-19
451.81247	4.41529e-19
451.83216	4.45181e-19
451.85185	4.48520e-19
451.87155	4.60996e-19
451.89125	4.77386e-19
451.91094	4.72646e-19
451.93064	4.67790e-19
451.95034	4.71681e-19
451.97005	4.87558e-19
451.98975	5.05199e-19
452.00946	4.98264e-19
452.02917	4.83881e-19
452.04888	4.67669e-19
452.06859	4.54085e-19
452.08830	4.49060e-19
452.10802	4.60078e-19
452.12773	4.67333e-19
452.14745	4.59532e-19
452.16717	4.64445e-19
452.18690	4.50637e-19
452.20662	4.36199e-19
452.22634	4.37450e-19
452.24607	4.36572e-19
452.26580	4.53487e-19
452.28553	4.53920e-19
452.30526	4.43203e-19
452.32500	4.55082e-19
452.34473	4.69715e-19
452.36447	4.65641e-19
452.38421	4.49041e-19
452.40395	4.52960e-19
452.42369	4.70215e-19
452.44344	4.87172e-19
452.46318	4.98784e-19
452.48293	4.89432e-19
452.50268	4.72798e-19
452.52243	4.66105e-19
452.54219	4.74632e-19
452.56194	4.85984e-19
452.58170	4.86003e-19
452.60146	4.77273e-19
452.62122	4.72782e-19
452.64098	4.78564e-19
452.66074	4.86447e-19
452.68051	4.91160e-19
452.70027	4.93453e-19
452.72004	4.85165e-19
452.73981	4.65109e-19
452.75958	4.50799e-19
452.77936	4.46142e-19
452.79913	4.46879e-19
452.81891	4.43742e-19
452.83869	4.44509e-19
452.85847	4.51277e-19
452.87825	4.34982e-19
452.89804	4.10687e-19
452.91782	4.01790e-19
452.93761	4.15092e-19
452.95740	4.24732e-19
452.97719	4.14569e-19
452.99698	4.22524e-19
453.01678	4.28096e-19
453.03657	4.27341e-19
453.05637	4.38836e-19
453.07617	4.42482e-19
453.09597	4.30661e-19
453.11578	4.14943e-19
453.13558	4.41109e-19
453.15539	4.72892e-19
453.17520	4.63003e-19
453.19501	4.60692e-19
453.21482	4.51992e-19
453.23463	4.48873e-19
453.25445	4.60632e-19
453.27426	4.69162e-19
453.29408	4.78839e-19
453.31390	4.79812e-19
453.33372	4.84220e-19
453.35355	4.81974e-19
453.37337	4.63131e-19
453.39320	4.42743e-19
453.41303	4.40074e-19
453.43286	4.55013e-19
453.45269	4.59167e-19
453.47253	4.66284e-19
453.49236	4.63031e-19
453.51220	4.42329e-19
453.53204	4.35998e-19
453.55188	4.32751e-19
453.57173	4.31165e-19
453.59157	4.35481e-19
453.61142	4.43439e-19
453.63127	4.36120e-19
453.65112	4.09240e-19
453.67097	3.97490e-19
453.69082	3.92430e-19
453.71068	3.86046e-19
453.73053	3.84998e-19
453.75039	3.82675e-19
453.77025	3.88904e-19
453.79011	3.95290e-19
453.80998	3.84406e-19
453.82984	3.74476e-19
453.84971	3.74174e-19
453.86958	3.77327e-19
453.88945	3.91538e-19
453.90932	3.99749e-19
453.92920	3.87944e-19
453.94907	3.77369e-19
453.96895	3.66942e-19
453.98883	3.59727e-19
454.00871	3.59837e-19
454.02860	3.61986e-19
454.04848	3.73287e-19
454.06837	3.83768e-19
454.08825	3.80371e-19
454.10814	3.74136e-19
454.12804	3.68693e-19
454.14793	3.55335e-19
454.16783	3.51210e-19
454.18772	3.61933e-19
454.20762	3.69030e-19
454.22752	3.81998e-19
454.24742	3.87851e-19
454.26733	3.74715e-19
454.28723	3.70744e-19
454.30714	3.74135e-19
454.32705	3.74979e-19
454.34696	3.79147e-19
454.36687	3.88298e-19
454.38679	3.89193e-19
454.40670	3.81512e-19
454.42662	3.83202e-19
454.44654	4.02297e-19
454.46646	4.36913e-19
454.48639	4.57815e-19
454.50631	4.52713e-19
454.52624	4.49248e-19
454.54617	4.56963e-19
454.56610	4.65218e-19
454.58603	4.67601e-19
454.60596	4.74897e-19
454.62590	4.76729e-19
454.64583	4.74232e-19
454.66577	4.76230e-19
454.68571	4.53730e-19
454.70566	4.41830e-19
454.72560	4.66609e-19
454.74555	4.63204e-19
454.76549	4.48846e-19
454.78544	4.68625e-19
454.80539	4.66692e-19
454.82535	4.41388e-19
454.84530	4.34305e-19
454.86526	4.38014e-19
454.88522	4.37300e-19
454.90518	4.34231e-19
454.92514	4.38483e-19
454.94510	4.37601e-19
454.96507	4.43987e-19
454.98503	4.63145e-19
455.00500	4.65325e-19
455.02497	4.55746e-19
455.04494	4.58415e-19
455.06492	4.78476e-19
455.08489	4.71842e-19
455.10487	4.41777e-19
455.12485	4.28778e-19
455.14483	4.26483e-19
455.16481	4.32363e-19
455.18480	4.29690e-19
455.20478	4.22249e-19
455.22477	4.23503e-19
455.24476	4.25436e-19
455.26475	4.29616e-19
455.28475	4.29036e-19
455.30474	4.24500e-19
455.32474	4.16743e-19
455.34474	4.15375e-19
455.36474	4.23602e-19
455.38474	4.30695e-19
455.40474	4.36237e-19
455.42475	4.27492e-19
455.44475	4.09574e-19
455.46476	3.97553e-19
455.48477	3.97880e-19
455.50479	4.00522e-19
455.52480	3.98407e-19
455.54482	4.00480e-19
455.56483	4.00554e-19
455.58485	4.03047e-19
455.60488	4.02958e-19
455.62490	4.00300e-19
455.64492	4.04263e-19
455.66495	4.03766e-19
455.68498	4.08879e-19
455.70501	4.17807e-19
455.72504	4.08394e-19
455.74507	4.01064e-19
455.76511	4.19503e-19
455.78515	4.32246e-19
455.80519	4.38991e-19
455.82523	4.58048e-19
455.84527	4.45690e-19
455.86531	4.24747e-19
455.88536	4.22577e-19
455.90541	4.23000e-19
455.92546	4.25798e-19
455.94551	4.30296e-19
455.96556	4.37690e-19
455.98562	4.37827e-19
456.00567	4.41808e-19
456.02573	4.46140e-19
456.04579	4.38996e-19
456.06585	4.35953e-19
456.08592	4.25944e-19
456.10598	4.17980e-19
456.12605	4.14581e-19
456.14612	4.13783e-19
456.16619	4.23594e-19
456.18626	4.22718e-19
456.20633	4.07886e-19
456.22641	3.88024e-19
456.24649	3.80116e-19
456.26657	3.89597e-19
456.28665	3.94877e-19
456.30673	3.91784e-19
456.32682	3.93300e-19
456.34690	4.05656e-19
456.36699	4.04579e-19
456.38708	3.85499e-19
456.40717	3.78577e-19
456.42727	3.81579e-19
456.44736	3.76246e-19
456.46746	3.62563e-19
456.48756	3.55044e-19
456.50766	3.52957e-19
456.52776	3.44251e-19
456.54787	3.33808e-19
456.56797	3.29373e-19
456.58808	3.27420e-19
456.60819	3.28958e-19
456.62830	3.36994e-19
456.64841	3.34758e-19
456.66853	3.27252e-19
456.68865	3.32056e-19
456.70876	3.30442e-19
456.72888	3.24112e-19
456.74901	3.30793e-19
456.76913	3.37261e-19
456.78926	3.34869e-19
456.80938	3.35393e-19
456.82951	3.43859e-19
456.84964	3.45487e-19
456.86978	3.36125e-19
456.88991	3.40942e-19
456.91005	3.62206e-19
456.93018	3.65089e-19
456.95032	3.49624e-19
456.97047	3.42674e-19
456.99061	3.46942e-19
457.01075	3.63424e-19
457.03090	3.82281e-19
457.05105	3.87745e-19
457.07120	3.80584e-19
457.09135	3.70063e-19
457.11151	3.70244e-19
457.13166	3.71988e-19
457.15182	3.76541e-19
457.17198	3.96935e-19
457.19214	4.08803e-19
457.21230	4.10253e-19
457.23247	4.16616e-19
457.25263	4.18572e-19
457.27280	4.24541e-19
457.29297	4.41745e-19
457.31314	4.58990e-19
457.33332	4.64396e-19
457.35349	4.59553e-19
457.37367	4.61777e-19
457.39385	4.75748e-19
457.41403	4.87921e-19
457.43421	4.83000e-19
457.45439	4.80336e-19
457.47458	4.99843e-19
457.49477	5.05111e-19
457.51496	4.94664e-19
457.53515	4.95090e-19
457.55534	4.86869e-19
457.57554	4.80002e-19
457.59573	4.85642e-19
457.61593	4.91436e-19
457.63613	4.94734e-19
457.65633	4.87947e-19
457.67654	4.78433e-19
457.69674	4.78209e-19
457.71695	4.86090e-19
457.73716	4.91224e-19
457.75737	4.91969e-19
457.77758	4.96418e-19
457.79780	5.01881e-19
457.81801	5.15137e-19
457.83823	5.24355e-19
457.85845	5.16961e-19
457.87867	5.14987e-19
457.89890	5.08618e-19
457.91912	4.93433e-19
457.93935	5.04001e-19
457.95958	5.32553e-19
457.97981	5.42663e-19
458.00004	5.47063e-19
458.02028	5.40513e-19
458.04051	5.13750e-19
458.06075	5.04277e-19
458.08099	5.04267e-19
458.10123	4.86867e-19
458.12147	4.67385e-19
458.14172	4.65881e-19
458.16197	4.75455e-19
458.18221	4.72089e-19
458.20246	4.57768e-19
458.22272	4.46891e-19
458.24297	4.46058e-19
458.26323	4.55252e-19
458.28348	4.62739e-19
458.30374	4.65945e-19
458.32400	4.72677e-19
458.34427	4.81106e-19
458.36453	4.85513e-19
458.38480	4.85237e-19
458.40506	4.84090e-19
458.42533	4.93503e-19
458.44561	5.00854e-19
458.46588	4.88537e-19
458.48616	4.82169e-19
458.50643	4.89270e-19
458.52671	4.94672e-19
458.54699	4.87137e-19
458.56727	4.67567e-19
458.58756	4.57276e-19
458.60785	4.55772e-19
458.62813	4.53562e-19
458.64842	4.53382e-19
458.66871	4.59221e-19
458.68901	4.62154e-19
458.70930	4.52295e-19
458.72960	4.53435e-19
458.74990	4.56296e-19
458.77020	4.39939e-19
458.79050	4.38042e-19
458.81080	4.48809e-19
458.83111	4.42508e-19
458.85142	4.22098e-19
458.87173	4.03376e-19
458.89204	3.99453e-19
458.91235	4.01130e-19
458.93267	3.97452e-19
458.95298	3.92499e-19
458.97330	3.80111e-19
458.99362	3.62771e-19
459.01394	3.57365e-19
459.03427	3.60316e-19
459.05459	3.57412e-19
459.07492	3.60156e-19
459.09525	3.71848e-19
459.11558	3.80519e-19
459.13591	3.90332e-19
459.15625	3.95790e-19
459.17659	4.01992e-19
459.19692	4.14265e-19
459.21726	4.14470e-19
459.23761	4.00089e-19
459.25795	3.78955e-19
459.27829	3.72156e-19
459.29864	3.78746e-19
459.31899	3.84823e-19
459.33934	4.02219e-19
459.35969	4.20779e-19
459.38005	4.27221e-19
459.40041	4.27288e-19
459.42076	4.32114e-19
459.44112	4.45289e-19
459.46149	4.43903e-19
459.48185	4.25782e-19
459.50221	4.14645e-19
459.52258	4.13409e-19
459.54295	4.03436e-19
459.56332	4.03839e-19
459.58369	4.29451e-19
459.60407	4.44100e-19
459.62444	4.38473e-19
459.64482	4.22354e-19
459.66520	4.12672e-19
459.68558	4.18620e-19
459.70597	4.20568e-19
459.72635	4.20408e-19
459.74674	4.12449e-19
459.76713	3.95166e-19
459.78752	3.95502e-19
459.80791	4.14309e-19
459.82830	4.31167e-19
459.84870	4.37964e-19
459.86910	4.37655e-19
459.88950	4.40679e-19
459.90990	4.43853e-19
459.93030	4.39837e-19
459.95071	4.33297e-19
459.97111	4.17474e-19
459.99152	4.23036e-19
460.01193	4.51681e-19
460.03235	4.53159e-19
460.05276	4.55162e-19
460.07318	4.66641e-19
460.09359	4.64284e-19
460.11401	4.56348e-19
460.13443	4.53216e-19
460.15486	4.64819e-19
460.17528	4.66524e-19
460.19571	4.68041e-19
460.21614	4.72176e-19
460.23657	4.59720e-19
460.25700	4.65545e-19
460.27744	4.80604e-19
460.29787	4.80377e-19
460.31831	4.81317e-19
460.33875	4.92780e-19
460.35919	4.97590e-19
460.37963	4.87858e-19
460.40008	4.97297e-19
460.42052	5.27737e-19
460.44097	5.49737e-19
460.46142	5.41344e-19
460.48188	5.21530e-19
460.50233	5.16930e-19
460.52279	5.04690e-19
460.54324	4.91909e-19
460.56370	4.87570e-19
460.58416	4.69978e-19
460.60463	4.50834e-19
460.62509	4.51279e-19
460.64556	4.73732e-19
460.66603	4.84728e-19
460.68650	4.62776e-19
460.70697	4.45510e-19
460.72744	4.52405e-19
460.74792	4.61649e-19
460.76840	4.62438e-19
460.78888	4.75001e-19
460.80936	4.81989e-19
460.82984	4.72633e-19
460.85033	4.73668e-19
460.87081	4.67334e-19
460.89130	4.47326e-19
460.91179	4.35159e-19
460.93228	4.30835e-19
460.95278	4.19821e-19
460.97327	4.10052e-19
460.99377	4.20122e-19
461.01427	4.22601e-19
461.03477	4.12909e-19
461.05528	4.18959e-19
461.07578	4.32944e-19
461.09629	4.42574e-19
461.11680	4.49361e-19
461.13731	4.54739e-19
461.15782	4.45636e-19
461.17833	4.40039e-19
461.19885	4.53414e-19
461.21937	4.54568e-19
461.23989	4.43813e-19
461.26041	4.31180e-19
461.28093	4.19929e-19
461.30146	4.16103e-19
461.32198	4.10531e-19
461.34251	4.05953e-19
461.36304	4.09134e-19
461.38358	4.22727e-19
461.40411	4.26988e-19
461.42465	4.08553e-19
461.44518	3.97318e-19
461.46572	3.99452e-19
461.48627	3.98345e-19
461.50681	3.97372e-19
461.52735	4.01391e-19
461.54790	3.97845e-19
461.56845	3.91735e-19
461.58900	3.87512e-19
461.60955	3.79360e-19
461.63011	3.85297e-19
461.65066	3.91916e-19
461.67122	3.86162e-19
461.69178	3.80419e-19
461.71234	3.64137e-19
461.73291	3.59615e-19
461.75347	3.67579e-19
461.77404	3.67376e-19
461.79461	3.69013e-19
461.81518	3.63271e-19
461.83575	3.63378e-19
461.85633	3.70542e-19
461.87690	3.65594e-19
461.89748	3.61553e-19
461.91806	3.55711e-19
461.93864	3.55375e-19
461.95923	3.59233e-19
461.97981	3.58428e-19
462.00040	3.70616e-19
462.02099	3.82380e-19
462.04158	3.78400e-19
462.06217	3.71172e-19
462.08277	3.70447e-19
462.10336	3.73785e-19
462.12396	3.69030e-19
462.14456	3.67297e-19
462.16516	3.76556e-19
462.18577	3.78131e-19
462.20637	3.68507e-19
462.22698	3.64499e-19
462.24759	3.70450e-19
462.26820	3.76480e-19
462.28881	3.79642e-19
462.30943	3.76737e-19
462.33005	3.68184e-19
462.35066	3.70028e-19
462.37128	3.74597e-19
462.39191	3.73124e-19
462.41253	3.79274e-19
462.43316	3.86153e-19
462.45378	3.90012e-19
462.47441	3.95230e-19
462.49505	3.94146e-19
462.51568	3.83831e-19
462.53631	3.83536e-19
462.55695	4.09517e-19
462.57759	4.29086e-19
462.59823	4.34309e-19
462.61887	4.52541e-19
462.63952	4.60549e-19
462.66016	4.41056e-19
462.68081	4.17224e-19
462.70146	4.16903e-19
462.72211	4.39053e-19
462.74277	4.69663e-19
462.76342	5.20920e-19
462.78408	5.67077e-19
462.80474	5.49840e-19
462.82540	5.22419e-19
462.84606	5.39498e-19
462.86673	5.73875e-19
462.88739	5.93961e-19
462.90806	5.89626e-19
462.92873	5.85753e-19
462.94940	6.11460e-19
462.97008	6.08792e-19
462.99075	5.72911e-19
463.01143	5.68003e-19
463.03211	5.71209e-19
463.05279	5.50154e-19
463.07347	5.31259e-19
463.09416	5.23239e-19
463.11485	5.18187e-19
463.13553	5.27446e-19
463.15623	5.45454e-19
463.17692	5.45037e-19
463.19761	5.47214e-19
463.21831	5.65673e-19
463.23901	5.60034e-19
463.25971	5.57071e-19
463.28041	5.66331e-19
463.30111	5.53015e-19
463.32182	5.56666e-19
463.34252	5.72546e-19
463.36323	5.68364e-19
463.38394	5.48726e-19
463.40466	5.37352e-19
463.42537	5.54364e-19
463.44609	5.58667e-19
463.46680	5.46064e-19
463.48752	5.44519e-19
463.50825	5.43482e-19
463.52897	5.39120e-19
463.54970	5.37295e-19
463.57042	5.25870e-19
463.59115	5.06472e-19
463.61188	5.05844e-19
463.63262	5.00436e-19
463.65335	4.90797e-19
463.67409	4.93180e-19
463.69483	4.83042e-19
463.71557	4.78189e-19
463.73631	4.76213e-19
463.75705	4.57740e-19
463.77780	4.50608e-19
463.79855	4.59005e-19
463.81930	4.55066e-19
463.84005	4.47249e-19
463.86080	4.48385e-19
463.88156	4.52467e-19
463.90232	4.64025e-19
463.92307	4.67320e-19
463.94384	4.59472e-19
463.96460	4.51853e-19
463.98536	4.55708e-19
464.00613	4.67581e-19
464.02690	4.58139e-19
464.04767	4.44357e-19
464.06844	4.35492e-19
464.08921	4.30820e-19
464.10999	4.34225e-19
464.13077	4.30716e-19
464.15155	4.21921e-19
464.17233	4.12601e-19
464.19311	4.05996e-19
464.21390	4.06520e-19
464.23468	4.18911e-19
464.25547	4.30302e-19
464.27626	4.36543e-19
464.29706	4.43790e-19
464.31785	4.46082e-19
464.33865	4.59769e-19
464.35944	4.59070e-19
464.38024	4.32918e-19
464.40105	4.22107e-19
464.42185	4.27612e-19
464.44266	4.33680e-19
464.46346	4.40497e-19
464.48427	4.42523e-19
464.50508	4.22918e-19
464.52590	4.15446e-19
464.54671	4.16376e-19
464.56753	4.11545e-19
464.58835	4.26005e-19
464.60917	4.19031e-19
464.62999	4.03065e-19
464.65081	4.09644e-19
464.67164	4.18961e-19
464.69247	4.28546e-19
464.71330	4.18007e-19
464.73413	3.96831e-19
464.75496	3.84732e-19
464.77580	3.83331e-19
464.79664	3.85621e-19
464.81747	3.81706e-19
464.83832	3.84874e-19
464.85916	3.88578e-19
464.88000	3.92587e-19
464.90085	3.98114e-19
464.92170	3.87197e-19
464.94255	3.78998e-19
464.96340	3.85148e-19
464.98425	3.80789e-19
465.00511	3.71948e-19
465.02597	3.76414e-19
465.04683	3.70819e-19
465.06769	3.61525e-19
465.08855	3.65296e-19
465.10942	3.59406e-19
465.13029	3.50543e-19
465.15116	3.51978e-19
465.17203	3.55008e-19
465.19290	3.59207e-19
465.21377	3.59403e-19
465.23465	3.50560e-19
465.25553	3.44054e-19
465.27641	3.37506e-19
465.29729	3.24128e-19
465.31818	3.20326e-19
465.33906	3.20683e-19
465.35995	3.17396e-19
465.38084	3.19982e-19
465.40173	3.11699e-19
465.42262	2.97905e-19
465.44352	2.95830e-19
465.46442	2.94485e-19
465.48532	2.91631e-19
465.50622	2.87892e-19
465.52712	2.84941e-19
465.54802	2.87195e-19
465.56893	2.85331e-19
465.58984	2.79363e-19
465.61075	2.83294e-19
465.63166	2.93134e-19
465.65258	2.92810e-19
465.67349	2.87793e-19
465.69441	2.86043e-19
465.71533	2.81629e-19
465.73625	2.79218e-19
465.75717	2.84745e-19
465.77810	2.85281e-19
465.79903	2.76373e-19
465.81996	2.69864e-19
465.84089	2.67979e-19
465.86182	2.73329e-19
465.88276	2.81347e-19
465.90369	2.84185e-19
465.92463	2.88332e-19
465.94557	2.86643e-19
465.96651	2.84035e-19
465.98746	2.96615e-19
466.00840	3.05199e-19
466.02935	2.96442e-19
466.05030	2.86941e-19
466.07125	2.81483e-19
466.09221	2.77458e-19
466.11316	2.81795e-19
466.13412	2.95032e-19
466.15508	3.04477e-19
466.17604	3.01435e-19
466.19700	2.95117e-19
466.21797	3.05588e-19
466.23893	3.30829e-19
466.25990	3.39730e-19
466.28087	3.28480e-19
466.30185	3.27739e-19
466.32282	3.43293e-19
466.34380	3.49212e-19
466.36478	3.36422e-19
466.38576	3.32972e-19
466.40674	3.44089e-19
466.42772	3.47881e-19
466.44871	3.50937e-19
466.46969	3.55843e-19
466.49068	3.53243e-19
466.51167	3.60146e-19
466.53267	3.70623e-19
466.55366	3.66473e-19
466.57466	3.75006e-19
466.59566	4.03139e-19
466.61666	4.17919e-19
466.63766	4.25866e-19
466.65867	4.29506e-19
466.67967	4.19195e-19
466.70068	4.11949e-19
466.72169	3.97312e-19
466.74270	3.94302e-19
466.76372	4.11318e-19
466.78473	4.09823e-19
466.80575	4.15308e-19
466.82677	4.33737e-19
466.84779	4.35722e-19
466.86882	4.49461e-19
466.88984	4.72293e-19
466.91087	4.72226e-19
466.93190	4.59036e-19
466.95293	4.52370e-19
466.97396	4.57430e-19
466.99500	4.66201e-19
467.01603	4.63002e-19
467.03707	4.42618e-19
467.05811	4.19918e-19
467.07916	4.14782e-19
467.10020	4.37150e-19
467.12125	4.55243e-19
467.14229	4.38270e-19
467.16334	4.19138e-19
467.18440	4.13085e-19
467.20545	4.09997e-19
467.22651	4.08009e-19
467.24756	4.13424e-19
467.26862	4.15482e-19
467.28968	4.04601e-19
467.31075	4.00752e-19
467.33181	3.95539e-19
467.35288	3.94286e-19
467.37395	4.03036e-19
467.39502	3.97376e-19
467.41609	3.95996e-19
467.43717	4.00325e-19
467.45824	4.09509e-19
467.47932	4.29565e-19
467.50040	4.25127e-19
467.52149	4.05050e-19
467.54257	3.93093e-19
467.56366	3.93378e-19
467.58474	3.93858e-19
467.60583	3.80729e-19
467.62693	3.76486e-19
467.64802	3.78036e-19
467.66912	3.74009e-19
467.69021	3.90202e-19
467.71131	4.23250e-19
467.73241	4.35091e-19
467.75352	4.32516e-19
467.77462	4.24880e-19
467.79573	4.10701e-19
467.81684	4.09936e-19
467.83795	4.15034e-19
467.85906	4.23436e-19
467.88018	4.32489e-19
467.90129	4.25937e-19
467.92241	4.17899e-19
467.94353	4.03916e-19
467.96465	3.91737e-19
467.98578	4.10046e-19
468.00690	4.34847e-19
468.02803	4.34915e-19
468.04916	4.38101e-19
468.07029	4.36774e-19
468.09143	4.06280e-19
468.11256	3.82707e-19
468.13370	3.74925e-19
468.15484	3.79587e-19
468.17598	3.96990e-19
468.19713	4.01056e-19
468.21827	3.83456e-19
468.23942	3.52147e-19
468.26057	3.34678e-19
468.28172	3.34675e-19
468.30287	3.26902e-19
468.32403	3.21015e-19
468.34518	3.21531e-19
468.36634	3.31696e-19
468.38750	3.46199e-19
468.40866	3.45403e-19
468.42983	3.50607e-19
468.45099	3.60574e-19
468.47216	3.58056e-19
468.49333	3.52269e-19
468.51450	3.47868e-19
468.53568	3.46724e-19
468.55685	3.41210e-19
468.57803	3.35158e-19
468.59921	3.41345e-19
468.62039	3.43707e-19
468.64158	3.30432e-19
468.66276	3.30175e-19
468.68395	3.41667e-19
468.70514	3.35970e-19
468.72633	3.33320e-19
468.74752	3.46377e-19
468.76872	3.56408e-19
468.78991	3.52583e-19
468.81111	3.42609e-19
468.83231	3.42999e-19
468.85352	3.47628e-19
468.87472	3.41156e-19
468.89593	3.31559e-19
468.91714	3.31228e-19
468.93835	3.29977e-19
468.95956	3.33339e-19
468.98077	3.40781e-19
469.00199	3.29214e-19
469.02321	3.18628e-19
469.04443	3.21693e-19
469.06565	3.37897e-19
469.08687	3.56348e-19
469.10810	3.51612e-19
469.12932	3.38049e-19
469.15055	3.24648e-19
469.17179	3.19836e-19
469.19302	3.23610e-19
469.21425	3.20138e-19
469.23549	3.15606e-19
469.25673	3.13422e-19
469.27797	3.14588e-19
469.29921	3.20200e-19
469.32046	3.30686e-19
469.34171	3.39848e-19
469.36295	3.33911e-19
469.38421	3.22032e-19
469.40546	3.14387e-19
469.42671	3.05765e-19
469.44797	2.99573e-19
469.46923	2.99946e-19
469.49049	2.97072e-19
469.51175	2.93566e-19
469.53301	2.94355e-19
469.55428	2.91726e-19
469.57555	2.89649e-19
469.59682	2.94059e-19
469.61809	2.95612e-19
469.63936	2.91700e-19
469.66064	2.93975e-19
469.68192	2.92132e-19
469.70320	2.79334e-19
469.72448	2.77682e-19
469.74576	2.88495e-19
469.76705	2.93271e-19
469.78833	2.97878e-19
469.80962	3.12236e-19
469.83091	3.18933e-19
469.85221	3.14645e-19
469.87350	3.16054e-19
469.89480	3.28421e-19
469.91610	3.34512e-19
469.93740	3.26915e-19
469.95870	3.25070e-19
469.98001	3.27088e-19
470.00131	3.32245e-19
470.02262	3.37050e-19
470.04393	3.38710e-19
470.06524	3.37843e-19
470.08656	3.26009e-19
470.10787	3.23065e-19
470.12919	3.22427e-19
470.15051	3.18902e-19
470.17183	3.20246e-19
470.19316	3.15985e-19
470.21448	3.17711e-19
470.23581	3.22948e-19
470.25714	3.27026e-19
470.27847	3.36494e-19
470.29981	3.55418e-19
470.32114	3.69430e-19
470.34248	3.62598e-19
470.36382	3.60869e-19
470.38516	3.59001e-19
470.40650	3.49906e-19
470.42785	3.46093e-19
470.44920	3.43241e-19
470.47055	3.42470e-19
470.49190	3.43744e-19
470.51325	3.41703e-19
470.53460	3.32255e-19
470.55596	3.25296e-19
470.57732	3.21323e-19
470.59868	3.16281e-19
470.62004	3.20166e-19
470.64141	3.26578e-19
470.66278	3.22452e-19
470.68414	3.15115e-19
470.70551	3.14104e-19
470.72689	3.12506e-19
470.74826	3.08977e-19
470.76964	3.09687e-19
470.79102	3.15810e-19
470.81240	3.13929e-19
470.83378	2.98221e-19
470.85516	2.93405e-19
470.87655	2.97813e-19
470.89794	2.98854e-19
470.91933	3.07024e-19
470.94072	3.18605e-19
470.96211	3.20822e-19
470.98351	3.21183e-19
471.00490	3.26101e-19
471.02630	3.26097e-19
471.04771	3.20831e-19
471.06911	3.11354e-19
471.09051	3.00087e-19
471.11192	2.91327e-19
471.13333	2.83994e-19
471.15474	2.81858e-19
471.17616	2.85409e-19
471.19757	2.94409e-19
471.21899	3.00919e-19
471.24041	2.99090e-19
471.26183	3.00923e-19
471.28325	3.08331e-19
471.30468	3.13460e-19
471.32610	3.19025e-19
471.34753	3.20011e-19
471.36896	3.11802e-19
471.39039	3.12650e-19
471.41183	3.18062e-19
471.43327	3.13225e-19
471.45470	3.02266e-19
471.47614	2.93488e-19
471.49759	2.95831e-19
471.51903	3.00760e-19
471.54048	3.05118e-19
471.56193	3.17868e-19
471.58338	3.34633e-19
471.60483	3.37026e-19
471.62628	3.30214e-19
471.64774	3.34068e-19
471.66920	3.35144e-19
471.69066	3.34160e-19
471.71212	3.36956e-19
471.73358	3.36297e-19
471.75505	3.36980e-19
471.77652	3.43518e-19
471.79799	3.58732e-19
471.81946	3.64084e-19
471.84093	3.62367e-19
471.86241	3.63760e-19
471.88388	3.52510e-19
471.90536	3.46036e-19
471.92685	3.45352e-19
471.94833	3.34431e-19
471.96981	3.32390e-19
471.99130	3.38314e-19
472.01279	3.39594e-19
472.03428	3.41798e-19
472.05578	3.33618e-19
472.07727	3.28612e-19
472.09877	3.35021e-19
472.12027	3.26525e-19
472.14177	3.22276e-19
472.16327	3.36779e-19
472.18478	3.47768e-19
472.20628	3.40848e-19
472.22779	3.31483e-19
472.24930	3.36666e-19
472.27082	3.36486e-19
472.29233	3.26642e-19
472.31385	3.23575e-19
472.33537	3.23913e-19
472.35689	3.19255e-19
472.37841	3.13695e-19
472.39993	3.09638e-19
472.42146	3.05018e-19
472.44299	3.05070e-19
472.46452	3.05918e-19
472.48605	3.11647e-19
472.50759	3.19521e-19
472.52912	3.15276e-19
472.55066	3.05292e-19
472.57220	3.03366e-19
472.59374	3.19851e-19
472.61529	3.30372e-19
472.63683	3.24598e-19
472.65838	3.24651e-19
472.67993	3.28681e-19
472.70148	3.40104e-19
472.72304	3.49431e-19
472.74459	3.51345e-19
472.76615	3.43473e-19
472.78771	3.23858e-19
472.80927	3.22648e-19
472.83084	3.23424e-19
472.85240	3.21263e-19
472.87397	3.39279e-19
472.89554	3.47275e-19
472.91711	3.40819e-19
472.93869	3.31347e-19
472.96026	3.16236e-19
472.98184	3.12551e-19
473.00342	3.19903e-19
473.02500	3.23921e-19
473.04658	3.25837e-19
473.06817	3.34121e-19
473.08976	3.33978e-19
473.11135	3.26069e-19
473.13294	3.28087e-19
473.15453	3.42330e-19
473.17613	3.70798e-19
473.19772	3.88692e-19
473.21932	3.81072e-19
473.24093	3.64496e-19
473.26253	3.48688e-19
473.28413	3.42654e-19
473.30574	3.52031e-19
473.32735	3.70547e-19
473.34896	3.77049e-19
473.37057	3.80180e-19
473.39219	3.82280e-19
473.41381	3.76715e-19
473.43543	3.76262e-19
473.45705	3.76701e-19
473.47867	3.84364e-19
473.50029	4.01469e-19
473.52192	4.35405e-19
473.54355	4.76128e-19
473.56518	4.70134e-19
473.58681	4.45970e-19
473.60845	4.54141e-19
473.63009	4.63909e-19
473.65172	4.48020e-19
473.67337	4.46451e-19
473.69501	4.49456e-19
473.71665	4.51734e-19
473.73830	4.71208e-19
473.75995	4.95190e-19
473.78160	5.31680e-19
473.80325	5.46326e-19
473.82491	5.42683e-19
473.84656	5.41586e-19
473.86822	5.37787e-19
473.88988	5.36471e-19
473.91154	5.08292e-19
473.93321	4.91384e-19
473.95488	4.80058e-19
473.97654	4.70507e-19
473.99821	4.90425e-19
474.01989	5.06141e-19
474.04156	4.98173e-19
474.06324	4.89951e-19
474.08492	5.08195e-19
474.10660	4.96168e-19
474.12828	4.62687e-19
474.14996	4.67185e-19
474.17165	4.68726e-19
474.19334	4.62720e-19
474.21503	4.62661e-19
474.23672	4.64110e-19
474.25841	4.65579e-19
474.28011	4.59826e-19
474.30181	4.41186e-19
474.32351	4.22589e-19
474.34521	4.33201e-19
474.36692	4.39734e-19
474.38862	4.28687e-19
474.41033	4.34177e-19
474.43204	4.49336e-19
474.45375	4.69396e-19
474.47547	4.79788e-19
474.49718	4.65607e-19
474.51890	4.38208e-19
474.54062	4.13701e-19
474.56234	4.32289e-19
474.58407	4.63039e-19
474.60579	4.45579e-19
474.62752	4.59763e-19
474.64925	5.01494e-19
474.67098	5.05452e-19
474.69272	5.10878e-19
474.71445	5.07189e-19
474.73619	4.97223e-19
474.75793	4.79434e-19
474.77967	4.55676e-19
474.80142	4.53522e-19
474.82316	4.52364e-19
474.84491	4.56201e-19
474.86666	4.70771e-19
474.88841	4.82168e-19
474.91017	4.80824e-19
474.93192	4.65903e-19
474.95368	4.47377e-19
474.97544	4.38550e-19
474.99720	4.38010e-19
475.01897	4.23727e-19
475.04073	4.21318e-19
475.06250	4.40921e-19
475.08427	4.50408e-19
475.10604	4.49769e-19
475.12782	4.50523e-19
475.14959	4.42052e-19
475.17137	4.25593e-19
475.19315	4.21323e-19
475.21493	4.18961e-19
475.23672	4.18197e-19
475.25850	4.21054e-19
475.28029	4.19102e-19
475.30208	4.30395e-19
475.32387	4.42138e-19
475.34566	4.37955e-19
475.36746	4.30693e-19
475.38926	4.19735e-19
475.41106	4.08811e-19
475.43286	4.11113e-19
475.45466	4.20911e-19
475.47647	4.23225e-19
475.49828	4.04218e-19
475.52009	3.74462e-19
475.54190	3.68052e-19
475.56371	3.74195e-19
475.58553	3.69493e-19
475.60735	3.51416e-19
475.62917	3.33197e-19
475.65099	3.33674e-19
475.67281	3.44230e-19
475.69464	3.58167e-19
475.71647	3.67690e-19
475.73830	3.71035e-19
475.76013	3.71741e-19
475.78196	3.69862e-19
475.80380	3.73875e-19
475.82564	3.77069e-19
475.84748	3.85490e-19
475.86932	3.88972e-19
475.89116	3.75666e-19
475.91301	3.60752e-19
475.93486	3.52127e-19
475.95671	3.49212e-19
475.97856	3.37371e-19
476.00041	3.25929e-19
476.02227	3.24942e-19
476.04412	3.37504e-19
476.06598	3.55330e-19
476.08785	3.55656e-19
476.10971	3.58660e-19
476.13158	3.67786e-19
476.15344	3.62485e-19
476.17531	3.55887e-19
476.19719	3.58068e-19
476.21906	3.53644e-19
476.24094	3.45541e-19
476.26281	3.44099e-19
476.28469	3.47482e-19
476.30658	3.52677e-19
476.32846	3.39720e-19
476.35035	3.32056e-19
476.37223	3.35514e-19
476.39413	3.17178e-19
476.41602	3.02541e-19
476.43791	3.05052e-19
476.45981	3.11457e-19
476.48171	3.17600e-19
476.50361	3.32193e-19
476.52551	3.48685e-19
476.54741	3.47097e-19
476.56932	3.49778e-19
476.59123	3.56949e-19
476.61314	3.43503e-19
476.63505	3.18858e-19
476.65696	3.09028e-19
476.67888	3.14044e-19
476.70080	3.16095e-19
476.72272	3.17383e-19
476.74464	3.13120e-19
476.76656	3.13627e-19
476.78849	3.33883e-19
476.81042	3.43763e-19
476.83235	3.34539e-19
476.85428	3.28081e-19
476.87622	3.18476e-19
476.89815	3.10155e-19
476.92009	3.12335e-19
476.94203	3.09907e-19
476.96397	3.06515e-19
476.98592	3.05314e-19
477.00787	3.02777e-19
477.02981	3.06904e-19
477.05176	3.08586e-19
477.07372	3.13247e-19
477.09567	3.21021e-19
477.11763	3.17993e-19
477.13959	3.13544e-19
477.16155	3.09494e-19
477.18351	3.13120e-19
477.20548	3.20705e-19
477.22744	3.21673e-19
477.24941	3.26024e-19
477.27138	3.21145e-19
477.29335	3.12648e-19
477.31533	3.11704e-19
477.33731	3.04386e-19
477.35928	3.02739e-19
477.38127	3.06326e-19
477.40325	3.06208e-19
477.42523	3.10950e-19
477.44722	3.11789e-19
477.46921	3.09416e-19
477.49120	3.23059e-19
477.51319	3.41094e-19
477.53519	3.33269e-19
477.55719	3.22433e-19
477.57919	3.22382e-19
477.60119	3.19133e-19
477.62319	3.26315e-19
477.64519	3.30551e-19
477.66720	3.19310e-19
477.68921	3.13627e-19
477.71122	3.17499e-19
477.73324	3.19123e-19
477.75525	3.06719e-19
477.77727	2.97412e-19
477.79929	3.03125e-19
477.82131	3.07085e-19
477.84333	3.04453e-19
477.86536	3.15169e-19
477.88739	3.34294e-19
477.90942	3.37609e-19
477.93145	3.38837e-19
477.95348	3.41347e-19
477.97552	3.36813e-19
477.99755	3.23159e-19
478.01959	3.08050e-19
478.04164	3.08367e-19
478.06368	3.10216e-19
478.08573	3.07349e-19
478.10777	3.02172e-19
478.12982	2.96042e-19
478.15187	2.93651e-19
478.17393	2.97427e-19
478.19598	3.08086e-19
478.21804	3.00892e-19
478.24010	2.90065e-19
478.26216	2.98153e-19
478.28423	3.10801e-19
478.30630	3.09576e-19
478.32836	2.92549e-19
478.35043	2.92449e-19
478.37251	2.97206e-19
478.39458	2.96072e-19
478.41666	3.12063e-19
478.43874	3.22610e-19
478.46082	3.20967e-19
478.48290	3.11058e-19
478.50498	2.95539e-19
478.52707	2.89397e-19
478.54916	2.88575e-19
478.57125	2.95012e-19
478.59334	3.08509e-19
478.61544	3.22813e-19
478.63753	3.29294e-19
478.65963	3.26166e-19
478.68173	3.22882e-19
478.70383	3.20183e-19
478.72594	3.25493e-19
478.74805	3.32424e-19
478.77016	3.32250e-19
478.79227	3.35867e-19
478.81438	3.27929e-19
478.83649	3.08491e-19
478.85861	3.07370e-19
478.88073	3.22578e-19
478.90285	3.35658e-19
478.92498	3.35465e-19
478.94710	3.29581e-19
478.96923	3.30699e-19
478.99136	3.27912e-19
479.01349	3.22649e-19
479.03562	3.26680e-19
479.05776	3.35041e-19
479.07990	3.42527e-19
479.10204	3.47577e-19
479.12418	3.47981e-19
479.14632	3.41876e-19
479.16847	3.35609e-19
479.19061	3.37956e-19
479.21276	3.43369e-19
479.23492	3.51035e-19
479.25707	3.70201e-19
479.27923	3.87718e-19
479.30138	3.99260e-19
479.32354	4.13121e-19
479.34571	4.17397e-19
479.36787	4.12899e-19
479.39004	3.97185e-19
479.41221	3.81457e-19
479.43438	3.83348e-19
479.45655	4.04083e-19
479.47872	4.24623e-19
479.50090	4.11500e-19
479.52308	4.02932e-19
479.54526	4.14826e-19
479.56744	4.16875e-19
479.58963	4.05094e-19
479.61181	3.93243e-19
479.63400	4.04575e-19
479.65619	4.16318e-19
479.67839	4.18362e-19
479.70058	4.23768e-19
479.72278	4.31768e-19
479.74498	4.46159e-19
479.76718	4.38872e-19
479.78938	4.18084e-19
479.81159	4.07296e-19
479.83379	4.17809e-19
479.85600	4.28727e-19
479.87821	4.12739e-19
479.90043	3.93641e-19
479.92264	3.78250e-19
479.94486	3.80262e-19
479.96708	3.80705e-19
479.98930	3.69149e-19
480.01153	3.69432e-19
480.03375	3.65877e-19
480.05598	3.56501e-19
480.07821	3.46322e-19
480.10044	3.45941e-19
480.12268	3.49200e-19
480.14491	3.38376e-19
480.16715	3.31094e-19
480.18939	3.42064e-19
480.21163	3.55510e-19
480.23388	3.43280e-19
480.25612	3.30898e-19
480.27837	3.36220e-19
480.30062	3.44980e-19
480.32288	3.52148e-19
480.34513	3.58017e-19
480.36739	3.56373e-19
480.38965	3.41123e-19
480.41191	3.42579e-19
480.43417	3.50734e-19
480.45643	3.54820e-19
480.47870	3.74146e-19
480.50097	3.65018e-19
480.52324	3.36733e-19
480.54552	3.36989e-19
480.56779	3.45015e-19
480.59007	3.38177e-19
480.61235	3.35154e-19
480.63463	3.31238e-19
480.65691	3.25811e-19
480.67920	3.31736e-19
480.70149	3.30111e-19
480.72378	3.33605e-19
480.74607	3.43074e-19
480.76836	3.37959e-19
480.79066	3.33293e-19
480.81296	3.32609e-19
480.83526	3.25484e-19
480.85756	3.10872e-19
480.87986	3.06636e-19
480.90217	3.12999e-19
480.92448	3.22165e-19
480.94679	3.27783e-19
480.96910	3.29159e-19
480.99141	3.41337e-19
481.01373	3.46271e-19
481.03605	3.44614e-19
481.05837	3.50063e-19
481.08069	3.50625e-19
481.10302	3.44171e-19
481.12535	3.33806e-19
481.14767	3.27244e-19
481.17001	3.39994e-19
481.19234	3.76258e-19
481.21467	3.91594e-19
481.23701	3.88263e-19
481.25935	4.00280e-19
481.28169	3.96671e-19
481.30404	3.83410e-19
481.32638	3.68555e-19
481.34873	3.48827e-19
481.37108	3.42411e-19
481.39343	3.42898e-19
481.41579	3.44600e-19
481.43814	3.53360e-19
481.46050	3.60463e-19
481.48286	3.58432e-19
481.50522	3.48293e-19
481.52759	3.38731e-19
481.54995	3.44448e-19
481.57232	3.44238e-19
481.59469	3.29837e-19
481.61707	3.18677e-19
481.63944	3.15062e-19
481.66182	3.26779e-19
481.68420	3.31504e-19
481.70658	3.28514e-19
481.72896	3.28031e-19
481.75135	3.18189e-19
481.77373	3.15760e-19
481.79612	3.23203e-19
481.81851	3.32994e-19
481.84091	3.29005e-19
481.86330	3.13032e-19
481.88570	3.06674e-19
481.90810	3.02117e-19
481.93050	2.98060e-19
481.95291	2.95235e-19
481.97531	2.91350e-19
481.99772	2.89786e-19
482.02013	2.97107e-19
482.04254	3.04951e-19
482.06496	2.96434e-19
482.08737	2.87156e-19
482.10979	2.86129e-19
482.13221	2.90784e-19
482.15463	2.89832e-19
482.17706	2.76868e-19
482.19949	2.71281e-19
482.22191	2.71763e-19
482.24435	2.69677e-19
482.26678	2.66901e-19
482.28921	2.63031e-19
482.31165	2.62999e-19
482.33409	2.71192e-19
482.35653	2.83395e-19
482.37898	2.90102e-19
482.40142	2.86341e-19
482.42387	2.78451e-19
482.44632	2.77225e-19
482.46877	2.79372e-19
482.49122	2.76684e-19
482.51368	2.72210e-19
482.53614	2.67736e-19
482.55860	2.63976e-19
482.58106	2.68751e-19
482.60353	2.79525e-19
482.62599	2.78526e-19
482.64846	2.69852e-19
482.67093	2.63978e-19
482.69340	2.56859e-19
482.71588	2.54400e-19
482.73836	2.56579e-19
482.76084	2.56027e-19
482.78332	2.51527e-19
482.80580	2.47776e-19
482.82829	2.53216e-19
482.85077	2.52045e-19
482.87326	2.38657e-19
482.89575	2.38761e-19
482.91825	2.44402e-19
482.94074	2.36889e-19
482.96324	2.25861e-19
482.98574	2.18646e-19
483.00824	2.16455e-19
483.03075	2.16196e-19
483.05325	2.18006e-19
483.07576	2.21884e-19
483.09827	2.24779e-19
483.12079	2.36023e-19
483.14330	2.50346e-19
483.16582	2.48507e-19
483.18834	2.39333e-19
483.21086	2.37045e-19
483.23338	2.36138e-19
483.25591	2.34060e-19
483.27843	2.34692e-19
483.30096	2.34479e-19
483.32349	2.31857e-19
483.34603	2.34830e-19
483.36856	2.37249e-19
483.39110	2.24033e-19
483.41364	2.17043e-19
483.43618	2.23150e-19
483.45873	2.23940e-19
483.48127	2.25896e-19
483.50382	2.21849e-19
483.52637	2.17387e-19
483.54892	2.19289e-19
483.57148	2.14821e-19
483.59404	2.22564e-19
483.61660	2.34051e-19
483.63916	2.32008e-19
483.66172	2.29919e-19
483.68428	2.30752e-19
483.70685	2.33113e-19
483.72942	2.30609e-19
483.75199	2.29115e-19
483.77457	2.26865e-19
483.79714	2.19438e-19
483.81972	2.21959e-19
483.84230	2.31876e-19
483.86488	2.35580e-19
483.88747	2.34256e-19
483.91005	2.39991e-19
483.93264	2.46683e-19
483.95523	2.49541e-19
483.97782	2.52615e-19
484.00042	2.48477e-19
484.02301	2.48430e-19
484.04561	2.51924e-19
484.06821	2.47455e-19
484.09082	2.42148e-19
484.11342	2.36973e-19
484.13603	2.34022e-19
484.15864	2.38750e-19
484.18125	2.48720e-19
484.20386	2.56050e-19
484.22648	2.57601e-19
484.24910	2.55243e-19
484.27172	2.49225e-19
484.29434	2.44550e-19
484.31696	2.48296e-19
484.33959	2.57630e-19
484.36222	2.66669e-19
484.38485	2.72029e-19
484.40748	2.69834e-19
484.43012	2.65700e-19
484.45275	2.66251e-19
484.47539	2.73824e-19
484.49803	2.75855e-19
484.52068	2.67421e-19
484.54332	2.63108e-19
484.56597	2.55557e-19
484.58862	2.49277e-19
484.61127	2.53854e-19
484.63393	2.61369e-19
484.65658	2.61155e-19
484.67924	2.50971e-19
484.70190	2.54066e-19
484.72456	2.67798e-19
484.74723	2.75225e-19
484.76989	2.78575e-19
484.79256	2.76739e-19
484.81523	2.76075e-19
484.83791	2.77371e-19
484.86058	2.76827e-19
484.88326	2.72378e-19
484.90594	2.62890e-19
484.92862	2.59076e-19
484.95130	2.62775e-19
484.97399	2.57351e-19
484.99668	2.53274e-19
485.01937	2.69227e-19
485.04206	2.89186e-19
485.06475	2.94155e-19
485.08745	2.78620e-19
485.11015	2.67708e-19
485.13285	2.69097e-19
485.15555	2.70130e-19
485.17825	2.73302e-19
485.20096	2.66996e-19
485.22367	2.67767e-19
485.24638	2.70349e-19
485.26910	2.65613e-19
485.29181	2.70296e-19
485.31453	2.61205e-19
485.33725	2.52183e-19
485.35997	2.54151e-19
485.38269	2.56585e-19
485.40542	2.62885e-19
485.42815	2.61455e-19
485.45088	2.53831e-19
485.47361	2.45229e-19
485.49634	2.49928e-19
485.51908	2.72260e-19
485.54182	2.81454e-19
485.56456	2.74941e-19
485.58730	2.80413e-19
485.61005	2.78743e-19
485.63280	2.60837e-19
485.65555	2.60396e-19
485.67830	2.70218e-19
485.70105	2.78046e-19
485.72381	2.75458e-19
485.74657	2.72495e-19
485.76933	2.83035e-19
485.79209	2.74398e-19
485.81485	2.63543e-19
485.83762	2.67284e-19
485.86039	2.66453e-19
485.88316	2.73187e-19
485.90593	2.92113e-19
485.92871	2.95088e-19
485.95148	2.78396e-19
485.97426	2.73264e-19
485.99704	2.81160e-19
486.01983	2.87641e-19
486.04261	2.86481e-19
486.06540	2.90038e-19
486.08819	2.93504e-19
486.11098	2.86164e-19
486.13378	2.95429e-19
486.15657	2.98460e-19
486.17937	2.86716e-19
486.20217	2.84267e-19
486.22498	2.73279e-19
486.24778	2.62946e-19
486.27059	2.62775e-19
486.29340	2.67826e-19
486.31621	2.68664e-19
486.33902	2.55257e-19
486.36184	2.45131e-19
486.38466	2.40798e-19
486.40748	2.35851e-19
486.43030	2.36857e-19
486.45312	2.37904e-19
486.47595	2.35084e-19
486.49878	2.32234e-19
486.52161	2.33877e-19
486.54444	2.48498e-19
486.56728	2.57776e-19
486.59011	2.50005e-19
486.61295	2.45202e-19
486.63579	2.48855e-19
486.65864	2.50279e-19
486.68148	2.44005e-19
486.70433	2.46238e-19
486.72718	2.51376e-19
486.75003	2.48089e-19
486.77289	2.52546e-19
486.79574	2.61028e-19
486.81860	2.63146e-19
486.84146	2.62903e-19
486.86433	2.64413e-19
486.88719	2.64320e-19
486.91006	2.61512e-19
486.93293	2.53984e-19
486.95580	2.47382e-19
486.97867	2.44063e-19
487.00155	2.32992e-19
487.02443	2.31454e-19
487.04731	2.35763e-19
487.07019	2.32342e-19
487.09307	2.35416e-19
487.11596	2.37807e-19
487.13885	2.34108e-19
487.16174	2.32290e-19
487.18463	2.40226e-19
487.20753	2.50958e-19
487.23042	2.50288e-19
487.25332	2.46695e-19
487.27622	2.44885e-19
487.29913	2.44094e-19
487.32203	2.47401e-19
487.34494	2.46225e-19
487.36785	2.42285e-19
487.39076	2.51537e-19
487.41368	2.53251e-19
487.43660	2.44832e-19
487.45951	2.53846e-19
487.48244	2.64386e-19
487.50536	2.67052e-19
487.52828	2.68203e-19
487.55121	2.64164e-19
487.57414	2.55688e-19
487.59707	2.54740e-19
487.62001	2.68301e-19
487.64294	2.79815e-19
487.66588	2.82712e-19
487.68882	2.78811e-19
487.71176	2.80689e-19
487.73471	2.88808e-19
487.75765	2.87533e-19
487.78060	2.86740e-19
487.80355	2.85697e-19
487.82651	2.87445e-19
487.84946	2.93777e-19
487.87242	2.90987e-19
487.89538	2.88927e-19
487.91834	2.92824e-19
487.94131	2.99316e-19
487.96427	3.09865e-19
487.98724	3.09767e-19
488.01021	3.04883e-19
488.03319	3.09590e-19
488.05616	3.10381e-19
488.07914	3.22400e-19
488.10212	3.37715e-19
488.12510	3.21667e-19
488.14808	3.09798e-19
488.17107	3.22210e-19
488.19405	3.39104e-19
488.21704	3.44627e-19
488.24004	3.55223e-19
488.26303	3.89555e-19
488.28603	4.13925e-19
488.30903	4.14139e-19
488.33203	4.11258e-19
488.35503	3.97643e-19
488.37804	3.90155e-19
488.40104	4.09318e-19
488.42405	4.15800e-19
488.44706	3.98680e-19
488.47008	3.91166e-19
488.49309	3.91503e-19
488.51611	4.02491e-19
488.53913	4.22219e-19
488.56216	4.32247e-19
488.58518	4.34971e-19
488.60821	4.46002e-19
488.63124	4.48805e-19
488.65427	4.31358e-19
488.67730	4.28789e-19
488.70034	4.42877e-19
488.72337	4.53142e-19
488.74641	4.71495e-19
488.76946	5.03930e-19
488.79250	5.04688e-19
488.81555	4.81457e-19
488.83860	4.81547e-19
488.86165	4.76018e-19
488.88470	4.70469e-19
488.90776	4.64742e-19
488.93081	4.22299e-19
488.95387	3.97827e-19
488.97693	4.10672e-19
489.00000	4.05239e-19
489.02306	3.89565e-19
489.04613	3.93495e-19
489.06920	3.89007e-19
489.09227	3.78551e-19
489.11535	3.74596e-19
489.13843	3.70167e-19
489.16151	3.74301e-19
489.18459	3.78318e-19
489.20767	3.79950e-19
489.23076	3.96695e-19
489.25384	4.09441e-19
489.27693	4.01910e-19
489.30003	3.94173e-19
489.32312	3.78869e-19
489.34622	3.70985e-19
489.36932	3.90922e-19
489.39242	4.14454e-19
489.41552	4.15419e-19
489.43862	3.85742e-19
489.46173	3.64641e-19
489.48484	3.62446e-19
489.50795	3.61232e-19
489.53107	3.59340e-19
489.55418	3.50422e-19
489.57730	3.45250e-19
489.60042	3.44627e-19
489.62355	3.58588e-19
489.64667	3.69991e-19
489.66980	3.57369e-19
489.69293	3.51724e-19
489.71606	3.45681e-19
489.73919	3.42497e-19
489.76233	3.41938e-19
489.78547	3.32763e-19
489.80861	3.25140e-19
489.83175	3.23256e-19
489.85489	3.28596e-19
489.87804	3.26744e-19
489.90119	3.20499e-19
489.92434	3.16102e-19
489.94749	3.17618e-19
489.97065	3.14685e-19
489.99381	2.99958e-19
490.01697	2.95330e-19
490.04013	2.83095e-19
490.06329	2.78255e-19
490.08646	3.04396e-19
490.10963	3.17642e-19
490.13280	3.09972e-19
490.15597	3.11404e-19
490.17915	3.28240e-19
490.20232	3.54098e-19
490.22550	3.43500e-19
490.24869	3.08567e-19
490.27187	3.12040e-19
490.29506	3.18804e-19
490.31824	2.98252e-19
490.34143	2.90454e-19
490.36463	2.97097e-19
490.38782	3.00219e-19
490.41102	2.91011e-19
490.43422	2.82093e-19
490.45742	2.81186e-19
490.48062	2.84400e-19
490.50383	2.86815e-19
490.52704	2.84356e-19
490.55025	2.81001e-19
490.57346	2.72581e-19
490.59668	2.62851e-19
490.61989	2.48755e-19
490.64311	2.44866e-19
490.66633	2.59676e-19
490.68956	2.65541e-19
490.71278	2.64123e-19
490.73601	2.60673e-19
490.75924	2.54447e-19
490.78247	2.48897e-19
490.80571	2.47242e-19
490.82894	2.52667e-19
490.85218	2.56321e-19
490.87542	2.53341e-19
490.89867	2.41142e-19
490.92191	2.36666e-19
490.94516	2.37857e-19
490.96841	2.31575e-19
490.99166	2.29355e-19
491.01492	2.27729e-19
491.03817	2.25561e-19
491.06143	2.20017e-19
491.08469	2.14327e-19
491.10796	2.15416e-19
491.13122	2.13560e-19
491.15449	2.13569e-19
491.17776	2.14336e-19
491.20103	2.10828e-19
491.22430	2.13022e-19
491.24758	2.20438e-19
491.27086	2.26857e-19
491.29414	2.30991e-19
491.31742	2.26745e-19
491.34071	2.18894e-19
491.36400	2.21062e-19
491.38729	2.24230e-19
491.41058	2.20198e-19
491.43387	2.14105e-19
491.45717	2.05875e-19
491.48047	2.03483e-19
491.50377	2.09900e-19
491.52707	2.16053e-19
491.55037	2.20827e-19
491.57368	2.25965e-19
491.59699	2.34232e-19
491.62030	2.42009e-19
491.64362	2.38721e-19
491.66693	2.32074e-19
491.69025	2.29339e-19
491.71357	2.29751e-19
491.73689	2.32930e-19
491.76022	2.39646e-19
491.78355	2.52632e-19
491.80688	2.58588e-19
491.83021	2.57261e-19
491.85354	2.63643e-19
491.87688	2.71713e-19
491.90022	2.71898e-19
491.92356	2.65078e-19
491.94690	2.57806e-19
491.97024	2.52816e-19
491.99359	2.54903e-19
492.01694	2.61057e-19
492.04029	2.60936e-19
492.06365	2.61207e-19
492.08700	2.57322e-19
492.11036	2.49977e-19
492.13372	2.53392e-19
492.15708	2.57702e-19
492.18045	2.56108e-19
492.20381	2.51082e-19
492.22718	2.49350e-19
492.25056	2.54104e-19
492.27393	2.47631e-19
492.29731	2.37089e-19
492.32068	2.37350e-19
492.34406	2.40158e-19
492.36745	2.37775e-19
492.39083	2.27647e-19
492.41422	2.18999e-19
492.43761	2.18539e-19
492.46100	2.23632e-19
492.48439	2.30166e-19
492.50779	2.34924e-19
492.53119	2.37159e-19
492.55459	2.38057e-19
492.57799	2.41244e-19
492.60139	2.42560e-19
492.62480	2.45939e-19
492.64821	2.49448e-19
492.67162	2.47813e-19
492.69504	2.47692e-19
492.71845	2.40812e-19
492.74187	2.39366e-19
492.76529	2.48977e-19
492.78871	2.45347e-19
492.81214	2.35281e-19
492.83557	2.37059e-19
492.85899	2.40974e-19
492.88243	2.35643e-19
492.90586	2.37372e-19
492.92930	2.46988e-19
492.95273	2.50403e-19
492.97617	2.55427e-19
492.99962	2.63170e-19
493.02306	2.64432e-19
493.04651	2.63948e-19
493.06996	2.69414e-19
493.09341	2.69132e-19
493.11686	2.61511e-19
493.14032	2.64618e-19
493.16378	2.79462e-19
493.18724	2.86956e-19
493.21070	2.84442e-19
493.23417	2.82098e-19
493.25763	2.70691e-19
493.28110	2.71458e-19
493.30458	2.95752e-19
493.32805	2.99625e-19
493.35153	2.83468e-19
493.37500	2.81430e-19
493.39848	2.80472e-19
493.42197	2.76018e-19
493.44545	2.92739e-19
493.46894	3.03939e-19
493.49243	2.94871e-19
493.51592	2.90677e-19
493.53941	2.89780e-19
493.56291	3.04059e-19
493.58641	3.05238e-19
493.60991	2.86275e-19
493.63341	2.92595e-19
493.65692	2.96652e-19
493.68043	2.77677e-19
493.70394	2.72283e-19
493.72745	2.88507e-19
493.75096	2.92974e-19
493.77448	2.75032e-19
493.79800	2.65372e-19
493.82152	2.75816e-19
493.84504	2.88622e-19
493.86857	2.90150e-19
493.89209	2.96315e-19
493.91562	3.08665e-19
493.93916	3.09398e-19
493.96269	3.03732e-19
493.98623	3.06341e-19
494.00977	3.08971e-19
494.03331	3.09872e-19
494.05685	3.20284e-19
494.08040	3.20714e-19
494.10394	3.11751e-19
494.12749	3.07250e-19
494.15105	2.97555e-19
494.17460	2.90213e-19
494.19816	2.97293e-19
494.22172	3.11328e-19
494.24528	3.27987e-19
494.26884	3.55778e-19
494.29241	3.64743e-19
494.31598	3.41142e-19
494.33955	3.24840e-19
494.36312	3.26295e-19
494.38669	3.31136e-19
494.41027	3.27528e-19
494.43385	3.27681e-19
494.45743	3.33502e-19
494.48101	3.43170e-19
494.50460	3.48679e-19
494.52819	3.41640e-19
494.55178	3.45395e-19
494.57537	3.32781e-19
494.59897	3.13763e-19
494.62256	3.28247e-19
494.64616	3.41404e-19
494.66977	3.51882e-19
494.69337	3.76288e-19
494.71698	3.79433e-19
494.74058	3.65603e-19
494.76420	3.59524e-19
494.78781	3.38911e-19
494.81142	3.09422e-19
494.83504	3.10793e-19
494.85866	3.29202e-19
494.88228	3.28285e-19
494.90591	3.15147e-19
494.92953	3.08744e-19
494.95316	3.07768e-19
494.97679	3.05370e-19
495.00043	3.03095e-19
495.02406	3.02578e-19
495.04770	2.99172e-19
495.07134	2.96652e-19
495.09498	3.06402e-19
495.11863	3.11011e-19
495.14227	3.10678e-19
495.16592	3.11100e-19
495.18958	2.89542e-19
495.21323	2.85449e-19
495.23688	2.96598e-19
495.26054	2.84820e-19
495.28420	2.82627e-19
495.30787	2.78797e-19
495.33153	2.73873e-19
495.35520	2.91884e-19
495.37887	3.03304e-19
495.40254	3.03665e-19
495.42621	3.05904e-19
495.44989	3.16523e-19
495.47357	3.24696e-19
495.49725	3.23982e-19
495.52093	3.29699e-19
495.54462	3.17021e-19
495.56831	2.98493e-19
495.59200	3.01436e-19
495.61569	3.10212e-19
495.63938	3.14615e-19
495.66308	3.15282e-19
495.68678	3.16872e-19
495.71048	3.21710e-19
495.73418	3.37757e-19
495.75789	3.45335e-19
495.78160	3.24794e-19
495.80531	3.06669e-19
495.82902	2.96587e-19
495.85273	2.99138e-19
495.87645	3.19691e-19
495.90017	3.27627e-19
495.92389	3.13519e-19
495.94762	3.07798e-19
495.97134	3.14491e-19
495.99507	3.12706e-19
496.01880	3.09469e-19
496.04253	3.07189e-19
496.06627	2.98020e-19
496.09001	2.97883e-19
496.11375	3.12988e-19
496.13749	3.20913e-19
496.16123	3.14240e-19
496.18498	3.21076e-19
496.20873	3.26245e-19
496.23248	3.15939e-19
496.25623	3.20266e-19
496.27999	3.17692e-19
496.30375	3.07242e-19
496.32751	3.12694e-19
496.35127	3.13234e-19
496.37503	3.06135e-19
496.39880	2.96514e-19
496.42257	2.93654e-19
496.44634	3.06207e-19
496.47012	3.21982e-19
496.49389	3.34826e-19
496.51767	3.29285e-19
496.54145	3.15615e-19
496.56523	3.14568e-19
496.58902	3.12925e-19
496.61281	3.10468e-19
496.63660	3.14480e-19
496.66039	3.23472e-19
496.68418	3.36724e-19
496.70798	3.41778e-19
496.73178	3.25978e-19
496.75558	3.03371e-19
496.77938	2.84892e-19
496.80319	2.76373e-19
496.82700	2.83925e-19
496.85081	2.82728e-19
496.87462	2.69954e-19
496.89844	2.68836e-19
496.92225	2.76614e-19
496.94607	2.80474e-19
496.96989	2.69932e-19
496.99372	2.55634e-19
497.01754	2.47851e-19
497.04137	2.48467e-19
497.06520	2.53113e-19
497.08904	2.51194e-19
497.11287	2.51475e-19
497.13671	2.55103e-19
497.16055	2.54540e-19
497.18439	2.46231e-19
497.20824	2.39549e-19
497.23208	2.44364e-19
497.25593	2.43375e-19
497.27978	2.39355e-19
497.30364	2.38813e-19
497.32749	2.36936e-19
497.35135	2.39493e-19
497.37521	2.33349e-19
497.39908	2.25560e-19
497.42294	2.26283e-19
497.44681	2.20452e-19
497.47068	2.15251e-19
497.49455	2.13931e-19
497.51843	2.17575e-19
497.54230	2.26551e-19
497.56618	2.25497e-19
497.59006	2.18525e-19
497.61395	2.11466e-19
497.63783	2.08682e-19
497.66172	2.07524e-19
497.68561	2.05982e-19
497.70950	2.12352e-19
497.73340	2.10727e-19
497.75730	2.04551e-19
497.78120	2.05429e-19
497.80510	2.03079e-19
497.82900	1.99691e-19
497.85291	2.02438e-19
497.87682	2.10684e-19
497.90073	2.15358e-19
497.92464	2.19293e-19
497.94856	2.22449e-19
497.97247	2.21059e-19
497.99639	2.20981e-19
498.02032	2.15631e-19
498.04424	2.05735e-19
498.06817	1.99656e-19
498.09210	2.00440e-19
498.11603	1.98705e-19
498.13996	1.92707e-19
498.16390	1.89630e-19
498.18784	1.81896e-19
498.21178	1.75974e-19
498.23572	1.77639e-19
498.25967	1.76785e-19
498.28362	1.73543e-19
498.30757	1.77627e-19
498.33152	1.80269e-19
498.35548	1.75284e-19
498.37943	1.78992e-19
498.40339	1.87941e-19
498.42735	1.90622e-19
498.45132	1.85727e-19
498.47528	1.82020e-19
498.49925	1.81395e-19
498.52322	1.78538e-19
498.54720	1.80504e-19
498.57117	1.80615e-19
498.59515	1.78802e-19
498.61913	1.76406e-19
498.64311	1.72476e-19
498.66710	1.76302e-19
498.69108	1.81576e-19
498.71507	1.84953e-19
498.73907	1.84075e-19
498.76306	1.79009e-19
498.78706	1.73648e-19
498.81105	1.69920e-19
498.83506	1.71815e-19
498.85906	1.69786e-19
498.88306	1.64644e-19
498.90707	1.67441e-19
498.93108	1.72915e-19
498.95509	1.72302e-19
498.97911	1.65763e-19
499.00313	1.61172e-19
499.02715	1.70987e-19
499.05117	1.80487e-19
499.07519	1.74028e-19
499.09922	1.72524e-19
499.12325	1.70026e-19
499.14728	1.60907e-19
499.17131	1.57821e-19
499.19535	1.59263e-19
499.21938	1.62298e-19
499.24342	1.58290e-19
499.26747	1.54228e-19
499.29151	1.53739e-19
499.31556	1.53162e-19
499.33961	1.57527e-19
499.36366	1.55408e-19
499.38771	1.48775e-19
499.41177	1.46992e-19
499.43583	1.42951e-19
499.45989	1.40850e-19
499.48395	1.46383e-19
499.50802	1.52455e-19
499.53209	1.54862e-19
499.55616	1.52237e-19
499.58023	1.48596e-19
499.60431	1.49753e-19
499.62838	1.52807e-19
499.65246	1.52771e-19
499.67654	1.49212e-19
499.70063	1.48965e-19
499.72472	1.49839e-19
499.74880	1.51119e-19
499.77290	1.53366e-19
499.79699	1.49428e-19
499.82109	1.45909e-19
499.84518	1.48929e-19
499.86928	1.59173e-19
499.89339	1.63464e-19
499.91749	1.58524e-19
499.94160	1.58211e-19
499.96571	1.56715e-19
499.98982	1.52425e-19
500.01394	1.45588e-19
500.03805	1.42979e-19
500.06217	1.44674e-19
500.08629	1.39971e-19
500.11042	1.41028e-19
500.13454	1.49601e-19
500.15867	1.51541e-19
500.18280	1.49412e-19
500.20694	1.57559e-19
500.23107	1.65223e-19
500.25521	1.60281e-19
500.27935	1.55469e-19
500.30349	1.52849e-19
500.32764	1.51633e-19
500.35178	1.52622e-19
500.37593	1.56957e-19
500.40008	1.59130e-19
500.42424	1.59567e-19
500.44839	1.65117e-19
500.47255	1.67792e-19
500.49671	1.64861e-19
500.52088	1.58982e-19
500.54504	1.57590e-19
500.56921	1.55766e-19
500.59338	1.54219e-19
500.61756	1.64002e-19
500.64173	1.72532e-19
500.66591	1.75277e-19
500.69009	1.70619e-19
500.71427	1.61296e-19
500.73845	1.60038e-19
500.76264	1.65068e-19
500.78683	1.68730e-19
500.81102	1.67267e-19
500.83521	1.64357e-19
500.85941	1.66626e-19
500.88361	1.73579e-19
500.90781	1.75549e-19
500.93201	1.82628e-19
500.95622	1.93372e-19
500.98043	1.95668e-19
501.00464	2.00951e-19
501.02885	1.97251e-19
501.05306	1.93362e-19
501.07728	1.98451e-19
501.10150	1.92674e-19
501.12572	1.90762e-19
501.14995	1.96769e-19
501.17417	1.93005e-19
501.19840	1.82836e-19
501.22263	1.75272e-19
501.24687	1.72582e-19
501.27110	1.74253e-19
501.29534	1.72782e-19
501.31958	1.71060e-19
501.34382	1.72771e-19
501.36807	1.71322e-19
501.39232	1.74422e-19
501.41657	1.78851e-19
501.44082	1.78435e-19
501.46507	1.80946e-19
501.48933	1.85973e-19
501.51359	1.85727e-19
501.53785	1.81008e-19
501.56212	1.84038e-19
501.58638	1.89308e-19
501.61065	1.85243e-19
501.63492	1.78410e-19
501.65920	1.80296e-19
501.68347	1.84741e-19
501.70775	1.86887e-19
501.73203	1.89973e-19
501.75631	1.89024e-19
501.78060	1.92845e-19
501.80489	1.93117e-19
501.82918	1.91672e-19
501.85347	1.97928e-19
501.87776	2.01431e-19
501.90206	2.11626e-19
501.92636	2.14234e-19
501.95066	2.09565e-19
501.97496	2.10829e-19
501.99927	2.15774e-19
502.02358	2.26222e-19
502.04789	2.20378e-19
502.07220	2.14951e-19
502.09652	2.16818e-19
502.12084	2.15508e-19
502.14516	2.23596e-19
502.16948	2.27141e-19
502.19381	2.30185e-19
502.21813	2.32014e-19
502.24246	2.24518e-19
502.26680	2.25461e-19
502.29113	2.34438e-19
502.31547	2.51186e-19
502.33981	2.63389e-19
502.36415	2.54102e-19
502.38849	2.46330e-19
502.41284	2.42414e-19
502.43719	2.39855e-19
502.46154	2.56877e-19
502.48589	2.70909e-19
502.51025	2.61778e-19
502.53461	2.52213e-19
502.55897	2.51073e-19
502.58333	2.46151e-19
502.60770	2.38585e-19
502.63206	2.53276e-19
502.65643	2.73443e-19
502.68081	2.74278e-19
502.70518	2.78206e-19
502.72956	2.79970e-19
502.75394	2.76759e-19
502.77832	2.80468e-19
502.80270	2.83834e-19
502.82709	2.94877e-19
502.85148	3.10625e-19
502.87587	3.09351e-19
502.90026	2.99432e-19
502.92466	2.95720e-19
502.94906	2.96302e-19
502.97346	2.81410e-19
502.99786	2.55478e-19
503.02227	2.45017e-19
503.04668	2.38026e-19
503.07109	2.32317e-19
503.09550	2.33277e-19
503.11991	2.30310e-19
503.14433	2.29890e-19
503.16875	2.26575e-19
503.19317	2.20846e-19
503.21760	2.22078e-19
503.24202	2.31564e-19
503.26645	2.43577e-19
503.29089	2.42460e-19
503.31532	2.39515e-19
503.33976	2.34071e-19
503.36419	2.12096e-19
503.38864	1.97842e-19
503.41308	2.06689e-19
503.43752	2.09551e-19
503.46197	1.97323e-19
503.48642	1.95246e-19
503.51088	1.96815e-19
503.53533	2.04386e-19
503.55979	2.14704e-19
503.58425	2.13629e-19
503.60871	2.19970e-19
503.63318	2.15573e-19
503.65764	1.99473e-19
503.68211	1.98867e-19
503.70659	1.99940e-19
503.73106	2.03664e-19
503.75554	2.16035e-19
503.78002	2.17797e-19
503.80450	2.07837e-19
503.82898	2.03110e-19
503.85347	2.02764e-19
503.87796	2.04505e-19
503.90245	2.10701e-19
503.92694	2.15787e-19
503.95144	2.19985e-19
503.97593	2.19887e-19
504.00044	2.21702e-19
504.02494	2.29948e-19
504.04944	2.35749e-19
504.07395	2.39140e-19
504.09846	2.45051e-19
504.12297	2.57138e-19
504.14749	2.54405e-19
504.17201	2.48261e-19
504.19653	2.56331e-19
504.22105	2.59468e-19
504.24557	2.71991e-19
504.27010	2.86462e-19
504.29463	2.95994e-19
504.31916	3.06132e-19
504.34369	2.96656e-19
504.36823	2.87276e-19
504.39277	2.82238e-19
504.41731	2.81172e-19
504.44185	2.88059e-19
504.46640	2.92382e-19
504.49095	2.88058e-19
504.51550	2.80691e-19
504.54005	2.93069e-19
504.56461	3.08075e-19
504.58916	3.13712e-19
504.61372	3.21744e-19
504.63829	3.23197e-19
504.66285	3.27997e-19
504.68742	3.45408e-19
504.71199	3.65764e-19
504.73656	3.79127e-19
504.76113	3.86997e-19
504.78571	3.69841e-19
504.81029	3.42678e-19
504.83487	3.26218e-19
504.85946	3.06029e-19
504.88404	3.06244e-19
504.90863	3.17368e-19
504.93322	3.14345e-19
504.95782	3.04654e-19
504.98241	2.88247e-19
505.00701	2.79068e-19
505.03161	2.80783e-19
505.05622	2.94741e-19
505.08082	3.09344e-19
505.10543	3.00751e-19
505.13004	2.85564e-19
505.15465	2.83079e-19
505.17927	2.86713e-19
505.20389	2.93271e-19
505.22851	3.03046e-19
505.25313	2.99713e-19
505.27775	2.89303e-19
505.30238	2.85571e-19
505.32701	2.84652e-19
505.35164	2.74664e-19
505.37628	2.52782e-19
505.40091	2.44467e-19
505.42555	2.51880e-19
505.45019	2.52731e-19
505.47484	2.43824e-19
505.49949	2.38777e-19
505.52413	2.41577e-19
505.54879	2.41064e-19
505.57344	2.32738e-19
505.59810	2.27167e-19
505.62275	2.29907e-19
505.64741	2.27549e-19
505.67208	2.18260e-19
505.69674	2.15017e-19
505.72141	2.18233e-19
505.74608	2.14104e-19
505.77076	2.07978e-19
505.79543	2.11294e-19
505.82011	2.10631e-19
505.84479	2.11819e-19
505.86947	2.15048e-19
505.89416	2.16503e-19
505.91884	2.27283e-19
505.94353	2.26878e-19
505.96823	2.06217e-19
505.99292	1.95953e-19
506.01762	2.07528e-19
506.04232	2.15091e-19
506.06702	2.23699e-19
506.09172	2.30330e-19
506.11643	2.18222e-19
506.14114	2.23142e-19
506.16585	2.29485e-19
506.19056	2.23647e-19
506.21528	2.22720e-19
506.24000	2.27665e-19
506.26472	2.43519e-19
506.28944	2.44221e-19
506.31417	2.37087e-19
506.33890	2.31431e-19
506.36363	2.19800e-19
506.38836	2.24873e-19
506.41310	2.36356e-19
506.43784	2.22412e-19
506.46258	2.04860e-19
506.48732	2.09218e-19
506.51207	2.14026e-19
506.53681	2.21490e-19
506.56156	2.26716e-19
506.58632	2.20730e-19
506.61107	2.20057e-19
506.63583	2.05923e-19
506.66059	1.97041e-19
506.68535	2.01128e-19
506.71011	2.03957e-19
506.73488	2.15806e-19
506.75965	2.21859e-19
506.78442	2.24938e-19
506.80920	2.27087e-19
506.83397	2.18535e-19
506.85875	2.11066e-19
506.88354	2.09063e-19
506.90832	2.04369e-19
506.93311	1.91750e-19
506.95789	1.83227e-19
506.98269	1.86399e-19
507.00748	1.99131e-19
507.03228	2.05716e-19
507.05707	1.94330e-19
507.08188	1.90861e-19
507.10668	1.99545e-19
507.13149	1.94181e-19
507.15629	1.91720e-19
507.18110	2.00935e-19
507.20592	1.93786e-19
507.23073	1.81551e-19
507.25555	1.74489e-19
507.28037	1.69913e-19
507.30519	1.71755e-19
507.33002	1.77977e-19
507.35485	1.90145e-19
507.37968	1.88682e-19
507.40451	1.79405e-19
507.42935	1.92306e-19
507.45418	2.11997e-19
507.47902	2.08661e-19
507.50386	1.89229e-19
507.52871	1.76342e-19
507.55356	1.69792e-19
507.57841	1.67149e-19
507.60326	1.69103e-19
507.62811	1.69237e-19
507.65297	1.69173e-19
507.67783	1.68776e-19
507.70269	1.73251e-19
507.72756	1.86778e-19
507.75242	1.97695e-19
507.77729	2.01911e-19
507.80216	1.96028e-19
507.82704	1.82500e-19
507.85191	1.78297e-19
507.87679	1.82669e-19
507.90167	1.89277e-19
507.92656	1.93776e-19
507.95144	1.96320e-19
507.97633	1.99790e-19
508.00122	1.98025e-19
508.02612	2.06176e-19
508.05101	2.12320e-19
508.07591	1.99434e-19
508.10081	1.93023e-19
508.12571	1.91441e-19
508.15062	1.95317e-19
508.17553	1.98389e-19
508.20044	1.90097e-19
508.22535	1.86426e-19
508.25027	1.85499e-19
508.27519	1.85780e-19
508.30011	1.91538e-19
508.32503	2.02904e-19
508.34995	2.14550e-19
508.37488	2.21870e-19
508.39981	2.20628e-19
508.42474	2.19229e-19
508.44968	2.33861e-19
508.47462	2.42200e-19
508.49956	2.48449e-19
508.52450	2.54159e-19
508.54944	2.38478e-19
508.57439	2.28978e-19
508.59934	2.21984e-19
508.62429	2.08976e-19
508.64925	2.01544e-19
508.67420	2.00847e-19
508.69916	2.02803e-19
508.72413	2.03015e-19
508.74909	2.12632e-19
508.77406	2.24823e-19
508.79903	2.33888e-19
508.82400	2.40659e-19
508.84897	2.36801e-19
508.87395	2.32810e-19
508.89893	2.31653e-19
508.92391	2.32780e-19
508.94889	2.35418e-19
508.97388	2.41522e-19
508.99887	2.49021e-19
509.02386	2.50332e-19
509.04885	2.58443e-19
509.07385	2.70826e-19
509.09885	2.76791e-19
509.12385	2.71491e-19
509.14885	2.58786e-19
509.17386	2.55956e-19
509.19887	2.48973e-19
509.22388	2.31477e-19
509.24889	2.27952e-19
509.27391	2.34478e-19
509.29893	2.33973e-19
509.32395	2.37188e-19
509.34897	2.46568e-19
509.37400	2.52388e-19
509.39902	2.54506e-19
509.42406	2.48624e-19
509.44909	2.36289e-19
509.47412	2.24908e-19
509.49916	2.24944e-19
509.52420	2.33788e-19
509.54925	2.46639e-19
509.57429	2.60740e-19
509.59934	2.72471e-19
509.62439	2.98461e-19
509.64944	3.03262e-19
509.67450	2.94415e-19
509.69956	3.06438e-19
509.72462	2.87192e-19
509.74968	2.73279e-19
509.77474	2.82842e-19
509.79981	2.74235e-19
509.82488	2.61463e-19
509.84995	2.53849e-19
509.87503	2.57818e-19
509.90011	2.59267e-19
509.92519	2.54945e-19
509.95027	2.57555e-19
509.97535	2.54040e-19
510.00044	2.50264e-19
510.02553	2.55320e-19
510.05062	2.54392e-19
510.07572	2.40627e-19
510.10081	2.43557e-19
510.12591	2.61732e-19
510.15102	2.67231e-19
510.17612	2.62388e-19
510.20123	2.51521e-19
510.22634	2.42640e-19
510.25145	2.36841e-19
510.27656	2.36535e-19
510.30168	2.39673e-19
510.32680	2.38503e-19
510.35192	2.37444e-19
510.37705	2.36952e-19
510.40217	2.43607e-19
510.42730	2.51309e-19
510.45243	2.50995e-19
510.47757	2.48291e-19
510.50271	2.44174e-19
510.52785	2.34999e-19
510.55299	2.23676e-19
510.57813	2.21316e-19
510.60328	2.26959e-19
510.62843	2.34096e-19
510.65358	2.35167e-19
510.67873	2.34579e-19
510.70389	2.37633e-19
510.72905	2.37734e-19
510.75421	2.37220e-19
510.77937	2.41221e-19
510.80454	2.54479e-19
510.82971	2.54569e-19
510.85488	2.34617e-19
510.88005	2.27034e-19
510.90523	2.33645e-19
510.93041	2.34010e-19
510.95559	2.24683e-19
510.98078	2.21002e-19
511.00596	2.26451e-19
511.03115	2.41829e-19
511.05634	2.53333e-19
511.08154	2.39398e-19
511.10673	2.22547e-19
511.13193	2.23528e-19
511.15713	2.34762e-19
511.18234	2.38335e-19
511.20754	2.40903e-19
511.23275	2.45535e-19
511.25796	2.39789e-19
511.28318	2.44841e-19
511.30839	2.66457e-19
511.33361	2.74757e-19
511.35883	2.63224e-19
511.38406	2.46148e-19
511.40928	2.24791e-19
511.43451	2.21612e-19
511.45974	2.34164e-19
511.48497	2.21195e-19
511.51021	2.08341e-19
511.53545	2.10471e-19
511.56069	2.02295e-19
511.58593	2.00896e-19
511.61118	2.09339e-19
511.63643	2.03056e-19
511.66168	2.01789e-19
511.68693	2.12058e-19
511.71219	2.06288e-19
511.73745	2.05316e-19
511.76271	2.13239e-19
511.78797	2.13606e-19
511.81324	2.20963e-19
511.83851	2.23397e-19
511.86378	2.15972e-19
511.88905	2.19178e-19
511.91433	2.33927e-19
511.93961	2.44412e-19
511.96489	2.33447e-19
511.99017	2.11799e-19
512.01546	2.14681e-19
512.04074	2.35377e-19
512.06604	2.44717e-19
512.09133	2.47325e-19
512.11662	2.32512e-19
512.14192	2.12708e-19
512.16722	2.07366e-19
512.19253	2.26330e-19
512.21783	2.67358e-19
512.24314	2.67019e-19
512.26845	2.46552e-19
512.29377	2.40521e-19
512.31908	2.30227e-19
512.34440	2.37036e-19
512.36972	2.43317e-19
512.39505	2.30170e-19
512.42037	2.25093e-19
512.44570	2.35438e-19
512.47103	2.50091e-19
512.49636	2.68302e-19
512.52170	2.78484e-19
512.54704	2.67076e-19
512.57238	2.53098e-19
512.59772	2.37810e-19
512.62307	2.28210e-19
512.64842	2.25493e-19
512.67377	2.23533e-19
512.69912	2.22914e-19
512.72448	2.10082e-19
512.74984	2.08289e-19
512.77520	2.12333e-19
512.80056	2.00698e-19
512.82593	2.03224e-19
512.85130	2.14323e-19
512.87667	2.15022e-19
512.90204	2.04112e-19
512.92742	1.86131e-19
512.95280	1.87070e-19
512.97818	2.01588e-19
513.00356	2.03777e-19
513.02895	2.02987e-19
513.05434	2.05888e-19
513.07973	2.07747e-19
513.10512	2.08362e-19
513.13052	1.99440e-19
513.15591	1.91485e-19
513.18132	1.88654e-19
513.20672	1.79340e-19
513.23213	1.77753e-19
513.25753	1.84458e-19
513.28295	1.84351e-19
513.30836	1.80175e-19
513.33378	1.81020e-19
513.35920	1.87279e-19
513.38462	1.81723e-19
513.41004	1.75035e-19
513.43547	1.78814e-19
513.46090	1.76666e-19
513.48633	1.77225e-19
513.51176	1.78622e-19
513.53720	1.80622e-19
513.56264	1.91985e-19
513.58808	1.90689e-19
513.61352	1.83981e-19
513.63897	1.84515e-19
513.66442	1.81948e-19
513.68987	1.76586e-19
513.71532	1.74608e-19
513.74078	1.81066e-19
513.76624	1.83703e-19
513.79170	1.76336e-19
513.81717	1.70276e-19
513.84263	1.64787e-19
513.86810	1.56355e-19
513.89357	1.51863e-19
513.91905	1.52352e-19
513.94452	1.52275e-19
513.97000	1.55134e-19
513.99549	1.59021e-19
514.02097	1.60342e-19
514.04646	1.66059e-19
514.07195	1.75125e-19
514.09744	1.77332e-19
514.12293	1.74666e-19
514.14843	1.72275e-19
514.17393	1.66030e-19
514.19943	1.61447e-19
514.22494	1.63529e-19
514.25044	1.73218e-19
514.27595	1.82841e-19
514.30147	1.77784e-19
514.32698	1.69179e-19
514.35250	1.65125e-19
514.37802	1.61643e-19
514.40354	1.60438e-19
514.42907	1.62596e-19
514.45459	1.66572e-19
514.48012	1.67016e-19
514.50566	1.62628e-19
514.53119	1.61282e-19
514.55673	1.71689e-19
514.58227	1.78247e-19
514.60781	1.66416e-19
514.63336	1.58478e-19
514.65890	1.62578e-19
514.68445	1.61187e-19
514.71001	1.52975e-19
514.73556	1.52302e-19
514.76112	1.56344e-19
514.78668	1.56232e-19
514.81224	1.55166e-19
514.83781	1.53461e-19
514.86338	1.51326e-19
514.88895	1.52317e-19
514.91452	1.50465e-19
514.94010	1.43631e-19
514.96567	1.46356e-19
514.99125	1.55152e-19
515.01684	1.53777e-19
515.04242	1.49554e-19
515.06801	1.47463e-19
515.09360	1.43291e-19
515.11920	1.44293e-19
515.14479	1.50313e-19
515.17039	1.45942e-19
515.19599	1.38228e-19
515.22160	1.40846e-19
515.24720	1.42329e-19
515.27281	1.39159e-19
515.29842	1.40513e-19
515.32404	1.44528e-19
515.34965	1.45380e-19
515.37527	1.47891e-19
515.40089	1.54408e-19
515.42652	1.54473e-19
515.45214	1.46756e-19
515.47777	1.42117e-19
515.50340	1.47019e-19
515.52904	1.55058e-19
515.55467	1.58238e-19
515.58031	1.56566e-19
515.60596	1.53207e-19
515.63160	1.51113e-19
515.65725	1.51794e-19
515.68290	1.53459e-19
515.70855	1.47937e-19
515.73420	1.44328e-19
515.75986	1.50961e-19
515.78552	1.54904e-19
515.81118	1.52421e-19
515.83685	1.45750e-19
515.86251	1.39238e-19
515.88818	1.34567e-19
515.91386	1.32466e-19
515.93953	1.34739e-19
515.96521	1.34487e-19
515.99089	1.36034e-19
516.01657	1.40264e-19
516.04226	1.42161e-19
516.06795	1.44214e-19
516.09364	1.43671e-19
516.11933	1.42677e-19
516.14502	1.43852e-19
516.17072	1.43034e-19
516.19642	1.39597e-19
516.22213	1.40441e-19
516.24783	1.44008e-19
516.27354	1.45618e-19
516.29925	1.49335e-19
516.32496	1.47660e-19
516.35068	1.41543e-19
516.37640	1.42128e-19
516.40212	1.49589e-19
516.42784	1.57146e-19
516.45357	1.55849e-19
516.47930	1.48352e-19
516.50503	1.38198e-19
516.53076	1.33162e-19
516.55650	1.36261e-19
516.58224	1.35604e-19
516.60798	1.29673e-19
516.63372	1.23469e-19
516.65947	1.23794e-19
516.68522	1.27718e-19
516.71097	1.29462e-19
516.73673	1.31416e-19
516.76248	1.30717e-19
516.78824	1.32000e-19
516.81401	1.30907e-19
516.83977	1.21792e-19
516.86554	1.16287e-19
516.89131	1.15589e-19
516.91708	1.15549e-19
516.94285	1.15425e-19
516.96863	1.16868e-19
516.99441	1.20413e-19
517.02019	1.19097e-19
517.04598	1.17364e-19
517.07177	1.24536e-19
517.09756	1.31023e-19
517.12335	1.30727e-19
517.14915	1.27248e-19
517.17495	1.26945e-19
517.20075	1.32350e-19
517.22655	1.28775e-19
517.25235	1.27216e-19
517.27816	1.34800e-19
517.30397	1.34848e-19
517.32979	1.35556e-19
517.35560	1.35851e-19
517.38142	1.32338e-19
517.40724	1.31562e-19
517.43307	1.31772e-19
517.45889	1.31411e-19
517.48472	1.27055e-19
517.51056	1.23866e-19
517.53639	1.22680e-19
517.56223	1.20130e-19
517.58807	1.17188e-19
517.61391	1.15520e-19
517.63975	1.18109e-19
517.66560	1.22626e-19
517.69145	1.28675e-19
517.71730	1.32962e-19
517.74316	1.28138e-19
517.76901	1.27090e-19
517.79487	1.44331e-19
517.82074	1.57391e-19
517.84660	1.51379e-19
517.87247	1.42008e-19
517.89834	1.40487e-19
517.92421	1.50013e-19
517.95009	1.52857e-19
517.97597	1.51649e-19
518.00185	1.55652e-19
518.02773	1.56959e-19
518.05362	1.55906e-19
518.07950	1.49299e-19
518.10539	1.47274e-19
518.13129	1.53087e-19
518.15718	1.61900e-19
518.18308	1.64871e-19
518.20898	1.61577e-19
518.23489	1.70346e-19
518.26080	1.81404e-19
518.28670	1.87840e-19
518.31262	1.97865e-19
518.33853	2.09995e-19
518.36445	2.10469e-19
518.39037	2.00989e-19
518.41629	1.92496e-19
518.44221	1.90019e-19
518.46814	2.04617e-19
518.49407	2.06181e-19
518.52000	1.95522e-19
518.54594	1.97191e-19
518.57188	2.07258e-19
518.59782	2.18434e-19
518.62376	2.07073e-19
518.64970	1.98736e-19
518.67565	1.96372e-19
518.70160	1.84263e-19
518.72756	1.72377e-19
518.75351	1.64900e-19
518.77947	1.74634e-19
518.80543	1.75812e-19
518.83140	1.70206e-19
518.85736	1.74742e-19
518.88333	1.69383e-19
518.90930	1.59909e-19
518.93528	1.55909e-19
518.96125	1.59245e-19
518.98723	1.64423e-19
519.01321	1.73146e-19
519.03920	1.79958e-19
519.06519	1.78584e-19
519.09118	1.81171e-19
519.11717	1.85372e-19
519.14316	1.91096e-19
519.16916	1.89787e-19
519.19516	1.80853e-19
519.22116	1.77393e-19
519.24717	1.81701e-19
519.27318	1.90218e-19
519.29919	1.90469e-19
519.32520	1.84457e-19
519.35121	1.79222e-19
519.37723	1.74974e-19
519.40325	1.74263e-19
519.42928	1.77778e-19
519.45530	1.83376e-19
519.48133	1.92063e-19
519.50736	1.98009e-19
519.53340	1.90141e-19
519.55943	1.77463e-19
519.58547	1.74858e-19
519.61152	1.78651e-19
519.63756	1.70606e-19
519.66361	1.61947e-19
519.68966	1.62106e-19
519.71571	1.67153e-19
519.74176	1.84147e-19
519.76782	1.92575e-19
519.79388	1.92633e-19
519.81994	1.93290e-19
519.84601	1.86480e-19
519.87208	1.79739e-19
519.89815	1.73821e-19
519.92422	1.83146e-19
519.95030	1.96768e-19
519.97637	1.98838e-19
520.00246	1.99987e-19
520.02854	1.88998e-19
520.05462	1.81824e-19
520.08071	1.84755e-19
520.10681	1.82435e-19
520.13290	1.87479e-19
520.15900	1.91344e-19
520.18510	1.84875e-19
520.21120	1.80152e-19
520.23730	1.72632e-19
520.26341	1.68254e-19
520.28952	1.63392e-19
520.31563	1.53540e-19
520.34175	1.57030e-19
520.36786	1.60649e-19
520.39398	1.59113e-19
520.42011	1.65999e-19
520.44623	1.65879e-19
520.47236	1.58324e-19
520.49849	1.58398e-19
520.52462	1.64042e-19
520.55076	1.64481e-19
520.57690	1.58145e-19
520.60304	1.53884e-19
520.62918	1.54233e-19
520.65533	1.57528e-19
520.68148	1.61244e-19
520.70763	1.60252e-19
520.73379	1.57546e-19
520.75994	1.57384e-19
520.78610	1.59946e-19
520.81227	1.60054e-19
520.83843	1.54098e-19
520.86460	1.55909e-19
520.89077	1.58827e-19
520.91694	1.60091e-19
520.94312	1.65859e-19
520.96929	1.57383e-19
520.99547	1.52289e-19
521.02166	1.54125e-19
521.04784	1.48534e-19
521.07403	1.45575e-19
521.10022	1.37640e-19
521.12642	1.31770e-19
521.15261	1.34169e-19
521.17881	1.35846e-19
521.20501	1.36579e-19
521.23122	1.36276e-19
521.25743	1.34687e-19
521.28364	1.30728e-19
521.30985	1.29741e-19
521.33606	1.34811e-19
521.36228	1.39138e-19
521.38850	1.38860e-19
521.41472	1.42102e-19
521.44095	1.44799e-19
521.46718	1.44076e-19
521.49341	1.50437e-19
521.51964	1.52114e-19
521.54588	1.45986e-19
521.57212	1.40911e-19
521.59836	1.39972e-19
521.62460	1.41229e-19
521.65085	1.37634e-19
521.67710	1.36112e-19
521.70335	1.38375e-19
521.72960	1.36373e-19
521.75586	1.31399e-19
521.78212	1.33756e-19
521.80838	1.38347e-19
521.83465	1.36409e-19
521.86092	1.32044e-19
521.88719	1.33538e-19
521.91346	1.49160e-19
521.93973	1.55437e-19
521.96601	1.42392e-19
521.99229	1.31958e-19
522.01858	1.33646e-19
522.04486	1.43709e-19
522.07115	1.42194e-19
522.09744	1.35642e-19
522.12374	1.37107e-19
522.15004	1.39979e-19
522.17633	1.42438e-19
522.20264	1.41139e-19
522.22894	1.36849e-19
522.25525	1.32225e-19
522.28156	1.26640e-19
522.30787	1.24064e-19
522.33419	1.28541e-19
522.36051	1.31955e-19
522.38683	1.32666e-19
522.41315	1.35905e-19
522.43948	1.39933e-19
522.46580	1.43627e-19
522.49214	1.40633e-19
522.51847	1.37261e-19
522.54481	1.35404e-19
522.57115	1.33464e-19
522.59749	1.42617e-19
522.62383	1.52651e-19
522.65018	1.53747e-19
522.67653	1.51677e-19
522.70288	1.49320e-19
522.72924	1.49142e-19
522.75559	1.48683e-19
522.78195	1.48010e-19
522.80832	1.48087e-19
522.83468	1.43007e-19
522.86105	1.40907e-19
522.88742	1.48796e-19
522.91380	1.51779e-19
522.94017	1.46316e-19
522.96655	1.40743e-19
522.99293	1.49315e-19
523.01932	1.67848e-19
523.04571	1.67701e-19
523.07210	1.58447e-19
523.09849	1.50544e-19
523.12488	1.41681e-19
523.15128	1.42886e-19
523.17768	1.54525e-19
523.20409	1.66905e-19
523.23049	1.68219e-19
523.25690	1.55010e-19
523.28331	1.34714e-19
523.30972	1.24131e-19
523.33614	1.27576e-19
523.36256	1.32711e-19
523.38898	1.31809e-19
523.41541	1.25922e-19
523.44183	1.29825e-19
523.46826	1.33389e-19
523.49470	1.22278e-19
523.52113	1.23289e-19
523.54757	1.35668e-19
523.57401	1.40033e-19
523.60045	1.41855e-19
523.62690	1.41469e-19
523.65335	1.37508e-19
523.67980	1.34036e-19
523.70625	1.35842e-19
523.73271	1.41575e-19
523.75917	1.44738e-19
523.78563	1.39942e-19
523.81209	1.30884e-19
523.83856	1.31294e-19
523.86503	1.33833e-19
523.89150	1.44602e-19
523.91798	1.63608e-19
523.94446	1.59171e-19
523.97094	1.50057e-19
523.99742	1.47303e-19
524.02391	1.45669e-19
524.05039	1.47592e-19
524.07689	1.43127e-19
524.10338	1.43450e-19
524.12988	1.46735e-19
524.15638	1.51770e-19
524.18288	1.60638e-19
524.20938	1.62999e-19
524.23589	1.66264e-19
524.26240	1.65525e-19
524.28891	1.54262e-19
524.31543	1.49916e-19
524.34195	1.59477e-19
524.36847	1.63514e-19
524.39499	1.59494e-19
524.42152	1.58018e-19
524.44804	1.62553e-19
524.47458	1.74291e-19
524.50111	1.75625e-19
524.52765	1.65380e-19
524.55419	1.63902e-19
524.58073	1.77469e-19
524.60727	1.78349e-19
524.63382	1.71201e-19
524.66037	1.79629e-19
524.68692	1.79974e-19
524.71348	1.90093e-19
524.74004	2.07391e-19
524.76660	2.03343e-19
524.79316	2.08779e-19
524.81973	2.22889e-19
524.84630	2.27065e-19
524.87287	2.31229e-19
524.89945	2.42964e-19
524.92602	2.35661e-19
524.95260	2.17793e-19
524.97919	2.13304e-19
525.00577	2.08077e-19
525.03236	2.11172e-19
525.05895	2.17788e-19
525.08554	2.22727e-19
525.11214	2.29674e-19
525.13874	2.29888e-19
525.16534	2.27941e-19
525.19194	2.27968e-19
525.21855	2.37193e-19
525.24516	2.36568e-19
525.27177	2.25920e-19
525.29839	2.29790e-19
525.32500	2.37067e-19
525.35162	2.38806e-19
525.37825	2.43739e-19
525.40487	2.45673e-19
525.43150	2.28846e-19
525.45813	2.23786e-19
525.48477	2.34567e-19
525.51140	2.24093e-19
525.53804	2.15649e-19
525.56468	2.15306e-19
525.59133	2.06052e-19
525.61798	2.04732e-19
525.64463	2.02779e-19
525.67128	1.95621e-19
525.69793	1.97553e-19
525.72459	1.99775e-19
525.75125	2.07443e-19
525.77792	2.14336e-19
525.80458	2.03429e-19
525.83125	2.03134e-19
525.85792	2.12460e-19
525.88460	2.09660e-19
525.91127	2.12598e-19
525.93795	2.24598e-19
525.96464	2.25930e-19
525.99132	2.09739e-19
526.01801	1.95601e-19
526.04470	1.97806e-19
526.07139	1.96927e-19
526.09809	1.92908e-19
526.12479	1.97730e-19
526.15149	2.00857e-19
526.17819	2.06039e-19
526.20490	2.13547e-19
526.23161	2.19452e-19
526.25832	2.18723e-19
526.28504	2.13017e-19
526.31175	2.18389e-19
526.33848	2.19006e-19
526.36520	2.11174e-19
526.39192	2.05949e-19
526.41865	2.05255e-19
526.44538	2.11393e-19
526.47212	2.15067e-19
526.49885	2.12172e-19
526.52559	2.04897e-19
526.55234	2.12756e-19
526.57908	2.25384e-19
526.60583	2.19448e-19
526.63258	2.12046e-19
526.65933	2.06268e-19
526.68609	2.05544e-19
526.71285	2.03941e-19
526.73961	1.93242e-19
526.76637	1.85895e-19
526.79314	1.84112e-19
526.81991	1.81804e-19
526.84668	1.86035e-19
526.87345	1.94399e-19
526.90023	1.83439e-19
526.92701	1.72249e-19
526.95379	1.70669e-19
526.98058	1.65261e-19
527.00737	1.64337e-19
527.03416	1.65377e-19
527.06095	1.63234e-19
527.08775	1.54408e-19
527.11455	1.45215e-19
527.14135	1.46392e-19
527.16816	1.52719e-19
527.19496	1.52510e-19
527.22177	1.53412e-19
527.24859	1.61823e-19
527.27540	1.61542e-19
527.30222	1.58913e-19
527.32904	1.58480e-19
527.35586	1.65027e-19
527.38269	1.73673e-19
527.40952	1.67325e-19
527.43635	1.67683e-19
527.46319	1.75197e-19
527.49002	1.80293e-19
527.51687	1.76944e-19
527.54371	1.64458e-19
527.57055	1.67515e-19
527.59740	1.76184e-19
527.62425	1.73655e-19
527.65111	1.75841e-19
527.67796	1.76591e-19
527.70482	1.67609e-19
527.73168	1.71302e-19
527.75855	1.79412e-19
527.78542	1.82967e-19
527.81229	1.79492e-19
527.83916	1.66426e-19
527.86604	1.73241e-19
527.89291	1.83706e-19
527.91980	1.81498e-19
527.94668	1.78778e-19
527.97357	1.82813e-19
528.00046	1.90060e-19
528.02735	1.78399e-19
528.05424	1.73538e-19
528.08114	1.75653e-19
528.10804	1.73431e-19
528.13494	1.75940e-19
528.16185	1.70249e-19
528.18876	1.62664e-19
528.21567	1.55795e-19
528.24258	1.57489e-19
528.26950	1.70659e-19
528.29642	1.74109e-19
528.32334	1.62333e-19
528.35027	1.61272e-19
528.37720	1.67605e-19
528.40413	1.59956e-19
528.43106	1.61611e-19
528.45800	1.55275e-19
528.48493	1.46030e-19
528.51188	1.56981e-19
528.53882	1.56592e-19
528.56577	1.55736e-19
528.59272	1.56607e-19
528.61967	1.53034e-19
528.64662	1.54805e-19
528.67358	1.48704e-19
528.70054	1.44145e-19
528.72751	1.45528e-19
528.75447	1.41309e-19
528.78144	1.39817e-19
528.80841	1.47860e-19
528.83539	1.49064e-19
528.86237	1.46319e-19
528.88935	1.47112e-19
528.91633	1.43747e-19
528.94331	1.45291e-19
528.97030	1.43601e-19
528.99729	1.40688e-19
529.02429	1.44717e-19
529.05128	1.41234e-19
529.07828	1.44101e-19
529.10528	1.51042e-19
529.13229	1.44351e-19
529.15930	1.42804e-19
529.18631	1.46986e-19
529.21332	1.45238e-19
529.24034	1.45726e-19
529.26735	1.49506e-19
529.29438	1.49962e-19
529.32140	1.45543e-19
529.34843	1.42705e-19
529.37546	1.44960e-19
529.40249	1.49668e-19
529.42952	1.47629e-19
529.45656	1.35791e-19
529.48360	1.29736e-19
529.51065	1.25526e-19
529.53769	1.20446e-19
529.56474	1.24718e-19
529.59179	1.29483e-19
529.61885	1.31335e-19
529.64591	1.32627e-19
529.67297	1.32732e-19
529.70003	1.34223e-19
529.72709	1.33448e-19
529.75416	1.30793e-19
529.78123	1.40900e-19
529.80831	1.50911e-19
529.83538	1.38873e-19
529.86246	1.36608e-19
529.88955	1.42011e-19
529.91663	1.39245e-19
529.94372	1.46934e-19
529.97081	1.47973e-19
529.99790	1.42061e-19
530.02500	1.42578e-19
530.05210	1.42642e-19
530.07920	1.41750e-19
530.10630	1.45303e-19
530.13341	1.59488e-19
530.16052	1.59397e-19
530.18763	1.55768e-19
530.21475	1.63146e-19
530.24187	1.55162e-19
530.26899	1.56931e-19
530.29611	1.67346e-19
530.32324	1.67091e-19
530.35037	1.67152e-19
530.37750	1.59224e-19
530.40463	1.53702e-19
530.43177	1.56020e-19
530.45891	1.63822e-19
530.48605	1.71217e-19
530.51320	1.67360e-19
530.54035	1.57310e-19
530.56750	1.44915e-19
530.59465	1.40651e-19
530.62181	1.36161e-19
530.64897	1.36110e-19
530.67613	1.44354e-19
530.70330	1.40643e-19
530.73047	1.38427e-19
530.75764	1.38510e-19
530.78481	1.38802e-19
530.81199	1.40704e-19
530.83917	1.38677e-19
530.86635	1.39256e-19
530.89353	1.38667e-19
530.92072	1.47135e-19
530.94791	1.53119e-19
530.97511	1.44021e-19
531.00230	1.41645e-19
531.02950	1.44884e-19
531.05670	1.46268e-19
531.08391	1.44435e-19
531.11111	1.45015e-19
531.13832	1.49234e-19
531.16554	1.54607e-19
531.19275	1.57933e-19
531.21997	1.52891e-19
531.24719	1.50947e-19
531.27442	1.51264e-19
531.30164	1.52683e-19
531.32887	1.55677e-19
531.35610	1.49607e-19
531.38334	1.43296e-19
531.41058	1.38871e-19
531.43782	1.38092e-19
531.46506	1.45247e-19
531.49231	1.48491e-19
531.51956	1.52173e-19
531.54681	1.53213e-19
531.57406	1.46230e-19
531.60132	1.51514e-19
531.62858	1.63241e-19
531.65584	1.64359e-19
531.68311	1.56683e-19
531.71038	1.51949e-19
531.73765	1.56330e-19
531.76492	1.56351e-19
531.79220	1.51402e-19
531.81948	1.47148e-19
531.84676	1.48321e-19
531.87405	1.52379e-19
531.90134	1.49685e-19
531.92863	1.47987e-19
531.95592	1.47784e-19
531.98322	1.49872e-19
532.01052	1.52232e-19
532.03782	1.49511e-19
532.06512	1.49327e-19
532.09243	1.51948e-19
532.11974	1.51971e-19
532.14706	1.50728e-19
532.17437	1.57014e-19
532.20169	1.67165e-19
532.22901	1.69873e-19
532.25634	1.60842e-19
532.28367	1.50535e-19
532.31100	1.46924e-19
532.33833	1.51608e-19
532.36566	1.68261e-19
532.39300	1.71561e-19
532.42034	1.63395e-19
532.44769	1.55719e-19
532.47504	1.51244e-19
532.50239	1.64587e-19
532.52974	1.62203e-19
532.55709	1.54118e-19
532.58445	1.69263e-19
532.61181	1.76892e-19
532.63918	1.67327e-19
532.66654	1.52796e-19
532.69391	1.45742e-19
532.72129	1.48415e-19
532.74866	1.53988e-19
532.77604	1.54862e-19
532.80342	1.52045e-19
532.83080	1.52828e-19
532.85819	1.48848e-19
532.88558	1.43469e-19
532.91297	1.44597e-19
532.94037	1.46278e-19
532.96776	1.42631e-19
532.99516	1.39244e-19
533.02257	1.38949e-19
533.04997	1.39212e-19
533.07738	1.40479e-19
533.10480	1.39811e-19
533.13221	1.44522e-19
533.15963	1.52265e-19
533.18705	1.55519e-19
533.21447	1.58179e-19
533.24190	1.60934e-19
533.26933	1.59712e-19
533.29676	1.49430e-19
533.32419	1.44280e-19
533.35163	1.43116e-19
533.37907	1.37821e-19
533.40651	1.34961e-19
533.43396	1.30485e-19
533.46141	1.29493e-19
533.48886	1.26116e-19
533.51631	1.14975e-19
533.54377	1.11453e-19
533.57123	1.14995e-19
533.59869	1.18244e-19
533.62616	1.20728e-19
533.65362	1.24111e-19
533.68109	1.22092e-19
533.70857	1.18582e-19
533.73605	1.22217e-19
533.76353	1.19578e-19
533.79101	1.17318e-19
533.81849	1.20704e-19
533.84598	1.18142e-19
533.87347	1.19087e-19
533.90097	1.20594e-19
533.92846	1.20057e-19
533.95596	1.25607e-19
533.98346	1.33463e-19
534.01097	1.40176e-19
534.03848	1.38668e-19
534.06599	1.30955e-19
534.09350	1.26057e-19
534.12102	1.22714e-19
534.14854	1.16856e-19
534.17606	1.15545e-19
534.20358	1.16853e-19
534.23111	1.14407e-19
534.25864	1.17767e-19
534.28618	1.17149e-19
534.31371	1.18737e-19
534.34125	1.26595e-19
534.36879	1.22436e-19
534.39634	1.23487e-19
534.42389	1.26498e-19
534.45144	1.22034e-19
534.47899	1.17990e-19
534.50655	1.10246e-19
534.53410	1.05212e-19
534.56167	1.05133e-19
534.58923	1.04660e-19
534.61680	1.06185e-19
534.64437	1.14518e-19
534.67194	1.15490e-19
534.69952	1.06670e-19
534.72710	1.04302e-19
534.75468	1.06179e-19
534.78226	1.06036e-19
534.80985	1.02927e-19
534.83744	1.05574e-19
534.86503	1.08513e-19
534.89263	1.05257e-19
534.92023	1.03793e-19
534.94783	1.01375e-19
534.97543	9.85114e-20
535.00304	9.50745e-20
535.03065	9.11616e-20
535.05827	8.69152e-20
535.08588	8.64391e-20
535.11350	8.64293e-20
535.14112	8.11120e-20
535.16875	7.88586e-20
535.19637	7.39418e-20
535.22400	7.28957e-20
535.25164	7.82284e-20
535.27927	7.76602e-20
535.30691	7.83343e-20
535.33455	8.09258e-20
535.36220	8.03038e-20
535.38984	8.00572e-20
535.41749	8.16425e-20
535.44515	7.68669e-20
535.47280	7.39685e-20
535.50046	7.85362e-20
535.52812	7.94628e-20
535.55579	8.11438e-20
535.58346	8.30260e-20
535.61113	8.49447e-20
535.63880	8.58664e-20
535.66647	8.42858e-20
535.69415	8.32297e-20
535.72183	7.87983e-20
535.74952	7.75572e-20
535.77721	8.00432e-20
535.80490	8.29979e-20
535.83259	8.09268e-20
535.86029	7.70902e-20
535.88798	8.10714e-20
535.91569	7.88044e-20
535.94339	7.50766e-20
535.97110	8.10690e-20
535.99881	8.31235e-20
536.02652	7.98423e-20
536.05424	8.40631e-20
536.08196	9.24854e-20
536.10968	9.44831e-20
536.13740	9.46405e-20
536.16513	9.65377e-20
536.19286	9.85399e-20
536.22059	9.60933e-20
536.24833	8.88474e-20
536.27607	8.48143e-20
536.30381	8.44189e-20
536.33155	8.62240e-20
536.35930	8.96558e-20
536.38705	9.39848e-20
536.41481	9.66648e-20
536.44256	9.66516e-20
536.47032	9.63173e-20
536.49808	9.18840e-20
536.52585	8.70715e-20
536.55362	8.53778e-20
536.58139	8.30097e-20
536.60916	8.24272e-20
536.63694	8.00420e-20
536.66471	7.73753e-20
536.69250	8.12957e-20
536.72028	8.29847e-20
536.74807	7.97684e-20
536.77586	7.77747e-20
536.80365	7.67209e-20
536.83145	7.45577e-20
536.85925	7.43107e-20
536.88705	7.82983e-20
536.91486	7.98662e-20
536.94266	7.82832e-20
536.97047	7.81623e-20
536.99829	8.05393e-20
537.02610	7.93130e-20
537.05392	7.59405e-20
537.08175	7.88891e-20
537.10957	8.20691e-20
537.13740	8.71402e-20
537.16523	8.98644e-20
537.19306	8.58508e-20
537.22090	8.68186e-20
537.24874	8.55634e-20
537.27658	8.14733e-20
537.30443	8.24024e-20
537.33228	8.38719e-20
537.36013	8.22927e-20
537.38798	7.93381e-20
537.41584	7.69169e-20
537.44370	7.71771e-20
537.47156	8.10264e-20
537.49943	8.22225e-20
537.52730	8.32612e-20
537.55517	8.15979e-20
537.58304	7.70410e-20
537.61092	7.76461e-20
537.63880	7.95678e-20
537.66668	8.78251e-20
537.69457	9.11294e-20
537.72246	8.08827e-20
537.75035	7.74309e-20
537.77824	8.01941e-20
537.80614	8.30197e-20
537.83404	8.71547e-20
537.86194	8.85934e-20
537.88985	9.16530e-20
537.91776	1.03147e-19
537.94567	1.12153e-19
537.97358	1.13358e-19
538.00150	1.15841e-19
538.02942	1.19893e-19
538.05735	1.24409e-19
538.08527	1.20984e-19
538.11320	1.10335e-19
538.14113	1.05008e-19
538.16907	1.04101e-19
538.19701	1.08013e-19
538.22495	1.14537e-19
538.25289	1.12580e-19
538.28084	1.11116e-19
538.30879	1.18578e-19
538.33674	1.21882e-19
538.36470	1.30182e-19
538.39265	1.41684e-19
538.42062	1.37936e-19
538.44858	1.36393e-19
538.47655	1.38431e-19
538.50452	1.36432e-19
538.53249	1.30619e-19
538.56046	1.24293e-19
538.58844	1.24552e-19
538.61643	1.19061e-19
538.64441	1.15424e-19
538.67240	1.21255e-19
538.70039	1.22143e-19
538.72838	1.17454e-19
538.75638	1.11906e-19
538.78438	1.09877e-19
538.81238	1.10068e-19
538.84038	1.07992e-19
538.86839	1.09901e-19
538.89640	1.20399e-19
538.92441	1.24823e-19
538.95243	1.22940e-19
538.98045	1.26162e-19
539.00847	1.19152e-19
539.03650	1.12610e-19
539.06453	1.17060e-19
539.09256	1.21507e-19
539.12059	1.35546e-19
539.14863	1.41668e-19
539.17667	1.32257e-19
539.20471	1.32601e-19
539.23276	1.34904e-19
539.26080	1.30752e-19
539.28886	1.22596e-19
539.31691	1.22962e-19
539.34497	1.39611e-19
539.37303	1.40045e-19
539.40109	1.20720e-19
539.42916	1.14051e-19
539.45722	1.14240e-19
539.48530	1.06246e-19
539.51337	9.94219e-20
539.54145	1.01756e-19
539.56953	1.06538e-19
539.59761	1.05725e-19
539.62570	9.92440e-20
539.65379	9.63018e-20
539.68188	1.02880e-19
539.70998	1.06286e-19
539.73808	1.06566e-19
539.76618	1.07452e-19
539.79428	9.74086e-20
539.82239	9.19761e-20
539.85050	9.44255e-20
539.87861	9.37429e-20
539.90673	9.64901e-20
539.93484	9.57945e-20
539.96297	9.58708e-20
539.99109	1.00133e-19
540.01922	9.76861e-20
540.04735	9.41275e-20
540.07548	9.27288e-20
540.10362	9.15553e-20
540.13176	8.80611e-20
540.15990	8.34038e-20
540.18804	7.95061e-20
540.21619	7.87768e-20
540.24434	8.36614e-20
540.27250	8.46529e-20
540.30065	8.15830e-20
540.32881	7.92862e-20
540.35698	7.88756e-20
540.38514	8.05698e-20
540.41331	7.83812e-20
540.44148	7.51298e-20
540.46966	7.47071e-20
540.49783	7.39335e-20
540.52601	7.16035e-20
540.55420	6.98305e-20
540.58238	7.10266e-20
540.61057	7.39632e-20
540.63876	7.39877e-20
540.66696	7.34721e-20
540.69516	7.65593e-20
540.72336	7.68491e-20
540.75156	7.50444e-20
540.77977	7.76534e-20
540.80798	8.31418e-20
540.83619	8.33175e-20
540.86441	7.97338e-20
540.89263	8.18880e-20
540.92085	8.25635e-20
540.94907	8.28777e-20
540.97730	8.69626e-20
541.00553	8.70694e-20
541.03376	8.72452e-20
541.06200	8.70383e-20
541.09024	8.62931e-20
541.11848	8.86269e-20
541.14672	9.10266e-20
541.17497	9.60964e-20
541.20322	1.01961e-19
541.23148	1.02241e-19
541.25973	9.64971e-20
541.28799	9.13690e-20
541.31626	9.05754e-20
541.34452	8.93351e-20
541.37279	9.44844e-20
541.40106	1.02287e-19
541.42934	1.01033e-19
541.45761	1.01811e-19
541.48590	1.02292e-19
541.51418	1.08302e-19
541.54246	1.25748e-19
541.57075	1.32206e-19
541.59905	1.33753e-19
541.62734	1.32135e-19
541.65564	1.24934e-19
541.68394	1.22587e-19
541.71225	1.19542e-19
541.74055	1.27636e-19
541.76886	1.39590e-19
541.79718	1.34712e-19
541.82549	1.29662e-19
541.85381	1.27338e-19
541.88213	1.20604e-19
541.91046	1.17959e-19
541.93878	1.19584e-19
541.96712	1.22803e-19
541.99545	1.33337e-19
542.02379	1.44590e-19
542.05213	1.44983e-19
542.08047	1.37439e-19
542.10881	1.28314e-19
542.13716	1.25541e-19
542.16551	1.33768e-19
542.19387	1.45377e-19
542.22223	1.52464e-19
542.25059	1.52253e-19
542.27895	1.43431e-19
542.30732	1.37475e-19
542.33568	1.43619e-19
542.36406	1.48755e-19
542.39243	1.41733e-19
542.42081	1.39367e-19
542.44919	1.42746e-19
542.47758	1.35230e-19
542.50596	1.30566e-19
542.53435	1.33941e-19
542.56275	1.35643e-19
542.59114	1.33695e-19
542.61954	1.33605e-19
542.64794	1.37053e-19
542.67635	1.34521e-19
542.70476	1.37780e-19
542.73317	1.44012e-19
542.76158	1.49133e-19
542.79000	1.51978e-19
542.81842	1.41974e-19
542.84684	1.46977e-19
542.87527	1.54247e-19
542.90369	1.42427e-19
542.93213	1.39199e-19
542.96056	1.45238e-19
542.98900	1.42435e-19
543.01744	1.38298e-19
543.04588	1.48909e-19
543.07433	1.60403e-19
543.10278	1.65758e-19
543.13123	1.62987e-19
543.15969	1.52762e-19
543.18815	1.42869e-19
543.21661	1.38342e-19
543.24507	1.41353e-19
543.27354	1.30169e-19
543.30201	1.30625e-19
543.33048	1.45110e-19
543.35896	1.44262e-19
543.38744	1.42275e-19
543.41592	1.34684e-19
543.44441	1.38641e-19
543.47290	1.46422e-19
543.50139	1.46152e-19
543.52988	1.46867e-19
543.55838	1.39560e-19
543.58688	1.44191e-19
543.61538	1.40903e-19
543.64389	1.35530e-19
543.67240	1.39693e-19
543.70091	1.29827e-19
543.72943	1.29361e-19
543.75794	1.32821e-19
543.78646	1.32041e-19
543.81499	1.29922e-19
543.84352	1.23081e-19
543.87205	1.21975e-19
543.90058	1.20006e-19
543.92912	1.17607e-19
543.95766	1.17034e-19
543.98620	1.22460e-19
544.01474	1.29742e-19
544.04329	1.25446e-19
544.07184	1.23356e-19
544.10040	1.27026e-19
544.12895	1.27383e-19
544.15751	1.25125e-19
544.18608	1.20523e-19
544.21464	1.14809e-19
544.24321	1.09660e-19
544.27178	1.08409e-19
544.30036	1.09936e-19
544.32894	1.10750e-19
544.35752	1.15040e-19
544.38610	1.16815e-19
544.41469	1.11868e-19
544.44328	1.11737e-19
544.47187	1.16314e-19
544.50047	1.20620e-19
544.52907	1.25421e-19
544.55767	1.27790e-19
544.58628	1.24325e-19
544.61488	1.20904e-19
544.64350	1.24110e-19
544.67211	1.31267e-19
544.70073	1.37371e-19
544.72935	1.33181e-19
544.75797	1.24373e-19
544.78660	1.25130e-19
544.81523	1.27174e-19
544.84386	1.30329e-19
544.87249	1.39483e-19
544.90113	1.40800e-19
544.92977	1.41209e-19
544.95842	1.43109e-19
544.98707	1.37448e-19
545.01572	1.40594e-19
545.04437	1.53638e-19
545.07303	1.69444e-19
545.10169	1.75509e-19
545.13035	1.68422e-19
545.15901	1.69788e-19
545.18768	1.70170e-19
545.21635	1.61831e-19
545.24503	1.49410e-19
545.27370	1.50921e-19
545.30239	1.63982e-19
545.33107	1.51114e-19
545.35976	1.36408e-19
545.38844	1.37912e-19
545.41714	1.41096e-19
545.44583	1.38733e-19
545.47453	1.29024e-19
545.50323	1.26607e-19
545.53194	1.32881e-19
545.56065	1.39865e-19
545.58936	1.36274e-19
545.61807	1.26825e-19
545.64679	1.21481e-19
545.67551	1.18527e-19
545.70423	1.20983e-19
545.73296	1.18969e-19
545.76168	1.14961e-19
545.79042	1.11464e-19
545.81915	1.07383e-19
545.84789	1.12158e-19
545.87663	1.14758e-19
545.90537	1.12399e-19
545.93412	1.10905e-19
545.96287	1.07113e-19
545.99162	1.06506e-19
546.02038	1.12455e-19
546.04914	1.17721e-19
546.07790	1.14442e-19
546.10667	1.08324e-19
546.13543	1.08713e-19
546.16421	1.12656e-19
546.19298	1.18065e-19
546.22176	1.22663e-19
546.25054	1.19004e-19
546.27932	1.13480e-19
546.30811	1.13854e-19
546.33690	1.14273e-19
546.36569	1.08313e-19
546.39448	1.04071e-19
546.42328	1.01311e-19
546.45208	9.44889e-20
546.48089	9.25952e-20
546.50970	8.95960e-20
546.53851	9.22935e-20
546.56732	1.00947e-19
546.59614	9.42655e-20
546.62496	9.05667e-20
546.65378	9.56779e-20
546.68261	9.80285e-20
546.71144	1.02586e-19
546.74027	1.04150e-19
546.76910	9.46260e-20
546.79794	8.74136e-20
546.82678	9.16732e-20
546.85563	9.65303e-20
546.88447	1.06442e-19
546.91332	1.12516e-19
546.94218	1.06695e-19
546.97103	1.08231e-19
546.99989	1.11514e-19
547.02875	1.07317e-19
547.05762	9.92812e-20
547.08649	9.52267e-20
547.11536	9.78104e-20
547.14423	1.09716e-19
547.17311	1.31719e-19
547.20199	1.42601e-19
547.23088	1.40604e-19
547.25976	1.39348e-19
547.28865	1.35526e-19
547.31755	1.32710e-19
547.34644	1.31938e-19
547.37534	1.22764e-19
547.40424	1.21606e-19
547.43315	1.29277e-19
547.46206	1.24391e-19
547.49097	1.26598e-19
547.51988	1.33026e-19
547.54880	1.32797e-19
547.57772	1.37585e-19
547.60664	1.32695e-19
547.63557	1.25053e-19
547.66450	1.33395e-19
547.69343	1.42915e-19
547.72237	1.43526e-19
547.75130	1.45995e-19
547.78025	1.40246e-19
547.80919	1.26808e-19
547.83814	1.23215e-19
547.86709	1.26645e-19
547.89604	1.32829e-19
547.92500	1.34592e-19
547.95396	1.32792e-19
547.98292	1.26551e-19
548.01189	1.22597e-19
548.04086	1.28999e-19
548.06983	1.26357e-19
548.09881	1.25577e-19
548.12779	1.31865e-19
548.15677	1.34057e-19
548.18575	1.39955e-19
548.21474	1.34715e-19
548.24373	1.23472e-19
548.27272	1.24424e-19
548.30172	1.24010e-19
548.33072	1.20166e-19
548.35972	1.16517e-19
548.38873	1.12530e-19
548.41774	1.17019e-19
548.44675	1.16455e-19
548.47577	1.09298e-19
548.50479	1.10005e-19
548.53381	1.14690e-19
548.56283	1.26710e-19
548.59186	1.37445e-19
548.62089	1.42412e-19
548.64992	1.43905e-19
548.67896	1.35212e-19
548.70800	1.27524e-19
548.73704	1.22308e-19
548.76609	1.19339e-19
548.79514	1.23620e-19
548.82419	1.27799e-19
548.85325	1.21134e-19
548.88230	1.16594e-19
548.91136	1.19134e-19
548.94043	1.14692e-19
548.96950	1.18033e-19
548.99857	1.28212e-19
549.02764	1.35804e-19
549.05672	1.41106e-19
549.08580	1.36664e-19
549.11488	1.35873e-19
549.14397	1.37348e-19
549.17306	1.35393e-19
549.20215	1.40767e-19
549.23124	1.48213e-19
549.26034	1.44395e-19
549.28944	1.39416e-19
549.31855	1.37750e-19
549.34766	1.28417e-19
549.37677	1.24179e-19
549.40588	1.25659e-19
549.43500	1.25871e-19
549.46412	1.25897e-19
549.49324	1.20383e-19
549.52237	1.15836e-19
549.55149	1.18094e-19
549.58063	1.21111e-19
549.60976	1.17479e-19
549.63890	1.16121e-19
549.66804	1.18863e-19
549.69719	1.19574e-19
549.72633	1.15643e-19
549.75549	1.04446e-19
549.78464	1.03781e-19
549.81380	1.08309e-19
549.84296	1.04133e-19
549.87212	1.03903e-19
549.90129	1.07650e-19
549.93046	1.06127e-19
549.95963	9.90477e-20
549.98880	9.79403e-20
550.01798	1.02770e-19
550.04716	1.05263e-19
550.07635	1.06388e-19
550.10554	1.04507e-19
550.13473	1.03471e-19
550.16392	1.06456e-19
550.19312	1.05161e-19
550.22232	9.95995e-20
550.25152	9.91580e-20
550.28073	9.93618e-20
550.30994	9.91537e-20
550.33915	1.02555e-19
550.36837	1.03722e-19
550.39759	1.05393e-19
550.42681	1.05508e-19
550.45603	1.01806e-19
550.48526	9.85042e-20
550.51449	9.45882e-20
550.54373	9.56212e-20
550.57297	9.80918e-20
550.60221	9.47396e-20
550.63145	9.31698e-20
550.66070	9.44365e-20
550.68995	9.56596e-20
550.71920	9.79256e-20
550.74846	9.63446e-20
550.77772	9.54163e-20
550.80698	9.97916e-20
550.83624	1.00132e-19
550.86551	9.68430e-20
550.89478	9.77315e-20
550.92406	1.01109e-19
550.95334	9.58129e-20
550.98262	8.70912e-20
551.01190	8.73248e-20
551.04119	8.62390e-20
551.07048	8.11140e-20
551.09977	8.04253e-20
551.12907	8.28288e-20
551.15837	8.42041e-20
551.18767	8.41295e-20
551.21698	8.52458e-20
551.24629	8.52841e-20
551.27560	8.36901e-20
551.30492	8.42914e-20
551.33423	8.49245e-20
551.36356	8.18882e-20
551.39288	8.09680e-20
551.42221	8.43461e-20
551.45154	8.48466e-20
551.48087	8.48490e-20
551.51021	8.77375e-20
551.53955	9.01929e-20
551.56889	9.12741e-20
551.59824	9.17084e-20
551.62759	8.98804e-20
551.65694	8.69180e-20
551.68630	8.75522e-20
551.71566	8.98767e-20
551.74502	9.14381e-20
551.77439	8.93323e-20
551.80376	8.83930e-20
551.83313	9.28388e-20
551.86250	9.05285e-20
551.89188	8.82635e-20
551.92126	9.15256e-20
551.95064	8.88069e-20
551.98003	8.60197e-20
552.00942	8.59951e-20
552.03882	8.46854e-20
552.06821	8.52056e-20
552.09761	8.51502e-20
552.12701	8.47356e-20
552.15642	8.89672e-20
552.18583	8.96382e-20
552.21524	9.04419e-20
552.24466	1.02334e-19
552.27408	1.06751e-19
552.30350	1.02146e-19
552.33292	1.06177e-19
552.36235	1.13530e-19
552.39178	1.13797e-19
552.42122	1.06408e-19
552.45065	9.94087e-20
552.48009	9.55246e-20
552.50954	9.60865e-20
552.53898	9.85557e-20
552.56843	9.74135e-20
552.59789	9.63535e-20
552.62734	9.44801e-20
552.65680	9.22035e-20
552.68626	9.28012e-20
552.71573	9.77210e-20
552.74520	1.00888e-19
552.77467	9.81712e-20
552.80415	9.50938e-20
552.83362	9.35231e-20
552.86311	1.02825e-19
552.89259	1.18623e-19
552.92208	1.29821e-19
552.95157	1.36701e-19
552.98106	1.34386e-19
553.01056	1.23656e-19
553.04006	1.09190e-19
553.06956	1.04604e-19
553.09907	1.08303e-19
553.12858	1.14647e-19
553.15809	1.20732e-19
553.18761	1.19943e-19
553.21713	1.29708e-19
553.24665	1.29587e-19
553.27617	1.13622e-19
553.30570	1.12430e-19
553.33523	1.11563e-19
553.36477	1.08334e-19
553.39431	1.08763e-19
553.42385	1.06603e-19
553.45339	1.00040e-19
553.48294	9.21275e-20
553.51249	8.76534e-20
553.54204	8.38563e-20
553.57160	8.70847e-20
553.60116	9.22244e-20
553.63072	8.94958e-20
553.66029	8.56547e-20
553.68986	8.93424e-20
553.71943	9.56171e-20
553.74901	9.31191e-20
553.77859	9.67158e-20
553.80817	1.04222e-19
553.83776	1.00975e-19
553.86734	9.77262e-20
553.89694	9.79736e-20
553.92653	1.03240e-19
553.95613	1.05837e-19
553.98573	9.62506e-20
554.01533	8.94993e-20
554.04494	9.11993e-20
554.07455	9.12956e-20
554.10417	9.21428e-20
554.13378	9.65480e-20
554.16340	9.82905e-20
554.19303	9.67561e-20
554.22265	9.29851e-20
554.25228	9.20286e-20
554.28192	9.13912e-20
554.31155	8.74985e-20
554.34119	9.01364e-20
554.37083	9.52200e-20
554.40048	9.41470e-20
554.43013	9.10424e-20
554.45978	8.84531e-20
554.48943	8.56772e-20
554.51909	8.76480e-20
554.54875	8.85006e-20
554.57842	8.26797e-20
554.60809	8.31925e-20
554.63776	8.15840e-20
554.66743	7.66767e-20
554.69711	7.78900e-20
554.72679	7.58275e-20
554.75647	7.69447e-20
554.78616	7.71685e-20
554.81585	7.10139e-20
554.84554	7.11680e-20
554.87524	7.44629e-20
554.90494	7.45550e-20
554.93464	7.05289e-20
554.96435	6.79601e-20
554.99406	6.97960e-20
555.02377	6.90948e-20
555.05348	6.67970e-20
555.08320	6.93290e-20
555.11292	7.03619e-20
555.14265	6.78827e-20
555.17238	7.41298e-20
555.20211	7.82445e-20
555.23184	7.14850e-20
555.26158	6.74738e-20
555.29132	6.78990e-20
555.32106	6.85355e-20
555.35081	6.69141e-20
555.38056	6.79234e-20
555.41032	7.35441e-20
555.44007	7.51099e-20
555.46983	7.04973e-20
555.49960	6.70153e-20
555.52936	6.68969e-20
555.55913	6.51638e-20
555.58890	6.33199e-20
555.61868	6.07732e-20
555.64846	5.78131e-20
555.67824	5.67915e-20
555.70803	5.62809e-20
555.73782	5.61805e-20
555.76761	5.68906e-20
555.79740	6.06784e-20
555.82720	6.11282e-20
555.85700	5.99090e-20
555.88681	6.10542e-20
555.91661	5.82003e-20
555.94643	5.53419e-20
555.97624	5.37693e-20
556.00606	5.44164e-20
556.03588	5.57510e-20
556.06570	5.56388e-20
556.09553	5.77790e-20
556.12536	5.89629e-20
556.15519	5.80588e-20
556.18503	5.76556e-20
556.21487	5.99745e-20
556.24471	6.20476e-20
556.27456	6.42411e-20
556.30441	6.55977e-20
556.33426	6.27013e-20
556.36412	5.93115e-20
556.39398	5.82297e-20
556.42384	6.63889e-20
556.45370	7.22930e-20
556.48357	6.63889e-20
556.51344	6.27965e-20
556.54332	6.64174e-20
556.57320	7.15859e-20
556.60308	6.93517e-20
556.63296	6.56992e-20
556.66285	6.33165e-20
556.69274	6.13433e-20
556.72264	6.22575e-20
556.75253	6.10637e-20
556.78244	5.89798e-20
556.81234	5.72478e-20
556.84225	6.11704e-20
556.87216	6.22813e-20
556.90207	5.93513e-20
556.93199	6.55054e-20
556.96191	6.72765e-20
556.99183	6.46340e-20
557.02176	6.44788e-20
557.05169	6.22477e-20
557.08162	6.15550e-20
557.11156	6.21316e-20
557.14150	6.01612e-20
557.17144	5.97595e-20
557.20138	6.21234e-20
557.23133	6.02177e-20
557.26129	6.12720e-20
557.29124	6.21080e-20
557.32120	5.66550e-20
557.35116	5.73472e-20
557.38113	6.34838e-20
557.41109	6.95030e-20
557.44107	6.82413e-20
557.47104	6.04484e-20
557.50102	5.70312e-20
557.53100	5.71612e-20
557.56098	5.68009e-20
557.59097	5.76463e-20
557.62096	6.09229e-20
557.65096	6.24355e-20
557.68095	6.17188e-20
557.71096	6.06874e-20
557.74096	6.13223e-20
557.77097	6.14594e-20
557.80098	6.04118e-20
557.83099	6.20517e-20
557.86101	6.37362e-20
557.89103	6.70146e-20
557.92105	6.75913e-20
557.95108	6.44857e-20
557.98111	6.45936e-20
558.01114	6.61919e-20
558.04118	6.96649e-20
558.07121	7.25621e-20
558.10126	7.37276e-20
558.13130	7.29067e-20
558.16135	7.10228e-20
558.19140	6.98342e-20
558.22146	6.67626e-20
558.25152	6.45128e-20
558.28158	6.40255e-20
558.31165	6.49995e-20
558.34171	6.43364e-20
558.37179	6.28845e-20
558.40186	6.36777e-20
558.43194	6.19906e-20
558.46202	5.91218e-20
558.49211	5.71869e-20
558.52219	5.64216e-20
558.55228	5.65767e-20
558.58238	5.79948e-20
558.61248	5.95212e-20
558.64258	6.01686e-20
558.67268	6.15376e-20
558.70279	5.69627e-20
558.73290	5.26879e-20
558.76301	5.47279e-20
558.79313	5.42546e-20
558.82325	5.48238e-20
558.85337	5.64364e-20
558.88350	5.62339e-20
558.91363	5.79675e-20
558.94376	5.64077e-20
558.97390	5.29558e-20
559.00404	5.18154e-20
559.03418	4.92020e-20
559.06433	4.79100e-20
559.09448	4.83704e-20
559.12463	4.62401e-20
559.15479	4.47606e-20
559.18495	4.59487e-20
559.21511	4.57744e-20
559.24528	4.41493e-20
559.27545	4.36531e-20
559.30562	4.44650e-20
559.33579	4.61087e-20
559.36597	4.61354e-20
559.39616	4.71870e-20
559.42634	4.99948e-20
559.45653	5.07067e-20
559.48672	5.33737e-20
559.51692	5.45278e-20
559.54712	5.27865e-20
559.57732	5.31998e-20
559.60752	5.09948e-20
559.63773	4.96692e-20
559.66794	5.16340e-20
559.69816	5.21884e-20
559.72837	5.23657e-20
559.75860	4.98095e-20
559.78882	4.73732e-20
559.81905	4.77371e-20
559.84928	4.68402e-20
559.87951	4.77740e-20
559.90975	4.85751e-20
559.93999	4.87335e-20
559.97024	5.27412e-20
560.00048	5.71860e-20
560.03073	5.97902e-20
560.06099	5.83857e-20
560.09125	5.78131e-20
560.12151	5.91531e-20
560.15177	5.70135e-20
560.18204	5.43966e-20
560.21231	5.20717e-20
560.24258	5.22374e-20
560.27286	5.10166e-20
560.30314	5.18018e-20
560.33342	6.10856e-20
560.36371	6.63038e-20
560.39400	6.33217e-20
560.42429	5.84331e-20
560.45459	5.86955e-20
560.48489	5.92906e-20
560.51519	5.74194e-20
560.54550	5.76606e-20
560.57581	5.51948e-20
560.60612	5.63753e-20
560.63643	5.85019e-20
560.66675	5.91504e-20
560.69708	6.04277e-20
560.72740	5.91808e-20
560.75773	6.36971e-20
560.78806	6.35439e-20
560.81840	6.09152e-20
560.84874	6.53713e-20
560.87908	6.07849e-20
560.90943	5.61028e-20
560.93978	5.89980e-20
560.97013	5.98385e-20
561.00048	6.34403e-20
561.03084	6.63988e-20
561.06121	6.53013e-20
561.09157	6.73360e-20
561.12194	7.01526e-20
561.15231	7.11679e-20
561.18269	6.56187e-20
561.21306	6.11630e-20
561.24345	6.86624e-20
561.27383	6.97438e-20
561.30422	6.22217e-20
561.33461	6.18324e-20
561.36501	6.27129e-20
561.39541	6.09343e-20
561.42581	6.34990e-20
561.45621	6.69020e-20
561.48662	6.70733e-20
561.51703	6.79120e-20
561.54745	6.77804e-20
561.57786	6.94647e-20
561.60829	7.10221e-20
561.63871	7.02870e-20
561.66914	7.28268e-20
561.69957	7.47019e-20
561.73000	7.32979e-20
561.76044	6.94850e-20
561.79088	7.14724e-20
561.82133	7.46736e-20
561.85177	6.80700e-20
561.88223	6.55492e-20
561.91268	7.16930e-20
561.94314	7.63922e-20
561.97360	7.27116e-20
562.00406	6.73355e-20
562.03453	6.73892e-20
562.06500	6.93884e-20
562.09548	6.97914e-20
562.12595	6.63276e-20
562.15643	6.80366e-20
562.18692	7.17610e-20
562.21741	6.72194e-20
562.24790	6.39635e-20
562.27839	6.61333e-20
562.30889	6.83299e-20
562.33939	6.89377e-20
562.36989	6.96685e-20
562.40040	6.95725e-20
562.43091	6.82663e-20
562.46142	6.72015e-20
562.49194	7.07126e-20
562.52246	8.03977e-20
562.55298	8.58640e-20
562.58351	8.52559e-20
562.61404	8.52467e-20
562.64458	8.13240e-20
562.67511	7.53450e-20
562.70565	8.07585e-20
562.73620	8.71823e-20
562.76674	8.36303e-20
562.79729	8.45224e-20
562.82785	8.50325e-20
562.85840	8.25587e-20
562.88896	8.72421e-20
562.91953	9.30898e-20
562.95009	9.68226e-20
562.98067	9.41478e-20
563.01124	8.46943e-20
563.04182	8.21027e-20
563.07240	8.28402e-20
563.10298	8.06495e-20
563.13357	8.34892e-20
563.16416	8.63357e-20
563.19475	8.49832e-20
563.22535	8.68908e-20
563.25595	9.26589e-20
563.28655	9.59386e-20
563.31716	9.64437e-20
563.34777	9.99625e-20
563.37838	1.00458e-19
563.40900	1.02991e-19
563.43962	1.14820e-19
563.47024	1.17151e-19
563.50087	1.10311e-19
563.53150	1.09785e-19
563.56213	1.12182e-19
563.59277	1.16844e-19
563.62341	1.22717e-19
563.65405	1.28544e-19
563.68470	1.43789e-19
563.71535	1.45766e-19
563.74600	1.30343e-19
563.77666	1.28871e-19
563.80732	1.24962e-19
563.83798	1.13019e-19
563.86865	1.05542e-19
563.89932	9.61533e-20
563.92999	8.67487e-20
563.96067	9.01922e-20
563.99135	1.04952e-19
564.02203	1.00619e-19
564.05272	8.95610e-20
564.08341	9.13141e-20
564.11410	9.07454e-20
564.14480	9.07273e-20
564.17550	9.68462e-20
564.20620	1.07599e-19
564.23691	1.14303e-19
564.26762	1.21145e-19
564.29833	1.32368e-19
564.32905	1.40039e-19
564.35977	1.39444e-19
564.39049	1.28600e-19
564.42122	1.27225e-19
564.45195	1.24201e-19
564.48268	1.21860e-19
564.51342	1.28741e-19
564.54416	1.22585e-19
564.57490	1.28989e-19
564.60565	1.34864e-19
564.63640	1.22511e-19
564.66715	1.22230e-19
564.69791	1.21484e-19
564.72867	1.16908e-19
564.75944	1.13643e-19
564.79020	1.08864e-19
564.82097	1.03987e-19
564.85175	9.76584e-20
564.88252	1.03307e-19
564.91330	1.13931e-19
564.94409	1.09483e-19
564.97487	1.00738e-19
565.00567	9.54919e-20
565.03646	9.23365e-20
565.06726	9.37356e-20
565.09806	9.12080e-20
565.12886	8.94869e-20
565.15967	9.39591e-20
565.19048	9.34677e-20
565.22129	9.33230e-20
565.25211	9.30985e-20
565.28293	9.11769e-20
565.31375	9.35663e-20
565.34458	9.43854e-20
565.37541	9.79688e-20
565.40625	1.03184e-19
565.43708	1.00324e-19
565.46793	9.56815e-20
565.49877	9.59321e-20
565.52962	9.60597e-20
565.56047	9.23447e-20
565.59132	9.38385e-20
565.62218	9.51159e-20
565.65304	8.89655e-20
565.68391	8.75248e-20
565.71477	8.55505e-20
565.74565	7.94406e-20
565.77652	7.51383e-20
565.80740	6.77906e-20
565.83828	6.39605e-20
565.86916	6.57323e-20
565.90005	6.41295e-20
565.93094	6.18969e-20
565.96184	6.31475e-20
565.99274	6.47488e-20
566.02364	6.25270e-20
566.05454	5.86938e-20
566.08545	5.79427e-20
566.11636	5.81419e-20
566.14728	5.55293e-20
566.17820	5.28303e-20
566.20912	5.23869e-20
566.24004	5.30919e-20
566.27097	5.38017e-20
566.30190	5.16470e-20
566.33284	4.91987e-20
566.36378	4.75584e-20
566.39472	4.77578e-20
566.42567	5.19377e-20
566.45661	5.18170e-20
566.48757	5.30449e-20
566.51852	5.65142e-20
566.54948	5.45606e-20
566.58044	5.94096e-20
566.61141	6.31779e-20
566.64238	5.99797e-20
566.67335	5.91495e-20
566.70433	5.54045e-20
566.73531	5.39098e-20
566.76629	5.62051e-20
566.79727	5.87618e-20
566.82826	5.77073e-20
566.85926	5.21325e-20
566.89025	5.20261e-20
566.92125	5.35042e-20
566.95226	5.43984e-20
566.98326	5.38350e-20
567.01427	5.17518e-20
567.04529	5.06907e-20
567.07630	5.00047e-20
567.10732	5.36880e-20
567.13835	5.27780e-20
567.16937	5.23432e-20
567.20040	5.56641e-20
567.23144	5.70941e-20
567.26247	6.60737e-20
567.29351	7.46250e-20
567.32456	7.90145e-20
567.35560	7.78271e-20
567.38665	7.44330e-20
567.41771	7.46340e-20
567.44877	7.01976e-20
567.47983	6.86010e-20
567.51089	7.04225e-20
567.54196	7.35985e-20
567.57303	7.17082e-20
567.60410	6.86871e-20
567.63518	7.46596e-20
567.66626	7.38184e-20
567.69735	7.32900e-20
567.72843	7.41871e-20
567.75953	7.28924e-20
567.79062	7.82074e-20
567.82172	7.82020e-20
567.85282	7.70677e-20
567.88393	7.90264e-20
567.91503	7.74809e-20
567.94615	7.66394e-20
567.97726	7.49485e-20
568.00838	7.30766e-20
568.03950	7.94369e-20
568.07063	8.71224e-20
568.10176	8.67303e-20
568.13289	8.57964e-20
568.16402	8.97910e-20
568.19516	9.42110e-20
568.22631	8.94738e-20
568.25745	8.86860e-20
568.28860	9.21265e-20
568.31975	8.39773e-20
568.35091	8.00281e-20
568.38207	8.06596e-20
568.41323	8.20272e-20
568.44440	8.16983e-20
568.47557	7.64374e-20
568.50674	7.53290e-20
568.53792	7.31495e-20
568.56910	7.84926e-20
568.60028	8.39285e-20
568.63147	7.59598e-20
568.66266	7.15410e-20
568.69385	6.75279e-20
568.72505	6.39116e-20
568.75625	6.49892e-20
568.78746	6.49160e-20
568.81866	6.59844e-20
568.84987	6.61095e-20
568.88109	6.58476e-20
568.91231	6.90339e-20
568.94353	7.25388e-20
568.97475	7.46931e-20
569.00598	7.43486e-20
569.03721	7.36978e-20
569.06845	7.43007e-20
569.09968	7.39155e-20
569.13093	7.77475e-20
569.16217	8.08913e-20
569.19342	7.53720e-20
569.22467	7.00273e-20
569.25593	6.85358e-20
569.28719	6.64272e-20
569.31845	6.54082e-20
569.34971	7.01106e-20
569.38098	7.25769e-20
569.41226	6.99085e-20
569.44353	7.15147e-20
569.47481	7.26485e-20
569.50609	6.71554e-20
569.53738	6.46658e-20
569.56867	6.68145e-20
569.59996	6.25779e-20
569.63126	6.24248e-20
569.66256	7.05188e-20
569.69386	7.13753e-20
569.72517	6.97926e-20
569.75648	7.15562e-20
569.78780	7.52221e-20
569.81911	7.76403e-20
569.85043	7.76274e-20
569.88176	7.75785e-20
569.91309	7.65074e-20
569.94442	7.71601e-20
569.97575	7.73380e-20
570.00709	8.12622e-20
570.03843	8.65626e-20
570.06978	8.65604e-20
570.10112	9.16837e-20
570.13248	9.25861e-20
570.16383	8.69253e-20
570.19519	8.65656e-20
570.22655	8.41250e-20
570.25792	8.42762e-20
570.28929	8.59644e-20
570.32066	8.13911e-20
570.35204	7.97614e-20
570.38341	7.88681e-20
570.41480	8.36165e-20
570.44618	9.24463e-20
570.47757	9.55574e-20
570.50897	1.02430e-19
570.54036	1.03495e-19
570.57176	1.03734e-19
570.60317	1.09288e-19
570.63457	1.07341e-19
570.66598	1.06436e-19
570.69740	1.09895e-19
570.72882	1.18642e-19
570.76024	1.22211e-19
570.79166	1.22278e-19
570.82309	1.17973e-19
570.85452	9.66926e-20
570.88596	8.55776e-20
570.91739	8.35393e-20
570.94884	8.57774e-20
570.98028	9.41725e-20
571.01173	9.61669e-20
571.04318	1.02822e-19
571.07464	1.05507e-19
571.10610	1.01561e-19
571.13756	1.02340e-19
571.16902	1.03098e-19
571.20049	1.02943e-19
571.23197	9.95442e-20
571.26344	9.46765e-20
571.29492	9.02821e-20
571.32641	9.19780e-20
571.35789	9.31780e-20
571.38938	8.65880e-20
571.42088	8.83564e-20
571.45237	9.27569e-20
571.48387	8.97754e-20
571.51538	9.09081e-20
571.54689	9.35154e-20
571.57840	9.52336e-20
571.60991	1.01529e-19
571.64143	1.02811e-19
571.67295	9.87974e-20
571.70447	9.46736e-20
571.73600	9.02856e-20
571.76754	9.01059e-20
571.79907	9.09555e-20
571.83061	9.43845e-20
571.86215	9.72473e-20
571.89370	9.27209e-20
571.92525	8.63752e-20
571.95680	8.93676e-20
571.98836	1.04851e-19
572.01992	1.04837e-19
572.05148	9.54094e-20
572.08305	1.02555e-19
572.11462	1.04520e-19
572.14619	1.00804e-19
572.17777	1.01583e-19
572.20935	9.62194e-20
572.24093	9.30957e-20
572.27252	9.22566e-20
572.30411	8.69214e-20
572.33570	8.66653e-20
572.36730	8.90481e-20
572.39890	8.40164e-20
572.43051	7.87877e-20
572.46212	7.93957e-20
572.49373	7.78947e-20
572.52535	7.55707e-20
572.55696	8.10278e-20
572.58859	8.45520e-20
572.62021	7.96048e-20
572.65184	7.59559e-20
572.68348	7.29817e-20
572.71511	6.91184e-20
572.74675	6.76564e-20
572.77839	6.56043e-20
572.81004	6.36443e-20
572.84169	6.35443e-20
572.87335	6.52696e-20
572.90500	7.07658e-20
572.93666	7.52226e-20
572.96833	7.44593e-20
573.00000	6.88670e-20
573.03167	6.59512e-20
573.06334	7.45290e-20
573.09502	7.84251e-20
573.12670	7.16970e-20
573.15839	7.16242e-20
573.19008	7.32807e-20
573.22177	7.29290e-20
573.25347	7.48912e-20
573.28517	7.00528e-20
573.31687	6.31799e-20
573.34858	6.43154e-20
573.38029	6.41125e-20
573.41200	5.96086e-20
573.44372	5.79243e-20
573.47544	5.85145e-20
573.50716	5.92782e-20
573.53889	6.02117e-20
573.57062	6.17699e-20
573.60235	6.08603e-20
573.63409	5.90812e-20
573.66583	5.89765e-20
573.69758	5.69609e-20
573.72933	5.79451e-20
573.76108	6.03544e-20
573.79284	5.96234e-20
573.82459	6.16443e-20
573.85636	6.12099e-20
573.88812	5.57943e-20
573.91989	5.29737e-20
573.95167	5.17014e-20
573.98344	5.20341e-20
574.01522	5.25570e-20
574.04701	4.99232e-20
574.07879	4.90985e-20
574.11059	4.82174e-20
574.14238	4.72240e-20
574.17418	4.90010e-20
574.20598	4.84874e-20
574.23778	4.87874e-20
574.26959	5.03821e-20
574.30140	5.00733e-20
574.33322	5.09089e-20
574.36504	5.13734e-20
574.39686	4.86786e-20
574.42869	4.67652e-20
574.46052	4.88026e-20
574.49235	4.81618e-20
574.52419	4.58862e-20
574.55603	4.74159e-20
574.58787	4.81913e-20
574.61972	4.65796e-20
574.65157	4.40933e-20
574.68342	4.20949e-20
574.71528	4.10956e-20
574.74714	4.27021e-20
574.77901	4.58826e-20
574.81088	4.66569e-20
574.84275	4.64599e-20
574.87462	4.64595e-20
574.90650	4.99955e-20
574.93838	5.46397e-20
574.97027	5.27041e-20
575.00216	4.90498e-20
575.03405	4.82612e-20
575.06595	4.77991e-20
575.09785	4.57909e-20
575.12975	4.29565e-20
575.16166	4.11824e-20
575.19357	4.09522e-20
575.22549	4.17055e-20
575.25740	4.19489e-20
575.28933	4.21290e-20
575.32125	4.27763e-20
575.35318	4.51142e-20
575.38511	5.04530e-20
575.41705	4.94400e-20
575.44899	4.26822e-20
575.48093	4.04331e-20
575.51288	3.84115e-20
575.54483	3.92893e-20
575.57678	4.18885e-20
575.60874	3.83563e-20
575.64070	3.76774e-20
575.67266	3.87115e-20
575.70463	3.69674e-20
575.73660	3.66502e-20
575.76857	3.59960e-20
575.80055	3.47251e-20
575.83253	3.47957e-20
575.86452	3.53861e-20
575.89651	3.40218e-20
575.92850	3.33391e-20
575.96050	3.42913e-20
575.99250	3.35966e-20
576.02450	3.22605e-20
576.05651	3.02078e-20
576.08852	2.90976e-20
576.12053	3.04493e-20
576.15255	3.20051e-20
576.18457	3.37845e-20
576.21659	3.41446e-20
576.24862	3.19423e-20
576.28065	3.15671e-20
576.31269	3.27693e-20
576.34473	3.20807e-20
576.37677	3.07267e-20
576.40882	2.99320e-20
576.44086	3.01449e-20
576.47292	3.04553e-20
576.50497	3.06599e-20
576.53703	3.07410e-20
576.56910	3.09312e-20
576.60117	3.23026e-20
576.63324	3.17243e-20
576.66531	3.02901e-20
576.69739	3.03934e-20
576.72947	3.08192e-20
576.76155	2.98330e-20
576.79364	2.82494e-20
576.82574	2.99771e-20
576.85783	3.13729e-20
576.88993	3.15163e-20
576.92203	3.29330e-20
576.95414	3.38119e-20
576.98625	3.45448e-20
577.01836	3.37441e-20
577.05048	3.21217e-20
577.08260	3.28525e-20
577.11473	3.50020e-20
577.14685	3.61972e-20
577.17899	3.73802e-20
577.21112	3.71267e-20
577.24326	3.39238e-20
577.27540	3.26294e-20
577.30755	3.13133e-20
577.33970	2.96038e-20
577.37185	3.09014e-20
577.40401	3.13937e-20
577.43617	3.14370e-20
577.46833	3.17739e-20
577.50050	3.12261e-20
577.53267	3.16011e-20
577.56484	3.21027e-20
577.59702	3.32495e-20
577.62920	3.58279e-20
577.66139	3.76285e-20
577.69358	3.75773e-20
577.72577	3.64571e-20
577.75797	3.73996e-20
577.79017	4.02367e-20
577.82237	4.24885e-20
577.85458	4.32996e-20
577.88679	4.11761e-20
577.91900	3.87418e-20
577.95122	3.72080e-20
577.98344	3.65649e-20
578.01566	3.69913e-20
578.04789	3.67069e-20
578.08012	3.79842e-20
578.11236	3.90540e-20
578.14460	3.85065e-20
578.17684	3.76869e-20
578.20909	3.60035e-20
578.24134	3.77411e-20
578.27359	4.24010e-20
578.30585	4.41982e-20
578.33811	4.37647e-20
578.37037	4.42813e-20
578.40264	4.45021e-20
578.43491	4.50246e-20
578.46719	4.71436e-20
578.49947	4.75131e-20
578.53175	4.87709e-20
578.56404	5.27476e-20
578.59632	5.37079e-20
578.62862	5.36244e-20
578.66091	5.72752e-20
578.69322	5.91567e-20
578.72552	5.74305e-20
578.75783	5.64725e-20
578.79014	5.54003e-20
578.82245	5.63383e-20
578.85477	6.11667e-20
578.88709	6.22560e-20
578.91942	5.72924e-20
578.95175	5.57321e-20
578.98408	5.57034e-20
579.01642	5.34552e-20
579.04876	5.73954e-20
579.08110	6.40970e-20
579.11345	6.72528e-20
579.14580	6.54495e-20
579.17815	5.88481e-20
579.21051	5.35121e-20
579.24287	5.14509e-20
579.27524	5.42986e-20
579.30761	5.77374e-20
579.33998	5.49158e-20
579.37236	5.03619e-20
579.40474	5.23577e-20
579.43712	5.77165e-20
579.46951	5.71961e-20
579.50190	5.42836e-20
579.53429	5.06176e-20
579.56669	4.91671e-20
579.59909	5.35747e-20
579.63150	5.59655e-20
579.66391	5.64236e-20
579.69632	5.54704e-20
579.72873	5.30135e-20
579.76115	5.24410e-20
579.79358	5.13264e-20
579.82600	5.45251e-20
579.85843	6.00108e-20
579.89087	5.78258e-20
579.92331	5.42867e-20
579.95575	5.45324e-20
579.98819	5.68841e-20
580.02064	5.91516e-20
580.05309	5.73533e-20
580.08555	5.15746e-20
580.11801	4.67366e-20
580.15047	4.75103e-20
580.18294	4.67749e-20
580.21541	4.73761e-20
580.24788	5.45586e-20
580.28036	5.56337e-20
580.31284	5.64736e-20
580.34533	5.72453e-20
580.37782	5.14176e-20
580.41031	5.13437e-20
580.44281	5.41298e-20
580.47531	5.29594e-20
580.50781	5.01928e-20
580.54032	4.97861e-20
580.57283	5.03899e-20
580.60534	4.84663e-20
580.63786	4.82816e-20
580.67038	4.75335e-20
580.70290	4.58357e-20
580.73543	4.43545e-20
580.76797	4.14445e-20
580.80050	4.20367e-20
580.83304	4.38013e-20
580.86558	4.35695e-20
580.89813	4.36115e-20
580.93068	4.06854e-20
580.96324	3.80581e-20
580.99579	3.88002e-20
581.02836	3.74757e-20
581.06092	3.68601e-20
581.09349	3.76360e-20
581.12606	3.62706e-20
581.15864	3.57691e-20
581.19122	3.66784e-20
581.22380	3.52016e-20
581.25639	3.27739e-20
581.28898	3.44156e-20
581.32157	3.50302e-20
581.35417	3.40490e-20
581.38677	3.60149e-20
581.41938	3.59217e-20
581.45199	3.33168e-20
581.48460	3.23978e-20
581.51722	3.42803e-20
581.54984	3.54811e-20
581.58246	3.61645e-20
581.61509	3.72967e-20
581.64772	3.71357e-20
581.68035	3.82091e-20
581.71299	3.77581e-20
581.74563	3.67363e-20
581.77828	3.81838e-20
581.81093	3.81006e-20
581.84358	3.68022e-20
581.87624	3.61746e-20
581.90890	3.47629e-20
581.94156	3.35840e-20
581.97423	3.38790e-20
582.00690	3.36749e-20
582.03958	3.45434e-20
582.07226	3.48964e-20
582.10494	3.43185e-20
582.13762	3.52698e-20
582.17031	3.48199e-20
582.20301	3.29989e-20
582.23570	3.02898e-20
582.26840	2.96680e-20
582.30111	3.13782e-20
582.33382	3.17403e-20
582.36653	3.10209e-20
582.39924	3.05481e-20
582.43196	3.06670e-20
582.46469	2.98382e-20
582.49741	3.04638e-20
582.53014	3.07596e-20
582.56288	3.06628e-20
582.59561	3.19936e-20
582.62836	3.12616e-20
582.66110	3.15507e-20
582.69385	3.30949e-20
582.72660	3.34994e-20
582.75936	3.30922e-20
582.79212	3.33512e-20
582.82488	3.37900e-20
582.85765	3.48659e-20
582.89042	3.61949e-20
582.92319	3.54670e-20
582.95597	3.73901e-20
582.98875	3.79740e-20
583.02154	3.76196e-20
583.05432	3.87339e-20
583.08712	3.73606e-20
583.11991	3.81696e-20
583.15271	3.85415e-20
583.18552	3.77705e-20
583.21833	3.80737e-20
583.25114	3.75336e-20
583.28395	3.65221e-20
583.31677	3.63035e-20
583.34959	3.48643e-20
583.38242	3.24612e-20
583.41525	3.47042e-20
583.44808	3.52807e-20
583.48092	3.35677e-20
583.51376	3.36776e-20
583.54660	3.45035e-20
583.57945	3.63191e-20
583.61230	3.65298e-20
583.64516	3.58215e-20
583.67802	3.36468e-20
583.71088	3.38945e-20
583.74375	3.44747e-20
583.77662	3.37059e-20
583.80949	3.53650e-20
583.84237	3.85190e-20
583.87525	4.50162e-20
583.90814	4.49492e-20
583.94102	4.24816e-20
583.97392	4.32916e-20
584.00681	3.84685e-20
584.03971	3.58673e-20
584.07262	3.74777e-20
584.10552	3.82281e-20
584.13844	3.96148e-20
584.17135	4.01284e-20
584.20427	4.06911e-20
584.23719	4.60238e-20
584.27012	4.73886e-20
584.30305	4.47940e-20
584.33598	4.20358e-20
584.36892	3.84437e-20
584.40186	4.38505e-20
584.43480	4.58679e-20
584.46775	4.75679e-20
584.50070	5.26820e-20
584.53366	4.88998e-20
584.56662	4.56223e-20
584.59958	4.44065e-20
584.63255	5.40966e-20
584.66552	6.31475e-20
584.69849	6.04240e-20
584.73147	5.67408e-20
584.76445	5.17358e-20
584.79744	5.35693e-20
584.83043	5.31489e-20
584.86342	5.23767e-20
584.89641	5.29784e-20
584.92941	5.30184e-20
584.96242	5.96083e-20
584.99543	5.95146e-20
585.02844	5.80324e-20
585.06145	5.67195e-20
585.09447	5.56830e-20
585.12749	5.85953e-20
585.16052	5.89971e-20
585.19355	5.93031e-20
585.22658	5.64813e-20
585.25962	5.37534e-20
585.29266	5.46087e-20
585.32571	5.60412e-20
585.35876	5.61938e-20
585.39181	6.12211e-20
585.42487	6.80269e-20
585.45793	7.02037e-20
585.49099	7.13824e-20
585.52406	6.61104e-20
585.55713	6.66696e-20
585.59020	6.41185e-20
585.62328	5.71597e-20
585.65636	6.27138e-20
585.68945	5.94954e-20
585.72254	5.60698e-20
585.75563	5.54920e-20
585.78873	4.76402e-20
585.82183	4.83847e-20
585.85494	5.20125e-20
585.88804	5.30959e-20
585.92116	5.48718e-20
585.95427	5.49780e-20
585.98739	5.12188e-20
586.02052	4.79828e-20
586.05364	5.04831e-20
586.08677	5.18544e-20
586.11991	5.19299e-20
586.15305	5.45528e-20
586.18619	5.30241e-20
586.21934	4.94684e-20
586.25249	5.26296e-20
586.28564	5.45453e-20
586.31880	5.32613e-20
586.35196	5.52406e-20
586.38512	5.38215e-20
586.41829	4.98767e-20
586.45146	4.99102e-20
586.48464	5.01486e-20
586.51782	4.67094e-20
586.55100	4.71587e-20
586.58419	5.50918e-20
586.61738	5.91920e-20
586.65057	5.41695e-20
586.68377	4.83192e-20
586.71698	4.93224e-20
586.75018	5.30137e-20
586.78339	5.25362e-20
586.81660	5.09760e-20
586.84982	4.94031e-20
586.88304	4.80182e-20
586.91627	5.08307e-20
586.94950	5.26189e-20
586.98273	5.16396e-20
587.01596	5.21790e-20
587.04920	4.99195e-20
587.08245	4.78496e-20
587.11570	4.91263e-20
587.14895	4.76107e-20
587.18220	4.49887e-20
587.21546	4.31854e-20
587.24872	4.06133e-20
587.28199	4.27089e-20
587.31526	4.52487e-20
587.34853	4.32744e-20
587.38181	4.55549e-20
587.41509	4.61710e-20
587.44838	4.42519e-20
587.48167	4.63886e-20
587.51496	4.49767e-20
587.54825	4.17634e-20
587.58155	4.23712e-20
587.61486	4.36169e-20
587.64817	3.93213e-20
587.68148	3.83550e-20
587.71479	4.13855e-20
587.74811	3.70923e-20
587.78143	3.75068e-20
587.81476	4.15206e-20
587.84809	4.31525e-20
587.88143	4.42646e-20
587.91476	3.99617e-20
587.94811	3.80484e-20
587.98145	3.72867e-20
588.01480	3.53936e-20
588.04815	3.82957e-20
588.08151	3.93866e-20
588.11487	3.64788e-20
588.14824	3.61960e-20
588.18160	3.84839e-20
588.21498	4.04644e-20
588.24835	4.06735e-20
588.28173	3.96231e-20
588.31511	3.82983e-20
588.34850	3.65731e-20
588.38189	3.82816e-20
588.41529	4.00164e-20
588.44869	3.87108e-20
588.48209	3.75050e-20
588.51549	3.75674e-20
588.54890	4.00386e-20
588.58232	3.88481e-20
588.61574	3.74024e-20
588.64916	3.89083e-20
588.68258	3.87586e-20
588.71601	3.87069e-20
588.74944	3.82549e-20
588.78288	3.78523e-20
588.81632	3.75648e-20
588.84976	3.95612e-20
588.88321	4.15897e-20
588.91666	4.27720e-20
588.95012	4.44297e-20
588.98358	4.31746e-20
589.01704	4.27255e-20
589.05051	4.07701e-20
589.08398	3.94033e-20
589.11745	3.97039e-20
589.15093	3.98935e-20
589.18441	4.15704e-20
589.21790	4.41103e-20
589.25139	5.27694e-20
589.28488	5.65550e-20
589.31838	5.49100e-20
589.35188	5.44494e-20
589.38539	4.90887e-20
589.41890	4.86224e-20
589.45241	5.27082e-20
589.48592	5.18367e-20
589.51944	4.77607e-20
589.55297	4.66863e-20
589.58650	4.84726e-20
589.62003	5.20427e-20
589.65356	5.44579e-20
589.68710	5.13224e-20
589.72065	5.04694e-20
589.75419	4.98592e-20
589.78774	4.86350e-20
589.82130	4.98304e-20
589.85486	5.07919e-20
589.88842	5.37994e-20
589.92198	5.60450e-20
589.95555	5.53606e-20
589.98913	5.35367e-20
590.02270	5.43841e-20
590.05629	5.38137e-20
590.08987	5.23097e-20
590.12346	5.40045e-20
590.15705	5.33977e-20
590.19065	5.62443e-20
590.22425	5.87224e-20
590.25785	6.05821e-20
590.29146	6.61558e-20
590.32507	6.63873e-20
590.35869	6.85807e-20
590.39231	6.96308e-20
590.42593	6.73509e-20
590.45956	6.87758e-20
590.49319	6.57439e-20
590.52683	6.21184e-20
590.56046	6.06531e-20
590.59411	6.15925e-20
590.62775	6.10029e-20
590.66140	5.51832e-20
590.69506	6.03585e-20
590.72872	6.37197e-20
590.76238	5.67129e-20
590.79604	5.77400e-20
590.82971	6.02006e-20
590.86338	6.01561e-20
590.89706	5.73976e-20
590.93074	5.47860e-20
590.96443	5.51134e-20
590.99812	5.36126e-20
591.03181	5.36356e-20
591.06550	5.01967e-20
591.09920	4.69992e-20
591.13291	4.79127e-20
591.16662	4.89091e-20
591.20033	4.88546e-20
591.23404	5.14271e-20
591.26776	5.94188e-20
591.30149	5.64280e-20
591.33521	5.65919e-20
591.36894	6.87413e-20
591.40268	6.85915e-20
591.43642	6.41603e-20
591.47016	6.46654e-20
591.50391	6.36969e-20
591.53766	6.34277e-20
591.57141	6.95104e-20
591.60517	7.26152e-20
591.63893	6.99134e-20
591.67269	7.16069e-20
591.70646	7.26989e-20
591.74024	7.34279e-20
591.77401	7.62280e-20
591.80779	7.60418e-20
591.84158	6.95792e-20
591.87537	6.46257e-20
591.90916	6.33118e-20
591.94296	6.61140e-20
591.97676	7.53423e-20
592.01056	7.49736e-20
592.04437	7.51425e-20
592.07818	7.85782e-20
592.11200	7.51642e-20
592.14582	7.68084e-20
592.17964	8.01451e-20
592.21347	8.56257e-20
592.24730	8.58223e-20
592.28113	8.04019e-20
592.31497	8.28302e-20
592.34881	7.88070e-20
592.38266	6.71303e-20
592.41651	6.30712e-20
592.45037	6.22840e-20
592.48422	6.50463e-20
592.51809	7.41804e-20
592.55195	7.01306e-20
592.58582	6.39538e-20
592.61970	6.50895e-20
592.65357	6.47214e-20
592.68745	7.05254e-20
592.72134	6.78753e-20
592.75523	7.07549e-20
592.78912	8.12011e-20
592.82302	7.51599e-20
592.85692	7.83400e-20
592.89082	8.46692e-20
592.92473	8.03556e-20
592.95865	8.15520e-20
592.99256	8.43121e-20
593.02648	8.14835e-20
593.06041	7.87765e-20
593.09433	7.86975e-20
593.12827	7.54787e-20
593.16220	7.14855e-20
593.19614	6.68653e-20
593.23008	6.06073e-20
593.26403	5.34366e-20
593.29798	5.14967e-20
593.33194	5.64784e-20
593.36590	5.45597e-20
593.39986	5.05864e-20
593.43383	5.07065e-20
593.46780	5.25430e-20
593.50177	5.87790e-20
593.53575	6.31018e-20
593.56973	5.86351e-20
593.60372	5.49111e-20
593.63771	5.64071e-20
593.67170	5.45374e-20
593.70570	5.85066e-20
593.73970	6.07912e-20
593.77371	5.26917e-20
593.80772	5.18094e-20
593.84173	4.91883e-20
593.87575	4.49319e-20
593.90977	4.68772e-20
593.94380	4.48538e-20
593.97782	4.19352e-20
594.01186	4.02423e-20
594.04589	3.78509e-20
594.07994	3.74650e-20
594.11398	3.77544e-20
594.14803	3.69993e-20
594.18208	3.66009e-20
594.21614	3.50563e-20
594.25020	3.42236e-20
594.28426	3.70355e-20
594.31833	3.76214e-20
594.35240	3.62341e-20
594.38648	3.72730e-20
594.42056	3.79117e-20
594.45464	3.55540e-20
594.48873	3.46498e-20
594.52282	3.61800e-20
594.55692	3.79618e-20
594.59102	4.18151e-20
594.62512	4.20875e-20
594.65923	3.88890e-20
594.69334	3.62349e-20
594.72745	3.23211e-20
594.76157	3.10610e-20
594.79569	3.17222e-20
594.82982	3.34989e-20
594.86395	3.59039e-20
594.89809	3.49203e-20
594.93222	3.34369e-20
594.96637	3.15541e-20
595.00051	3.03105e-20
595.03466	3.17289e-20
595.06882	3.11746e-20
595.10298	3.06174e-20
595.13714	3.10681e-20
595.17130	2.93587e-20
595.20547	2.81657e-20
595.23965	2.72765e-20
595.27383	2.74273e-20
595.30801	2.72876e-20
595.34219	2.46590e-20
595.37638	2.58271e-20
595.41058	2.71429e-20
595.44477	2.65965e-20
595.47897	2.85916e-20
595.51318	2.72661e-20
595.54739	2.46105e-20
595.58160	2.42553e-20
595.61582	2.47695e-20
595.65004	2.82984e-20
595.68427	2.95442e-20
595.71849	2.60454e-20
595.75273	2.45569e-20
595.78696	2.50623e-20
595.82120	2.44371e-20
595.85545	2.34718e-20
595.88970	2.38619e-20
595.92395	2.73089e-20
595.95821	2.91211e-20
595.99247	2.63071e-20
596.02673	2.62909e-20
596.06100	2.81795e-20
596.09527	2.85192e-20
596.12955	3.10445e-20
596.16383	3.34125e-20
596.19811	3.43477e-20
596.23240	3.58984e-20
596.26669	3.58094e-20
596.30099	3.40963e-20
596.33529	3.17456e-20
596.36959	2.95604e-20
596.40390	2.99163e-20
596.43821	2.96606e-20
596.47252	2.79943e-20
596.50684	2.83786e-20
596.54117	2.81659e-20
596.57549	2.78445e-20
596.60983	2.84522e-20
596.64416	2.81400e-20
596.67850	2.78023e-20
596.71284	2.70813e-20
596.74719	2.74054e-20
596.78154	2.78237e-20
596.81590	2.72920e-20
596.85026	2.89162e-20
596.88462	3.08283e-20
596.91899	3.05372e-20
596.95336	3.07414e-20
596.98773	3.17941e-20
597.02211	3.06888e-20
597.05649	3.05045e-20
597.09088	3.00738e-20
597.12527	2.86837e-20
597.15967	3.25017e-20
597.19406	3.38426e-20
597.22847	3.19871e-20
597.26287	3.40544e-20
597.29728	3.37182e-20
597.33170	3.12313e-20
597.36612	3.04909e-20
597.40054	3.00385e-20
597.43497	2.96772e-20
597.46940	3.05903e-20
597.50383	3.17447e-20
597.53827	3.13793e-20
597.57271	3.20064e-20
597.60716	3.33572e-20
597.64161	3.38989e-20
597.67606	3.43812e-20
597.71052	3.42120e-20
597.74498	3.46906e-20
597.77945	3.62059e-20
597.81392	3.57295e-20
597.84839	3.38488e-20
597.88287	3.28236e-20
597.91735	3.13579e-20
597.95184	3.02925e-20
597.98633	3.03236e-20
598.02082	2.98607e-20
598.05532	2.97356e-20
598.08982	2.97940e-20
598.12433	3.01048e-20
598.15884	3.03031e-20
598.19335	2.90660e-20
598.22787	3.05494e-20
598.26239	3.32823e-20
598.29692	3.15944e-20
598.33145	3.10229e-20
598.36598	3.26706e-20
598.40052	3.21607e-20
598.43506	3.24133e-20
598.46960	3.55713e-20
598.50415	3.83029e-20
598.53871	3.67932e-20
598.57326	3.60702e-20
598.60783	3.60877e-20
598.64239	3.33068e-20
598.67696	3.37199e-20
598.71154	3.52487e-20
598.74611	3.69640e-20
598.78069	3.92784e-20
598.81528	3.91417e-20
598.84987	4.04368e-20
598.88446	4.03537e-20
598.91906	3.86127e-20
598.95366	3.90923e-20
598.98827	3.95933e-20
599.02288	3.91471e-20
599.05749	3.82106e-20
599.09211	3.93512e-20
599.12673	4.05564e-20
599.16136	3.89392e-20
599.19599	3.81778e-20
599.23062	3.80822e-20
599.26526	3.65037e-20
599.29990	3.64113e-20
599.33454	3.70162e-20
599.36919	3.57328e-20
599.40385	3.68204e-20
599.43851	3.84294e-20
599.47317	3.78063e-20
599.50783	3.85845e-20
599.54250	3.99440e-20
599.57718	4.31107e-20
599.61185	4.66611e-20
599.64654	4.62387e-20
599.68122	4.48871e-20
599.71591	4.42837e-20
599.75060	4.39656e-20
599.78530	4.39053e-20
599.82000	4.49331e-20
599.85471	4.85398e-20
599.88942	5.15431e-20
599.92413	4.95673e-20
599.95885	4.63409e-20
599.99357	4.67395e-20
600.02830	4.55705e-20
600.06303	4.36223e-20
600.09776	4.51287e-20
600.13250	4.41793e-20
600.16724	4.33917e-20
600.20199	4.34360e-20
600.23674	4.05651e-20
600.27149	4.41390e-20
600.30625	5.04297e-20
600.34101	4.82057e-20
600.37578	4.51557e-20
600.41055	4.68293e-20
600.44532	4.84874e-20
600.48010	4.89198e-20
600.51488	4.86135e-20
600.54967	4.55264e-20
600.58446	4.37667e-20
600.61925	4.55223e-20
600.65405	4.57135e-20
600.68886	4.64503e-20
600.72366	4.76392e-20
600.75847	4.63597e-20
600.79329	4.59574e-20
600.82810	4.52741e-20
600.86293	4.33574e-20
600.89775	4.21464e-20
600.93258	4.20157e-20
600.96742	4.25782e-20
601.00226	4.26770e-20
601.03710	4.23228e-20
601.07195	4.05205e-20
601.10680	3.91814e-20
601.14165	4.08317e-20
601.17651	4.39271e-20
601.21137	4.52198e-20
601.24624	4.33688e-20
601.28111	4.39568e-20
601.31599	4.71670e-20
601.35087	4.78085e-20
601.38575	4.66135e-20
601.42064	4.54041e-20
601.45553	4.38670e-20
601.49042	4.21547e-20
601.52532	4.07003e-20
601.56023	4.00231e-20
601.59513	4.46999e-20
601.63005	4.61541e-20
601.66496	3.84650e-20
601.69988	3.60641e-20
601.73480	3.64750e-20
601.76973	3.66180e-20
601.80466	3.97957e-20
601.83960	4.06297e-20
601.87454	4.15458e-20
601.90948	4.44510e-20
601.94443	4.65608e-20
601.97938	4.18372e-20
602.01434	3.48216e-20
602.04930	3.41630e-20
602.08426	3.42203e-20
602.11923	3.47236e-20
602.15421	3.59462e-20
602.18918	3.39677e-20
602.22416	3.18281e-20
602.25915	3.38366e-20
602.29414	3.57985e-20
602.32913	3.39337e-20
602.36412	3.38942e-20
602.39913	3.46667e-20
602.43413	3.44140e-20
602.46914	3.38524e-20
602.50415	3.19243e-20
602.53917	3.08473e-20
602.57419	3.04084e-20
602.60922	2.90466e-20
602.64425	2.84201e-20
602.67928	2.99932e-20
602.71432	2.90245e-20
602.74936	2.77129e-20
602.78440	2.85941e-20
602.81945	2.75193e-20
602.85451	2.79223e-20
602.88956	2.66785e-20
602.92463	2.50129e-20
602.95969	2.70429e-20
602.99476	2.63276e-20
603.02984	2.39795e-20
603.06491	2.18491e-20
603.10000	2.17981e-20
603.13508	2.32284e-20
603.17017	2.34800e-20
603.20527	2.37710e-20
603.24037	2.06803e-20
603.27547	1.84924e-20
603.31058	1.93596e-20
603.34569	1.81723e-20
603.38080	1.73363e-20
603.41592	1.74898e-20
603.45104	1.79602e-20
603.48617	1.78665e-20
603.52130	1.73568e-20
603.55644	1.74978e-20
603.59158	1.65980e-20
603.62672	1.73566e-20
603.66187	1.80831e-20
603.69702	1.72523e-20
603.73218	1.79882e-20
603.76734	1.78894e-20
603.80250	1.79695e-20
603.83767	1.81116e-20
603.87284	1.65164e-20
603.90802	1.54389e-20
603.94320	1.53159e-20
603.97838	1.62838e-20
604.01357	1.69129e-20
604.04876	1.68564e-20
604.08396	1.64347e-20
604.11916	1.55561e-20
604.15437	1.51208e-20
604.18958	1.44156e-20
604.22479	1.38947e-20
604.26001	1.43226e-20
604.29523	1.57861e-20
604.33045	1.68603e-20
604.36568	1.64151e-20
604.40092	1.55678e-20
604.43616	1.51981e-20
604.47140	1.48176e-20
604.50664	1.40307e-20
604.54189	1.43983e-20
604.57715	1.45369e-20
604.61241	1.37530e-20
604.64767	1.32059e-20
604.68294	1.31944e-20
604.71821	1.44662e-20
604.75348	1.50603e-20
604.78876	1.48910e-20
604.82404	1.47950e-20
604.85933	1.50293e-20
604.89462	1.55422e-20
604.92992	1.56613e-20
604.96522	1.64900e-20
605.00052	1.71259e-20
605.03583	1.72045e-20
605.07114	1.69941e-20
605.10646	1.72134e-20
605.14178	1.85082e-20
605.17710	1.90378e-20
605.21243	1.90402e-20
605.24776	1.98277e-20
605.28310	1.99571e-20
605.31844	1.89834e-20
605.35379	2.07579e-20
605.38914	2.23785e-20
605.42449	2.00980e-20
605.45985	1.89522e-20
605.49521	1.90468e-20
605.53057	1.86918e-20
605.56594	1.91718e-20
605.60132	2.01891e-20
605.63670	2.15750e-20
605.67208	2.26583e-20
605.70746	2.13871e-20
605.74285	1.90262e-20
605.77825	1.77618e-20
605.81365	1.68174e-20
605.84905	1.68550e-20
605.88446	1.62557e-20
605.91987	1.57020e-20
605.95528	1.70240e-20
605.99070	1.66555e-20
606.02613	1.53948e-20
606.06155	1.51123e-20
606.09699	1.49895e-20
606.13242	1.43915e-20
606.16786	1.46884e-20
606.20331	1.56620e-20
606.23875	1.45673e-20
606.27421	1.42869e-20
606.30966	1.53269e-20
606.34513	1.52696e-20
606.38059	1.56002e-20
606.41606	1.66355e-20
606.45153	1.67014e-20
606.48701	1.62639e-20
606.52249	1.69993e-20
606.55798	1.78331e-20
606.59347	1.82442e-20
606.62896	1.82651e-20
606.66446	1.79865e-20
606.69996	1.82957e-20
606.73547	1.84579e-20
606.77098	1.86984e-20
606.80649	1.91913e-20
606.84201	1.95142e-20
606.87754	1.96996e-20
606.91306	1.87889e-20
606.94859	1.81200e-20
606.98413	1.82789e-20
607.01967	1.70009e-20
607.05521	1.61383e-20
607.09076	1.59162e-20
607.12631	1.54949e-20
607.16187	1.69502e-20
607.19743	1.72156e-20
607.23300	1.56072e-20
607.26857	1.58627e-20
607.30414	1.79173e-20
607.33972	1.86184e-20
607.37530	1.77492e-20
607.41088	1.74850e-20
607.44647	1.66303e-20
607.48207	1.66350e-20
607.51766	1.76552e-20
607.55327	1.79476e-20
607.58887	1.81648e-20
607.62448	1.87980e-20
607.66010	1.97397e-20
607.69572	1.87287e-20
607.73134	1.96001e-20
607.76697	2.15574e-20
607.80260	2.05765e-20
607.83824	2.13078e-20
607.87388	2.23472e-20
607.90952	2.22802e-20
607.94517	2.10712e-20
607.98082	1.99046e-20
608.01648	2.27389e-20
608.05214	2.36613e-20
608.08780	2.03922e-20
608.12347	1.90916e-20
608.15915	1.93856e-20
608.19482	1.82667e-20
608.23050	1.72663e-20
608.26619	1.71891e-20
608.30188	1.69742e-20
608.33757	1.72523e-20
608.37327	1.77963e-20
608.40898	1.81626e-20
608.44468	1.99227e-20
608.48039	2.14211e-20
608.51611	2.00072e-20
608.55183	1.93540e-20
608.58755	1.93528e-20
608.62328	1.84087e-20
608.65901	1.87126e-20
608.69475	1.85895e-20
608.73049	1.90213e-20
608.76623	1.90510e-20
608.80198	1.72450e-20
608.83773	1.71736e-20
608.87349	1.75175e-20
608.90925	1.77131e-20
608.94502	1.82024e-20
608.98079	1.84890e-20
609.01656	1.87913e-20
609.05234	1.84501e-20
609.08812	1.89694e-20
609.12391	1.95617e-20
609.15970	1.96347e-20
609.19550	1.95766e-20
609.23130	1.91684e-20
609.26710	1.96909e-20
609.30291	1.90188e-20
609.33872	1.82171e-20
609.37453	1.82623e-20
609.41035	1.77920e-20
609.44618	1.77744e-20
609.48201	1.64486e-20
609.51784	1.78460e-20
609.55368	2.06594e-20
609.58952	1.85854e-20
609.62536	1.68820e-20
609.66121	1.75237e-20
609.69707	1.81791e-20
609.73293	1.79374e-20
609.76879	1.83874e-20
609.80466	1.90306e-20
609.84053	1.85452e-20
609.87640	1.90744e-20
609.91228	1.86408e-20
609.94816	1.84336e-20
609.98405	1.88422e-20
610.01994	1.83246e-20
610.05584	1.74328e-20
610.09174	1.79330e-20
610.12765	1.94147e-20
610.16355	1.90553e-20
610.19947	2.05923e-20
610.23538	2.02766e-20
610.27131	1.96405e-20
610.30723	2.08471e-20
610.34316	1.83693e-20
610.37910	1.86948e-20
610.41503	1.97314e-20
610.45098	1.99565e-20
610.48692	2.01617e-20
610.52288	1.91119e-20
610.55883	1.96551e-20
610.59479	1.89731e-20
610.63075	1.86809e-20
610.66672	1.78847e-20
610.70269	1.83685e-20
610.73867	1.98997e-20
610.77465	2.03555e-20
610.81064	2.30544e-20
610.84663	2.36303e-20
610.88262	2.40213e-20
610.91862	2.48797e-20
610.95462	2.49954e-20
610.99063	2.53499e-20
611.02664	2.56567e-20
611.06265	2.92070e-20
611.09867	3.16433e-20
611.13469	3.00757e-20
611.17072	2.92767e-20
611.20675	3.01340e-20
611.24279	2.90396e-20
611.27883	2.99770e-20
611.31487	3.27778e-20
611.35092	3.32721e-20
611.38698	3.49376e-20
611.42303	3.70877e-20
611.45909	4.07619e-20
611.49516	4.29118e-20
611.53123	4.27489e-20
611.56730	4.12905e-20
611.60338	3.96561e-20
611.63947	4.10682e-20
611.67555	3.93161e-20
611.71164	3.78753e-20
611.74774	3.74148e-20
611.78384	3.87498e-20
611.81994	4.01554e-20
611.85605	3.71952e-20
611.89216	3.71320e-20
611.92828	3.59896e-20
611.96440	3.84731e-20
612.00053	4.30096e-20
612.03666	4.28241e-20
612.07279	4.33343e-20
612.10893	4.36182e-20
612.14507	4.78039e-20
612.18122	5.36610e-20
612.21737	5.69530e-20
612.25353	5.44885e-20
612.28969	4.99286e-20
612.32585	4.77783e-20
612.36202	4.52980e-20
612.39819	4.48294e-20
612.43437	4.37022e-20
612.47055	4.58759e-20
612.50673	4.74395e-20
612.54292	4.97311e-20
612.57912	5.83906e-20
612.61531	6.41592e-20
612.65152	6.75064e-20
612.68772	6.58606e-20
612.72393	6.44975e-20
612.76015	6.17645e-20
612.79637	5.65571e-20
612.83259	5.57689e-20
612.86882	5.16885e-20
612.90505	4.72346e-20
612.94129	4.23680e-20
612.97753	4.05458e-20
613.01377	3.98473e-20
613.05002	3.57928e-20
613.08628	3.61031e-20
613.12254	3.34621e-20
613.15880	3.01545e-20
613.19506	3.18950e-20
613.23133	3.21323e-20
613.26761	3.08011e-20
613.30389	3.28513e-20
613.34017	3.24024e-20
613.37646	2.88013e-20
613.41275	3.04687e-20
613.44905	2.98643e-20
613.48535	2.92922e-20
613.52166	3.14462e-20
613.55797	3.24797e-20
613.59428	3.38556e-20
613.63060	3.32205e-20
613.66692	3.29550e-20
613.70325	3.20410e-20
613.73958	3.18206e-20
613.77591	3.18646e-20
613.81225	3.48015e-20
613.84860	3.94664e-20
613.88494	3.79771e-20
613.92130	3.83282e-20
613.95765	3.57032e-20
613.99402	3.04524e-20
614.03038	3.00167e-20
614.06675	2.93482e-20
614.10312	2.92078e-20
614.13950	3.00267e-20
614.17589	3.27095e-20
614.21227	3.49275e-20
614.24866	3.57688e-20
614.28506	3.62581e-20
614.32146	3.57847e-20
614.35786	3.40370e-20
614.39427	3.04029e-20
614.43069	2.93825e-20
614.46710	2.94244e-20
614.50352	3.12084e-20
614.53995	3.25181e-20
614.57638	2.95666e-20
614.61281	2.84340e-20
614.64925	2.78796e-20
614.68570	2.75930e-20
614.72214	2.72561e-20
614.75860	2.57830e-20
614.79505	2.57075e-20
614.83151	2.56806e-20
614.86798	2.60934e-20
614.90445	2.63934e-20
614.94092	2.61115e-20
614.97740	2.69265e-20
615.01388	2.62834e-20
615.05036	2.45012e-20
615.08686	2.51010e-20
615.12335	2.60778e-20
615.15985	2.74328e-20
615.19635	2.77042e-20
615.23286	2.63291e-20
615.26937	2.67182e-20
615.30589	2.54800e-20
615.34241	2.70195e-20
615.37894	2.94130e-20
615.41547	2.66398e-20
615.45200	2.65049e-20
615.48854	2.61438e-20
615.52508	2.61163e-20
615.56163	2.92898e-20
615.59818	3.18253e-20
615.63474	3.55430e-20
615.67130	3.60495e-20
615.70786	3.40831e-20
615.74443	3.30616e-20
615.78100	3.16375e-20
615.81758	3.31668e-20
615.85416	3.40512e-20
615.89075	3.23307e-20
615.92734	3.18647e-20
615.96393	3.10945e-20
616.00053	3.15887e-20
616.03714	3.42247e-20
616.07374	3.44776e-20
616.11036	3.41358e-20
616.14697	3.67369e-20
616.18359	3.68653e-20
616.22022	3.49229e-20
616.25685	3.74380e-20
616.29348	3.78720e-20
616.33012	3.44466e-20
616.36676	3.33721e-20
616.40341	3.35319e-20
616.44006	3.56321e-20
616.47672	3.89081e-20
616.51338	4.19003e-20
616.55004	4.42114e-20
616.58671	4.46866e-20
616.62338	4.44089e-20
616.66006	4.31987e-20
616.69674	4.21768e-20
616.73343	4.20832e-20
616.77012	4.55654e-20
616.80682	4.98685e-20
616.84351	4.62125e-20
616.88022	3.98458e-20
616.91693	3.81177e-20
616.95364	3.75865e-20
616.99036	3.62040e-20
617.02708	3.60338e-20
617.06380	3.59982e-20
617.10053	3.80017e-20
617.13727	3.90183e-20
617.17401	3.50694e-20
617.21075	3.23274e-20
617.24750	2.97692e-20
617.28425	3.38804e-20
617.32100	4.07162e-20
617.35777	3.50918e-20
617.39453	3.14308e-20
617.43130	3.22992e-20
617.46807	3.20922e-20
617.50485	3.34104e-20
617.54163	3.16410e-20
617.57842	3.20533e-20
617.61521	3.27685e-20
617.65201	3.28521e-20
617.68881	3.76684e-20
617.72561	3.74458e-20
617.76242	3.39636e-20
617.79923	3.35130e-20
617.83605	3.28640e-20
617.87287	3.45039e-20
617.90970	3.39919e-20
617.94653	3.01910e-20
617.98337	2.96338e-20
618.02021	2.84124e-20
618.05705	2.78961e-20
618.09390	2.90941e-20
618.13075	2.75258e-20
618.16761	2.64253e-20
618.20447	2.56618e-20
618.24134	2.46113e-20
618.27821	2.43643e-20
618.31508	2.30787e-20
618.35196	2.17826e-20
618.38884	2.19787e-20
618.42573	2.17615e-20
618.46262	2.07160e-20
618.49952	2.08687e-20
618.53642	2.06092e-20
618.57333	2.00161e-20
618.61024	1.99039e-20
618.64715	1.97292e-20
618.68407	2.03325e-20
618.72099	2.14036e-20
618.75792	2.20778e-20
618.79485	2.04388e-20
618.83179	2.02336e-20
618.86873	2.07513e-20
618.90567	1.95239e-20
618.94262	2.13565e-20
618.97958	2.16982e-20
619.01654	2.17931e-20
619.05350	2.34929e-20
619.09047	2.22155e-20
619.12744	2.24329e-20
619.16441	2.21094e-20
619.20139	2.05790e-20
619.23838	2.11005e-20
619.27537	2.14282e-20
619.31236	2.27801e-20
619.34936	2.44436e-20
619.38636	2.43923e-20
619.42337	2.45089e-20
619.46038	2.48563e-20
619.49740	2.49546e-20
619.53442	2.52513e-20
619.57144	2.46197e-20
619.60847	2.52866e-20
619.64551	2.62163e-20
619.68254	2.59466e-20
619.71959	2.75048e-20
619.75663	2.77037e-20
619.79368	2.73355e-20
619.83074	2.62642e-20
619.86780	2.43043e-20
619.90486	2.45956e-20
619.94193	2.38411e-20
619.97901	2.42111e-20
620.01608	2.43957e-20
620.05317	2.43121e-20
620.09025	2.69836e-20
620.12734	2.81887e-20
620.16444	2.96571e-20
620.20154	3.16170e-20
620.23864	3.36911e-20
620.27575	3.49068e-20
620.31287	3.34212e-20
620.34998	3.29357e-20
620.38711	3.30187e-20
620.42423	3.27810e-20
620.46137	3.36213e-20
620.49850	3.44175e-20
620.53564	3.34057e-20
620.57279	3.38503e-20
620.60993	3.42371e-20
620.64709	3.37023e-20
620.68425	3.43429e-20
620.72141	3.27695e-20
620.75857	3.64722e-20
620.79575	3.83455e-20
620.83292	3.08919e-20
620.87010	2.88817e-20
620.90729	2.97816e-20
620.94447	2.99874e-20
620.98167	3.02496e-20
621.01887	2.96583e-20
621.05607	2.93219e-20
621.09328	2.70955e-20
621.13049	2.72863e-20
621.16770	2.82760e-20
621.20492	2.78058e-20
621.24215	2.78891e-20
621.27938	2.73901e-20
621.31661	2.57587e-20
621.35385	2.33514e-20
621.39109	2.31517e-20
621.42834	2.26996e-20
621.46559	2.15427e-20
621.50284	2.20433e-20
621.54010	2.23482e-20
621.57737	2.21180e-20
621.61464	2.10818e-20
621.65191	2.08847e-20
621.68919	2.09549e-20
621.72647	2.09038e-20
621.76376	2.13922e-20
621.80105	2.01916e-20
621.83835	1.94287e-20
621.87565	1.98618e-20
621.91295	1.93812e-20
621.95026	1.98457e-20
621.98758	2.03405e-20
622.02490	1.76824e-20
622.06222	1.69434e-20
622.09955	1.90364e-20
622.13688	1.86531e-20
622.17422	1.83683e-20
622.21156	1.85251e-20
622.24890	1.77525e-20
622.28625	1.78592e-20
622.32361	1.93871e-20
622.36096	2.11566e-20
622.39833	2.09242e-20
622.43570	2.09257e-20
622.47307	2.10620e-20
622.51044	2.03108e-20
622.54783	2.14293e-20
622.58521	2.27735e-20
622.62260	2.26731e-20
622.66000	2.26688e-20
622.69740	2.22168e-20
622.73480	2.06696e-20
622.77221	2.15110e-20
622.80962	2.25968e-20
622.84704	2.01718e-20
622.88446	1.89977e-20
622.92189	1.91887e-20
622.95932	1.89127e-20
622.99675	1.96538e-20
623.03419	2.23158e-20
623.07164	2.43552e-20
623.10908	2.18433e-20
623.14654	1.99990e-20
623.18400	2.04187e-20
623.22146	1.99142e-20
623.25892	2.14724e-20
623.29640	2.49090e-20
623.33387	2.57266e-20
623.37135	2.45869e-20
623.40884	2.51362e-20
623.44633	2.37752e-20
623.48382	2.20463e-20
623.52132	2.32783e-20
623.55882	2.17297e-20
623.59633	1.95787e-20
623.63384	1.95267e-20
623.67136	2.22983e-20
623.70888	2.78924e-20
623.74640	2.84994e-20
623.78393	2.49044e-20
623.82147	2.23843e-20
623.85901	2.05574e-20
623.89655	1.95901e-20
623.93410	1.93619e-20
623.97165	1.92220e-20
624.00921	2.03660e-20
624.04677	2.17910e-20
624.08433	2.12664e-20
624.12190	2.12979e-20
624.15948	2.20281e-20
624.19706	2.08451e-20
624.23464	1.96989e-20
624.27223	2.10083e-20
624.30982	2.20553e-20
624.34742	2.28216e-20
624.38502	2.36458e-20
624.42263	2.06299e-20
624.46024	1.98827e-20
624.49786	2.15246e-20
624.53548	2.04352e-20
624.57310	2.07809e-20
624.61073	2.03921e-20
624.64837	2.01940e-20
624.68601	2.13798e-20
624.72365	2.10894e-20
624.76130	2.11342e-20
624.79895	2.08620e-20
624.83660	2.01850e-20
624.87427	1.93364e-20
624.91193	1.96745e-20
624.94960	2.00223e-20
624.98728	1.96421e-20
625.02496	2.15727e-20
625.06264	2.27063e-20
625.10033	2.27967e-20
625.13802	2.18797e-20
625.17572	1.97787e-20
625.21342	2.07767e-20
625.25113	2.29592e-20
625.28884	2.29521e-20
625.32655	2.16438e-20
625.36427	2.08932e-20
625.40200	2.00660e-20
625.43973	1.93445e-20
625.47746	1.93278e-20
625.51520	1.87183e-20
625.55294	1.88982e-20
625.59069	1.87504e-20
625.62844	1.85496e-20
625.66620	1.98272e-20
625.70396	2.01907e-20
625.74173	2.09595e-20
625.77950	2.05175e-20
625.81727	1.81150e-20
625.85505	1.78147e-20
625.89284	1.75927e-20
625.93063	1.74102e-20
625.96842	1.78788e-20
626.00622	1.73161e-20
626.04402	1.74189e-20
626.08183	1.77629e-20
626.11964	1.83587e-20
626.15745	1.88623e-20
626.19527	1.73207e-20
626.23310	1.57630e-20
626.27093	1.54881e-20
626.30876	1.48375e-20
626.34660	1.44478e-20
626.38445	1.52226e-20
626.42229	1.56057e-20
626.46015	1.71097e-20
626.49800	1.95148e-20
626.53586	1.98780e-20
626.57373	1.86466e-20
626.61160	1.71156e-20
626.64948	1.69363e-20
626.68736	1.68557e-20
626.72524	1.65407e-20
626.76313	1.66237e-20
626.80102	1.62463e-20
626.83892	1.63809e-20
626.87683	1.55005e-20
626.91473	1.53074e-20
626.95265	1.61933e-20
626.99056	1.52380e-20
627.02848	1.52935e-20
627.06641	1.61427e-20
627.10434	1.59611e-20
627.14228	1.51556e-20
627.18021	1.43120e-20
627.21816	1.46084e-20
627.25611	1.48441e-20
627.29406	1.46655e-20
627.33202	1.38665e-20
627.36998	1.33836e-20
627.40795	1.51284e-20
627.44592	1.52073e-20
627.48390	1.38854e-20
627.52188	1.40211e-20
627.55986	1.38735e-20
627.59785	1.47618e-20
627.63585	1.44950e-20
627.67385	1.28871e-20
627.71185	1.27396e-20
627.74986	1.24443e-20
627.78787	1.32201e-20
627.82589	1.32815e-20
627.86391	1.30814e-20
627.90194	1.34644e-20
627.93997	1.26245e-20
627.97801	1.28429e-20
628.01605	1.25720e-20
628.05410	1.22797e-20
628.09215	1.22978e-20
628.13020	1.21956e-20
628.16826	1.26396e-20
628.20632	1.22737e-20
628.24439	1.21547e-20
628.28246	1.16605e-20
628.32054	1.19601e-20
628.35862	1.20957e-20
628.39671	1.14155e-20
628.43480	1.19983e-20
628.47290	1.23194e-20
628.51100	1.25981e-20
628.54911	1.21975e-20
628.58722	1.27722e-20
628.62533	1.38182e-20
628.66345	1.31887e-20
628.70157	1.27653e-20
628.73970	1.25795e-20
628.77784	1.28304e-20
628.81597	1.22959e-20
628.85412	1.22131e-20
628.89226	1.28258e-20
628.93041	1.27472e-20
628.96857	1.31506e-20
629.00673	1.40033e-20
629.04490	1.52485e-20
629.08307	1.49561e-20
629.12124	1.43495e-20
629.15942	1.38944e-20
629.19761	1.27734e-20
629.23579	1.22395e-20
629.27399	1.20433e-20
629.31219	1.23902e-20
629.35039	1.17310e-20
629.38860	1.20395e-20
629.42681	1.24918e-20
629.46502	1.08952e-20
629.50325	1.07998e-20
629.54147	1.11350e-20
629.57970	1.08074e-20
629.61794	1.04329e-20
629.65618	1.02017e-20
629.69442	1.04681e-20
629.73267	1.08591e-20
629.77092	1.07610e-20
629.80918	1.05124e-20
629.84745	1.09807e-20
629.88571	1.05841e-20
629.92399	9.89880e-21
629.96226	9.64794e-21
630.00054	9.43306e-21
630.03883	9.37513e-21
630.07712	9.21297e-21
630.11542	8.64637e-21
630.15372	8.03014e-21
630.19202	8.40367e-21
630.23033	8.19529e-21
630.26865	8.67539e-21
630.30696	9.41381e-21
630.34529	9.27217e-21
630.38362	1.02187e-20
630.42195	9.85883e-21
630.46029	9.84668e-21
630.49863	1.11767e-20
630.53698	1.12483e-20
630.57533	1.09594e-20
630.61368	1.15858e-20
630.65204	1.17706e-20
630.69041	1.04382e-20
630.72878	1.12317e-20
630.76715	1.18681e-20
630.80553	1.03237e-20
630.84392	1.02365e-20
630.88231	1.08164e-20
630.92070	1.14378e-20
630.95910	1.17949e-20
630.99750	1.18723e-20
631.03591	1.19034e-20
631.07432	1.18172e-20
631.11274	1.17235e-20
631.15116	1.15388e-20
631.18959	1.24043e-20
631.22802	1.26432e-20
631.26645	1.26465e-20
631.30489	1.45133e-20
631.34334	1.45374e-20
631.38179	1.31397e-20
631.42024	1.41924e-20
631.45870	1.40245e-20
631.49716	1.22442e-20
631.53563	1.15102e-20
631.57411	1.10011e-20
631.61258	1.25093e-20
631.65107	1.37994e-20
631.68955	1.32637e-20
631.72805	1.27201e-20
631.76654	1.22285e-20
631.80504	1.30529e-20
631.84355	1.36490e-20
631.88206	1.34182e-20
631.92057	1.35147e-20
631.95909	1.42474e-20
631.99762	1.43939e-20
632.03615	1.31385e-20
632.07468	1.30587e-20
632.11322	1.35082e-20
632.15177	1.33289e-20
632.19031	1.35200e-20
632.22887	1.46581e-20
632.26742	1.50281e-20
632.30599	1.42149e-20
632.34455	1.36092e-20
632.38312	1.29364e-20
632.42170	1.34523e-20
632.46028	1.27227e-20
632.49887	1.18071e-20
632.53746	1.23537e-20
632.57605	1.16475e-20
632.61465	1.21383e-20
632.65326	1.18801e-20
632.69187	1.16909e-20
632.73048	1.29144e-20
632.76910	9.89669e-21
632.80772	8.97825e-21
632.84635	9.99129e-21
632.88499	1.01554e-20
632.92362	1.01432e-20
632.96227	1.01445e-20
633.00091	1.02988e-20
633.03956	1.10552e-20
633.07822	1.11396e-20
633.11688	1.12666e-20
633.15555	1.14556e-20
633.19422	1.09554e-20
633.23289	1.09583e-20
633.27157	1.24998e-20
633.31026	1.48856e-20
633.34895	1.52133e-20
633.38764	1.43857e-20
633.42634	1.40690e-20
633.46505	1.41217e-20
633.50375	1.50656e-20
633.54247	1.43255e-20
633.58119	1.33040e-20
633.61991	1.34498e-20
633.65864	1.34606e-20
633.69737	1.49830e-20
633.73611	1.58207e-20
633.77485	1.45005e-20
633.81359	1.32122e-20
633.85234	1.29670e-20
633.89110	1.27290e-20
633.92986	1.26230e-20
633.96863	1.31879e-20
634.00740	1.29269e-20
634.04617	1.42799e-20
634.08495	1.57848e-20
634.12374	1.47704e-20
634.16252	1.54298e-20
634.20132	1.65559e-20
634.24012	1.50039e-20
634.27892	1.34221e-20
634.31773	1.39934e-20
634.35654	1.49189e-20
634.39536	1.49831e-20
634.43418	1.47525e-20
634.47301	1.42889e-20
634.51184	1.41719e-20
634.55068	1.40466e-20
634.58952	1.38617e-20
634.62836	1.38091e-20
634.66721	1.26532e-20
634.70607	1.10781e-20
634.74493	1.15004e-20
634.78380	1.24031e-20
634.82267	1.17694e-20
634.86154	1.12830e-20
634.90042	1.04589e-20
634.93930	9.82591e-21
634.97819	1.07372e-20
635.01709	1.18352e-20
635.05598	1.24098e-20
635.09489	1.25835e-20
635.13380	1.28143e-20
635.17271	1.27046e-20
635.21163	1.31852e-20
635.25055	1.34550e-20
635.28948	1.28002e-20
635.32841	1.30926e-20
635.36734	1.29934e-20
635.40629	1.34317e-20
635.44523	1.40335e-20
635.48418	1.34257e-20
635.52314	1.33378e-20
635.56210	1.34146e-20
635.60106	1.36761e-20
635.64003	1.33733e-20
635.67901	1.25598e-20
635.71799	1.22621e-20
635.75697	1.28794e-20
635.79596	1.32775e-20
635.83496	1.25823e-20
635.87395	1.27317e-20
635.91296	1.26440e-20
635.95197	1.28865e-20
635.99098	1.35187e-20
636.03000	1.39730e-20
636.06902	1.57586e-20
636.10805	1.63576e-20
636.14708	1.59138e-20
636.18612	1.52889e-20
636.22516	1.47409e-20
636.26420	1.48942e-20
636.30326	1.51128e-20
636.34231	1.56526e-20
636.38137	1.48928e-20
636.42044	1.30030e-20
636.45951	1.20645e-20
636.49858	1.30827e-20
636.53766	1.39448e-20
636.57675	1.40746e-20
636.61584	1.51830e-20
636.65493	1.46048e-20
636.69403	1.37421e-20
636.73314	1.45259e-20
636.77225	1.44752e-20
636.81136	1.45712e-20
636.85048	1.53704e-20
636.88960	1.49437e-20
636.92873	1.48836e-20
636.96786	1.54037e-20
637.00700	1.45713e-20
637.04614	1.40651e-20
637.08529	1.29651e-20
637.12444	1.25879e-20
637.16360	1.36003e-20
637.20276	1.29149e-20
637.24193	1.33741e-20
637.28110	1.43604e-20
637.32028	1.39767e-20
637.35946	1.42268e-20
637.39864	1.50174e-20
637.43784	1.43997e-20
637.47703	1.36807e-20
637.51623	1.43660e-20
637.55544	1.35696e-20
637.59465	1.41716e-20
637.63386	1.63800e-20
637.67308	1.66172e-20
637.71231	1.61882e-20
637.75153	1.54070e-20
637.79077	1.56271e-20
637.83001	1.65034e-20
637.86925	1.67300e-20
637.90850	1.65512e-20
637.94775	1.65241e-20
637.98701	1.60098e-20
638.02628	1.54383e-20
638.06554	1.58514e-20
638.10482	1.46976e-20
638.14409	1.40338e-20
638.18338	1.41804e-20
638.22266	1.30525e-20
638.26196	1.22825e-20
638.30125	1.19349e-20
638.34055	1.16540e-20
638.37986	1.14444e-20
638.41917	1.17507e-20
638.45849	1.18597e-20
638.49781	1.22749e-20
638.53714	1.23934e-20
638.57647	1.27791e-20
638.61580	1.32693e-20
638.65514	1.25876e-20
638.69449	1.43558e-20
638.73384	1.39501e-20
638.77319	1.31484e-20
638.81255	1.40734e-20
638.85192	1.21782e-20
638.89129	1.27868e-20
638.93066	1.24500e-20
638.97004	1.23902e-20
639.00943	1.47419e-20
639.04882	1.40784e-20
639.08821	1.44061e-20
639.12761	1.42900e-20
639.16701	1.34028e-20
639.20642	1.31586e-20
639.24583	1.23406e-20
639.28525	1.23964e-20
639.32468	1.22155e-20
639.36410	1.21700e-20
639.40354	1.20641e-20
639.44297	1.23966e-20
639.48242	1.30049e-20
639.52186	1.23408e-20
639.56132	1.22718e-20
639.60077	1.27065e-20
639.64024	1.35010e-20
639.67970	1.51254e-20
639.71917	1.63240e-20
639.75865	1.67244e-20
639.79813	1.61871e-20
639.83762	1.58411e-20
639.87711	1.58669e-20
639.91661	1.57494e-20
639.95611	1.59375e-20
639.99561	1.51340e-20
640.03512	1.57481e-20
640.07464	1.66081e-20
640.11416	1.45904e-20
640.15369	1.32530e-20
640.19322	1.19177e-20
640.23275	1.16908e-20
640.27229	1.27396e-20
640.31184	1.31866e-20
640.35139	1.44059e-20
640.39094	1.46311e-20
640.43050	1.51629e-20
640.47007	1.53109e-20
640.50963	1.50474e-20
640.54921	1.59629e-20
640.58879	1.61228e-20
640.62837	1.64366e-20
640.66796	1.65815e-20
640.70756	1.60117e-20
640.74715	1.46170e-20
640.78676	1.48550e-20
640.82637	1.60860e-20
640.86598	1.47878e-20
640.90560	1.45962e-20
640.94522	1.52090e-20
640.98485	1.48663e-20
641.02448	1.54229e-20
641.06412	1.60509e-20
641.10376	1.58202e-20
641.14341	1.60295e-20
641.18306	1.59251e-20
641.22272	1.54125e-20
641.26238	1.57629e-20
641.30205	1.52000e-20
641.34172	1.46022e-20
641.38140	1.40290e-20
641.42108	1.43069e-20
641.46077	1.51501e-20
641.50046	1.44425e-20
641.54016	1.44317e-20
641.57986	1.43642e-20
641.61957	1.55738e-20
641.65928	1.75493e-20
641.69899	1.87087e-20
641.73872	1.95189e-20
641.77844	1.87726e-20
641.81817	1.86634e-20
641.85791	1.89980e-20
641.89765	1.98739e-20
641.93740	1.93840e-20
641.97715	1.83683e-20
642.01690	1.87365e-20
642.05666	1.79465e-20
642.09643	1.86620e-20
642.13620	1.90478e-20
642.17598	1.86430e-20
642.21576	1.94283e-20
642.25554	2.05408e-20
642.29533	2.14870e-20
642.33513	2.24482e-20
642.37493	2.38291e-20
642.41473	2.32330e-20
642.45454	2.36348e-20
642.49436	2.24878e-20
642.53418	2.14898e-20
642.57400	2.37050e-20
642.61383	2.20870e-20
642.65367	2.22338e-20
642.69351	2.22799e-20
642.73335	1.99415e-20
642.77320	1.98317e-20
642.81305	1.88094e-20
642.85291	2.05134e-20
642.89278	2.26963e-20
642.93265	1.96222e-20
642.97252	1.60831e-20
643.01240	1.81058e-20
643.05229	2.04432e-20
643.09217	1.81628e-20
643.13207	1.83917e-20
643.17197	1.94410e-20
643.21187	1.86091e-20
643.25178	1.93324e-20
643.29169	2.08038e-20
643.33161	2.20826e-20
643.37154	2.26825e-20
643.41147	2.29784e-20
643.45140	2.22717e-20
643.49134	1.96320e-20
643.53128	1.76378e-20
643.57123	1.78368e-20
643.61118	1.86265e-20
643.65114	1.96461e-20
643.69111	1.92439e-20
643.73107	1.72601e-20
643.77105	1.72980e-20
643.81103	1.69379e-20
643.85101	1.53386e-20
643.89100	1.53164e-20
643.93099	1.55778e-20
643.97099	1.57444e-20
644.01099	1.55970e-20
644.05100	1.46306e-20
644.09101	1.47674e-20
644.13103	1.52886e-20
644.17105	1.41542e-20
644.21108	1.39565e-20
644.25112	1.43870e-20
644.29115	1.34375e-20
644.33120	1.28588e-20
644.37124	1.23210e-20
644.41130	1.23016e-20
644.45136	1.23774e-20
644.49142	1.18051e-20
644.53149	1.24282e-20
644.57156	1.29192e-20
644.61164	1.36269e-20
644.65172	1.42008e-20
644.69181	1.30649e-20
644.73190	1.28350e-20
644.77200	1.28304e-20
644.81210	1.36268e-20
644.85221	1.66532e-20
644.89232	1.85221e-20
644.93244	1.80518e-20
644.97256	1.59407e-20
645.01269	1.47380e-20
645.05282	1.53265e-20
645.09296	1.63643e-20
645.13310	1.72379e-20
645.17325	1.68394e-20
645.21340	1.62141e-20
645.25356	1.48704e-20
645.29372	1.42713e-20
645.33389	1.52643e-20
645.37406	1.60968e-20
645.41424	1.71770e-20
645.45442	1.67560e-20
645.49461	1.63066e-20
645.53480	1.64196e-20
645.57500	1.67380e-20
645.61520	1.70859e-20
645.65541	1.66482e-20
645.69562	1.69222e-20
645.73584	1.56119e-20
645.77607	1.61013e-20
645.81629	1.69710e-20
645.85653	1.55912e-20
645.89676	1.60989e-20
645.93701	1.48738e-20
645.97725	1.66830e-20
646.01751	2.04525e-20
646.05776	2.09582e-20
646.09803	2.31202e-20
646.13830	2.30908e-20
646.17857	2.21750e-20
646.21885	2.23361e-20
646.25913	2.24448e-20
646.29942	2.33726e-20
646.33971	2.21628e-20
646.38001	2.22243e-20
646.42031	2.22488e-20
646.46062	2.09700e-20
646.50093	2.19989e-20
646.54125	2.28407e-20
646.58157	2.53851e-20
646.62190	2.81258e-20
646.66223	2.74027e-20
646.70257	2.61836e-20
646.74292	2.58224e-20
646.78326	2.72543e-20
646.82362	2.67471e-20
646.86398	2.41182e-20
646.90434	2.44846e-20
646.94471	2.73389e-20
646.98508	3.02375e-20
647.02546	2.87128e-20
647.06584	2.63729e-20
647.10623	2.72419e-20
647.14663	2.63910e-20
647.18702	2.46951e-20
647.22743	2.37736e-20
647.26784	2.31169e-20
647.30825	2.23751e-20
647.34867	2.20057e-20
647.38909	2.35668e-20
647.42952	2.54591e-20
647.46996	2.60701e-20
647.51040	2.50528e-20
647.55084	2.43295e-20
647.59129	2.55788e-20
647.63174	2.68311e-20
647.67220	2.57177e-20
647.71267	2.45384e-20
647.75314	2.36302e-20
647.79361	2.19932e-20
647.83409	2.29934e-20
647.87458	2.27923e-20
647.91506	2.12048e-20
647.95556	2.12194e-20
647.99606	2.05165e-20
648.03656	2.06273e-20
648.07707	1.96381e-20
648.11759	1.77842e-20
648.15811	1.69921e-20
648.19863	1.64416e-20
648.23916	1.56942e-20
648.27970	1.43245e-20
648.32024	1.41010e-20
648.36078	1.32242e-20
648.40134	1.27706e-20
648.44189	1.27709e-20
648.48245	1.17733e-20
648.52302	1.18643e-20
648.56359	1.05593e-20
648.60416	9.59440e-21
648.64474	9.75670e-21
648.68533	9.73985e-21
648.72592	1.09346e-20
648.76652	1.15427e-20
648.80712	1.22654e-20
648.84772	1.28014e-20
648.88834	1.23286e-20
648.92895	1.18074e-20
648.96957	1.10280e-20
649.01020	1.07551e-20
649.05083	1.05085e-20
649.09147	1.08691e-20
649.13211	1.24261e-20
649.17276	1.27091e-20
649.21341	1.15330e-20
649.25407	1.09211e-20
649.29473	1.06391e-20
649.33540	1.05702e-20
649.37607	1.13107e-20
649.41675	1.10786e-20
649.45743	1.04204e-20
649.49812	1.10411e-20
649.53881	1.12220e-20
649.57951	1.10413e-20
649.62021	1.07491e-20
649.66092	1.03111e-20
649.70163	1.08667e-20
649.74235	1.04842e-20
649.78307	9.79593e-21
649.82380	1.06567e-20
649.86454	1.13968e-20
649.90528	1.18158e-20
649.94602	1.20680e-20
649.98677	1.18119e-20
650.02752	1.19106e-20
650.06828	1.24952e-20
650.10905	1.22607e-20
650.14981	1.23200e-20
650.19059	1.30433e-20
650.23137	1.31635e-20
650.27215	1.38979e-20
650.31294	1.42838e-20
650.35374	1.47046e-20
650.39454	1.47786e-20
650.43534	1.34993e-20
650.47615	1.33505e-20
650.51697	1.29237e-20
650.55779	1.34314e-20
650.59862	1.45358e-20
650.63945	1.24888e-20
650.68028	1.01089e-20
650.72112	1.07045e-20
650.76197	1.33302e-20
650.80282	1.28704e-20
650.84368	1.15681e-20
650.88454	1.26288e-20
650.92541	1.24424e-20
650.96628	1.52234e-20
651.00716	1.82807e-20
651.04804	1.48550e-20
651.08892	1.26422e-20
651.12982	1.34267e-20
651.17071	1.27740e-20
651.21162	1.27609e-20
651.25253	1.36909e-20
651.29344	1.33417e-20
651.33436	1.28515e-20
651.37528	1.31531e-20
651.41621	1.30755e-20
651.45714	1.39935e-20
651.49808	1.51327e-20
651.53902	1.45241e-20
651.57997	1.41763e-20
651.62093	1.30113e-20
651.66189	1.10943e-20
651.70285	1.06432e-20
651.74382	1.06075e-20
651.78479	1.03477e-20
651.82577	1.06810e-20
651.86676	1.19220e-20
651.90775	1.15730e-20
651.94875	1.05854e-20
651.98975	1.09147e-20
652.03075	1.12550e-20
652.07176	1.18437e-20
652.11278	1.13592e-20
652.15380	1.07296e-20
652.19483	1.06435e-20
652.23586	9.63754e-21
652.27689	8.95253e-21
652.31794	9.51301e-21
652.35898	1.12776e-20
652.40003	1.17739e-20
652.44109	1.11385e-20
652.48215	1.10535e-20
652.52322	1.10079e-20
652.56429	1.11099e-20
652.60537	1.07138e-20
652.64646	1.05222e-20
652.68754	1.06055e-20
652.72864	1.06923e-20
652.76974	1.06499e-20
652.81084	1.00504e-20
652.85195	9.49067e-21
652.89306	8.90615e-21
652.93418	9.09671e-21
652.97531	9.12618e-21
653.01644	9.50816e-21
653.05757	1.06600e-20
653.09871	9.95976e-21
653.13986	9.61763e-21
653.18101	9.77146e-21
653.22216	8.57756e-21
653.26332	8.34998e-21
653.30449	8.90726e-21
653.34566	9.25990e-21
653.38684	9.48989e-21
653.42802	8.88892e-21
653.46921	8.27714e-21
653.51040	8.49760e-21
653.55159	8.88542e-21
653.59280	8.47641e-21
653.63400	8.16439e-21
653.67522	8.70349e-21
653.71644	8.28305e-21
653.75766	8.19064e-21
653.79889	8.89835e-21
653.84012	8.11966e-21
653.88136	7.73620e-21
653.92260	8.43776e-21
653.96385	8.71430e-21
654.00511	8.77234e-21
654.04637	8.86556e-21
654.08763	8.77576e-21
654.12890	8.66026e-21
654.17018	8.64669e-21
654.21146	8.14183e-21
654.25274	7.73229e-21
654.29403	7.94032e-21
654.33533	8.36121e-21
654.37663	8.43496e-21
654.41794	8.25002e-21
654.45925	8.74951e-21
654.50056	9.30095e-21
654.54189	9.67342e-21
654.58321	9.99428e-21
654.62455	9.64243e-21
654.66588	9.67000e-21
654.70723	1.02300e-20
654.74858	9.92178e-21
654.78993	9.38363e-21
654.83129	9.41506e-21
654.87265	9.68479e-21
654.91402	9.62305e-21
654.95540	9.34362e-21
654.99677	9.63926e-21
655.03816	9.21389e-21
655.07955	8.75363e-21
655.12094	8.80653e-21
655.16235	8.41337e-21
655.20375	8.87216e-21
655.24516	8.97353e-21
655.28658	9.60802e-21
655.32800	1.06914e-20
655.36943	9.48775e-21
655.41086	8.39480e-21
655.45229	7.90764e-21
655.49374	6.80787e-21
655.53518	7.03456e-21
655.57664	9.18374e-21
655.61810	9.49074e-21
655.65956	9.03894e-21
655.70103	1.05653e-20
655.74250	1.10752e-20
655.78398	1.13234e-20
655.82546	1.11469e-20
655.86695	1.06118e-20
655.90845	1.07549e-20
655.94995	1.00674e-20
655.99145	1.00621e-20
656.03297	9.75439e-21
656.07448	9.07379e-21
656.11600	8.56380e-21
656.15753	8.09779e-21
656.19906	9.08877e-21
656.24060	9.46776e-21
656.28214	8.77014e-21
656.32369	7.66336e-21
656.36524	7.05280e-21
656.40680	7.27327e-21
656.44836	7.03950e-21
656.48993	7.01297e-21
656.53150	7.04792e-21
656.57308	7.33449e-21
656.61467	7.42644e-21
656.65625	7.28487e-21
656.69785	8.03909e-21
656.73945	8.22978e-21
656.78105	8.07531e-21
656.82267	8.14915e-21
656.86428	8.06541e-21
656.90590	8.31161e-21
656.94753	7.90338e-21
656.98916	7.01880e-21
657.03080	6.74048e-21
657.07244	6.68711e-21
657.11409	6.55215e-21
657.15574	6.19497e-21
657.19740	6.09809e-21
657.23906	6.20283e-21
657.28073	5.86874e-21
657.32240	5.93548e-21
657.36408	6.55519e-21
657.40577	6.69309e-21
657.44746	6.63011e-21
657.48915	6.61713e-21
657.53085	6.29263e-21
657.57256	6.39884e-21
657.61427	6.67911e-21
657.65599	6.95901e-21
657.69771	7.31302e-21
657.73943	6.79099e-21
657.78117	6.49764e-21
657.82290	6.46813e-21
657.86465	6.07922e-21
657.90639	6.04193e-21
657.94815	6.23520e-21
657.98991	6.35804e-21
658.03167	6.31437e-21
658.07344	6.47862e-21
658.11521	6.27804e-21
658.15699	6.11017e-21
658.19878	6.25564e-21
658.24057	6.30094e-21
658.28236	6.70303e-21
658.32416	6.57615e-21
658.36597	6.21502e-21
658.40778	5.99933e-21
658.44960	6.26112e-21
658.49142	6.38301e-21
658.53325	6.25365e-21
658.57508	6.90480e-21
658.61692	6.85784e-21
658.65876	6.97979e-21
658.70061	6.67429e-21
658.74247	6.21511e-21
658.78433	6.74121e-21
658.82619	6.42512e-21
658.86806	6.59876e-21
658.90994	6.74281e-21
658.95182	6.88047e-21
658.99370	6.90204e-21
659.03560	6.37365e-21
659.07749	7.05601e-21
659.11939	7.04995e-21
659.16130	6.62073e-21
659.20321	7.13858e-21
659.24513	7.86171e-21
659.28706	7.45045e-21
659.32898	6.41761e-21
659.37092	6.52496e-21
659.41286	6.60167e-21
659.45480	6.27077e-21
659.49675	5.99952e-21
659.53871	6.83498e-21
659.58067	7.53612e-21
659.62263	7.26000e-21
659.66461	7.71184e-21
659.70658	7.53170e-21
659.74856	6.99031e-21
659.79055	6.55978e-21
659.83255	6.18791e-21
659.87454	6.29658e-21
659.91655	6.28627e-21
659.95856	6.84683e-21
660.00057	7.56987e-21
660.04259	7.65296e-21
660.08461	6.99705e-21
660.12664	6.10700e-21
660.16868	5.60505e-21
660.21072	5.41051e-21
660.25277	5.46442e-21
660.29482	5.47087e-21
660.33688	5.20299e-21
660.37894	4.91908e-21
660.42101	4.98041e-21
660.46308	4.84029e-21
660.50516	4.85170e-21
660.54724	5.07608e-21
660.58933	5.29152e-21
660.63142	5.67738e-21
660.67352	5.30833e-21
660.71563	5.35707e-21
660.75774	5.89129e-21
660.79986	5.59481e-21
660.84198	5.31710e-21
660.88410	5.09328e-21
660.92624	4.59777e-21
660.96837	4.56565e-21
661.01052	4.58988e-21
661.05267	4.34495e-21
661.09482	5.41894e-21
661.13698	6.34510e-21
661.17914	5.59886e-21
661.22131	4.82580e-21
661.26349	4.28844e-21
661.30567	3.94135e-21
661.34785	3.90961e-21
661.39004	4.22814e-21
661.43224	4.12281e-21
661.47444	3.80125e-21
661.51665	3.99488e-21
661.55886	3.82306e-21
661.60108	3.88396e-21
661.64331	4.12396e-21
661.68553	4.09808e-21
661.72777	3.98650e-21
661.77001	3.92653e-21
661.81225	4.29556e-21
661.85450	4.36227e-21
661.89676	4.22426e-21
661.93902	4.17830e-21
661.98129	4.21993e-21
662.02356	4.28906e-21
662.06584	3.95943e-21
662.10812	3.71022e-21
662.15041	3.70114e-21
662.19270	3.53972e-21
662.23500	3.57079e-21
662.27731	3.81310e-21
662.31962	3.49797e-21
662.36193	3.33549e-21
662.40425	3.68828e-21
662.44658	3.76552e-21
662.48891	3.59314e-21
662.53125	3.30600e-21
662.57359	3.41281e-21
662.61594	3.53033e-21
662.65829	3.36695e-21
662.70065	3.56512e-21
662.74301	3.74304e-21
662.78538	3.74186e-21
662.82776	3.69834e-21
662.87014	3.70605e-21
662.91252	3.94529e-21
662.95491	3.96219e-21
662.99731	3.75632e-21
663.03971	3.84495e-21
663.08212	3.80009e-21
663.12453	3.61886e-21
663.16695	3.60564e-21
663.20937	3.57438e-21
663.25180	3.71213e-21
663.29424	3.47999e-21
663.33668	3.40331e-21
663.37912	3.89473e-21
663.42157	3.82173e-21
663.46403	3.84689e-21
663.50649	4.00237e-21
663.54896	3.69520e-21
663.59143	3.56775e-21
663.63391	3.38215e-21
663.67639	3.21287e-21
663.71888	3.36140e-21
663.76138	3.66356e-21
663.80388	4.17787e-21
663.84638	4.15057e-21
663.88889	3.89461e-21
663.93141	4.01935e-21
663.97393	3.83378e-21
664.01646	3.74390e-21
664.05899	3.49303e-21
664.10153	3.24374e-21
664.14407	3.69094e-21
664.18662	3.77337e-21
664.22917	3.69674e-21
664.27173	3.79782e-21
664.31430	3.92776e-21
664.35687	4.20637e-21
664.39945	4.32782e-21
664.44203	4.33558e-21
664.48461	4.30123e-21
664.52721	4.43461e-21
664.56980	4.64162e-21
664.61241	5.00443e-21
664.65502	5.34945e-21
664.69763	5.15124e-21
664.74025	4.81079e-21
664.78288	4.68550e-21
664.82551	4.79517e-21
664.86814	4.92316e-21
664.91078	5.21014e-21
664.95343	5.54009e-21
664.99608	5.65929e-21
665.03874	5.88771e-21
665.08141	5.88944e-21
665.12407	5.66705e-21
665.16675	5.67195e-21
665.20943	5.58023e-21
665.25211	5.28120e-21
665.29481	5.40961e-21
665.33750	5.67323e-21
665.38020	5.71099e-21
665.42291	5.62775e-21
665.46562	5.45322e-21
665.50834	5.87751e-21
665.55107	6.00888e-21
665.59379	5.69566e-21
665.63653	5.99918e-21
665.67927	6.24147e-21
665.72202	6.17930e-21
665.76477	5.66957e-21
665.80752	5.60177e-21
665.85029	6.20989e-21
665.89305	6.39801e-21
665.93583	7.25136e-21
665.97861	7.93168e-21
666.02139	7.81527e-21
666.06418	8.39710e-21
666.10697	8.48777e-21
666.14978	7.98154e-21
666.19258	7.39574e-21
666.23539	6.48529e-21
666.27821	6.36912e-21
666.32103	6.83032e-21
666.36386	7.83730e-21
666.40669	8.40592e-21
666.44953	7.81145e-21
666.49238	8.14876e-21
666.53523	8.77824e-21
666.57808	8.82147e-21
