4.77	2.99e-18
4.79	3.02e-18
4.81	3.02e-18
4.82	3.02e-18
4.84	3.12e-18
4.86	3.09e-18
4.88	3.04e-18
4.90	3.09e-18
4.92	3.14e-18
4.94	3.18e-18
4.96	3.26e-18
4.97	3.14e-18
4.98	3.13e-18
4.99	3.15e-18
5.00	3.18e-18
5.01	3.13e-18
5.02	3.26e-18
5.03	3.18e-18
5.04	3.18e-18
5.05	3.23e-18
5.06	3.20e-18
5.07	3.26e-18
5.08	3.17e-18
5.09	3.25e-18
5.10	3.24e-18
5.11	3.31e-18
5.12	3.33e-18
5.13	3.31e-18
5.14	3.27e-18
5.16	3.26e-18
5.17	3.29e-18
5.18	3.35e-18
5.19	3.31e-18
5.20	3.35e-18
5.21	3.38e-18
5.22	3.36e-18
5.23	3.36e-18
5.24	3.40e-18
5.25	3.44e-18
5.26	3.45e-18
5.28	3.48e-18
5.29	3.52e-18
5.30	3.60e-18
5.31	3.71e-18
5.32	3.67e-18
5.33	3.52e-18
5.34	3.47e-18
5.36	3.50e-18
5.37	3.54e-18
5.38	3.56e-18
5.39	3.65e-18
5.40	3.78e-18
5.41	3.90e-18
5.43	3.84e-18
5.44	3.81e-18
5.45	3.71e-18
5.46	3.69e-18
5.47	3.63e-18
5.49	3.63e-18
5.50	3.59e-18
5.51	3.60e-18
5.52	3.59e-18
5.54	3.59e-18
5.55	3.59e-18
5.56	3.60e-18
5.57	3.62e-18
5.58	3.67e-18
5.60	3.61e-18
5.61	3.70e-18
5.62	3.65e-18
5.64	3.70e-18
5.65	3.62e-18
5.66	3.73e-18
5.67	3.67e-18
5.69	3.72e-18
5.70	3.73e-18
5.71	3.72e-18
5.73	3.72e-18
5.74	3.78e-18
5.75	3.80e-18
5.77	3.76e-18
5.79	3.79e-18
5.82	3.82e-18
5.85	3.87e-18
5.88	3.84e-18
5.90	3.86e-18
5.93	3.95e-18
5.96	4.01e-18
5.99	3.98e-18
6.02	4.04e-18
6.05	4.05e-18
6.08	4.19e-18
6.11	4.26e-18
6.14	4.30e-18
6.17	4.34e-18
6.20	4.39e-18
6.23	4.51e-18
6.26	4.58e-18
6.29	4.55e-18
6.33	4.60e-18
6.36	4.61e-18
6.39	4.48e-18
6.42	4.40e-18
6.46	4.35e-18
6.49	4.18e-18
6.53	4.16e-18
6.54	4.09e-18
6.56	4.06e-18
6.58	4.04e-18
6.59	4.04e-18
6.61	3.97e-18
6.63	3.95e-18
6.65	3.91e-18
6.67	3.87e-18
6.68	3.86e-18
6.70	3.86e-18
6.72	3.86e-18
6.74	3.83e-18
6.76	3.86e-18
6.78	3.91e-18
6.79	3.96e-18
6.81	3.98e-18
6.83	4.06e-18
6.85	4.14e-18
6.87	4.19e-18
6.89	4.31e-18
6.91	4.32e-18
6.93	4.32e-18
6.95	4.31e-18
6.97	4.24e-18
6.99	4.14e-18
7.00	3.90e-18
7.02	3.74e-18
7.04	3.45e-18
7.06	3.29e-18
7.08	3.07e-18
7.11	2.92e-18
7.13	2.84e-18
7.15	2.78e-18
7.17	2.67e-18
7.19	2.73e-18
7.21	2.74e-18
7.23	2.81e-18
7.25	3.19e-18
7.27	3.12e-18
7.29	3.08e-18
7.31	2.89e-18
7.34	2.52e-18
7.36	2.14e-18
7.38	1.60e-18
7.40	1.37e-18
7.42	1.36e-18
7.45	1.40e-18
7.47	1.44e-18
7.49	1.46e-18
7.51	1.46e-18
7.54	1.47e-18
7.56	1.45e-18
7.58	1.35e-18
7.61	1.37e-18
7.63	1.38e-18
7.65	1.38e-18
7.68	1.38e-18
7.70	1.42e-18
7.72	1.40e-18
7.75	1.42e-18
7.85	1.44e-18
7.95	1.51e-18
8.05	1.55e-18
8.16	1.60e-18
8.27	1.59e-18
8.38	1.71e-18
8.49	1.78e-18
8.61	1.81e-18
8.73	1.84e-18
8.86	1.94e-18
8.98	2.01e-18
9.12	2.05e-18
9.25	2.12e-18
9.39	2.18e-18
9.54	2.27e-18
9.69	2.35e-18
9.84	2.41e-18
10.00	2.56e-18
10.16	2.66e-18
10.33	2.73e-18
10.51	2.95e-18
10.69	3.03e-18
10.88	3.17e-18
11.07	3.35e-18
11.27	3.46e-18
11.37	3.57e-18
11.48	3.73e-18
11.59	3.68e-18
11.70	3.74e-18
11.81	3.89e-18
11.92	3.90e-18
12.04	4.03e-18
12.16	4.07e-18
12.28	4.13e-18
12.40	4.27e-18
12.52	4.20e-18
12.65	4.52e-18
12.78	4.47e-18
12.92	4.72e-18
13.05	4.73e-18
13.19	4.98e-18
13.33	5.22e-18
13.48	5.09e-18
13.62	5.09e-18
13.78	5.30e-18
13.93	5.39e-18
14.09	5.54e-18
14.25	5.69e-18
14.42	5.73e-18
14.59	5.92e-18
14.76	6.09e-18
14.94	6.16e-18
15.12	6.44e-18
15.31	6.51e-18
15.50	6.56e-18
15.69	6.84e-18
15.90	6.94e-18
16.10	7.23e-18
16.31	7.32e-18
16.53	7.56e-18
16.75	7.61e-18
16.98	7.84e-18
17.22	8.00e-18
17.46	8.26e-18
17.71	8.53e-18
17.97	8.80e-18
18.23	8.93e-18
18.51	9.02e-18
18.79	9.30e-18
19.07	9.68e-18
19.37	1.00e-17
19.68	1.03e-17
20.00	1.03e-17
20.33	1.08e-17
20.66	1.10e-17
21.01	1.12e-17
21.38	1.15e-17
21.75	1.19e-17
22.14	1.23e-17
22.54	1.25e-17
22.96	1.28e-17
23.39	1.29e-17
23.84	1.34e-17
24.31	1.34e-17
24.80	1.40e-17
25.30	1.42e-17
25.83	1.46e-17
26.38	1.48e-17
26.95	1.52e-17
27.55	1.55e-17
28.18	1.60e-17
28.83	1.63e-17
29.52	1.69e-17
30.24	1.74e-17
31.00	1.79e-17
31.39	1.82e-17
31.79	1.83e-17
32.20	1.87e-17
32.63	1.97e-17
33.06	2.02e-17
33.51	2.02e-17
33.97	2.10e-17
34.44	2.16e-17
34.93	2.20e-17
35.42	2.32e-17
35.94	2.38e-17
36.47	2.46e-17
37.01	2.46e-17
37.57	2.58e-17
38.15	2.61e-17
38.75	2.72e-17
39.36	2.78e-17
39.99	2.85e-17
40.014642	2.931e-17
40.039789	2.940e-17
40.064545	2.941e-17
40.089395	2.937e-17
40.114246	2.945e-17
40.139398	2.948e-17
40.164349	2.946e-17
40.189398	2.954e-17
40.214252	2.955e-17
40.239401	2.956e-17
40.264154	2.963e-17
40.289004	2.963e-17
40.313855	2.968e-17
40.339008	2.972e-17
40.363959	2.978e-17
40.389008	2.980e-17
40.413959	2.983e-17
40.439011	2.985e-17
40.463763	2.988e-17
40.488614	2.990e-17
40.513464	2.996e-17
40.538617	2.997e-17
40.563568	3.002e-17
40.588617	3.007e-17
40.613568	3.009e-17
40.638620	3.013e-17
40.663272	3.016e-17
40.688223	3.022e-17
40.713074	3.028e-17
40.738226	3.025e-17
40.763178	3.035e-17
40.788226	3.036e-17
40.813178	3.038e-17
40.838129	3.045e-17
40.862885	3.045e-17
40.887836	3.051e-17
40.912686	3.056e-17
40.937839	3.060e-17
40.962790	3.062e-17
40.987839	3.061e-17
41.012692	3.062e-17
41.037741	3.074e-17
41.062595	3.078e-17
41.087445	3.081e-17
41.112295	3.086e-17
41.137448	3.089e-17
41.162399	3.093e-17
41.187448	3.098e-17
41.212302	3.109e-17
41.237351	3.110e-17
41.262204	3.109e-17
41.287054	3.112e-17
41.311905	3.117e-17
41.337057	3.119e-17
41.362009	3.125e-17
41.387057	3.127e-17
41.412009	3.133e-17
41.437061	3.136e-17
41.461813	3.145e-17
41.486664	3.141e-17
41.511514	3.150e-17
41.536667	3.154e-17
41.561618	3.157e-17
41.586667	3.160e-17
41.611618	3.160e-17
41.636670	3.164e-17
41.661322	3.170e-17
41.686273	3.169e-17
41.711124	3.175e-17
41.736276	3.173e-17
41.761227	3.184e-17
41.786276	3.186e-17
41.811227	3.186e-17
41.836179	3.188e-17
41.860934	3.197e-17
41.885886	3.199e-17
41.910736	3.204e-17
41.935889	3.205e-17
41.960840	3.209e-17
41.985889	3.208e-17
42.010840	3.217e-17
42.035791	3.217e-17
42.060645	3.221e-17
42.085495	3.223e-17
42.110346	3.229e-17
42.135498	3.231e-17
42.160449	3.236e-17
42.185498	3.234e-17
42.210449	3.242e-17
42.235400	3.243e-17
42.260254	3.244e-17
42.285104	3.245e-17
42.309955	3.249e-17
42.335107	3.249e-17
42.360059	3.253e-17
42.385208	3.257e-17
42.409961	3.266e-17
42.435010	3.265e-17
42.459863	3.270e-17
42.484714	3.270e-17
42.509564	3.275e-17
42.534717	3.272e-17
42.559668	3.279e-17
42.584818	3.280e-17
42.609668	3.282e-17
42.634619	3.283e-17
42.659372	3.295e-17
42.684323	3.294e-17
42.709177	3.297e-17
42.734326	3.292e-17
42.759277	3.300e-17
42.784427	3.303e-17
42.809277	3.306e-17
42.834229	3.311e-17
42.858984	3.311e-17
42.883936	3.310e-17
42.908786	3.316e-17
42.933939	3.315e-17
42.958890	3.321e-17
42.983939	3.324e-17
43.008792	3.330e-17
43.033841	3.333e-17
43.058695	3.336e-17
43.083545	3.340e-17
43.108395	3.336e-17
43.133548	3.342e-17
43.158499	3.339e-17
43.183649	3.345e-17
43.208499	3.348e-17
43.233450	3.350e-17
43.258203	3.358e-17
43.283154	3.353e-17
43.308005	3.355e-17
43.333157	3.359e-17
43.358108	3.365e-17
43.383157	3.365e-17
43.408011	3.366e-17
43.433060	3.367e-17
43.457813	3.376e-17
43.482764	3.379e-17
43.507614	3.377e-17
43.532767	3.380e-17
43.557718	3.384e-17
43.582867	3.381e-17
43.607620	3.390e-17
43.632669	3.386e-17
43.657422	3.392e-17
43.682373	3.399e-17
43.707227	3.394e-17
43.732376	3.400e-17
43.757327	3.403e-17
43.782477	3.406e-17
43.807327	3.409e-17
43.832278	3.417e-17
43.857034	3.411e-17
43.881986	3.416e-17
43.906836	3.420e-17
43.931989	3.420e-17
43.956940	3.424e-17
43.981989	3.423e-17
44.006940	3.428e-17
44.031891	3.427e-17
44.056744	3.432e-17
44.081595	3.436e-17
44.106445	3.434e-17
44.131598	3.436e-17
44.156549	3.440e-17
44.181598	3.446e-17
44.206549	3.446e-17
44.231500	3.450e-17
44.256253	3.452e-17
44.281204	3.458e-17
44.306055	3.457e-17
44.331207	3.461e-17
44.356158	3.464e-17
44.381207	3.467e-17
44.406158	3.464e-17
44.431110	3.472e-17
44.455862	3.473e-17
44.480814	3.476e-17
44.505664	3.480e-17
44.530817	3.480e-17
44.555768	3.486e-17
44.580917	3.491e-17
44.605768	3.490e-17
44.630719	3.485e-17
44.655472	3.496e-17
44.680423	3.493e-17
44.705277	3.495e-17
44.730426	3.495e-17
44.755380	3.501e-17
44.780527	3.510e-17
44.805377	3.510e-17
44.830331	3.513e-17
44.855084	3.515e-17
44.880035	3.516e-17
44.904886	3.521e-17
44.930039	3.520e-17
44.954990	3.527e-17
44.980139	3.529e-17
45.004990	3.535e-17
45.029941	3.533e-17
45.054694	3.538e-17
45.079645	3.537e-17
45.104495	3.543e-17
45.129648	3.540e-17
45.154599	3.549e-17
45.179648	3.548e-17
45.204599	3.554e-17
45.229550	3.556e-17
45.254303	3.557e-17
45.279254	3.562e-17
45.304105	3.567e-17
45.329257	3.562e-17
45.354208	3.571e-17
45.379358	3.571e-17
45.404111	3.573e-17
45.429159	3.574e-17
45.454013	3.577e-17
45.478864	3.574e-17
45.503714	3.579e-17
45.528867	3.584e-17
45.553818	3.589e-17
45.578967	3.590e-17
45.603818	3.593e-17
45.628769	3.591e-17
45.653525	3.594e-17
45.678476	3.601e-17
45.703326	3.604e-17
45.728479	3.604e-17
45.753430	3.611e-17
45.778577	3.610e-17
45.803430	3.615e-17
45.828381	3.616e-17
45.853134	3.622e-17
45.878085	3.618e-17
45.902936	3.626e-17
45.928088	3.626e-17
45.953040	3.638e-17
45.978088	3.639e-17
46.003040	3.637e-17
46.027991	3.638e-17
46.052844	3.646e-17
46.077695	3.648e-17
46.102545	3.650e-17
46.127698	3.655e-17
46.152649	3.654e-17
46.177698	3.662e-17
46.202649	3.662e-17
46.227600	3.662e-17
46.252353	3.671e-17
46.277304	3.673e-17
46.302155	3.678e-17
46.327307	3.680e-17
46.352258	3.683e-17
46.377307	3.685e-17
46.402258	3.687e-17
46.427209	3.689e-17
46.451962	3.695e-17
46.476914	3.698e-17
46.501764	3.706e-17
46.526916	3.707e-17
46.551868	3.705e-17
46.576916	3.709e-17
46.601868	3.719e-17
46.626819	3.716e-17
46.651575	3.722e-17
46.676526	3.720e-17
46.701376	3.723e-17
46.726529	3.727e-17
46.751480	3.729e-17
46.776627	3.734e-17
46.801382	3.736e-17
46.826431	3.741e-17
46.851184	3.744e-17
46.876135	3.745e-17
46.900986	3.749e-17
46.926138	3.752e-17
46.951090	3.759e-17
46.976138	3.762e-17
47.001090	3.767e-17
47.026041	3.766e-17
47.050793	3.769e-17
47.075745	3.772e-17
47.100595	3.775e-17
47.125748	3.775e-17
47.150699	3.781e-17
47.175748	3.789e-17
47.200699	3.789e-17
47.225751	3.793e-17
47.250403	3.791e-17
47.275354	3.800e-17
47.300205	3.800e-17
47.325357	3.803e-17
47.350308	3.806e-17
47.375357	3.811e-17
47.400211	3.810e-17
47.425259	3.812e-17
47.450012	3.814e-17
47.474963	3.821e-17
47.499814	3.825e-17
47.524966	3.830e-17
47.549918	3.832e-17
47.574966	3.833e-17
47.599918	3.831e-17
47.624869	3.840e-17
47.649625	3.837e-17
47.674576	3.847e-17
47.699426	3.847e-17
47.724579	3.845e-17
47.749530	3.849e-17
47.774579	3.848e-17
47.799530	3.856e-17
47.824481	3.858e-17
47.849234	3.863e-17
47.874185	3.863e-17
47.899036	3.870e-17
47.924188	3.865e-17
47.949139	3.866e-17
47.974188	3.871e-17
47.999139	3.879e-17
48.024091	3.874e-17
48.048843	3.877e-17
48.073795	3.885e-17
48.098645	3.887e-17
48.123798	3.888e-17
48.148749	3.895e-17
48.173798	3.895e-17
48.198749	3.901e-17
48.223700	3.898e-17
48.248453	3.905e-17
48.273404	3.911e-17
48.298254	3.907e-17
48.323407	3.906e-17
48.348358	3.910e-17
48.373407	3.919e-17
48.398260	3.914e-17
48.423410	3.922e-17
48.448163	3.920e-17
48.473013	3.923e-17
48.497867	3.926e-17
48.523016	3.929e-17
48.547967	3.932e-17
48.573016	3.936e-17
48.597870	3.937e-17
48.623019	3.935e-17
48.647675	3.941e-17
48.672626	3.939e-17
48.697476	3.941e-17
48.722629	3.946e-17
48.747580	3.949e-17
48.772629	3.954e-17
48.797482	3.955e-17
48.822531	3.956e-17
48.847284	3.957e-17
48.872235	3.962e-17
48.897086	3.968e-17
48.922238	3.962e-17
48.947189	3.966e-17
48.972238	3.980e-17
48.997092	3.973e-17
49.022241	3.974e-17
49.046994	3.981e-17
49.071844	3.986e-17
49.096695	3.982e-17
49.121848	3.983e-17
49.146799	3.995e-17
49.171848	3.997e-17
49.196701	4.000e-17
49.221750	3.997e-17
49.246603	4.001e-17
49.271454	4.004e-17
49.296304	4.002e-17
49.321457	4.009e-17
49.346408	4.010e-17
49.371457	4.011e-17
49.396408	4.012e-17
49.421460	4.014e-17
49.446213	4.018e-17
49.471063	4.021e-17
49.495917	4.028e-17
49.521066	4.024e-17
49.546017	4.028e-17
49.571066	4.034e-17
49.596017	4.033e-17
49.621069	4.031e-17
49.645725	4.037e-17
49.670676	4.039e-17
49.695526	4.043e-17
49.720679	4.045e-17
49.745630	4.044e-17
49.770679	4.054e-17
49.795630	4.055e-17
49.820581	4.060e-17
49.845334	4.057e-17
49.870285	4.060e-17
49.895135	4.073e-17
49.920288	4.072e-17
49.945239	4.072e-17
49.970288	4.074e-17
49.995142	4.082e-17
50.020291	4.075e-17
50.045044	4.080e-17
50.069894	4.085e-17
50.094745	4.089e-17
50.119898	4.085e-17
50.144849	4.095e-17
50.169898	4.097e-17
50.194751	4.100e-17
50.219901	4.101e-17
50.244653	4.105e-17
50.269504	4.104e-17
50.294354	4.106e-17
50.319507	4.114e-17
50.344458	4.117e-17
50.369507	4.119e-17
50.394458	4.122e-17
50.419510	4.127e-17
50.444263	4.128e-17
50.469113	4.130e-17
50.493967	4.133e-17
50.519116	4.136e-17
50.544070	4.137e-17
50.569116	4.141e-17
50.594067	4.144e-17
50.619119	4.146e-17
50.643774	4.147e-17
50.668726	4.154e-17
50.693576	4.156e-17
50.718729	4.166e-17
50.743680	4.168e-17
50.768729	4.165e-17
50.793680	4.167e-17
50.818631	4.173e-17
50.843485	4.177e-17
50.868335	4.182e-17
50.893185	4.185e-17
50.918338	4.187e-17
50.943289	4.195e-17
50.968338	4.193e-17
50.993189	4.200e-17
51.018237	4.199e-17
51.043097	4.206e-17
51.067944	4.209e-17
51.092798	4.210e-17
51.117950	4.215e-17
51.142902	4.227e-17
51.167950	4.223e-17
51.192804	4.229e-17
51.217853	4.226e-17
51.242706	4.234e-17
51.267554	4.237e-17
51.292407	4.243e-17
51.317560	4.245e-17
51.342511	4.252e-17
51.367560	4.252e-17
51.392511	4.252e-17
51.417462	4.257e-17
51.442316	4.263e-17
51.467163	4.271e-17
51.492017	4.271e-17
51.517169	4.268e-17
51.542120	4.275e-17
51.567169	4.281e-17
51.592120	4.283e-17
51.617175	4.285e-17
51.641821	4.291e-17
51.666773	4.295e-17
51.691626	4.298e-17
51.716779	4.297e-17
51.741730	4.306e-17
51.766779	4.307e-17
51.791730	4.315e-17
51.816681	4.315e-17
51.841431	4.320e-17
51.866382	4.324e-17
51.891235	4.325e-17
51.916388	4.319e-17
51.941339	4.337e-17
51.966388	4.336e-17
51.991242	4.342e-17
52.016394	4.346e-17
52.041144	4.348e-17
52.065991	4.348e-17
52.090845	4.355e-17
52.115997	4.356e-17
52.140949	4.361e-17
52.165997	4.367e-17
52.190949	4.370e-17
52.215900	4.375e-17
52.240649	4.377e-17
52.265601	4.377e-17
52.290454	4.380e-17
52.315607	4.382e-17
52.340558	4.383e-17
52.365710	4.389e-17
52.390460	4.391e-17
52.415509	4.397e-17
52.440363	4.396e-17
52.465210	4.404e-17
52.490063	4.403e-17
52.515216	4.410e-17
52.540167	4.414e-17
52.565216	4.409e-17
52.590167	4.416e-17
52.615118	4.411e-17
52.639868	4.418e-17
52.664819	4.417e-17
52.689673	4.425e-17
52.714825	4.425e-17
52.739777	4.432e-17
52.764929	4.425e-17
52.789777	4.435e-17
52.814728	4.438e-17
52.839477	4.444e-17
52.864429	4.442e-17
52.889288	4.446e-17
52.914435	4.445e-17
52.939386	4.456e-17
52.964435	4.460e-17
52.989294	4.460e-17
53.014343	4.460e-17
53.039197	4.468e-17
53.064044	4.469e-17
53.088898	4.469e-17
53.114050	4.475e-17
53.139001	4.481e-17
53.164050	4.486e-17
53.189001	4.493e-17
53.213953	4.491e-17
53.238806	4.495e-17
53.263654	4.502e-17
53.288507	4.506e-17
53.313660	4.507e-17
53.338611	4.514e-17
53.363660	4.515e-17
53.388513	4.519e-17
53.413562	4.525e-17
53.438312	4.529e-17
53.463263	4.531e-17
53.488117	4.537e-17
53.513269	4.539e-17
53.538220	4.543e-17
53.563269	4.548e-17
53.588123	4.556e-17
53.613171	4.557e-17
53.637921	4.559e-17
53.662872	4.568e-17
53.687726	4.570e-17
53.712878	4.572e-17
53.737830	4.584e-17
53.762878	4.582e-17
53.787830	4.583e-17
53.812781	4.587e-17
53.837531	4.599e-17
53.862482	4.603e-17
53.887335	4.605e-17
53.912488	4.605e-17
53.937439	4.611e-17
53.962488	4.618e-17
53.987341	4.622e-17
54.012390	4.625e-17
54.037140	4.627e-17
54.062091	4.634e-17
54.086945	4.643e-17
54.112097	4.647e-17
54.137048	4.654e-17
54.162097	4.653e-17
54.187048	4.657e-17
54.212000	4.664e-17
54.236749	4.670e-17
54.261700	4.674e-17
54.286554	4.679e-17
54.311707	4.680e-17
54.336658	4.689e-17
54.361810	4.692e-17
54.386658	4.694e-17
54.411609	4.700e-17
54.436359	4.698e-17
54.461310	4.707e-17
54.486163	4.713e-17
54.511316	4.716e-17
54.536267	4.722e-17
54.561420	4.727e-17
54.586267	4.727e-17
54.611218	4.737e-17
54.635968	4.741e-17
54.660919	4.739e-17
54.685773	4.751e-17
54.710925	4.751e-17
54.735876	4.762e-17
54.760925	4.769e-17
54.785876	4.767e-17
54.810828	4.769e-17
54.835583	4.779e-17
54.860535	4.780e-17
54.885388	4.784e-17
54.910541	4.786e-17
54.935492	4.799e-17
54.960638	4.800e-17
54.985492	4.803e-17
55.010443	4.808e-17
55.035193	4.813e-17
55.060144	4.811e-17
55.084998	4.823e-17
55.110150	4.818e-17
55.135101	4.827e-17
55.160150	4.839e-17
55.185101	4.841e-17
55.210052	4.844e-17
55.234802	4.850e-17
55.259753	4.846e-17
55.284607	4.849e-17
55.309759	4.850e-17
55.334711	4.862e-17
55.359759	4.867e-17
55.384711	4.869e-17
55.409662	4.871e-17
55.434515	4.878e-17
55.459363	4.881e-17
55.484216	4.885e-17
55.509369	4.888e-17
55.534320	4.890e-17
55.559473	4.905e-17
55.584222	4.902e-17
55.609271	4.913e-17
55.634021	4.922e-17
55.658972	4.931e-17
55.683826	4.933e-17
55.708978	4.932e-17
55.733929	4.944e-17
55.759082	4.943e-17
55.783929	4.953e-17
55.808881	4.951e-17
55.833630	4.952e-17
55.858582	4.967e-17
55.883435	4.963e-17
55.908588	4.975e-17
55.933539	4.978e-17
55.958588	4.982e-17
55.983539	4.993e-17
56.008490	4.990e-17
56.033240	4.995e-17
56.058191	5.002e-17
56.083044	5.005e-17
56.108197	5.009e-17
56.133148	5.017e-17
56.158197	5.015e-17
56.183051	5.026e-17
56.208099	5.028e-17
56.232849	5.036e-17
56.257800	5.039e-17
56.282654	5.046e-17
56.307806	5.045e-17
56.332758	5.068e-17
56.357806	5.061e-17
56.382758	5.071e-17
56.407709	5.072e-17
56.432458	5.079e-17
56.457410	5.082e-17
56.482263	5.080e-17
56.507416	5.083e-17
56.532367	5.095e-17
56.557416	5.096e-17
56.582269	5.105e-17
56.607318	5.106e-17
56.632068	5.110e-17
56.657019	5.112e-17
56.681879	5.134e-17
56.707025	5.128e-17
56.731976	5.141e-17
56.757025	5.150e-17
56.781976	5.149e-17
56.806927	5.155e-17
56.831683	5.173e-17
56.856634	5.172e-17
56.881488	5.177e-17
56.906641	5.172e-17
56.931592	5.177e-17
56.956641	5.184e-17
56.981592	5.183e-17
57.006543	5.189e-17
57.031293	5.187e-17
57.056244	5.204e-17
57.081097	5.204e-17
57.106250	5.217e-17
57.131201	5.214e-17
57.156250	5.221e-17
57.181201	5.222e-17
57.206152	5.226e-17
57.230902	5.231e-17
57.255853	5.234e-17
57.280707	5.236e-17
57.305859	5.239e-17
57.330810	5.241e-17
57.355859	5.240e-17
57.380810	5.253e-17
57.405866	5.258e-17
57.430512	5.262e-17
57.455463	5.265e-17
57.480316	5.274e-17
57.505469	5.279e-17
57.530420	5.284e-17
57.555469	5.280e-17
57.580420	5.287e-17
57.605371	5.285e-17
57.630121	5.296e-17
57.655072	5.299e-17
57.679926	5.304e-17
57.705078	5.307e-17
57.730029	5.314e-17
57.755078	5.322e-17
57.780029	5.317e-17
57.804980	5.322e-17
57.829730	5.331e-17
57.854681	5.340e-17
57.879535	5.333e-17
57.904688	5.344e-17
57.929639	5.348e-17
57.954688	5.352e-17
57.979639	5.354e-17
58.004590	5.363e-17
58.029340	5.365e-17
58.054291	5.375e-17
58.079144	5.381e-17
58.104297	5.370e-17
58.129248	5.383e-17
58.154297	5.381e-17
58.179248	5.387e-17
58.204303	5.394e-17
58.228949	5.393e-17
58.253900	5.405e-17
58.278754	5.404e-17
58.303906	5.406e-17
58.328857	5.415e-17
58.353906	5.417e-17
58.378857	5.423e-17
58.403912	5.427e-17
58.428558	5.430e-17
58.453509	5.443e-17
58.478363	5.448e-17
58.503516	5.449e-17
58.528467	5.457e-17
58.553516	5.465e-17
58.578369	5.463e-17
58.603418	5.468e-17
58.628168	5.476e-17
58.653119	5.477e-17
58.677978	5.480e-17
58.703125	5.483e-17
58.728076	5.488e-17
58.753125	5.493e-17
58.777985	5.492e-17
58.803033	5.502e-17
58.827783	5.507e-17
58.852734	5.517e-17
58.877588	5.518e-17
58.902741	5.517e-17
58.927692	5.524e-17
58.952741	5.531e-17
58.977594	5.529e-17
59.002747	5.532e-17
59.027496	5.538e-17
59.052344	5.546e-17
59.077197	5.547e-17
59.102350	5.549e-17
59.127301	5.569e-17
59.152350	5.566e-17
59.177203	5.573e-17
59.202356	5.577e-17
59.227106	5.574e-17
59.251953	5.585e-17
59.276807	5.592e-17
59.301959	5.594e-17
59.326910	5.607e-17
59.351959	5.609e-17
59.376813	5.607e-17
59.401965	5.619e-17
59.426715	5.626e-17
59.451563	5.624e-17
59.476416	5.632e-17
59.501569	5.633e-17
59.526520	5.641e-17
59.551569	5.650e-17
59.576422	5.651e-17
59.601575	5.657e-17
59.626324	5.665e-17
59.651172	5.669e-17
59.676025	5.681e-17
59.701178	5.676e-17
59.726129	5.683e-17
59.751178	5.698e-17
59.776031	5.691e-17
59.801080	5.701e-17
59.825830	5.711e-17
59.850781	5.709e-17
59.875635	5.721e-17
59.900787	5.723e-17
59.925739	5.737e-17
59.950787	5.734e-17
59.975641	5.742e-17
60.000690	5.747e-17
60.025543	5.765e-17
60.050391	5.770e-17
60.075244	5.772e-17
60.100397	5.767e-17
60.125348	5.783e-17
60.150397	5.792e-17
60.175250	5.792e-17
60.200299	5.799e-17
60.225049	5.801e-17
60.250000	5.808e-17
60.274853	5.829e-17
60.300006	5.819e-17
60.324957	5.825e-17
60.350006	5.822e-17
60.374860	5.835e-17
60.400012	5.833e-17
60.424658	5.850e-17
60.449609	5.847e-17
60.474463	5.856e-17
60.499616	5.861e-17
60.524567	5.869e-17
60.549616	5.879e-17
60.574469	5.873e-17
60.599518	5.891e-17
60.624274	5.880e-17
60.649225	5.892e-17
60.674078	5.896e-17
60.699231	5.896e-17
60.724182	5.907e-17
60.749231	5.906e-17
60.774085	5.921e-17
60.799133	5.920e-17
60.823987	5.930e-17
60.848834	5.934e-17
60.873688	5.937e-17
60.898840	5.934e-17
60.923792	5.941e-17
60.948840	5.945e-17
60.973694	5.952e-17
60.998743	5.958e-17
61.023596	5.966e-17
61.048444	5.972e-17
61.073297	5.964e-17
61.098450	5.969e-17
61.123401	5.975e-17
61.148450	5.979e-17
61.173303	5.980e-17
61.198352	5.985e-17
61.223206	5.987e-17
61.248053	5.997e-17
61.272906	5.998e-17
61.298059	6.001e-17
61.323010	6.004e-17
61.348059	6.016e-17
61.372913	6.015e-17
61.397961	6.022e-17
61.422815	6.027e-17
61.447662	6.029e-17
61.472516	6.027e-17
61.497668	6.030e-17
61.522620	6.043e-17
61.547668	6.050e-17
61.572522	6.050e-17
61.597571	6.047e-17
61.622321	6.043e-17
61.647272	6.045e-17
61.672125	6.054e-17
61.697278	6.063e-17
61.722229	6.070e-17
61.747278	6.068e-17
61.772131	6.079e-17
61.797180	6.072e-17
61.821930	6.089e-17
61.846881	6.084e-17
61.871735	6.091e-17
61.896887	6.088e-17
61.921838	6.101e-17
61.946887	6.097e-17
61.971741	6.106e-17
61.996790	6.103e-17
62.021539	6.114e-17
62.046491	6.106e-17
62.071344	6.114e-17
62.096497	6.110e-17
62.121448	6.117e-17
62.146497	6.112e-17
62.171350	6.124e-17
62.196399	6.118e-17
62.221149	6.123e-17
62.246100	6.130e-17
62.270953	6.132e-17
62.296106	6.124e-17
62.321057	6.136e-17
62.346106	6.138e-17
62.370960	6.140e-17
62.396008	6.133e-17
62.420758	6.140e-17
62.445709	6.142e-17
62.470569	6.144e-17
62.495715	6.142e-17
62.511786	6.123e-17
62.524658	6.137e-17
62.537732	6.126e-17
62.550812	6.133e-17
62.563684	6.121e-17
62.576563	6.130e-17
62.589630	6.137e-17
62.602606	6.142e-17
62.615582	6.136e-17
62.628357	6.144e-17
62.641333	6.149e-17
62.654309	6.154e-17
62.667084	6.146e-17
62.680151	6.153e-17
62.693329	6.158e-17
62.706403	6.156e-17
62.719281	6.159e-17
62.732257	6.160e-17
62.745331	6.171e-17
62.758398	6.158e-17
62.771179	6.164e-17
62.784155	6.171e-17
62.797229	6.174e-17
62.810205	6.176e-17
62.822980	6.178e-17
62.835852	6.184e-17
62.848926	6.178e-17
62.861902	6.187e-17
62.874774	6.189e-17
62.887750	6.191e-17
62.901025	6.198e-17
62.914001	6.204e-17
62.926874	6.196e-17
62.939948	6.210e-17
62.953021	6.206e-17
62.965900	6.221e-17
62.978772	6.211e-17
62.991852	6.221e-17
63.004822	6.221e-17
63.017596	6.223e-17
63.030573	6.225e-17
63.043549	6.231e-17
63.056519	6.237e-17
63.069397	6.232e-17
63.082373	6.237e-17
63.095544	6.240e-17
63.108618	6.236e-17
63.121491	6.248e-17
63.134467	6.244e-17
63.147546	6.254e-17
63.160620	6.250e-17
63.173395	6.257e-17
63.186365	6.247e-17
63.199438	6.257e-17
63.212415	6.260e-17
63.225189	6.262e-17
63.238165	6.261e-17
63.251141	6.263e-17
63.264111	6.267e-17
63.276990	6.262e-17
63.290063	6.266e-17
63.303241	6.264e-17
63.316113	6.268e-17
63.329089	6.271e-17
63.342163	6.261e-17
63.355237	6.285e-17
63.368012	6.273e-17
63.381085	6.272e-17
63.394061	6.265e-17
63.407037	6.259e-17
63.419812	6.271e-17
63.432782	6.278e-17
63.445758	6.278e-17
63.458734	6.273e-17
63.471613	6.266e-17
63.484582	6.282e-17
63.497760	6.274e-17
63.510834	6.276e-17
63.523706	6.271e-17
63.536780	6.286e-17
63.549860	6.278e-17
63.562830	6.286e-17
63.575610	6.280e-17
63.588684	6.284e-17
63.601654	6.277e-17
63.614526	6.274e-17
63.627405	6.281e-17
63.640381	6.280e-17
63.653357	6.274e-17
63.666229	6.282e-17
63.679205	6.272e-17
63.692377	6.276e-17
63.705353	6.270e-17
63.718329	6.275e-17
63.731305	6.272e-17
63.744476	6.282e-17
63.757452	6.276e-17
63.770325	6.275e-17
63.783197	6.274e-17
63.796277	6.276e-17
63.809253	6.278e-17
63.822028	6.280e-17
63.835004	6.278e-17
63.847980	6.280e-17
63.860950	6.269e-17
63.873822	6.305e-17
63.886896	6.296e-17
63.900073	6.285e-17
63.912952	6.285e-17
63.925922	6.290e-17
63.938995	6.295e-17
63.952069	6.309e-17
63.964844	6.291e-17
63.977820	6.304e-17
63.990894	6.295e-17
64.003870	6.300e-17
64.016650	6.293e-17
64.029614	6.303e-17
64.042590	6.301e-17
64.055566	6.294e-17
64.068445	6.306e-17
64.081421	6.300e-17
64.094592	6.304e-17
64.107666	6.300e-17
64.120538	6.307e-17
64.133514	6.303e-17
64.146594	6.304e-17
64.159668	6.307e-17
64.172443	6.307e-17
64.185516	6.306e-17
64.198486	6.316e-17
64.211462	6.317e-17
64.224237	6.311e-17
64.237213	6.310e-17
64.250189	6.303e-17
64.263068	6.313e-17
64.276044	6.308e-17
64.289209	6.306e-17
64.302289	6.304e-17
64.315161	6.310e-17
64.328137	6.300e-17
64.341315	6.303e-17
64.354291	6.305e-17
64.367059	6.302e-17
64.380035	6.291e-17
64.393109	6.299e-17
64.406085	6.300e-17
64.418860	6.292e-17
64.431738	6.297e-17
64.444812	6.297e-17
64.457782	6.293e-17
64.470654	6.296e-17
64.483630	6.292e-17
64.496808	6.282e-17
64.509882	6.285e-17
64.522858	6.290e-17
64.535828	6.282e-17
64.548901	6.280e-17
64.561780	6.301e-17
64.574652	6.281e-17
64.587732	6.286e-17
64.600708	6.283e-17
64.613483	6.270e-17
64.626453	6.282e-17
64.639429	6.268e-17
64.652405	6.271e-17
64.665277	6.268e-17
64.678253	6.281e-17
64.691431	6.270e-17
64.704498	6.268e-17
64.717377	6.263e-17
64.730450	6.278e-17
64.743426	6.263e-17
64.756500	6.274e-17
64.769275	6.266e-17
64.782251	6.247e-17
64.795325	6.260e-17
64.808295	6.275e-17
64.821075	6.272e-17
64.834051	6.278e-17
64.847022	6.268e-17
64.859998	6.273e-17
64.872876	6.269e-17
64.886047	6.285e-17
64.899017	6.280e-17
64.911993	6.284e-17
64.924969	6.282e-17
64.938049	6.286e-17
64.951117	6.277e-17
64.963989	6.280e-17
64.976868	6.287e-17
64.989941	6.293e-17
65.002918	6.291e-17
65.015692	6.284e-17
65.028571	6.291e-17
65.041638	6.291e-17
65.054614	6.306e-17
65.067493	6.297e-17
65.080469	6.300e-17
65.093640	6.301e-17
65.106720	6.308e-17
65.119592	6.307e-17
65.132660	6.306e-17
65.145740	6.312e-17
65.158612	6.299e-17
65.171588	6.318e-17
65.184564	6.312e-17
65.197540	6.318e-17
65.210510	6.314e-17
65.223285	6.317e-17
65.236261	6.322e-17
65.249237	6.329e-17
65.262109	6.323e-17
65.275085	6.331e-17
65.288263	6.331e-17
65.301331	6.326e-17
65.314209	6.322e-17
65.327185	6.331e-17
65.340259	6.333e-17
65.353332	6.337e-17
65.366113	6.331e-17
65.379181	6.335e-17
65.392157	6.336e-17
65.405133	6.328e-17
65.417908	6.342e-17
65.430884	6.341e-17
65.443860	6.332e-17
65.456836	6.334e-17
65.469702	6.331e-17
65.482782	6.338e-17
65.495856	6.348e-17
65.509027	6.342e-17
65.521808	6.333e-17
65.534882	6.342e-17
65.547949	6.340e-17
65.560828	6.343e-17
65.573700	6.342e-17
65.586780	6.349e-17
65.599756	6.350e-17
65.612531	6.352e-17
65.625403	6.356e-17
65.638477	6.363e-17
65.651446	6.356e-17
65.664325	6.352e-17
65.677301	6.360e-17
65.690478	6.353e-17
65.703552	6.361e-17
65.716418	6.362e-17
65.729395	6.343e-17
65.742572	6.354e-17
65.755548	6.347e-17
65.768426	6.353e-17
65.781299	6.360e-17
65.794373	6.364e-17
65.807343	6.368e-17
65.820117	6.367e-17
65.833093	6.359e-17
65.846069	6.358e-17
65.858948	6.371e-17
65.871924	6.370e-17
65.885089	6.360e-17
65.898169	6.364e-17
65.911041	6.370e-17
65.924017	6.366e-17
65.937091	6.375e-17
65.950171	6.379e-17
65.962946	6.380e-17
65.976013	6.363e-17
65.988989	6.371e-17
66.001965	6.380e-17
66.014740	6.372e-17
66.027716	6.377e-17
66.040692	6.364e-17
66.053668	6.368e-17
66.066540	6.371e-17
66.079614	6.359e-17
66.092688	6.354e-17
66.105762	6.368e-17
66.118640	6.359e-17
66.131714	6.375e-17
66.144788	6.364e-17
66.157758	6.369e-17
66.170538	6.372e-17
66.183612	6.357e-17
66.196588	6.357e-17
66.209460	6.369e-17
66.222339	6.379e-17
66.235309	6.365e-17
66.248285	6.365e-17
66.261157	6.381e-17
66.274133	6.369e-17
66.287311	6.368e-17
66.300384	6.381e-17
66.313257	6.371e-17
66.326233	6.376e-17
66.339404	6.373e-17
66.352380	6.369e-17
66.365259	6.367e-17
66.378131	6.370e-17
66.391205	6.363e-17
66.404181	6.364e-17
66.416956	6.367e-17
66.429828	6.368e-17
66.442908	6.372e-17
66.455884	6.368e-17
66.468756	6.361e-17
66.481824	6.365e-17
66.494904	6.371e-17
66.507880	6.365e-17
66.520850	6.374e-17
66.533929	6.374e-17
66.547003	6.360e-17
66.559778	6.357e-17
66.572748	6.367e-17
66.585821	6.370e-17
66.598798	6.372e-17
66.611578	6.367e-17
66.624451	6.370e-17
66.637524	6.370e-17
66.650494	6.377e-17
66.663373	6.369e-17
66.676349	6.369e-17
66.689520	6.374e-17
66.702600	6.379e-17
66.715472	6.366e-17
66.728449	6.373e-17
66.741620	6.376e-17
66.754596	6.374e-17
66.767371	6.368e-17
66.780347	6.369e-17
66.793420	6.385e-17
66.806397	6.379e-17
66.819165	6.364e-17
66.832141	6.375e-17
66.845117	6.368e-17
66.857996	6.374e-17
66.870972	6.369e-17
66.884143	6.359e-17
66.897223	6.364e-17
66.910089	6.353e-17
66.923065	6.350e-17
66.936139	6.360e-17
66.949219	6.359e-17
66.962091	6.363e-17
66.974969	6.352e-17
66.988135	6.358e-17
67.001013	6.364e-17
67.013788	6.353e-17
67.026666	6.353e-17
67.039740	6.365e-17
67.052716	6.363e-17
67.065588	6.365e-17
67.078558	6.362e-17
67.091833	6.355e-17
67.104810	6.350e-17
67.117688	6.358e-17
67.130762	6.360e-17
67.143835	6.360e-17
67.156708	6.349e-17
67.169684	6.367e-17
67.182660	6.355e-17
67.195636	6.358e-17
67.208508	6.361e-17
67.221387	6.353e-17
67.234363	6.357e-17
67.247333	6.355e-17
67.260205	6.353e-17
67.273181	6.358e-17
67.286359	6.351e-17
67.299432	6.351e-17
67.312311	6.350e-17
67.325281	6.355e-17
67.338355	6.351e-17
67.351428	6.345e-17
67.364203	6.346e-17
67.377283	6.344e-17
67.390259	6.343e-17
67.403229	6.344e-17
67.416003	6.345e-17
67.428980	6.347e-17
67.441949	6.341e-17
67.454926	6.335e-17
67.467804	6.335e-17
67.480981	6.350e-17
67.493945	6.346e-17
67.506921	6.343e-17
67.520001	6.344e-17
67.532977	6.337e-17
67.546051	6.346e-17
67.558923	6.351e-17
67.571802	6.345e-17
67.584973	6.345e-17
67.597846	6.343e-17
67.610620	6.348e-17
67.623596	6.338e-17
67.636572	6.351e-17
67.649548	6.340e-17
67.662427	6.344e-17
67.675397	6.351e-17
67.688672	6.341e-17
67.701648	6.338e-17
67.714520	6.341e-17
67.727496	6.337e-17
67.740674	6.354e-17
67.753644	6.346e-17
67.766418	6.351e-17
67.779395	6.340e-17
67.792468	6.348e-17
67.805347	6.350e-17
67.818219	6.345e-17
67.831195	6.351e-17
67.844165	6.353e-17
67.857037	6.344e-17
67.870013	6.344e-17
67.883191	6.342e-17
67.896265	6.353e-17
67.909143	6.358e-17
67.922113	6.356e-17
67.935187	6.345e-17
67.948261	6.347e-17
67.961041	6.341e-17
67.974115	6.335e-17
67.987189	6.335e-17
68.000061	6.342e-17
68.012836	6.339e-17
68.025812	6.333e-17
68.038788	6.331e-17
68.051764	6.331e-17
68.064636	6.323e-17
68.077716	6.326e-17
68.090881	6.325e-17
68.103760	6.336e-17
68.116736	6.341e-17
68.129810	6.340e-17
68.142786	6.330e-17
68.155762	6.341e-17
68.168634	6.335e-17
68.181708	6.332e-17
68.194684	6.329e-17
68.207556	6.327e-17
68.220331	6.329e-17
68.233411	6.330e-17
68.246381	6.324e-17
68.259259	6.336e-17
68.272229	6.321e-17
68.285406	6.322e-17
68.298480	6.327e-17
68.311352	6.330e-17
68.324329	6.324e-17
68.337402	6.323e-17
68.350476	6.324e-17
68.363355	6.322e-17
68.376227	6.325e-17
68.389301	6.321e-17
68.402179	6.320e-17
68.415051	6.323e-17
68.428021	6.319e-17
68.440997	6.327e-17
68.453876	6.321e-17
68.466852	6.324e-17
68.480023	6.319e-17
68.493103	6.325e-17
68.506073	6.321e-17
68.518945	6.319e-17
68.532019	6.330e-17
68.545099	6.324e-17
68.557874	6.323e-17
68.570947	6.327e-17
68.583923	6.326e-17
68.596893	6.350e-17
68.609668	6.326e-17
68.622644	6.329e-17
68.635620	6.323e-17
68.648596	6.328e-17
68.661475	6.327e-17
68.674548	6.331e-17
68.687616	6.317e-17
68.700690	6.343e-17
68.713568	6.335e-17
68.726642	6.326e-17
68.739722	6.326e-17
68.752594	6.340e-17
68.765466	6.333e-17
68.778442	6.334e-17
68.791516	6.329e-17
68.804388	6.328e-17
68.817267	6.333e-17
68.830243	6.334e-17
68.843219	6.324e-17
68.856085	6.312e-17
68.869061	6.339e-17
68.882239	6.343e-17
68.895313	6.345e-17
68.908191	6.335e-17
68.921167	6.340e-17
68.934235	6.332e-17
68.947308	6.337e-17
68.960187	6.335e-17
68.973059	6.336e-17
68.986237	6.338e-17
68.999115	6.335e-17
69.011890	6.340e-17
69.024756	6.336e-17
69.037836	6.346e-17
69.050812	6.341e-17
69.063684	6.334e-17
69.076758	6.334e-17
69.089935	6.342e-17
69.102808	6.336e-17
69.115778	6.345e-17
69.128857	6.331e-17
69.141931	6.339e-17
69.154706	6.337e-17
69.167786	6.346e-17
69.180756	6.342e-17
69.193829	6.343e-17
69.206506	6.338e-17
69.219476	6.329e-17
69.232452	6.334e-17
69.245429	6.344e-17
69.258307	6.337e-17
69.271381	6.329e-17
69.284448	6.336e-17
69.297528	6.333e-17
69.310400	6.338e-17
69.323376	6.330e-17
69.336456	6.331e-17
69.349530	6.345e-17
69.362299	6.324e-17
69.375275	6.327e-17
69.388348	6.325e-17
69.401227	6.339e-17
69.414099	6.328e-17
69.427075	6.328e-17
69.440051	6.322e-17
69.452924	6.329e-17
69.465900	6.328e-17
69.479071	6.316e-17
69.492151	6.308e-17
69.505121	6.306e-17
69.517999	6.310e-17
69.531067	6.308e-17
69.544147	6.313e-17
69.556921	6.319e-17
69.569898	6.313e-17
69.583069	6.313e-17
69.595947	6.314e-17
69.608722	6.314e-17
69.621594	6.311e-17
69.634668	6.308e-17
69.647644	6.309e-17
69.660516	6.301e-17
69.673492	6.290e-17
69.686768	6.297e-17
69.699640	6.300e-17
69.712714	6.299e-17
69.725787	6.298e-17
69.738763	6.293e-17
69.751544	6.290e-17
69.764618	6.290e-17
69.777490	6.283e-17
69.790564	6.282e-17
69.803436	6.275e-17
69.816315	6.273e-17
69.829291	6.288e-17
69.842267	6.288e-17
69.855139	6.283e-17
69.868115	6.285e-17
69.881287	6.267e-17
69.894360	6.269e-17
69.907239	6.262e-17
69.920313	6.258e-17
69.933386	6.258e-17
69.946356	6.254e-17
69.959131	6.250e-17
69.972211	6.254e-17
69.985187	6.259e-17
69.998157	6.253e-17
70.010938	6.247e-17
70.023914	6.253e-17
70.036877	6.243e-17
70.049756	6.237e-17
70.062732	6.241e-17
70.075806	6.239e-17
70.088983	6.237e-17
70.101855	6.236e-17
70.114832	6.236e-17
70.127905	6.235e-17
70.140881	6.228e-17
70.153851	6.236e-17
70.166730	6.229e-17
70.179907	6.227e-17
70.192779	6.205e-17
70.205548	6.212e-17
70.218524	6.202e-17
70.231500	6.198e-17
70.244476	6.201e-17
70.257355	6.203e-17
70.270331	6.196e-17
70.283600	6.208e-17
70.296576	6.199e-17
70.309448	6.194e-17
70.322424	6.189e-17
70.335602	6.177e-17
70.348474	6.170e-17
70.361450	6.163e-17
70.374323	6.159e-17
70.387494	6.164e-17
70.400275	6.156e-17
70.413147	6.152e-17
70.426123	6.143e-17
70.439099	6.145e-17
70.451971	6.141e-17
70.464941	6.142e-17
70.478119	6.129e-17
70.491193	6.143e-17
70.504071	6.138e-17
70.517047	6.136e-17
70.530121	6.139e-17
70.543188	6.131e-17
70.555969	6.122e-17
70.569043	6.129e-17
70.582019	6.119e-17
70.594995	6.119e-17
70.607770	6.111e-17
70.620746	6.111e-17
70.633716	6.108e-17
70.646692	6.102e-17
70.659564	6.094e-17
70.672540	6.093e-17
70.685815	6.083e-17
70.698694	6.079e-17
70.711664	6.077e-17
70.724738	6.082e-17
70.737811	6.072e-17
70.750690	6.070e-17
70.763562	6.057e-17
70.776739	6.068e-17
70.789618	6.054e-17
70.802484	6.042e-17
70.815363	6.049e-17
70.828339	6.043e-17
70.841309	6.039e-17
70.854187	6.016e-17
70.867163	6.017e-17
70.880335	6.005e-17
70.893408	6.004e-17
70.906281	6.003e-17
70.919257	6.000e-17
70.932336	6.006e-17
70.945410	5.988e-17
70.958185	5.999e-17
70.971155	5.985e-17
70.984332	5.984e-17
70.997107	5.977e-17
71.009979	5.976e-17
71.022955	5.979e-17
71.035931	5.980e-17
71.048810	5.961e-17
71.061780	5.964e-17
71.074853	5.959e-17
71.088031	5.952e-17
71.101007	5.933e-17
71.113879	5.946e-17
71.126953	5.927e-17
71.140027	5.925e-17
71.152801	5.921e-17
71.165778	5.916e-17
71.178851	5.903e-17
71.191827	5.901e-17
71.204602	5.889e-17
71.217578	5.898e-17
71.230548	5.885e-17
71.243524	5.885e-17
71.256403	5.870e-17
71.269476	5.865e-17
71.282550	5.858e-17
71.295526	5.859e-17
71.308594	5.848e-17
71.321472	5.839e-17
71.334546	5.835e-17
71.347522	5.827e-17
71.360400	5.826e-17
71.373376	5.833e-17
71.386444	5.830e-17
71.399316	5.826e-17
71.412195	5.818e-17
71.425171	5.810e-17
71.438147	5.806e-17
71.451019	5.811e-17
71.463995	5.802e-17
71.477167	5.798e-17
71.490241	5.806e-17
71.503119	5.808e-17
71.516193	5.792e-17
71.529266	5.808e-17
71.542145	5.788e-17
71.555017	5.786e-17
71.567987	5.769e-17
71.581165	5.766e-17
71.594043	5.745e-17
71.606818	5.747e-17
71.619690	5.743e-17
71.632770	5.730e-17
71.645740	5.718e-17
71.658612	5.720e-17
71.671686	5.718e-17
71.684863	5.711e-17
71.697742	5.711e-17
71.710712	5.702e-17
71.723785	5.694e-17
71.736859	5.690e-17
71.749634	5.688e-17
71.762610	5.686e-17
71.775684	5.682e-17
71.788763	5.684e-17
71.801440	5.669e-17
71.814404	5.676e-17
71.827380	5.667e-17
71.840356	5.660e-17
71.853235	5.672e-17
71.866211	5.670e-17
71.879382	5.666e-17
71.892456	5.666e-17
71.905328	5.662e-17
71.918304	5.661e-17
71.931384	5.659e-17
71.944458	5.638e-17
71.957233	5.629e-17
71.970209	5.628e-17
71.983276	5.620e-17
71.996155	5.601e-17
72.009027	5.614e-17
72.022003	5.606e-17
72.034979	5.605e-17
72.047858	5.608e-17
72.060834	5.603e-17
72.073999	5.605e-17
72.087079	5.585e-17
72.100049	5.574e-17
72.112927	5.571e-17
72.126001	5.569e-17
72.139081	5.559e-17
72.151947	5.554e-17
72.164825	5.549e-17
72.177997	5.544e-17
72.190875	5.548e-17
72.203650	5.543e-17
72.216528	5.539e-17
72.229602	5.533e-17
72.242572	5.544e-17
72.255444	5.536e-17
72.268420	5.531e-17
72.281696	5.540e-17
72.294574	5.535e-17
72.307648	5.542e-17
72.320618	5.539e-17
72.333691	5.531e-17
72.346472	5.530e-17
72.359546	5.529e-17
72.372522	5.523e-17
72.385498	5.533e-17
72.398370	5.522e-17
72.411243	5.515e-17
72.424219	5.503e-17
72.437195	5.504e-17
72.450067	5.496e-17
72.463043	5.496e-17
72.476221	5.496e-17
72.489288	5.485e-17
72.502264	5.490e-17
72.515241	5.483e-17
72.528314	5.474e-17
72.541290	5.479e-17
72.554065	5.472e-17
72.567145	5.477e-17
72.580115	5.468e-17
72.593085	5.472e-17
72.605866	5.455e-17
72.618738	5.473e-17
72.631812	5.459e-17
72.644690	5.461e-17
72.657666	5.440e-17
72.670837	5.439e-17
72.683807	5.445e-17
72.696887	5.441e-17
72.709863	5.445e-17
72.722937	5.441e-17
72.735907	5.436e-17
72.748779	5.443e-17
72.761658	5.441e-17
72.774731	5.446e-17
72.787707	5.447e-17
72.800482	5.450e-17
72.813361	5.459e-17
72.826434	5.444e-17
72.839404	5.439e-17
72.852283	5.445e-17
72.865259	5.435e-17
72.878534	5.432e-17
72.891510	5.423e-17
72.904382	5.425e-17
72.917352	5.414e-17
72.930530	5.417e-17
72.943402	5.426e-17
72.956281	5.413e-17
72.969257	5.403e-17
72.982330	5.404e-17
72.995203	5.397e-17
73.008075	5.397e-17
73.021051	5.393e-17
73.034027	5.402e-17
73.046899	5.392e-17
73.059875	5.398e-17
73.073053	5.402e-17
73.086121	5.403e-17
73.098999	5.389e-17
73.111975	5.394e-17
73.125049	5.391e-17
73.138123	5.393e-17
73.150903	5.388e-17
73.163879	5.391e-17
73.176947	5.384e-17
73.189923	5.386e-17
73.202698	5.389e-17
73.215674	5.392e-17
73.228650	5.377e-17
73.241626	5.387e-17
73.254492	5.376e-17
73.267572	5.367e-17
73.280743	5.383e-17
73.293622	5.375e-17
73.306696	5.375e-17
73.319672	5.378e-17
73.332642	5.372e-17
73.345618	5.375e-17
73.358490	5.367e-17
73.371570	5.361e-17
73.384546	5.370e-17
73.397418	5.364e-17
73.410297	5.356e-17
73.423267	5.358e-17
73.436237	5.367e-17
73.449115	5.358e-17
73.462091	5.358e-17
73.475269	5.349e-17
73.488342	5.348e-17
73.501312	5.358e-17
73.514288	5.352e-17
73.527362	5.361e-17
73.540338	5.349e-17
73.553113	5.347e-17
73.566089	5.344e-17
73.579163	5.345e-17
73.592133	5.345e-17
73.604907	5.348e-17
73.617786	5.346e-17
73.630859	5.342e-17
73.643738	5.339e-17
73.656714	5.347e-17
73.669885	5.340e-17
73.682959	5.342e-17
73.695935	5.332e-17
73.708911	5.331e-17
73.721985	5.322e-17
73.734961	5.311e-17
73.747833	5.308e-17
73.760803	5.312e-17
73.773779	5.306e-17
73.786755	5.311e-17
73.799530	5.322e-17
73.812506	5.312e-17
73.825482	5.309e-17
73.838458	5.312e-17
73.851331	5.313e-17
73.864404	5.319e-17
73.877478	5.318e-17
73.890552	5.315e-17
73.903430	5.323e-17
73.916504	5.317e-17
73.929578	5.322e-17
73.942450	5.317e-17
73.955426	5.327e-17
73.968402	5.330e-17
73.981378	5.324e-17
73.994250	5.330e-17
74.007129	5.321e-17
74.020099	5.321e-17
74.033075	5.315e-17
74.045947	5.313e-17
74.058923	5.315e-17
74.072101	5.317e-17
74.085175	5.294e-17
74.098047	5.292e-17
74.111023	5.296e-17
74.124194	5.297e-17
74.137170	5.294e-17
74.150049	5.295e-17
74.162921	5.295e-17
74.176001	5.290e-17
74.188971	5.283e-17
74.201746	5.282e-17
74.214618	5.275e-17
74.227698	5.271e-17
74.240674	5.268e-17
74.253546	5.267e-17
74.266522	5.282e-17
74.279791	5.280e-17
74.292670	5.278e-17
74.305640	5.278e-17
74.318817	5.284e-17
74.331793	5.288e-17
74.344672	5.280e-17
74.357538	5.284e-17
74.370612	5.283e-17
74.383588	5.276e-17
74.396368	5.272e-17
74.409338	5.279e-17
74.422315	5.271e-17
74.435290	5.282e-17
74.448059	5.291e-17
74.461139	5.290e-17
74.474310	5.301e-17
74.487390	5.298e-17
74.500262	5.301e-17
74.513342	5.297e-17
74.526410	5.279e-17
74.539386	5.265e-17
74.552161	5.262e-17
74.565137	5.257e-17
74.578210	5.249e-17
74.591089	5.239e-17
74.603961	5.225e-17
74.616931	5.229e-17
74.629907	5.239e-17
74.642786	5.243e-17
74.655762	5.240e-17
74.668933	5.253e-17
74.682013	5.256e-17
74.694977	5.246e-17
74.707855	5.242e-17
74.721033	5.239e-17
74.734009	5.239e-17
74.746881	5.251e-17
74.759759	5.249e-17
74.772827	5.238e-17
74.785803	5.236e-17
74.798578	5.231e-17
74.811456	5.225e-17
74.824530	5.222e-17
74.837506	5.224e-17
74.850378	5.229e-17
74.863348	5.228e-17
74.876624	5.236e-17
74.889600	5.248e-17
74.902576	5.257e-17
74.915552	5.250e-17
74.928625	5.241e-17
74.941498	5.229e-17
74.954474	5.236e-17
74.967450	5.234e-17
74.980426	5.252e-17
74.993298	5.247e-17
75.006177	5.239e-17
75.019153	5.246e-17
75.032123	5.236e-17
75.044995	5.249e-17
75.057971	5.252e-17
75.071149	5.251e-17
75.084222	5.261e-17
75.097101	5.266e-17
75.110168	5.248e-17
75.123145	5.222e-17
75.136218	5.224e-17
75.148993	5.217e-17
75.161969	5.225e-17
75.175049	5.225e-17
75.188019	5.220e-17
75.200793	5.204e-17
75.213770	5.175e-17
75.226739	5.159e-17
75.239618	5.153e-17
75.252594	5.157e-17
75.265772	5.178e-17
75.278839	5.198e-17
75.291711	5.216e-17
75.304791	5.220e-17
75.317865	5.222e-17
75.330841	5.189e-17
75.343616	5.182e-17
75.356592	5.183e-17
75.369659	5.194e-17
75.382636	5.187e-17
75.395410	5.183e-17
75.408386	5.172e-17
75.421362	5.181e-17
75.434338	5.186e-17
75.447217	5.201e-17
75.460284	5.213e-17
75.473358	5.213e-17
75.486438	5.206e-17
75.499310	5.212e-17
75.512286	5.214e-17
75.525464	5.225e-17
75.538434	5.223e-17
75.551306	5.234e-17
75.564185	5.239e-17
75.577258	5.265e-17
75.590033	5.280e-17
75.603009	5.302e-17
75.615985	5.307e-17
75.628955	5.301e-17
75.641827	5.273e-17
75.654804	5.226e-17
75.667981	5.191e-17
75.681055	5.160e-17
75.693933	5.139e-17
75.706903	5.127e-17
75.719977	5.107e-17
75.733051	5.071e-17
75.745929	5.040e-17
75.758807	5.005e-17
75.771979	5.022e-17
75.784857	5.046e-17
75.797626	5.062e-17
75.810498	5.075e-17
75.823578	5.110e-17
75.836554	5.165e-17
75.849426	5.212e-17
75.862402	5.257e-17
75.875671	5.219e-17
75.888648	5.161e-17
75.901526	5.067e-17
75.914600	5.038e-17
75.927673	5.054e-17
75.940552	5.091e-17
75.953424	5.158e-17
75.966596	5.216e-17
75.979474	5.254e-17
75.992346	5.243e-17
76.005225	5.206e-17
76.018201	5.185e-17
76.031171	5.210e-17
76.044049	5.250e-17
76.057019	5.291e-17
76.070196	5.304e-17
76.083270	5.289e-17
76.096143	5.293e-17
76.109119	5.284e-17
76.122199	5.285e-17
76.135266	5.268e-17
76.148145	5.233e-17
76.161017	5.181e-17
76.174194	5.130e-17
76.186969	5.094e-17
76.199841	5.039e-17
76.212817	4.992e-17
76.225787	4.983e-17
76.238666	4.989e-17
76.251642	4.984e-17
76.264813	4.957e-17
76.277893	4.935e-17
76.290765	4.915e-17
76.303735	4.908e-17
76.316809	4.925e-17
76.329889	4.969e-17
76.342664	5.017e-17
76.355737	5.075e-17
76.368817	5.116e-17
76.381683	5.165e-17
76.394458	5.184e-17
76.407434	5.183e-17
76.420410	5.160e-17
76.433386	5.135e-17
76.446265	5.113e-17
76.459338	5.108e-17
76.472406	5.126e-17
76.485382	5.176e-17
76.498358	5.216e-17
76.511334	5.225e-17
76.524512	5.170e-17
76.537384	5.109e-17
76.550354	5.037e-17
76.563232	5.000e-17
76.576306	4.984e-17
76.589179	5.010e-17
76.602057	5.052e-17
76.615033	5.122e-17
76.628009	5.181e-17
76.640875	5.253e-17
76.653851	5.335e-17
76.667126	5.373e-17
76.680102	5.373e-17
76.692981	5.317e-17
76.705957	5.222e-17
76.719122	5.103e-17
76.732098	4.950e-17
76.744977	4.887e-17
76.757849	4.812e-17
76.770929	4.748e-17
76.783905	4.741e-17
76.796680	4.747e-17
76.809552	4.773e-17
76.822626	4.785e-17
76.835602	4.797e-17
76.848474	4.811e-17
76.861548	4.856e-17
76.874725	4.914e-17
76.887604	5.052e-17
76.900568	5.153e-17
76.913648	5.198e-17
76.926721	5.203e-17
76.939496	5.141e-17
76.952472	5.073e-17
76.965546	5.020e-17
76.978516	5.012e-17
76.991296	4.999e-17
77.004266	4.997e-17
77.017242	4.999e-17
77.030219	5.023e-17
77.043097	5.030e-17
77.056171	5.050e-17
77.069238	5.050e-17
77.082318	5.021e-17
77.095190	5.004e-17
77.108167	4.971e-17
77.121246	4.980e-17
77.134320	4.982e-17
77.147089	5.016e-17
77.160065	5.080e-17
77.173138	5.134e-17
77.186017	5.162e-17
77.198889	5.145e-17
77.211865	5.090e-17
77.224841	5.042e-17
77.237714	4.981e-17
77.250690	4.907e-17
77.263861	4.859e-17
77.276941	4.817e-17
77.289813	4.813e-17
77.302789	4.809e-17
77.315857	4.813e-17
77.328937	4.800e-17
77.341809	4.784e-17
77.354688	4.755e-17
77.367859	4.742e-17
77.380737	4.752e-17
77.393512	4.798e-17
77.406384	4.851e-17
77.419458	4.921e-17
77.432434	4.987e-17
77.445306	5.028e-17
77.458282	5.049e-17
77.471558	5.028e-17
77.484430	4.978e-17
77.497504	4.933e-17
77.510382	4.871e-17
77.523554	4.853e-17
77.536432	4.870e-17
77.549408	4.912e-17
77.562280	4.965e-17
77.575354	5.015e-17
77.588226	5.035e-17
77.601105	5.021e-17
77.614081	4.984e-17
77.627057	4.913e-17
77.639929	4.883e-17
77.652905	4.864e-17
77.666077	4.851e-17
77.679150	4.849e-17
77.692029	4.840e-17
77.705102	4.838e-17
77.718176	4.841e-17
77.731146	4.860e-17
77.744025	4.876e-17
77.757001	4.878e-17
77.769977	4.845e-17
77.782849	4.790e-17
77.795727	4.748e-17
77.808600	4.682e-17
77.821674	4.599e-17
77.834546	4.582e-17
77.847522	4.566e-17
77.860596	4.602e-17
77.873773	4.618e-17
77.886645	4.670e-17
77.899725	4.726e-17
77.912695	4.816e-17
77.925769	4.903e-17
77.938641	4.991e-17
77.951520	5.050e-17
77.964697	5.074e-17
77.977570	5.054e-17
77.990344	5.005e-17
78.003314	4.958e-17
78.016290	4.936e-17
78.029266	4.937e-17
78.042145	4.955e-17
78.055219	4.965e-17
78.068396	4.963e-17
78.081262	4.939e-17
78.094238	4.907e-17
78.107214	4.865e-17
78.120392	4.836e-17
78.133167	4.811e-17
78.146240	4.797e-17
78.159113	4.786e-17
78.172186	4.761e-17
78.185065	4.741e-17
78.197937	4.726e-17
78.210913	4.703e-17
78.223889	4.664e-17
78.236762	4.626e-17
78.249731	4.556e-17
78.262811	4.504e-17
78.275983	4.493e-17
78.288861	4.474e-17
78.301837	4.493e-17
78.314911	4.532e-17
78.327978	4.594e-17
78.340759	4.641e-17
78.353833	4.704e-17
78.366907	4.738e-17
78.379681	4.772e-17
78.392560	4.795e-17
78.405536	4.852e-17
78.418506	4.884e-17
78.431482	4.897e-17
78.444354	4.861e-17
78.457434	4.817e-17
78.470605	4.795e-17
78.483484	4.773e-17
78.496460	4.791e-17
78.509528	4.808e-17
78.522601	4.848e-17
78.535480	4.847e-17
78.548352	4.830e-17
78.561432	4.789e-17
78.574408	4.760e-17
78.587274	4.742e-17
78.600049	4.735e-17
78.613129	4.760e-17
78.626099	4.771e-17
78.638977	4.782e-17
78.651953	4.765e-17
78.665131	4.743e-17
78.678198	4.691e-17
78.691174	4.674e-17
78.704047	4.631e-17
78.717224	4.603e-17
78.730102	4.601e-17
78.743079	4.611e-17
78.755945	4.639e-17
78.769019	4.678e-17
78.781897	4.693e-17
78.794769	4.700e-17
78.807648	4.698e-17
78.820721	4.699e-17
78.833600	4.681e-17
78.846570	4.679e-17
78.859644	4.672e-17
78.872821	4.666e-17
78.885797	4.652e-17
78.898773	4.634e-17
78.911743	4.605e-17
78.924817	4.591e-17
78.937592	4.598e-17
78.950665	4.614e-17
78.963641	4.651e-17
78.976617	4.705e-17
78.989392	4.775e-17
79.002368	4.827e-17
79.015338	4.867e-17
79.028314	4.869e-17
79.041193	4.832e-17
79.054266	4.792e-17
79.067340	4.731e-17
79.080316	4.682e-17
79.093286	4.624e-17
79.106262	4.578e-17
79.119440	4.537e-17
79.132312	4.514e-17
79.145190	4.496e-17
79.158167	4.495e-17
79.171240	4.487e-17
79.184106	4.461e-17
79.196985	4.436e-17
79.209961	4.389e-17
79.222937	4.344e-17
79.235809	4.312e-17
79.248785	4.288e-17
79.261957	4.265e-17
79.275031	4.251e-17
79.287909	4.253e-17
79.300885	4.276e-17
79.313959	4.299e-17
79.327032	4.334e-17
79.339911	4.387e-17
79.352881	4.429e-17
79.365955	4.455e-17
79.378729	4.461e-17
79.391608	4.461e-17
79.404480	4.459e-17
79.417560	4.467e-17
79.430536	4.461e-17
79.443402	4.454e-17
79.456476	4.438e-17
79.469653	4.415e-17
79.482532	4.393e-17
79.495502	4.377e-17
79.508582	4.365e-17
79.521649	4.354e-17
79.534424	4.337e-17
79.547504	4.317e-17
79.560474	4.278e-17
79.573554	4.237e-17
79.586230	4.192e-17
79.599200	4.171e-17
79.612170	4.134e-17
79.625147	4.123e-17
79.638025	4.117e-17
79.651099	4.161e-17
79.664276	4.206e-17
79.677148	4.242e-17
79.690118	4.277e-17
79.703094	4.304e-17
79.716174	4.296e-17
79.729144	4.268e-17
79.742023	4.251e-17
79.754999	4.212e-17
79.768170	4.165e-17
79.780945	4.122e-17
79.793817	4.096e-17
79.806793	4.055e-17
79.819769	4.025e-17
79.832648	4.013e-17
79.845624	3.997e-17
79.858691	3.988e-17
79.871869	4.001e-17
79.884839	4.028e-17
79.897717	4.047e-17
79.910791	4.068e-17
79.923871	4.089e-17
79.936737	4.089e-17
79.949713	4.083e-17
79.962787	4.081e-17
79.975665	4.072e-17
79.988538	4.061e-17
80.001318	4.035e-17
80.014392	4.016e-17
80.027362	3.996e-17
80.040234	3.985e-17
80.053210	3.961e-17
80.066486	3.957e-17
80.079364	3.959e-17
80.092438	3.995e-17
80.105316	4.032e-17
80.118481	4.070e-17
80.131360	4.128e-17
80.144336	4.170e-17
80.157208	4.204e-17
80.170386	4.211e-17
80.183160	4.191e-17
80.196033	4.154e-17
80.209009	4.119e-17
80.221985	4.097e-17
80.234857	4.088e-17
80.247833	4.094e-17
80.261011	4.094e-17
80.274078	4.101e-17
80.286957	4.110e-17
80.300031	4.134e-17
80.313007	4.143e-17
80.326080	4.165e-17
80.338855	4.192e-17
80.351935	4.201e-17
80.364905	4.203e-17
80.377777	4.209e-17
80.390656	4.210e-17
80.403632	4.204e-17
80.416602	4.199e-17
80.429480	4.202e-17
80.442456	4.207e-17
80.455524	4.194e-17
80.468701	4.173e-17
80.481677	4.158e-17
80.494550	4.123e-17
80.507629	4.106e-17
80.520703	4.110e-17
80.533569	4.123e-17
80.546448	4.144e-17
80.559625	4.175e-17
80.572498	4.204e-17
80.585376	4.248e-17
80.598248	4.295e-17
80.611224	4.340e-17
80.624194	4.400e-17
80.637073	4.459e-17
80.650049	4.495e-17
80.663324	4.538e-17
80.676196	4.559e-17
80.689172	4.573e-17
80.702240	4.566e-17
80.715320	4.557e-17
80.728094	4.550e-17
80.741071	4.541e-17
80.754047	4.513e-17
80.767120	4.493e-17
80.779999	4.449e-17
80.792865	4.405e-17
80.805841	4.386e-17
80.818817	4.353e-17
80.831690	4.316e-17
80.844665	4.305e-17
80.857843	4.293e-17
80.870911	4.293e-17
80.883789	4.309e-17
80.896765	4.315e-17
80.909839	4.323e-17
80.922913	4.338e-17
80.935693	4.353e-17
80.948767	4.374e-17
80.961737	4.391e-17
80.974713	4.419e-17
80.987488	4.440e-17
81.000464	4.457e-17
81.013440	4.476e-17
81.026416	4.500e-17
81.039288	4.542e-17
81.052362	4.580e-17
81.065533	4.617e-17
81.078509	4.668e-17
81.091486	4.717e-17
81.104462	4.772e-17
81.117529	4.825e-17
81.130408	4.894e-17
81.143280	4.960e-17
81.156457	5.007e-17
81.169336	5.015e-17
81.182208	5.001e-17
81.195087	4.961e-17
81.208063	4.932e-17
81.221027	4.888e-17
81.233905	4.851e-17
81.246881	4.834e-17
81.260059	4.829e-17
81.273132	4.850e-17
81.286108	4.882e-17
81.298975	4.923e-17
81.312152	4.942e-17
81.325128	4.932e-17
81.337903	4.894e-17
81.350879	4.837e-17
81.364056	4.791e-17
81.376825	4.747e-17
81.389697	4.724e-17
81.402576	4.705e-17
81.415649	4.691e-17
81.428528	4.669e-17
81.441504	4.664e-17
81.454578	4.648e-17
81.467749	4.647e-17
81.480725	4.637e-17
81.493701	4.641e-17
81.506671	4.637e-17
81.519751	4.657e-17
81.532526	4.681e-17
81.545593	4.699e-17
81.558569	4.710e-17
81.571545	4.745e-17
81.584424	4.761e-17
81.597296	4.803e-17
81.610272	4.880e-17
81.623248	4.926e-17
81.636121	5.007e-17
81.649194	5.071e-17
81.662268	5.199e-17
81.675244	5.218e-17
81.688318	5.274e-17
81.701196	5.268e-17
81.714264	5.245e-17
81.727240	5.222e-17
81.740118	5.215e-17
81.753094	5.218e-17
81.766168	5.203e-17
81.779040	5.205e-17
81.791919	5.216e-17
81.804889	5.240e-17
81.817865	5.247e-17
81.830737	5.275e-17
81.843713	5.255e-17
81.856891	5.238e-17
81.869965	5.177e-17
81.882843	5.129e-17
81.895911	5.096e-17
81.908984	5.064e-17
81.921960	5.035e-17
81.934735	5.030e-17
81.947711	4.994e-17
81.960889	4.976e-17
81.973657	4.945e-17
81.986536	4.926e-17
81.999512	4.897e-17
82.012488	4.869e-17
82.025360	4.845e-17
82.038336	4.838e-17
82.051410	4.833e-17
82.064581	4.828e-17
82.077460	4.827e-17
82.090430	4.839e-17
82.103509	4.857e-17
82.116583	4.881e-17
82.129358	4.919e-17
82.142328	4.945e-17
82.155402	4.961e-17
82.168481	4.981e-17
82.181158	4.996e-17
82.194128	5.032e-17
82.207105	5.081e-17
82.220081	5.134e-17
82.232953	5.214e-17
82.246027	5.267e-17
82.259100	5.310e-17
82.272278	5.339e-17
82.285052	5.353e-17
82.298029	5.366e-17
82.311102	5.363e-17
82.324072	5.378e-17
82.336951	5.379e-17
82.349927	5.402e-17
82.363000	5.427e-17
82.375879	5.435e-17
82.388751	5.437e-17
82.401624	5.437e-17
82.414697	5.409e-17
82.427576	5.391e-17
82.440552	5.355e-17
82.453723	5.302e-17
82.466803	5.236e-17
82.479767	5.193e-17
82.492743	5.086e-17
82.505823	5.011e-17
82.518799	4.979e-17
82.531574	4.948e-17
82.544550	4.904e-17
82.557623	4.881e-17
82.570593	4.861e-17
82.583368	4.822e-17
82.596246	4.826e-17
82.609320	4.811e-17
82.622296	4.790e-17
82.635168	4.778e-17
82.648145	4.748e-17
82.661316	4.730e-17
82.674292	4.706e-17
82.687366	4.703e-17
82.700244	4.693e-17
82.713415	4.708e-17
82.726294	4.727e-17
82.739160	4.760e-17
82.752136	4.803e-17
82.765216	4.873e-17
82.778088	4.932e-17
82.790967	4.982e-17
82.803943	5.020e-17
82.816919	5.048e-17
82.829785	5.063e-17
82.842761	5.084e-17
82.855939	5.108e-17
82.869012	5.155e-17
82.881891	5.186e-17
82.894965	5.213e-17
82.907935	5.191e-17
82.921008	5.156e-17
82.933783	5.103e-17
82.946863	5.051e-17
82.959839	4.979e-17
82.972711	4.916e-17
82.985590	4.855e-17
82.998560	4.804e-17
83.011529	4.761e-17
83.024408	4.743e-17
83.037384	4.723e-17
83.050458	4.704e-17
83.063635	4.675e-17
83.076501	4.633e-17
83.089581	4.586e-17
83.102655	4.540e-17
83.115631	4.490e-17
83.128503	4.442e-17
83.141382	4.420e-17
83.154553	4.397e-17
83.167426	4.396e-17
83.180304	4.402e-17
83.193176	4.417e-17
83.206152	4.431e-17
83.219128	4.432e-17
83.232007	4.439e-17
83.245074	4.446e-17
83.258252	4.458e-17
83.271228	4.462e-17
83.284100	4.455e-17
83.297174	4.454e-17
83.310254	4.452e-17
83.323023	4.428e-17
83.336096	4.395e-17
83.348975	4.374e-17
83.362048	4.329e-17
83.374927	4.294e-17
83.387799	4.268e-17
83.400775	4.247e-17
83.413745	4.254e-17
83.426617	4.252e-17
83.439594	4.270e-17
83.452771	4.266e-17
83.465845	4.246e-17
83.478723	4.199e-17
83.491699	4.178e-17
83.504871	4.142e-17
83.517841	4.104e-17
83.530621	4.092e-17
83.543597	4.085e-17
83.556671	4.109e-17
83.569647	4.125e-17
83.582416	4.154e-17
83.595288	4.184e-17
83.608368	4.202e-17
83.621344	4.210e-17
83.634216	4.198e-17
83.647192	4.188e-17
83.660461	4.179e-17
83.673340	4.164e-17
83.686316	4.155e-17
83.699390	4.163e-17
83.712463	4.173e-17
83.725342	4.190e-17
83.738214	4.193e-17
83.751288	4.180e-17
83.764264	4.156e-17
83.777136	4.102e-17
83.790015	4.051e-17
83.802991	3.994e-17
83.815961	3.937e-17
83.828839	3.889e-17
83.841809	3.845e-17
83.854987	3.830e-17
83.868060	3.831e-17
83.880933	3.847e-17
83.894012	3.864e-17
83.907086	3.877e-17
83.920056	3.873e-17
83.932935	3.858e-17
83.945807	3.832e-17
83.958984	3.818e-17
83.971759	3.787e-17
83.984631	3.763e-17
83.997510	3.756e-17
84.010577	3.738e-17
84.023456	3.738e-17
84.036432	3.732e-17
84.049506	3.742e-17
84.062683	3.761e-17
84.075659	3.785e-17
84.088629	3.822e-17
84.101599	3.872e-17
84.114679	3.914e-17
84.127454	3.944e-17
84.140527	3.974e-17
84.153503	3.968e-17
84.166473	3.978e-17
84.179248	3.963e-17
84.192224	3.953e-17
84.205200	3.939e-17
84.218176	3.939e-17
84.231055	3.960e-17
84.244128	3.973e-17
84.257196	3.982e-17
84.270172	3.975e-17
84.283246	3.959e-17
84.296222	3.935e-17
84.309302	3.891e-17
84.322174	3.860e-17
84.335150	3.823e-17
84.348120	3.796e-17
84.361096	3.782e-17
84.373969	3.765e-17
84.386847	3.760e-17
84.399823	3.760e-17
84.412799	3.787e-17
84.425671	3.813e-17
84.438641	3.843e-17
84.451819	3.871e-17
84.464893	3.884e-17
84.477771	3.879e-17
84.490845	3.874e-17
84.503912	3.857e-17
84.516888	3.835e-17
84.529767	3.820e-17
84.542639	3.816e-17
84.555719	3.798e-17
84.568695	3.791e-17
84.581470	3.780e-17
84.594342	3.784e-17
84.607416	3.784e-17
84.620288	3.802e-17
84.633264	3.820e-17
84.646338	3.859e-17
84.659515	3.899e-17
84.672394	3.929e-17
84.685461	3.958e-17
84.698438	3.962e-17
84.711511	3.945e-17
84.724390	3.915e-17
84.737262	3.888e-17
84.750336	3.858e-17
84.763306	3.838e-17
84.776086	3.810e-17
84.789056	3.801e-17
84.802032	3.789e-17
84.815008	3.786e-17
84.827887	3.776e-17
84.840863	3.764e-17
84.854028	3.751e-17
84.867108	3.720e-17
84.879980	3.709e-17
84.892957	3.694e-17
84.906134	3.692e-17
84.919006	3.690e-17
84.931879	3.688e-17
84.944855	3.703e-17
84.958032	3.722e-17
84.970807	3.741e-17
84.983679	3.750e-17
84.996558	3.770e-17
85.009631	3.792e-17
85.022504	3.807e-17
85.035480	3.806e-17
85.048651	3.807e-17
85.061731	3.796e-17
85.074603	3.781e-17
85.087579	3.777e-17
85.100647	3.768e-17
85.113727	3.765e-17
85.126599	3.759e-17
85.139477	3.759e-17
85.152649	3.751e-17
85.165527	3.758e-17
85.178400	3.760e-17
85.191272	3.789e-17
85.204248	3.807e-17
85.217224	3.839e-17
85.230096	3.871e-17
85.243073	3.895e-17
85.256348	3.888e-17
85.269226	3.883e-17
85.282196	3.863e-17
85.295172	3.834e-17
85.308344	3.803e-17
85.321222	3.770e-17
85.334198	3.748e-17
85.347174	3.737e-17
85.360144	3.726e-17
85.373016	3.708e-17
85.385895	3.697e-17
85.398871	3.692e-17
85.411847	3.674e-17
85.424719	3.655e-17
85.437695	3.643e-17
85.450867	3.644e-17
85.463940	3.635e-17
85.476819	3.628e-17
85.489893	3.624e-17
85.502966	3.628e-17
85.515942	3.646e-17
85.541791	3.667e-17
85.554767	3.678e-17
85.567639	3.688e-17
85.580518	3.699e-17
85.593390	3.711e-17
85.606464	3.714e-17
85.619336	3.707e-17
85.632312	3.712e-17
85.645386	3.709e-17
85.658460	3.709e-17
85.671435	3.705e-17
85.684412	3.701e-17
85.697583	3.693e-17
85.710559	3.681e-17
85.723431	3.666e-17
85.736407	3.651e-17
85.749383	3.653e-17
85.762360	3.645e-17
85.775134	3.657e-17
85.788104	3.657e-17
85.801080	3.681e-17
85.814056	3.697e-17
85.826935	3.709e-17
85.839911	3.713e-17
85.853186	3.705e-17
85.866156	3.689e-17
85.879028	3.663e-17
85.892004	3.634e-17
85.905182	3.612e-17
85.918054	3.600e-17
85.931030	3.585e-17
85.943909	3.575e-17
85.956976	3.566e-17
85.969855	3.556e-17
85.982727	3.556e-17
85.995703	3.557e-17
86.008679	3.552e-17
86.021551	3.547e-17
86.034528	3.553e-17
86.047699	3.555e-17
86.060773	3.560e-17
86.073651	3.560e-17
86.086627	3.575e-17
86.099701	3.574e-17
86.112769	3.591e-17
86.125549	3.606e-17
86.138623	3.620e-17
86.151599	3.628e-17
86.164575	3.637e-17
86.177350	3.661e-17
86.190326	3.667e-17
86.203296	3.671e-17
86.216272	3.679e-17
86.229144	3.676e-17
86.242224	3.664e-17
86.255395	3.664e-17
86.268274	3.644e-17
86.281250	3.641e-17
86.294220	3.622e-17
86.307391	3.620e-17
86.320270	3.608e-17
86.333246	3.592e-17
86.346222	3.573e-17
86.359198	3.565e-17
86.372064	3.556e-17
86.384943	3.546e-17
86.397919	3.547e-17
86.410889	3.552e-17
86.423767	3.554e-17
86.436743	3.551e-17
86.449921	3.552e-17
86.462988	3.542e-17
86.475964	3.539e-17
86.488837	3.525e-17
86.502014	3.517e-17
86.514990	3.505e-17
86.527869	3.508e-17
86.540735	3.497e-17
86.553809	3.495e-17
86.566687	3.504e-17
86.579559	3.500e-17
86.592438	3.494e-17
86.605512	3.494e-17
86.618390	3.498e-17
86.631360	3.504e-17
86.644434	3.509e-17
86.657611	3.521e-17
86.670483	3.530e-17
86.683563	3.545e-17
86.696637	3.551e-17
86.709607	3.563e-17
86.722479	3.576e-17
86.735455	3.590e-17
86.748431	3.600e-17
86.761407	3.624e-17
86.774182	3.642e-17
86.787158	3.655e-17
86.800128	3.668e-17
86.813104	3.684e-17
86.825983	3.705e-17
86.839056	3.721e-17
86.852130	3.729e-17
86.865106	3.751e-17
86.878076	3.745e-17
86.891052	3.763e-17
86.904230	3.756e-17
86.917102	3.767e-17
86.929980	3.761e-17
86.943054	3.760e-17
86.956030	3.749e-17
86.968897	3.740e-17
86.981775	3.736e-17
86.994849	3.720e-17
87.007727	3.707e-17
87.020599	3.689e-17
87.033575	3.673e-17
87.046753	3.667e-17
87.059821	3.640e-17
87.072699	3.635e-17
87.085675	3.615e-17
87.098846	3.610e-17
87.111823	3.596e-17
87.124701	3.586e-17
87.137671	3.582e-17
87.150745	3.581e-17
87.163519	3.577e-17
87.176398	3.567e-17
87.189270	3.576e-17
87.202350	3.578e-17
87.215222	3.588e-17
87.228192	3.603e-17
87.241266	3.616e-17
87.254443	3.635e-17
87.267322	3.643e-17
87.280292	3.659e-17
87.293372	3.661e-17
87.306439	3.687e-17
87.319214	3.704e-17
87.332294	3.731e-17
87.345166	3.760e-17
87.358344	3.790e-17
87.371020	3.808e-17
87.383991	3.834e-17
87.396960	3.842e-17
87.409937	3.861e-17
87.422815	3.870e-17
87.435889	3.883e-17
87.448962	3.886e-17
87.462042	3.894e-17
87.474908	3.899e-17
87.487884	3.903e-17
87.500964	3.904e-17
87.513934	3.919e-17
87.526813	3.923e-17
87.539789	3.937e-17
87.552856	3.949e-17
87.565735	3.982e-17
87.578607	3.997e-17
87.591486	4.013e-17
87.604559	4.039e-17
87.617438	4.046e-17
87.630414	4.037e-17
87.643481	4.045e-17
87.656659	4.032e-17
87.669629	4.011e-17
87.682507	3.980e-17
87.695685	3.957e-17
87.708661	3.936e-17
87.721533	3.917e-17
87.734406	3.898e-17
87.747479	3.887e-17
87.760455	3.884e-17
87.773230	3.880e-17
87.786108	3.870e-17
87.799182	3.872e-17
87.812152	3.869e-17
87.825024	3.881e-17
87.838000	3.887e-17
87.851276	3.890e-17
87.864154	3.907e-17
87.877228	3.922e-17
87.890106	3.928e-17
87.903272	3.935e-17
87.916052	3.939e-17
87.929126	3.964e-17
87.941998	3.971e-17
87.955078	3.985e-17
87.967950	4.000e-17
87.980829	4.016e-17
87.993799	4.030e-17
88.006775	4.052e-17
88.019647	4.073e-17
88.032721	4.091e-17
88.045801	4.097e-17
88.058875	4.111e-17
88.071844	4.116e-17
88.084723	4.121e-17
88.097797	4.114e-17
88.110870	4.116e-17
88.123645	4.116e-17
88.136725	4.125e-17
88.149695	4.121e-17
88.162567	4.123e-17
88.175446	4.131e-17
88.188318	4.143e-17
88.201392	4.142e-17
88.214270	4.154e-17
88.227246	4.167e-17
88.240314	4.175e-17
88.253491	4.176e-17
88.266364	4.180e-17
88.279443	4.175e-17
88.292419	4.176e-17
88.305493	4.176e-17
88.318359	4.173e-17
88.331335	4.194e-17
88.344312	4.219e-17
88.357288	4.256e-17
88.370062	4.288e-17
88.383038	4.330e-17
88.396014	4.355e-17
88.408984	4.359e-17
88.421863	4.359e-17
88.434937	4.343e-17
88.448114	4.336e-17
88.460986	4.314e-17
88.473962	4.300e-17
88.486932	4.290e-17
88.500110	4.272e-17
88.512884	4.272e-17
88.525861	4.256e-17
88.538837	4.245e-17
88.552008	4.247e-17
88.564789	4.237e-17
88.577655	4.240e-17
88.590631	4.239e-17
88.603607	4.249e-17
88.616480	4.255e-17
88.629456	4.255e-17
88.642535	4.264e-17
88.655701	4.271e-17
88.668579	4.271e-17
88.681555	4.283e-17
88.694629	4.285e-17
88.707703	4.294e-17
88.720483	4.300e-17
88.733460	4.300e-17
88.746625	4.310e-17
88.759399	4.317e-17
88.772278	4.330e-17
88.785254	4.339e-17
88.798230	4.349e-17
88.811102	4.359e-17
88.824078	4.363e-17
88.837152	4.374e-17
88.850324	4.375e-17
88.863300	4.364e-17
88.876178	4.359e-17
88.889252	4.352e-17
88.902228	4.331e-17
88.915198	4.326e-17
88.928070	4.319e-17
88.941150	4.308e-17
88.954126	4.315e-17
88.966998	4.321e-17
88.979877	4.326e-17
88.992853	4.361e-17
89.005817	4.388e-17
89.018695	4.427e-17
89.031671	4.466e-17
89.044849	4.514e-17
89.057922	4.578e-17
89.070795	4.622e-17
89.083765	4.669e-17
89.096844	4.702e-17
89.109918	4.709e-17
89.122797	4.705e-17
89.135669	4.684e-17
89.148846	4.666e-17
89.161621	4.636e-17
89.174487	4.610e-17
89.187366	4.594e-17
89.200440	4.567e-17
89.213318	4.559e-17
89.226294	4.541e-17
89.239368	4.520e-17
89.252539	4.512e-17
89.265515	4.493e-17
89.278387	4.492e-17
89.291461	4.490e-17
89.304541	4.495e-17
89.317413	4.499e-17
89.330383	4.509e-17
89.343463	4.508e-17
89.356335	4.535e-17
89.369110	4.543e-17
89.382086	4.568e-17
89.395062	4.580e-17
89.408038	4.591e-17
89.420917	4.590e-17
89.433984	4.605e-17
89.447058	4.611e-17
89.460034	4.614e-17
89.473108	4.625e-17
89.486084	4.627e-17
89.499158	4.620e-17
89.512030	4.620e-17
89.525006	4.629e-17
89.537982	4.642e-17
89.550958	4.633e-17
89.563831	4.640e-17
89.576709	4.651e-17
89.589679	4.650e-17
89.602655	4.663e-17
89.615527	4.650e-17
89.628503	4.646e-17
89.641681	4.628e-17
89.654755	4.626e-17
89.667633	4.614e-17
89.680701	4.602e-17
89.693774	4.608e-17
89.706750	4.613e-17
89.719629	4.616e-17
89.732501	4.629e-17
89.745679	4.641e-17
89.758447	4.657e-17
89.771326	4.664e-17
89.784302	4.682e-17
89.797278	4.707e-17
89.810150	4.708e-17
89.823126	4.738e-17
89.836200	4.737e-17
89.849371	4.745e-17
89.862250	4.758e-17
89.875220	4.764e-17
89.888300	4.769e-17
89.901373	4.785e-17
89.914148	4.778e-17
89.927222	4.777e-17
89.940094	4.792e-17
89.953272	4.788e-17
89.966046	4.789e-17
89.978918	4.795e-17
89.991895	4.796e-17
90.004871	4.794e-17
90.017743	4.788e-17
90.030817	4.781e-17
90.043994	4.785e-17
90.056970	4.774e-17
90.069843	4.779e-17
90.082819	4.783e-17
90.095892	4.787e-17
90.108862	4.794e-17
90.121741	4.807e-17
90.134815	4.819e-17
90.147894	4.838e-17
90.160669	4.847e-17
90.173541	4.874e-17
90.186511	4.882e-17
90.199487	4.893e-17
90.212366	4.900e-17
90.225342	4.906e-17
90.238415	4.913e-17
90.251593	4.917e-17
90.264557	4.921e-17
90.277435	4.918e-17
90.290509	4.926e-17
90.303589	4.923e-17
90.316461	4.923e-17
90.329437	4.922e-17
90.342511	4.916e-17
90.355286	4.917e-17
90.368256	4.909e-17
90.381134	4.887e-17
90.394110	4.867e-17
90.407086	4.855e-17
90.419958	4.845e-17
90.432935	4.832e-17
90.446204	4.830e-17
90.459082	4.826e-17
90.472156	4.818e-17
90.485034	4.801e-17
90.498206	4.797e-17
90.510986	4.807e-17
90.524054	4.801e-17
90.536926	4.797e-17
90.550104	4.803e-17
90.562878	4.802e-17
90.575757	4.819e-17
90.588733	4.827e-17
90.601709	4.837e-17
90.614575	4.861e-17
90.627551	4.857e-17
90.640729	4.866e-17
90.653802	4.867e-17
90.666779	4.875e-17
90.679755	4.869e-17
90.692822	4.865e-17
90.705798	4.871e-17
90.718677	4.869e-17
90.731653	4.906e-17
90.744629	4.912e-17
90.757501	4.917e-17
90.770380	4.949e-17
90.783350	4.956e-17
90.796320	4.957e-17
90.809198	4.963e-17
90.822174	4.959e-17
90.835248	4.973e-17
90.848425	4.985e-17
90.861292	4.985e-17
90.874268	4.997e-17
90.887445	5.001e-17
90.900324	5.013e-17
90.913196	5.036e-17
90.926172	5.051e-17
90.939343	5.086e-17
90.952216	5.092e-17
90.965094	5.096e-17
90.977966	5.114e-17
90.990942	5.114e-17
91.003918	5.110e-17
91.016797	5.117e-17
91.029864	5.114e-17
91.043042	5.108e-17
91.055914	5.097e-17
91.068890	5.091e-17
91.081867	5.086e-17
91.095044	5.091e-17
91.107819	5.086e-17
91.120886	5.072e-17
91.133765	5.061e-17
91.146936	5.043e-17
91.159717	5.022e-17
91.172589	5.012e-17
91.185565	4.986e-17
91.198535	4.970e-17
91.211407	4.954e-17
91.224383	4.933e-17
91.237561	4.922e-17
91.250635	4.904e-17
91.263513	4.882e-17
91.276489	4.876e-17
91.289557	4.861e-17
91.302631	4.846e-17
91.315411	4.836e-17
91.328387	4.846e-17
91.341461	4.836e-17
91.354333	4.846e-17
91.367206	4.844e-17
91.380182	4.858e-17
91.393158	4.869e-17
91.406030	4.879e-17
91.419006	4.883e-17
91.432086	4.887e-17
91.445258	4.890e-17
91.458227	4.895e-17
91.471204	4.906e-17
91.484082	4.918e-17
91.497253	4.943e-17
91.510028	4.971e-17
91.523004	4.983e-17
91.536078	4.991e-17
91.549054	5.008e-17
91.561926	5.006e-17
91.574805	5.010e-17
91.587781	5.029e-17
91.600751	5.054e-17
91.613629	5.080e-17
91.626599	5.080e-17
91.639777	5.102e-17
91.652850	5.111e-17
91.665826	5.123e-17
91.678699	5.128e-17
91.691876	5.149e-17
91.704846	5.162e-17
91.717725	5.179e-17
91.730597	5.194e-17
91.743671	5.197e-17
91.756549	5.198e-17
91.769421	5.193e-17
91.782300	5.186e-17
91.795367	5.183e-17
91.808246	5.164e-17
91.821222	5.138e-17
91.834198	5.127e-17
91.847473	5.117e-17
91.860449	5.100e-17
91.873419	5.085e-17
91.886389	5.072e-17
91.899469	5.069e-17
91.912244	5.064e-17
91.925317	5.038e-17
91.938397	5.028e-17
91.951270	5.008e-17
91.964038	4.989e-17
91.977014	4.954e-17
91.989990	4.928e-17
92.002966	4.886e-17
92.015845	4.862e-17
92.028918	4.856e-17
92.041986	4.854e-17
92.054962	4.859e-17
92.068036	4.853e-17
92.080914	4.848e-17
92.094092	4.848e-17
92.106964	4.853e-17
92.119843	4.855e-17
92.132813	4.845e-17
92.145886	4.848e-17
92.158758	4.845e-17
92.171637	4.833e-17
92.184711	4.843e-17
92.197589	4.852e-17
92.210461	4.865e-17
92.223431	4.879e-17
92.236609	4.885e-17
92.249683	4.904e-17
92.262561	4.906e-17
92.275635	4.924e-17
92.288708	4.921e-17
92.301679	4.928e-17
92.314557	4.937e-17
92.327429	4.962e-17
92.340607	4.992e-17
92.353381	5.000e-17
92.366260	5.007e-17
92.379236	5.019e-17
92.392206	5.029e-17
92.405078	5.071e-17
92.418054	5.083e-17
92.431128	5.117e-17
92.444305	5.140e-17
92.457184	5.147e-17
92.470148	5.169e-17
92.483227	5.182e-17
92.496301	5.178e-17
92.509076	5.184e-17
92.522052	5.173e-17
92.535126	5.156e-17
92.548199	5.138e-17
92.560876	5.126e-17
92.573846	5.117e-17
92.586823	5.107e-17
92.599799	5.099e-17
92.612677	5.078e-17
92.625653	5.067e-17
92.638818	5.051e-17
92.651898	5.044e-17
92.664770	5.040e-17
92.677850	5.030e-17
92.690924	5.030e-17
92.703796	5.014e-17
92.716675	5.004e-17
92.729645	4.983e-17
92.742719	4.964e-17
92.755597	4.954e-17
92.768469	4.945e-17
92.781348	4.940e-17
92.794421	4.930e-17
92.807300	4.916e-17
92.820270	4.908e-17
92.833344	4.885e-17
92.846521	4.890e-17
92.859491	4.894e-17
92.872369	4.909e-17
92.885443	4.917e-17
92.898517	4.923e-17
92.911389	4.921e-17
92.924268	4.913e-17
92.937341	4.899e-17
92.950317	4.880e-17
92.963190	4.904e-17
92.976062	4.889e-17
92.989038	4.908e-17
93.002014	4.901e-17
93.014887	4.910e-17
93.027863	4.914e-17
93.041138	4.910e-17
93.054016	4.926e-17
93.067084	4.933e-17
93.080060	4.930e-17
93.093133	4.941e-17
93.105914	4.953e-17
93.118988	4.938e-17
93.131860	4.947e-17
93.144934	4.954e-17
93.157806	4.974e-17
93.170685	4.993e-17
93.183661	4.997e-17
93.196637	5.007e-17
93.209509	5.008e-17
93.222485	5.024e-17
93.235657	5.035e-17
93.248730	5.045e-17
93.261707	5.072e-17
93.274683	5.083e-17
93.287756	5.086e-17
93.300732	5.069e-17
93.313501	5.053e-17
93.326477	5.047e-17
93.339557	5.052e-17
93.352429	5.046e-17
93.365308	5.051e-17
93.378284	5.039e-17
93.391254	5.030e-17
93.404126	5.003e-17
93.417102	4.993e-17
93.430176	4.989e-17
93.443250	4.989e-17
93.456329	4.993e-17
93.469305	4.978e-17
93.482373	4.979e-17
93.495349	5.000e-17
93.508124	4.995e-17
93.521100	5.006e-17
93.534277	5.000e-17
93.547150	5.001e-17
93.559924	4.995e-17
93.572894	5.001e-17
93.585870	4.990e-17
93.598846	5.006e-17
93.611725	5.039e-17
93.624701	5.071e-17
93.637976	5.100e-17
93.650946	5.115e-17
93.663818	5.142e-17
93.676892	5.143e-17
93.689972	5.128e-17
93.702747	5.090e-17
93.715723	5.072e-17
93.728699	5.041e-17
93.741766	5.018e-17
93.754645	5.004e-17
93.767517	4.992e-17
93.780493	4.977e-17
93.793469	4.947e-17
93.806342	4.928e-17
93.819318	4.902e-17
93.832489	4.902e-17
93.845563	4.876e-17
93.858441	4.852e-17
93.871417	4.841e-17
93.884491	4.859e-17
93.897565	4.875e-17
93.910339	4.870e-17
93.923315	4.855e-17
93.936389	4.852e-17
93.949365	4.851e-17
93.962140	4.891e-17
93.975116	4.910e-17
93.988092	4.942e-17
94.001062	4.971e-17
94.013934	4.988e-17
94.027014	5.006e-17
94.040185	5.021e-17
94.053162	5.040e-17
94.066040	5.032e-17
94.079010	5.030e-17
94.092181	4.998e-17
94.105060	4.980e-17
94.117932	4.966e-17
94.131110	4.943e-17
94.143988	4.935e-17
94.156860	4.927e-17
94.169733	4.915e-17
94.182709	4.918e-17
94.195679	4.923e-17
94.208557	4.945e-17
94.221533	4.956e-17
94.234711	4.956e-17
94.247778	4.954e-17
94.260651	4.957e-17
94.273730	4.950e-17
94.286804	4.940e-17
94.299780	4.919e-17
94.312659	4.917e-17
94.325531	4.905e-17
94.338702	4.930e-17
94.351477	4.970e-17
94.364349	5.010e-17
94.377228	5.042e-17
94.390301	5.078e-17
94.403180	5.093e-17
94.416156	5.081e-17
94.429321	5.067e-17
94.442401	5.068e-17
94.455273	5.065e-17
94.468353	5.124e-17
94.481323	5.172e-17
94.494397	5.202e-17
94.507172	5.218e-17
94.520245	5.201e-17
94.533221	5.168e-17
94.546198	5.097e-17
94.558972	5.048e-17
94.571948	4.973e-17
94.584918	4.931e-17
94.597894	4.899e-17
94.610773	4.893e-17
94.623846	4.866e-17
94.636920	4.842e-17
94.649896	4.824e-17
94.662872	4.819e-17
94.675940	4.802e-17
94.689020	4.795e-17
94.701892	4.776e-17
94.714770	4.754e-17
94.727747	4.738e-17
94.740820	4.751e-17
94.753687	4.761e-17
94.766565	4.744e-17
94.779541	4.721e-17
94.792517	4.703e-17
94.805389	4.721e-17
94.818366	4.735e-17
94.831543	4.767e-17
94.844611	4.793e-17
94.857489	4.853e-17
94.870563	4.926e-17
94.883637	4.961e-17
94.896613	4.966e-17
94.909491	4.970e-17
94.922357	4.950e-17
94.935535	4.934e-17
94.948413	4.882e-17
94.961188	4.839e-17
94.974164	4.798e-17
94.987140	4.773e-17
95.000012	4.759e-17
95.012982	4.757e-17
95.026056	4.750e-17
95.039233	4.757e-17
95.052112	4.763e-17
95.065082	4.787e-17
95.078162	4.826e-17
95.091229	4.854e-17
95.104004	4.871e-17
95.117084	4.880e-17
95.130054	4.865e-17
95.143030	4.880e-17
95.155810	4.860e-17
95.168781	4.852e-17
95.181750	4.868e-17
95.194727	4.900e-17
95.207605	4.939e-17
95.220679	4.984e-17
95.233752	5.029e-17
95.246832	5.033e-17
95.259699	5.036e-17
95.272675	5.031e-17
95.285852	5.035e-17
95.298724	5.054e-17
95.311603	5.043e-17
95.324579	5.032e-17
95.337653	4.982e-17
95.350525	4.922e-17
95.363397	4.857e-17
95.376276	4.794e-17
95.389349	4.741e-17
95.402228	4.680e-17
95.415204	4.649e-17
95.428369	4.602e-17
95.441449	4.558e-17
95.454321	4.555e-17
95.467297	4.550e-17
95.480475	4.568e-17
95.493451	4.581e-17
95.506323	4.597e-17
95.519196	4.607e-17
95.532269	4.634e-17
95.545245	4.647e-17
95.558020	4.658e-17
95.570898	4.667e-17
95.583972	4.660e-17
95.596948	4.676e-17
95.609815	4.707e-17
95.622790	4.708e-17
95.635968	4.711e-17
95.648944	4.720e-17
95.662018	4.743e-17
95.674896	4.789e-17
95.688062	4.839e-17
95.700940	4.873e-17
95.713916	4.900e-17
95.726892	4.900e-17
95.739868	4.879e-17
95.752741	4.851e-17
95.765619	4.848e-17
95.778589	4.838e-17
95.791565	4.794e-17
95.804437	4.714e-17
95.817413	4.651e-17
95.830591	4.617e-17
95.843665	4.578e-17
95.856537	4.566e-17
95.869611	4.557e-17
95.882684	4.556e-17
95.895660	4.561e-17
95.908435	4.602e-17
95.921515	4.638e-17
95.934485	4.672e-17
95.947357	4.692e-17
95.960236	4.724e-17
95.973212	4.746e-17
95.986182	4.757e-17
95.999060	4.798e-17
96.012036	4.836e-17
96.025104	4.842e-17
96.038177	4.806e-17
96.051154	4.770e-17
96.064233	4.722e-17
96.077210	4.689e-17
96.090283	4.674e-17
96.103149	4.652e-17
96.116125	4.678e-17
96.129205	4.675e-17
96.142078	4.663e-17
96.154852	4.646e-17
96.167731	4.625e-17
96.180804	4.628e-17
96.193774	4.613e-17
96.206653	4.603e-17
96.219727	4.576e-17
96.232904	4.589e-17
96.245880	4.538e-17
96.258752	4.512e-17
96.271728	4.459e-17
96.284900	4.412e-17
96.297772	4.381e-17
96.310748	4.370e-17
96.323627	4.375e-17
96.336700	4.390e-17
96.349579	4.439e-17
96.362445	4.467e-17
96.375421	4.561e-17
96.388397	4.598e-17
96.401270	4.593e-17
96.414246	4.622e-17
96.427423	4.620e-17
96.440497	4.628e-17
96.453369	4.635e-17
96.466345	4.674e-17
96.479419	4.688e-17
96.492493	4.679e-17
96.505371	4.653e-17
96.518250	4.641e-17
96.531317	4.624e-17
96.544293	4.653e-17
96.557068	4.627e-17
96.569940	4.610e-17
96.583020	4.595e-17
96.595996	4.584e-17
96.608868	4.565e-17
96.621838	4.568e-17
96.635114	4.573e-17
96.647992	4.540e-17
96.660968	4.511e-17
96.674139	4.473e-17
96.687116	4.459e-17
96.699988	4.433e-17
96.712860	4.408e-17
96.725836	4.393e-17
96.738916	4.399e-17
96.751788	4.401e-17
96.764563	4.427e-17
96.777643	4.458e-17
96.790607	4.487e-17
96.803485	4.513e-17
96.816461	4.536e-17
96.829639	4.536e-17
96.842712	4.552e-17
96.855585	4.560e-17
96.868555	4.552e-17
96.881634	4.558e-17
96.894708	4.517e-17
96.907587	4.501e-17
96.920459	4.447e-17
96.933533	4.453e-17
96.946411	4.438e-17
96.959277	4.422e-17
96.972156	4.394e-17
96.985230	4.384e-17
96.998108	4.360e-17
97.011084	4.344e-17
97.024158	4.331e-17
97.037329	4.320e-17
97.050201	4.341e-17
97.063177	4.341e-17
97.076251	4.369e-17
97.089331	4.377e-17
97.102106	4.382e-17
97.115179	4.385e-17
97.128253	4.384e-17
97.141125	4.367e-17
97.153900	4.328e-17
97.166876	4.300e-17
97.179852	4.275e-17
97.192828	4.271e-17
97.205707	4.263e-17
97.218774	4.277e-17
97.231848	4.306e-17
97.244824	4.338e-17
97.257800	4.370e-17
97.270776	4.388e-17
97.283954	4.376e-17
97.296820	4.398e-17
97.309796	4.416e-17
97.322772	4.372e-17
97.335748	4.349e-17
97.348621	4.325e-17
97.361499	4.307e-17
97.374475	4.328e-17
97.387445	4.337e-17
97.400317	4.349e-17
97.413293	4.348e-17
97.426471	4.370e-17
97.439545	4.370e-17
97.452423	4.369e-17
97.465393	4.317e-17
97.478565	4.285e-17
97.491540	4.260e-17
97.504419	4.230e-17
97.517291	4.212e-17
97.530469	4.204e-17
97.543341	4.183e-17
97.556116	4.207e-17
97.568988	4.225e-17
97.582068	4.260e-17
97.594940	4.302e-17
97.607916	4.326e-17
97.620990	4.301e-17
97.634161	4.254e-17
97.647040	4.226e-17
97.660010	4.226e-17
97.673090	4.241e-17
97.686163	4.257e-17
97.699042	4.253e-17
97.711914	4.265e-17
97.724982	4.268e-17
97.738062	4.261e-17
97.750739	4.261e-17
97.763611	4.255e-17
97.776685	4.270e-17
97.789661	4.281e-17
97.802539	4.282e-17
97.815509	4.282e-17
97.828680	4.244e-17
97.841760	4.243e-17
97.854633	4.216e-17
97.867609	4.185e-17
97.880682	4.165e-17
97.893756	4.178e-17
97.906531	4.170e-17
97.919507	4.160e-17
97.932684	4.147e-17
97.945459	4.142e-17
97.958331	4.114e-17
97.971301	4.112e-17
97.984277	4.110e-17
97.997156	4.134e-17
98.010132	4.153e-17
98.023206	4.163e-17
98.036383	4.183e-17
98.049347	4.181e-17
98.062225	4.203e-17
98.075299	4.222e-17
98.088379	4.220e-17
98.101251	4.209e-17
98.114227	4.201e-17
98.127301	4.203e-17
98.140173	4.235e-17
98.152948	4.265e-17
98.165826	4.291e-17
98.178900	4.321e-17
98.191876	4.323e-17
98.204749	4.291e-17
98.217725	4.242e-17
98.230994	4.215e-17
98.243872	4.176e-17
98.256946	4.142e-17
98.269922	4.118e-17
98.282898	4.090e-17
98.295776	4.117e-17
98.308844	4.093e-17
98.321716	4.066e-17
98.334894	4.044e-17
98.347668	4.037e-17
98.360547	4.037e-17
98.373523	4.010e-17
98.386499	4.008e-17
98.399365	4.007e-17
98.412341	3.992e-17
98.425519	3.990e-17
98.438593	3.979e-17
98.451471	3.961e-17
98.464447	3.966e-17
98.477515	3.998e-17
98.490588	4.002e-17
98.503363	4.032e-17
98.516443	4.070e-17
98.529419	4.075e-17
98.542291	4.066e-17
98.555170	4.032e-17
98.568036	4.000e-17
98.581110	3.996e-17
98.593988	3.998e-17
98.606964	4.003e-17
98.620038	4.009e-17
98.633112	4.015e-17
98.646082	4.048e-17
98.659161	4.042e-17
98.672137	4.085e-17
98.685211	4.104e-17
98.698083	4.098e-17
98.711060	4.105e-17
98.724133	4.088e-17
98.737006	4.071e-17
98.749780	4.071e-17
98.762756	4.050e-17
98.775732	4.037e-17
98.788708	4.026e-17
98.801587	4.013e-17
98.814563	4.013e-17
98.827832	3.994e-17
98.840808	3.996e-17
98.853680	3.975e-17
98.866656	3.960e-17
98.879834	3.929e-17
98.892810	3.914e-17
98.905676	3.902e-17
98.918555	3.910e-17
98.931726	3.927e-17
98.944507	3.920e-17
98.957379	3.920e-17
98.970355	3.946e-17
98.983331	3.971e-17
98.996198	4.004e-17
99.009174	4.009e-17
99.022351	4.027e-17
99.035425	4.050e-17
99.048303	4.082e-17
99.061279	4.101e-17
99.074347	4.125e-17
99.087421	4.122e-17
99.100201	4.112e-17
99.113275	4.116e-17
99.126349	4.117e-17
99.139227	4.139e-17
99.152002	4.139e-17
99.164972	4.134e-17
99.177948	4.135e-17
99.190924	4.117e-17
99.203796	4.086e-17
99.216876	4.054e-17
99.230048	4.024e-17
99.243018	3.995e-17
99.255896	3.972e-17
99.268970	3.976e-17
99.282043	3.946e-17
99.294922	3.909e-17
99.307794	3.874e-17
99.320868	3.861e-17
99.333844	3.834e-17
99.346716	3.817e-17
99.359595	3.807e-17
99.372571	3.838e-17
99.385541	3.826e-17
99.398419	3.841e-17
99.411395	3.845e-17
99.424567	3.872e-17
99.437640	3.920e-17
99.450513	3.915e-17
99.463489	3.929e-17
99.476666	3.953e-17
99.489636	3.975e-17
99.502515	4.011e-17
99.515387	4.037e-17
99.528565	4.087e-17
99.541339	4.082e-17
99.554211	4.092e-17
99.567188	4.082e-17
99.580157	4.055e-17
99.593036	4.020e-17
99.606012	3.985e-17
99.619086	3.934e-17
99.632263	3.910e-17
99.645136	3.902e-17
99.658112	3.886e-17
99.671179	3.891e-17
99.684259	3.896e-17
99.697131	3.903e-17
99.710107	3.905e-17
99.723187	3.880e-17
99.736060	3.877e-17
99.748828	3.874e-17
99.761804	3.871e-17
99.774780	3.879e-17
99.787756	3.880e-17
99.800635	3.884e-17
99.813708	3.882e-17
99.826782	3.879e-17
99.839752	3.887e-17
99.852826	3.901e-17
99.865704	3.890e-17
99.878882	3.914e-17
99.891754	3.940e-17
99.904730	3.987e-17
99.917700	4.027e-17
99.930676	4.050e-17
99.943549	4.038e-17
99.956427	4.032e-17
99.969403	4.035e-17
99.982379	4.033e-17
99.995251	4.018e-17
100.008221	4.021e-17
100.021399	4.042e-17
100.034473	4.035e-17
100.047351	4.027e-17
100.060327	4.038e-17
100.073499	4.008e-17
100.086469	4.000e-17
100.099243	3.983e-17
100.112219	3.986e-17
100.125397	3.981e-17
100.138275	3.970e-17
100.151050	3.974e-17
100.163922	3.960e-17
100.176996	3.972e-17
100.189972	3.960e-17
100.202844	3.962e-17
100.215918	3.953e-17
100.229095	3.943e-17
100.241974	3.945e-17
100.254938	3.932e-17
100.268018	3.940e-17
100.281091	3.929e-17
100.293866	3.951e-17
100.306946	3.956e-17
100.319916	3.978e-17
100.332892	3.988e-17
100.345667	3.995e-17
100.358636	3.990e-17
100.371613	3.998e-17
100.384589	4.006e-17
100.397467	3.986e-17
103.32	2.73e-17
106.1	2.046e-17
106.2	2.057e-17
106.3	2.046e-17
106.4	1.995e-17
106.5	1.908e-17
106.6	1.751e-17
106.7	1.585e-17
106.8	1.534e-17
106.9	1.546e-17
107.0	1.616e-17
107.1	1.799e-17
107.2	2.082e-17
107.3	2.105e-17
107.4	2.016e-17
107.5	1.990e-17
107.6	1.972e-17
107.7	1.945e-17
107.8	1.839e-17
107.9	1.358e-17
108.0	1.373e-17
108.1	1.399e-17
108.2	1.382e-17
108.3	1.322e-17
108.4	1.280e-17
108.5	1.520e-17
108.6	1.585e-17
108.7	1.540e-17
108.8	1.457e-17
108.9	1.453e-17
109.0	1.481e-17
109.1	1.507e-17
109.2	1.480e-17
109.3	1.409e-17
109.4	1.325e-17
109.5	1.240e-17
109.6	1.234e-17
109.7	1.427e-17
109.8	1.489e-17
109.9	1.410e-17
110.0	1.342e-17
110.1	1.336e-17
110.2	1.405e-17
110.3	1.899e-17
110.4	2.024e-17
110.5	1.945e-17
110.6	1.822e-17
110.7	1.735e-17
110.8	1.688e-17
110.9	1.722e-17
111.0	1.837e-17
111.1	2.158e-17
111.2	2.480e-17
111.3	3.131e-17
111.4	3.623e-17
111.5	3.363e-17
111.6	3.176e-17
111.7	3.070e-17
111.8	3.374e-17
111.9	3.803e-17
112.0	3.716e-17
112.1	3.276e-17
112.2	2.819e-17
112.3	2.711e-17
112.4	2.865e-17
112.5	3.306e-17
112.6	3.789e-17
112.7	3.986e-17
112.8	4.135e-17
112.9	4.208e-17
113.0	4.279e-17
113.1	4.576e-17
113.2	3.088e-17
113.3	2.082e-17
113.4	1.764e-17
113.5	1.621e-17
113.6	1.606e-17
113.7	1.730e-17
113.8	1.958e-17
113.9	2.205e-17
114.0	2.522e-17
114.1	2.685e-17
114.2	2.715e-17
114.3	2.556e-17
114.4	2.778e-17
114.5	2.796e-17
114.6	2.328e-17
114.7	1.850e-17
114.8	1.020e-17
114.9	1.034e-17
115.0	1.176e-17
115.1	1.219e-17
115.2	9.535e-18
115.3	8.565e-18
115.4	8.034e-18
115.5	7.754e-18
115.6	7.700e-18
115.7	7.779e-18
115.8	7.902e-18
115.9	8.049e-18
116.0	8.198e-18
116.1	8.366e-18
116.2	8.577e-18
116.3	8.805e-18
116.4	8.825e-18
116.5	8.785e-18
116.6	8.744e-18
116.7	8.981e-18
116.8	9.557e-18
116.9	9.628e-18
117.0	9.022e-18
117.1	8.640e-18
117.2	8.514e-18
117.3	8.381e-18
117.4	8.213e-18
117.5	7.975e-18
117.6	7.945e-18
117.7	8.067e-18
117.8	8.328e-18
117.9	9.165e-18
118.0	9.739e-18
118.1	1.018e-17
118.2	1.063e-17
118.3	1.099e-17
118.4	1.121e-17
118.5	1.147e-17
118.6	1.178e-17
118.7	1.209e-17
118.8	1.243e-17
118.9	1.287e-17
119.0	1.355e-17
119.1	1.457e-17
119.2	1.568e-17
119.3	1.688e-17
119.4	1.817e-17
119.5	1.895e-17
119.6	1.931e-17
119.7	1.975e-17
119.8	2.063e-17
119.9	2.259e-17
120.0	2.415e-17
120.1	2.549e-17
120.2	2.657e-17
120.3	2.786e-17
120.4	2.873e-17
120.5	2.960e-17
120.6	3.038e-17
120.7	3.110e-17
120.8	3.169e-17
120.9	3.225e-17
121.0	3.374e-17
121.1	3.580e-17
121.2	3.917e-17
121.3	3.953e-17
121.4	3.747e-17
121.5	3.676e-17
121.6	3.957e-17
121.7	4.199e-17
121.8	4.166e-17
121.9	3.938e-17
122.0	3.859e-17
122.1	3.924e-17
122.2	3.982e-17
122.3	4.004e-17
122.4	4.004e-17
122.5	4.004e-17
122.6	4.012e-17
122.7	4.030e-17
122.8	4.056e-17
122.9	4.124e-17
123.0	4.255e-17
123.1	4.415e-17
123.2	4.839e-17
123.3	5.347e-17
123.4	5.515e-17
123.5	5.620e-17
123.6	5.796e-17
123.7	5.988e-17
123.8	6.230e-17
123.9	6.609e-17
124.0	7.220e-17
124.1	7.595e-17
124.2	7.320e-17
124.3	7.300e-17
124.4	8.008e-17
124.5	9.509e-17
124.6	9.509e-17
124.7	9.014e-17
124.8	8.805e-17
124.9	8.890e-17
125.0	9.875e-17
125.1	1.122e-16
125.2	1.226e-16
125.3	1.235e-16
125.4	1.081e-16
125.5	9.404e-17
125.6	9.097e-17
125.7	9.228e-17
125.8	9.893e-17
125.9	1.017e-16
126.0	1.016e-16
126.1	1.001e-16
126.2	9.623e-17
126.3	9.434e-17
126.4	9.391e-17
126.5	9.314e-17
126.6	9.056e-17
126.7	8.696e-17
126.8	8.198e-17
126.9	7.619e-17
127.0	7.246e-17
127.1	7.055e-17
127.2	6.707e-17
127.3	5.876e-17
127.4	5.426e-17
127.5	5.088e-17
127.6	4.661e-17
127.7	4.269e-17
127.8	3.865e-17
127.9	3.582e-17
128.0	3.408e-17
128.1	3.282e-17
128.2	3.143e-17
128.3	2.872e-17
128.4	2.625e-17
128.5	2.482e-17
128.6	2.377e-17
128.7	2.296e-17
128.8	2.177e-17
128.9	2.056e-17
129.0	1.937e-17
129.1	1.832e-17
129.2	1.738e-17
129.3	1.640e-17
129.4	1.600e-17
129.5	1.582e-17
129.6	1.551e-17
129.7	1.489e-17
129.8	1.443e-17
129.9	1.400e-17
130.0	1.335e-17
130.1	1.241e-17
130.2	1.158e-17
130.3	1.079e-17
130.4	1.070e-17
130.5	1.144e-17
130.6	1.257e-17
130.7	1.321e-17
130.8	1.231e-17
130.9	1.216e-17
131.0	1.260e-17
131.1	1.341e-17
131.2	1.515e-17
131.3	1.566e-17
131.4	1.361e-17
131.5	1.240e-17
131.6	1.225e-17
131.7	1.366e-17
131.8	1.429e-17
131.9	1.171e-17
132.0	9.775e-18
132.1	1.018e-17
132.2	1.097e-17
132.3	1.198e-17
132.4	1.215e-17
132.5	9.258e-18
132.6	8.191e-18
132.7	7.686e-18
132.8	9.039e-18
132.9	1.150e-17
133.0	1.134e-17
133.1	1.006e-17
133.2	7.808e-18
133.3	6.784e-18
133.4	6.738e-18
133.5	8.213e-18
133.6	9.517e-18
133.7	1.006e-17
133.8	7.916e-18
133.9	6.539e-18
134.0	4.949e-18
134.1	4.291e-18
134.2	3.577e-18
134.3	3.255e-18
134.4	3.432e-18
134.5	3.824e-18
134.6	4.370e-18
134.7	4.524e-18
134.8	4.126e-18
134.9	3.711e-18
135.0	3.369e-18
135.1	3.144e-18
135.2	3.080e-18
135.3	3.080e-18
135.4	3.101e-18
135.5	3.137e-18
135.6	3.188e-18
135.7	3.240e-18
135.8	3.262e-18
135.9	3.232e-18
136.0	3.181e-18
136.1	3.123e-18
136.2	3.080e-18
136.3	3.137e-18
136.4	3.137e-18
136.5	3.094e-18
136.6	3.173e-18
136.7	3.087e-18
136.8	2.962e-18
136.9	2.962e-18
137.0	3.225e-18
137.1	3.331e-18
137.2	3.315e-18
137.3	3.247e-18
137.4	3.210e-18
137.5	3.203e-18
137.6	3.232e-18
137.7	3.277e-18
137.8	3.361e-18
137.9	3.488e-18
138.0	3.552e-18
138.1	3.528e-18
138.2	3.496e-18
138.3	3.480e-18
138.4	3.464e-18
138.5	3.472e-18
138.6	3.488e-18
138.7	3.520e-18
138.8	3.552e-18
138.9	3.577e-18
139.0	3.652e-18
139.1	3.711e-18
139.2	3.763e-18
139.3	3.824e-18
139.4	3.851e-18
139.5	3.772e-18
139.6	3.669e-18
139.7	3.528e-18
139.8	3.440e-18
139.9	3.440e-18
140.0	3.488e-18
140.1	3.520e-18
140.2	3.536e-18
140.3	3.552e-18
140.4	3.577e-18
140.5	3.602e-18
140.6	3.618e-18
140.7	3.635e-18
140.8	3.660e-18
140.9	3.694e-18
141.0	3.746e-18
141.1	3.754e-18
141.2	3.720e-18
141.3	3.703e-18
141.4	3.703e-18
141.5	3.737e-18
141.6	3.780e-18
141.7	3.859e-18
141.8	4.004e-18
141.9	4.281e-18
142.0	4.281e-18
142.1	4.126e-18
142.2	4.154e-18
142.3	4.212e-18
142.4	4.097e-18
142.5	3.886e-18
142.6	3.754e-18
142.7	3.720e-18
142.8	3.720e-18
142.9	3.772e-18
143.0	3.922e-18
143.1	4.097e-18
143.2	4.051e-18
143.3	4.004e-18
143.4	4.241e-18
143.5	4.241e-18
143.6	4.116e-18
143.7	3.958e-18
143.8	3.815e-18
143.9	3.737e-18
144.0	3.737e-18
144.1	3.868e-18
144.2	4.079e-18
144.3	4.320e-18
144.4	4.576e-18
144.5	4.629e-18
144.6	4.705e-18
144.7	4.792e-18
144.8	4.587e-18
144.9	4.212e-18
145.0	3.977e-18
145.1	3.895e-18
145.2	3.940e-18
145.3	4.154e-18
145.4	4.555e-18
145.5	4.881e-18
145.6	5.006e-18
145.7	4.926e-18
145.8	4.825e-18
145.9	4.825e-18
146.0	4.737e-18
146.1	4.629e-18
146.2	4.576e-18
146.3	4.534e-18
146.4	4.524e-18
146.5	4.555e-18
146.6	4.608e-18
146.7	4.694e-18
146.8	4.781e-18
146.9	4.926e-18
147.0	5.147e-18
147.1	5.402e-18
147.2	5.489e-18
147.3	5.464e-18
147.4	5.303e-18
147.5	5.041e-18
147.6	4.814e-18
147.7	4.651e-18
147.8	4.597e-18
147.9	4.619e-18
148.0	4.792e-18
148.1	5.182e-18
148.2	5.579e-18
148.3	5.991e-18
148.4	6.103e-18
148.5	6.047e-18
148.6	5.708e-18
148.7	5.340e-18
148.8	5.041e-18
148.9	4.803e-18
149.0	4.651e-18
149.1	4.608e-18
149.2	4.672e-18
149.3	4.836e-18
149.4	5.111e-18
149.5	5.656e-18
149.6	6.075e-18
149.7	6.317e-18
149.8	6.317e-18
149.9	6.173e-18
150.0	5.841e-18
150.1	5.489e-18
150.2	5.254e-18
150.3	5.076e-18
150.4	4.972e-18
150.5	4.926e-18
150.6	4.972e-18
150.7	5.064e-18
150.8	5.266e-18
150.9	5.527e-18
151.0	5.815e-18
151.1	5.991e-18
151.2	5.991e-18
151.3	5.630e-18
151.4	5.502e-18
151.5	5.402e-18
151.6	5.242e-18
151.7	4.949e-18
151.8	4.597e-18
151.9	4.251e-18
152.0	3.940e-18
152.1	3.824e-18
152.2	3.859e-18
152.3	4.232e-18
152.4	4.683e-18
152.5	5.170e-18
152.6	5.591e-18
152.7	5.708e-18
152.8	5.591e-18
152.9	5.088e-18
153.0	4.514e-18
153.1	4.023e-18
153.2	3.703e-18
153.3	3.464e-18
153.4	3.354e-18
153.5	3.354e-18
153.6	3.496e-18
153.7	3.986e-18
153.8	4.545e-18
153.9	5.182e-18
154.0	5.591e-18
154.1	5.477e-18
154.2	5.064e-18
154.3	4.462e-18
154.4	3.949e-18
154.5	3.480e-18
154.6	3.144e-18
154.7	2.955e-18
154.8	2.822e-18
154.9	2.796e-18
155.0	2.921e-18
155.1	3.225e-18
155.2	3.569e-18
155.3	3.958e-18
155.4	4.421e-18
155.5	4.748e-18
155.6	4.452e-18
155.7	3.913e-18
155.8	3.440e-18
155.9	3.031e-18
156.0	2.707e-18
156.1	2.469e-18
156.2	2.309e-18
156.3	2.267e-18
156.4	2.294e-18
156.5	2.352e-18
156.6	2.509e-18
156.7	2.739e-18
156.8	2.996e-18
156.9	3.270e-18
157.0	3.392e-18
157.1	3.331e-18
157.2	2.996e-18
157.3	2.526e-18
157.4	2.145e-18
157.5	1.966e-18
157.6	1.847e-18
157.7	1.785e-18
157.8	1.780e-18
157.9	1.814e-18
158.0	1.908e-18
158.1	1.998e-18
158.2	2.097e-18
158.3	2.131e-18
158.4	2.126e-18
158.5	2.068e-18
158.6	2.007e-18
158.7	1.925e-18
158.8	1.793e-18
158.9	1.673e-18
159.0	1.558e-18
159.1	1.454e-18
159.2	1.366e-18
159.3	1.308e-18
159.4	1.275e-18
159.5	1.275e-18
159.6	1.299e-18
159.7	1.323e-18
159.8	1.335e-18
159.9	1.335e-18
160.0	1.308e-18
160.1	1.269e-18
160.2	1.218e-18
160.3	1.160e-18
160.4	1.100e-18
160.5	1.030e-18
160.6	9.850e-19
160.7	9.408e-19
160.8	9.089e-19
160.9	8.862e-19
161.0	8.680e-19
161.1	8.600e-19
161.2	8.680e-19
161.3	8.760e-19
161.4	8.760e-19
161.5	8.660e-19
161.6	8.443e-19
161.7	8.138e-19
161.8	7.844e-19
161.9	7.543e-19
162.0	7.253e-19
162.1	6.975e-19
162.2	6.722e-19
162.3	6.464e-19
162.4	6.173e-19
162.5	5.895e-19
162.6	5.722e-19
162.7	5.643e-19
162.8	5.566e-19
162.9	5.477e-19
163.0	5.352e-19
163.1	5.218e-19
163.2	5.088e-19
163.3	4.960e-19
163.4	4.836e-19
163.5	4.705e-19
163.6	4.514e-19
163.7	4.291e-19
163.8	4.212e-19
163.9	4.174e-19
164.0	4.116e-19
164.1	3.986e-19
164.2	3.833e-19
164.3	3.686e-19
164.4	3.618e-19
164.5	3.585e-19
164.6	3.577e-19
164.7	3.602e-19
164.8	3.669e-19
164.9	3.737e-19
165.0	3.789e-19
165.1	3.754e-19
165.2	3.585e-19
165.3	3.424e-19
165.4	3.270e-19
165.5	3.166e-19
165.6	3.137e-19
165.7	3.159e-19
165.8	3.210e-19
165.9	3.300e-19
166.0	3.315e-19
166.1	3.262e-19
166.2	3.159e-19
166.3	3.045e-19
166.4	2.941e-19
166.5	2.848e-19
166.6	2.809e-19
166.7	2.835e-19
166.8	2.928e-19
166.9	3.073e-19
167.0	3.255e-19
167.1	3.385e-19
167.2	3.488e-19
167.3	3.488e-19
167.4	3.392e-19
167.5	3.240e-19
167.6	3.108e-19
167.7	3.080e-19
167.8	3.137e-19
167.9	3.432e-19
168.0	3.842e-19
168.1	3.842e-19
168.2	3.754e-19
168.3	3.763e-19
168.4	3.913e-19
168.5	3.913e-19
168.6	3.686e-19
168.7	3.369e-19
168.8	3.361e-19
168.9	3.520e-19
169.0	3.995e-19
169.1	4.534e-19
169.2	4.859e-19
169.3	4.737e-19
169.4	4.370e-19
169.5	3.986e-19
169.6	3.877e-19
169.7	3.940e-19
169.8	4.203e-19
169.9	4.597e-19
170.0	5.076e-19
170.1	5.230e-19
170.2	5.206e-19
170.3	5.242e-19
170.4	5.352e-19
170.5	5.502e-19
170.6	5.579e-19
170.7	5.579e-19
170.8	5.540e-19
170.9	5.426e-19
171.0	5.230e-19
171.1	5.088e-19
171.2	5.088e-19
171.3	5.279e-19
171.4	5.604e-19
171.5	6.173e-19
171.6	7.286e-19
171.7	7.286e-19
171.8	6.753e-19
171.9	6.259e-19
172.0	5.923e-19
172.1	6.005e-19
172.2	6.346e-19
172.3	6.879e-19
172.4	7.439e-19
172.5	8.045e-19
172.6	8.680e-19
172.7	8.680e-19
172.8	8.063e-19
172.9	7.422e-19
173.0	6.816e-19
173.1	6.288e-19
173.2	6.288e-19
173.3	6.911e-19
173.4	7.916e-19
173.5	1.006e-18
173.6	1.118e-18
173.7	1.063e-18
173.8	9.517e-19
173.9	8.882e-19
174.0	8.405e-19
174.1	8.561e-19
174.2	9.237e-19
174.3	9.966e-19
174.4	1.044e-18
174.5	1.063e-18
174.6	1.085e-18
174.7	1.113e-18
174.8	1.139e-18
174.9	1.176e-18
175.0	1.240e-18
175.1	1.302e-18
175.2	1.296e-18
175.3	1.155e-18
175.4	1.010e-18
175.5	1.010e-18
175.6	1.078e-18
175.7	1.131e-18
175.8	1.182e-18
175.9	1.401e-18
176.0	1.624e-18
176.1	1.624e-18
176.2	1.357e-18
176.3	1.382e-18
176.4	1.395e-18
176.5	1.382e-18
176.6	1.220e-18
176.7	1.041e-18
176.8	1.281e-18
176.9	1.696e-18
177.0	1.740e-18
177.1	1.631e-18
177.2	1.669e-18
177.3	1.822e-18
177.4	1.934e-18
177.5	1.669e-18
177.6	1.441e-18
177.7	1.332e-18
177.8	1.395e-18
177.9	1.522e-18
178.0	1.505e-18
178.1	1.536e-18
178.2	1.772e-18
178.3	2.039e-18
178.4	2.082e-18
178.5	2.035e-18
178.6	1.988e-18
178.7	1.917e-18
178.8	1.780e-18
178.9	1.669e-18
179.0	1.669e-18
179.1	1.789e-18
179.2	1.979e-18
179.3	1.899e-18
179.4	1.890e-18
179.5	1.998e-18
179.6	2.211e-18
179.7	2.550e-18
179.8	2.585e-18
179.9	2.402e-18
180.0	2.226e-18
180.1	2.063e-18
180.2	1.917e-18
180.3	1.890e-18
180.4	2.007e-18
180.5	2.231e-18
180.6	2.480e-18
180.7	2.509e-18
180.8	2.475e-18
180.9	2.609e-18
181.0	3.369e-18
181.1	3.528e-18
181.2	3.255e-18
181.3	2.492e-18
181.4	2.160e-18
181.5	2.211e-18
181.6	2.538e-18
181.7	2.336e-18
181.8	2.252e-18
181.9	2.526e-18
182.0	3.108e-18
182.1	3.895e-18
182.2	3.488e-18
182.3	2.968e-18
182.4	2.941e-18
182.5	3.181e-18
182.6	3.594e-18
182.7	3.594e-18
182.8	2.809e-18
182.9	2.458e-18
183.0	2.458e-18
183.1	2.695e-18
183.2	3.166e-18
183.3	3.737e-18
183.4	4.452e-18
183.5	4.949e-18
183.6	4.949e-18
183.7	4.360e-18
183.8	3.754e-18
183.9	3.225e-18
184.0	2.835e-18
184.1	2.745e-18
184.2	2.789e-18
184.3	3.166e-18
184.4	3.711e-18
184.5	4.597e-18
184.6	5.426e-18
184.7	5.426e-18
184.8	4.629e-18
184.9	4.320e-18
185.0	4.661e-18
185.1	4.814e-18
185.2	4.411e-18
185.3	3.720e-18
185.4	3.331e-18
185.5	3.424e-18
185.6	3.686e-18
185.7	3.859e-18
185.8	3.720e-18
185.9	3.569e-18
186.0	4.651e-18
186.1	6.202e-18
186.2	6.317e-18
186.3	6.061e-18
186.4	5.414e-18
186.5	4.781e-18
186.6	4.222e-18
186.7	3.728e-18
186.8	3.361e-18
186.9	3.240e-18
187.0	3.569e-18
187.1	5.402e-18
187.2	6.832e-18
187.3	6.033e-18
187.4	5.656e-18
187.5	5.841e-18
187.6	5.841e-18
187.7	5.170e-18
187.8	4.726e-18
187.9	4.441e-18
188.0	4.310e-18
188.1	4.759e-18
188.2	4.748e-18
188.3	4.079e-18
188.4	3.824e-18
188.5	4.232e-18
188.6	6.230e-18
188.7	7.700e-18
188.8	6.816e-18
188.9	6.391e-18
189.0	6.310e-18
189.1	6.145e-18
189.2	5.313e-18
189.3	4.577e-18
189.4	3.938e-18
189.5	3.898e-18
189.6	5.509e-18
189.7	7.212e-18
189.8	6.346e-18
189.9	6.103e-18
190.0	6.584e-18
190.1	7.354e-18
190.2	9.173e-18
190.3	9.063e-18
190.4	8.069e-18
190.5	7.898e-18
190.6	6.701e-18
190.7	5.624e-18
190.8	5.037e-18
190.9	6.729e-18
191.0	5.416e-18
191.1	4.916e-18
191.2	6.696e-18
191.3	7.338e-18
191.4	8.920e-18
191.5	7.053e-18
191.6	6.328e-18
191.7	7.086e-18
191.8	8.678e-18
191.9	9.513e-18
192.0	8.003e-18
192.1	6.739e-18
192.2	5.493e-18
192.3	4.680e-18
192.4	6.339e-18
192.5	6.937e-18
192.6	6.042e-18
192.7	5.520e-18
192.8	5.668e-18
192.9	9.491e-18
193.0	1.169e-17
193.1	9.964e-18
193.2	8.645e-18
193.3	8.239e-18
193.4	7.129e-18
193.5	6.064e-18
193.6	6.267e-18
193.7	6.350e-18
193.8	6.564e-18
193.9	5.888e-18
194.0	6.531e-18
194.1	7.201e-18
194.2	9.129e-18
194.3	8.124e-18
194.4	7.432e-18
194.5	1.074e-17
194.6	1.225e-17
194.7	9.678e-18
194.8	8.678e-18
194.9	7.580e-18
195.0	6.575e-18
195.1	6.415e-18
195.2	6.278e-18
195.3	5.883e-18
195.4	5.443e-18
195.5	5.394e-18
195.6	4.899e-18
195.7	8.711e-18
195.8	1.144e-17
195.9	1.517e-17
196.0	1.217e-17
196.1	1.079e-17
196.2	8.882e-18
196.3	7.701e-18
196.4	7.250e-18
196.5	6.761e-18
196.6	6.827e-18
196.7	6.838e-18
196.8	5.575e-18
196.9	5.289e-18
197.0	4.883e-18
197.1	4.828e-18
197.2	9.261e-18
197.3	9.826e-18
197.4	1.224e-17
197.5	1.218e-17
197.6	1.191e-17
197.7	1.068e-17
197.8	8.854e-18
197.9	8.261e-18
198.0	6.350e-18
198.1	5.147e-18
198.2	4.971e-18
198.3	4.691e-18
198.4	4.328e-18
198.5	3.741e-18
198.6	4.180e-18
198.7	7.712e-18
198.8	8.338e-18
198.9	1.252e-17
199.0	1.500e-17
199.1	1.094e-17
199.2	9.321e-18
199.3	7.591e-18
199.4	6.624e-18
199.5	5.976e-18
199.6	6.371e-18
199.7	6.234e-18
199.8	4.943e-18
199.9	4.416e-18
200.0	4.081e-18
200.1	3.708e-18
200.2	3.438e-18
200.3	4.081e-18
200.4	1.196e-17
200.5	1.437e-17
200.6	1.069e-17
200.7	1.036e-17
200.8	9.129e-18
200.9	8.673e-18
201.0	7.937e-18
201.1	6.157e-18
201.2	5.663e-18
201.3	5.207e-18
201.4	5.086e-18
201.5	4.812e-18
201.6	4.098e-18
201.7	4.180e-18
201.8	6.915e-18
201.9	8.739e-18
202.0	8.190e-18
202.1	1.201e-17
202.2	1.435e-17
202.3	1.034e-17
202.4	8.783e-18
202.5	7.201e-18
202.6	6.690e-18
202.7	6.075e-18
202.8	5.767e-18
202.9	4.735e-18
203.0	4.251e-18
203.1	3.438e-18
203.2	3.186e-18
203.3	2.680e-18
203.4	3.669e-18
203.5	1.365e-17
203.6	1.497e-17
203.7	1.073e-17
203.8	1.014e-17
203.9	7.508e-18
204.0	7.239e-18
204.1	6.058e-18
204.2	5.152e-18
204.3	4.515e-18
204.4	4.087e-18
204.5	3.817e-18
204.6	4.032e-18
204.7	3.653e-18
204.8	3.037e-18
204.9	4.614e-18
205.0	8.667e-18
205.1	9.782e-18
205.2	1.191e-17
205.3	1.250e-17
205.4	9.596e-18
205.5	7.360e-18
205.6	6.295e-18
205.7	5.498e-18
205.8	4.570e-18
205.9	4.636e-18
206.0	4.262e-18
206.1	3.515e-18
206.2	3.004e-18
206.3	2.812e-18
206.4	2.389e-18
206.5	2.549e-18
206.6	6.668e-18
206.7	1.121e-17
206.8	1.424e-17
206.9	9.810e-18
207.0	8.497e-18
207.1	7.245e-18
207.2	6.119e-18
207.3	5.251e-18
207.4	4.477e-18
207.5	3.686e-18
207.6	3.175e-18
207.7	2.560e-18
207.8	2.345e-18
207.9	2.186e-18
208.0	2.027e-18
208.1	1.604e-18
208.2	3.455e-18
208.3	1.025e-17
208.4	9.524e-18
208.5	8.722e-18
208.6	8.503e-18
208.7	7.349e-18
208.8	6.602e-18
208.9	5.152e-18
209.0	4.482e-18
209.1	3.746e-18
209.2	3.318e-18
209.3	2.994e-18
209.4	2.686e-18
209.5	2.104e-18
209.6	1.752e-18
209.7	1.670e-18
209.8	1.857e-18
209.9	6.245e-18
210.0	6.701e-18
210.1	7.931e-18
210.2	9.914e-18
210.3	7.975e-18
210.4	6.009e-18
210.5	5.163e-18
210.6	4.575e-18
210.7	3.697e-18
210.8	3.312e-18
210.9	2.933e-18
211.0	2.560e-18
211.1	1.846e-18
211.2	1.620e-18
211.3	1.362e-18
211.4	1.252e-18
211.5	1.335e-18
211.6	3.565e-18
211.7	8.810e-18
211.8	7.388e-18
211.9	6.102e-18
212.0	5.597e-18
212.1	5.009e-18
212.2	4.515e-18
212.3	3.598e-18
212.4	3.340e-18
212.5	3.208e-18
212.6	2.845e-18
212.7	2.208e-18
212.8	1.763e-18
212.9	1.313e-18
213.0	1.230e-18
213.1	1.033e-18
213.2	2.203e-18
213.3	4.729e-18
213.4	4.910e-18
213.5	6.042e-18
213.6	5.460e-18
213.7	4.625e-18
213.8	4.136e-18
213.9	3.268e-18
214.0	3.032e-18
214.1	3.142e-18
214.2	3.175e-18
214.3	2.527e-18
214.4	1.983e-18
214.5	1.527e-18
214.6	1.423e-18
214.7	1.351e-18
214.8	1.131e-18
214.9	1.022e-18
215.0	2.054e-18
215.1	4.422e-18
215.2	6.014e-18
215.3	4.647e-18
215.4	3.383e-18
215.5	2.675e-18
215.6	2.521e-18
215.7	2.433e-18
215.8	2.049e-18
215.9	1.681e-18
216.0	1.434e-18
216.1	1.005e-18
216.2	1.159e-18
216.3	1.214e-18
216.4	1.247e-18
216.5	1.082e-18
216.6	9.667e-19
216.7	1.406e-18
216.8	2.834e-18
216.9	4.136e-18
217.0	4.268e-18
217.1	4.043e-18
217.2	3.296e-18
217.3	2.735e-18
217.4	2.076e-18
217.5	1.467e-18
217.6	1.313e-18
217.7	1.252e-18
217.8	1.126e-18
217.9	8.898e-19
218.0	9.887e-19
218.1	9.777e-19
218.2	8.569e-19
218.3	6.426e-19
218.4	5.163e-19
218.5	8.129e-19
218.6	1.857e-18
218.7	3.296e-18
218.8	3.702e-18
218.9	2.867e-18
219.0	2.373e-18
219.1	1.478e-18
219.2	1.423e-18
219.3	1.362e-18
219.4	1.219e-18
219.5	8.129e-19
219.6	7.250e-19
219.7	8.514e-19
219.8	1.088e-18
219.9	9.667e-19
220.0	7.470e-19
220.1	5.712e-19
220.2	7.800e-19
220.3	9.942e-19
220.4	2.120e-18
220.5	2.911e-18
220.6	2.829e-18
220.7	2.065e-18
220.8	1.835e-18
220.9	1.521e-18
221.0	1.368e-18
221.1	1.307e-18
221.2	1.192e-18
221.3	1.038e-18
221.4	9.667e-19
221.5	7.635e-19
221.6	7.031e-19
221.7	5.987e-19
221.8	5.383e-19
221.9	4.504e-19
222.0	5.438e-19
222.1	5.383e-19
222.2	9.722e-19
222.3	1.318e-18
222.4	1.307e-18
222.5	1.203e-18
222.6	1.148e-18
222.7	1.099e-18
222.8	1.093e-18
222.9	1.016e-18
223.0	7.690e-19
223.1	7.690e-19
223.2	7.525e-19
223.3	5.822e-19
223.4	3.735e-19
223.5	2.691e-19
223.6	2.142e-19
223.7	1.868e-19
223.8	3.900e-19
223.9	4.394e-19
224.0	4.724e-19
224.1	7.800e-19
224.2	8.898e-19
224.3	9.722e-19
224.4	8.184e-19
224.5	7.635e-19
224.6	7.086e-19
224.7	6.536e-19
224.8	5.987e-19
224.9	5.493e-19
225.0	5.383e-19
225.1	4.339e-19
225.2	3.790e-19
225.3	3.186e-19
225.4	2.307e-19
225.5	3.405e-19
225.6	4.614e-19
225.7	6.591e-19
225.8	6.536e-19
225.9	6.042e-19
226.0	6.042e-19
226.1	5.987e-19
226.2	5.438e-19
226.3	4.888e-19
226.4	4.394e-19
226.5	4.339e-19
226.6	3.790e-19
226.7	3.296e-19
226.8	3.296e-19
226.9	3.296e-19
227.0	3.241e-19
227.1	2.746e-19
227.2	2.746e-19
227.3	2.691e-19
227.4	2.197e-19
227.5	2.636e-19
227.6	6.536e-19
227.7	5.822e-19
227.8	3.790e-19
227.9	3.241e-19
228.0	2.746e-19
228.1	2.691e-19
228.2	2.087e-19
228.3	1.631e-19
228.4	1.373e-19
228.5	1.155e-19
228.6	9.550e-20
228.7	9.773e-20
228.8	9.943e-20
228.9	1.041e-19
229.0	9.441e-20
229.1	7.329e-20
229.2	5.689e-20
229.3	4.416e-20
229.4	3.389e-20
229.5	3.468e-20
229.6	3.716e-20
229.7	5.464e-20
229.8	7.944e-20
229.9	1.357e-19
230.0	1.429e-19
230.1	1.296e-19
230.2	1.189e-19
230.3	1.047e-19
230.4	9.495e-20
230.5	8.561e-20
230.6	7.944e-20
230.7	7.162e-20
230.8	6.383e-20
230.9	5.923e-20
231.0	5.279e-20
231.1	4.926e-20
231.2	4.519e-20
231.3	3.913e-20
231.4	3.936e-20
231.5	5.371e-20
231.6	6.383e-20
231.7	7.499e-20
231.8	7.413e-20
231.9	6.532e-20
232.0	5.279e-20
232.1	4.193e-20
232.2	3.108e-20
232.3	3.090e-20
232.4	3.126e-20
232.5	4.624e-20
232.6	4.597e-20
232.7	4.193e-20
232.8	3.780e-20
232.9	3.408e-20
233.0	3.073e-20
233.1	2.770e-20
233.2	2.498e-20
233.3	2.265e-20
233.4	2.042e-20
233.5	1.841e-20
233.6	1.660e-20
233.7	1.558e-20
233.8	1.505e-20
233.9	1.479e-20
234.0	1.471e-20
234.1	1.471e-20
234.2	1.471e-20
234.3	1.488e-20
234.4	1.613e-20
234.5	1.748e-20
234.6	1.917e-20
234.7	2.101e-20
234.8	2.226e-20
234.9	2.291e-20
235.0	2.331e-20
235.1	2.344e-20
235.2	2.371e-20
235.3	2.371e-20
235.4	2.371e-20
235.5	2.344e-20
235.6	2.304e-20
235.7	2.265e-20
235.8	2.239e-20
235.9	2.213e-20
236.0	2.175e-20
236.1	2.138e-20
236.2	2.101e-20
236.3	2.065e-20
236.4	2.030e-20
236.5	1.973e-20
236.6	1.973e-20
236.7	1.939e-20
236.8	1.906e-20
236.9	1.884e-20
237.0	1.884e-20
237.1	1.917e-20
237.2	1.939e-20
237.3	1.984e-20
237.4	2.007e-20
237.5	2.030e-20
237.6	2.054e-20
237.7	2.065e-20
237.8	2.089e-20
237.9	2.101e-20
238.0	2.114e-20
238.1	2.126e-20
238.2	2.150e-20
238.3	2.175e-20
238.4	2.188e-20
238.5	2.200e-20
238.6	2.213e-20
238.7	2.252e-20
238.8	2.291e-20
238.9	2.331e-20
239.0	2.358e-20
239.1	2.385e-20
239.2	2.413e-20
239.3	2.441e-20
239.4	2.469e-20
239.5	2.498e-20
239.6	2.512e-20
239.7	2.526e-20
239.8	2.541e-20
239.9	2.571e-20
240.0	2.585e-20
240.1	2.600e-20
240.2	2.615e-20
240.3	2.615e-20
240.4	2.630e-20
240.5	2.630e-20
240.6	2.630e-20
240.7	2.646e-20
240.8	2.646e-20
240.9	2.646e-20
241.0	2.646e-20
241.1	2.646e-20
241.2	2.646e-20
241.3	2.646e-20
241.4	2.661e-20
241.5	2.661e-20
241.6	2.661e-20
241.7	2.661e-20
241.8	2.661e-20
241.9	2.661e-20
242.0	2.661e-20
242.1	2.661e-20
242.2	2.661e-20
242.3	2.661e-20
242.4	2.661e-20
242.5	2.661e-20
242.6	2.676e-20
242.7	2.739e-20
242.8	2.754e-20
242.9	2.786e-20
243.0	2.818e-20
243.1	2.851e-20
243.2	2.868e-20
243.3	2.918e-20
243.4	2.986e-20
243.5	3.038e-20
243.6	3.162e-20
243.7	3.292e-20
243.8	3.428e-20
243.9	3.569e-20
244.0	3.716e-20
244.1	3.868e-20
244.2	4.027e-20
244.3	4.217e-20
244.4	4.416e-20
244.5	4.597e-20
244.6	4.786e-20
244.7	5.099e-20
244.8	5.402e-20
244.9	5.624e-20
245.0	5.957e-20
245.1	6.274e-20
245.2	6.684e-20
245.3	6.999e-20
245.4	7.121e-20
245.5	7.162e-20
245.6	7.080e-20
245.7	6.959e-20
245.8	6.839e-20
245.9	6.722e-20
246.0	6.607e-20
246.1	6.457e-20
246.2	6.383e-20
246.3	6.238e-20
246.4	6.131e-20
246.5	6.026e-20
246.6	6.026e-20
246.7	6.061e-20
246.8	6.166e-20
246.9	6.202e-20
247.0	6.310e-20
247.1	6.383e-20
247.2	6.420e-20
247.3	6.494e-20
247.4	6.532e-20
247.5	6.607e-20
247.6	6.684e-20
247.7	6.722e-20
247.8	6.800e-20
247.9	6.879e-20
248.0	6.959e-20
248.1	7.039e-20
248.2	7.039e-20
248.3	7.121e-20
248.4	7.162e-20
248.5	7.162e-20
248.6	7.162e-20
248.7	7.203e-20
248.8	7.203e-20
248.9	7.245e-20
249.0	7.245e-20
249.1	7.286e-20
249.2	7.499e-20
249.3	7.674e-20
249.4	7.853e-20
249.5	8.036e-20
249.6	8.082e-20
249.7	8.463e-20
249.8	8.660e-20
249.9	8.913e-20
250.0	9.120e-20
250.1	9.333e-20
250.2	9.605e-20
250.3	1.000e-19
250.4	1.041e-19
250.5	1.078e-19
250.6	1.129e-19
250.7	1.175e-19
250.8	1.223e-19
250.9	1.281e-19
251.0	1.334e-19
251.1	1.388e-19
251.2	1.421e-19
251.3	1.413e-19
251.4	1.373e-19
251.5	1.349e-19
251.6	1.259e-19
251.7	1.216e-19
251.8	1.195e-19
251.9	1.175e-19
252.0	1.168e-19
252.1	1.161e-19
252.2	1.175e-19
252.3	1.195e-19
252.4	1.202e-19
252.5	1.216e-19
252.6	1.223e-19
252.7	1.230e-19
252.8	1.245e-19
252.9	1.274e-19
253.0	1.288e-19
253.1	1.326e-19
253.2	1.334e-19
253.3	1.349e-19
253.4	1.373e-19
253.5	1.404e-19
253.6	1.429e-19
253.7	1.454e-19
253.8	1.479e-19
253.9	1.505e-19
254.0	1.522e-19
254.1	1.567e-19
254.2	1.594e-19
254.3	1.622e-19
254.4	1.660e-19
254.5	1.708e-19
254.6	1.758e-19
254.7	1.799e-19
254.8	1.841e-19
254.9	1.895e-19
255.0	1.939e-19
255.1	1.995e-19
255.2	2.042e-19
255.3	2.101e-19
255.4	2.188e-19
255.5	2.278e-19
255.6	2.239e-19
255.7	2.150e-19
255.8	2.065e-19
255.9	1.928e-19
256.0	1.799e-19
256.1	1.698e-19
256.2	1.585e-19
256.3	1.549e-19
256.4	1.549e-19
256.5	1.622e-19
256.6	1.689e-19
256.7	1.758e-19
256.8	1.830e-19
256.9	1.884e-19
257.0	1.950e-19
257.1	2.042e-19
257.2	2.114e-19
257.3	2.188e-19
257.4	2.239e-19
257.5	2.304e-19
257.6	2.385e-19
257.7	2.399e-19
257.8	2.399e-19
257.9	2.399e-19
258.0	2.331e-19
258.1	2.278e-19
258.2	2.226e-19
258.3	2.163e-19
258.4	2.126e-19
258.5	2.114e-19
258.6	2.114e-19
258.7	2.150e-19
258.8	2.226e-19
258.9	2.291e-19
259.0	2.371e-19
259.1	2.441e-19
259.2	2.498e-19
259.3	2.541e-19
259.4	2.585e-19
259.5	2.630e-19
259.6	2.646e-19
259.7	2.661e-19
259.8	2.676e-19
259.9	2.692e-19
260.0	2.707e-19
260.1	2.707e-19
260.2	2.707e-19
260.3	2.723e-19
260.4	2.739e-19
260.5	2.754e-19
260.6	2.786e-19
260.7	2.868e-19
260.8	3.021e-19
260.9	2.906e-19
261.0	2.784e-19
261.1	2.914e-19
261.2	3.090e-19
261.3	3.354e-19
261.4	3.499e-19
261.5	3.419e-19
261.6	3.319e-19
261.7	3.174e-19
261.8	3.052e-19
261.9	3.090e-19
262.0	3.182e-19
262.1	3.281e-19
262.2	3.350e-19
262.3	3.273e-19
262.4	3.166e-19
262.5	3.101e-19
262.6	3.044e-19
262.7	3.124e-19
262.8	3.227e-19
262.9	3.205e-19
263.0	3.162e-19
263.1	3.155e-19
263.2	3.155e-19
263.3	3.155e-19
263.4	3.120e-19
263.5	3.029e-19
263.6	2.822e-19
263.7	2.876e-19
263.8	3.120e-19
263.9	3.292e-19
264.0	3.254e-19
264.1	3.170e-19
264.2	3.166e-19
264.3	3.380e-19
264.4	3.656e-19
264.5	3.759e-19
264.6	3.778e-19
264.7	4.038e-19
264.8	4.344e-19
264.9	4.470e-19
265.0	4.482e-19
265.1	4.222e-19
265.2	3.870e-19
265.3	3.816e-19
265.4	3.931e-19
265.5	4.183e-19
265.6	4.206e-19
265.7	3.946e-19
265.8	3.732e-19
265.9	3.591e-19
266.0	3.549e-19
266.1	3.717e-19
266.2	4.053e-19
266.3	4.436e-19
266.4	4.600e-19
266.5	4.596e-19
266.6	4.359e-19
266.7	4.103e-19
266.8	4.138e-19
266.9	4.574e-19
267.0	4.933e-19
267.1	5.044e-19
267.2	4.964e-19
267.3	4.528e-19
267.4	4.191e-19
267.5	4.084e-19
267.6	4.122e-19
267.7	4.306e-19
267.8	4.466e-19
267.9	4.375e-19
268.0	4.145e-19
268.1	4.008e-19
268.2	3.943e-19
268.3	4.092e-19
268.4	4.482e-19
268.5	4.849e-19
268.6	5.717e-19
268.7	6.203e-19
268.8	5.828e-19
268.9	4.986e-19
269.0	4.543e-19
269.1	4.581e-19
269.2	4.742e-19
269.3	4.979e-19
269.4	5.074e-19
269.5	4.941e-19
269.6	4.788e-19
269.7	4.627e-19
269.8	4.505e-19
269.9	4.589e-19
270.0	4.986e-19
270.1	5.614e-19
270.2	5.935e-19
270.3	5.965e-19
270.4	5.736e-19
270.5	5.445e-19
270.6	5.285e-19
270.7	5.147e-19
270.8	5.017e-19
270.9	4.948e-19
271.0	4.899e-19
271.1	4.887e-19
271.2	5.078e-19
271.3	5.545e-19
271.4	5.774e-19
271.5	5.763e-19
271.6	5.950e-19
271.7	6.264e-19
271.8	6.432e-19
271.9	6.417e-19
272.0	6.340e-19
272.1	6.218e-19
272.2	6.111e-19
272.3	6.126e-19
272.4	6.203e-19
272.5	6.268e-19
272.6	6.325e-19
272.7	6.359e-19
272.8	6.355e-19
272.9	6.336e-19
273.0	6.317e-19
273.1	6.333e-19
273.2	6.417e-19
273.3	6.944e-19
273.4	7.656e-19
273.5	7.916e-19
273.6	7.572e-19
273.7	7.170e-19
273.8	7.021e-19
273.9	6.975e-19
274.0	6.868e-19
274.1	6.417e-19
274.2	5.675e-19
274.3	5.331e-19
274.4	5.315e-19
274.5	5.384e-19
274.6	5.660e-19
274.7	6.134e-19
274.8	6.738e-19
274.9	7.044e-19
275.0	7.074e-19
275.1	7.074e-19
275.2	7.132e-19
275.3	7.262e-19
275.4	7.311e-19
275.5	7.201e-19
275.6	7.074e-19
275.7	7.025e-19
275.8	6.983e-19
275.9	6.845e-19
276.0	6.654e-19
276.1	6.440e-19
276.2	6.279e-19
276.3	6.222e-19
276.4	6.203e-19
276.5	6.424e-19
276.6	7.289e-19
276.7	7.820e-19
276.8	7.732e-19
276.9	7.327e-19
277.0	6.883e-19
277.1	7.006e-19
277.2	7.464e-19
277.3	7.923e-19
277.4	7.923e-19
277.5	7.526e-19
277.6	7.181e-19
277.7	6.868e-19
277.8	7.419e-19
277.9	7.889e-19
278.0	8.069e-19
278.1	8.424e-19
278.2	8.482e-19
278.3	8.149e-19
278.4	7.709e-19
278.5	7.269e-19
278.6	6.830e-19
278.7	6.596e-19
278.8	6.363e-19
278.9	6.531e-19
279.0	7.510e-19
279.1	8.684e-19
279.2	9.086e-19
279.3	8.593e-19
279.4	7.809e-19
279.5	7.082e-19
279.6	6.440e-19
279.7	6.654e-19
279.8	7.832e-19
279.9	9.124e-19
280.0	9.587e-19
280.1	9.476e-19
280.2	8.719e-19
280.3	8.168e-19
280.4	8.061e-19
280.5	7.893e-19
280.6	7.572e-19
280.7	7.327e-19
280.8	7.231e-19
280.9	7.231e-19
281.0	7.304e-19
281.1	8.168e-19
281.2	9.315e-19
281.3	9.885e-19
281.4	1.001e-18
281.5	9.939e-19
281.6	9.782e-19
281.7	9.506e-19
281.8	9.139e-19
281.9	8.768e-19
282.0	8.405e-19
282.1	8.042e-19
282.2	7.679e-19
282.3	7.361e-19
282.4	7.224e-19
282.5	7.197e-19
282.6	7.178e-19
282.7	6.998e-19
282.8	6.665e-19
282.9	6.738e-19
283.0	9.109e-19
283.1	1.043e-18
283.2	1.000e-18
283.3	9.606e-19
283.4	8.841e-19
283.5	8.390e-19
283.6	8.363e-19
283.7	8.344e-19
283.8	7.923e-19
283.9	7.602e-19
284.0	7.388e-19
284.1	7.449e-19
284.2	7.767e-19
284.3	7.897e-19
284.4	7.897e-19
284.5	8.046e-19
284.6	8.489e-19
284.7	8.719e-19
284.8	8.719e-19
284.9	9.740e-19
285.0	1.076e-18
285.1	1.052e-18
285.2	1.000e-18
285.3	9.797e-19
285.4	9.453e-19
285.5	9.231e-19
285.6	9.009e-19
285.7	8.642e-19
285.8	8.237e-19
285.9	7.747e-19
286.0	7.510e-19
286.1	7.380e-19
286.2	7.063e-19
286.3	6.845e-19
286.4	6.898e-19
286.5	7.304e-19
286.6	9.633e-19
286.7	1.075e-18
286.8	1.037e-18
286.9	1.016e-18
287.0	9.820e-19
287.1	9.614e-19
287.2	9.587e-19
287.3	9.568e-19
287.4	9.250e-19
287.5	8.734e-19
287.6	8.516e-19
287.7	8.497e-19
287.8	8.478e-19
287.9	8.126e-19
288.0	7.839e-19
288.1	7.732e-19
288.2	7.365e-19
288.3	7.036e-19
288.4	7.074e-19
288.5	7.770e-19
288.6	9.193e-19
288.7	1.065e-18
288.8	1.082e-18
288.9	1.025e-18
289.0	9.652e-19
289.1	9.040e-19
289.2	8.566e-19
289.3	8.046e-19
289.4	7.331e-19
289.5	6.960e-19
289.6	6.979e-19
289.7	7.166e-19
289.8	7.472e-19
289.9	7.633e-19
290.0	8.371e-19
290.1	8.772e-19
290.2	8.466e-19
290.3	8.229e-19
290.4	8.183e-19
290.5	9.124e-19
290.6	1.038e-18
290.7	1.017e-18
290.8	9.132e-19
290.9	8.535e-19
291.0	8.160e-19
291.1	7.809e-19
291.2	7.434e-19
291.3	7.243e-19
291.4	7.204e-19
291.5	6.547e-19
291.6	6.004e-19
291.7	6.042e-19
291.8	7.013e-19
291.9	7.633e-19
292.0	8.428e-19
292.1	9.315e-19
292.2	9.870e-19
292.3	9.950e-19
292.4	9.545e-19
292.5	9.319e-19
292.6	9.002e-19
292.7	8.772e-19
292.8	8.734e-19
292.9	8.455e-19
293.0	7.809e-19
293.1	6.898e-19
293.2	6.271e-19
293.3	5.797e-19
293.4	5.526e-19
293.5	5.545e-19
293.6	6.145e-19
293.7	8.378e-19
293.8	9.583e-19
293.9	9.514e-19
294.0	9.403e-19
294.1	9.728e-19
294.2	9.832e-19
294.3	9.331e-19
294.4	8.673e-19
294.5	8.321e-19
294.6	7.663e-19
294.7	6.761e-19
294.8	6.034e-19
294.9	5.751e-19
295.0	5.713e-19
295.1	5.319e-19
295.2	4.872e-19
295.3	4.604e-19
295.4	4.661e-19
295.5	5.231e-19
295.6	5.568e-19
295.7	6.203e-19
295.8	7.212e-19
295.9	8.218e-19
296.0	9.254e-19
296.1	1.018e-18
296.2	1.084e-18
296.3	1.062e-18
296.4	9.246e-19
296.5	7.656e-19
296.6	7.063e-19
296.7	7.044e-19
296.8	6.153e-19
296.9	5.266e-19
297.0	5.055e-19
297.1	4.325e-19
297.2	3.832e-19
297.3	3.835e-19
297.4	3.992e-19
297.5	4.964e-19
297.6	6.233e-19
297.7	7.380e-19
297.8	8.493e-19
297.9	9.537e-19
298.0	1.013e-18
298.1	9.698e-19
298.2	8.849e-19
298.3	8.505e-19
298.4	8.466e-19
298.5	8.313e-19
298.6	7.992e-19
298.7	7.587e-19
298.8	6.684e-19
298.9	6.160e-19
299.0	5.552e-19
299.1	4.772e-19
299.2	4.053e-19
299.3	3.449e-19
299.4	3.147e-19
299.5	3.078e-19
299.6	3.526e-19
299.7	4.489e-19
299.8	7.939e-19
299.9	1.081e-18
300.0	1.143e-18
300.1	1.114e-18
300.2	9.763e-19
300.3	8.627e-19
300.4	7.545e-19
300.5	6.501e-19
300.6	5.525e-19
300.7	4.826e-19
300.8	4.345e-19
300.9	4.017e-19
301.0	3.625e-19
301.1	3.249e-19
301.2	2.774e-19
301.3	2.556e-19
301.4	2.339e-19
301.5	2.298e-19
301.6	2.483e-19
301.7	3.237e-19
301.8	4.160e-19
301.9	5.793e-19
302.0	7.980e-19
302.1	9.049e-19
302.2	8.972e-19
302.3	8.266e-19
302.4	7.461e-19
302.5	6.353e-19
302.6	5.322e-19
302.7	4.554e-19
302.8	4.066e-19
302.9	3.664e-19
303.0	3.170e-19
303.1	2.853e-19
303.2	2.580e-19
303.3	2.396e-19
303.4	2.319e-19
303.5	2.303e-19
303.6	2.305e-19
303.7	2.439e-19
303.8	2.751e-19
303.9	3.400e-19
304.0	4.623e-19
304.1	6.663e-19
304.2	8.298e-19
304.3	7.373e-19
304.4	6.664e-19
304.5	6.039e-19
304.6	5.283e-19
304.7	4.411e-19
304.8	3.709e-19
304.9	3.188e-19
305.0	2.923e-19
305.1	2.520e-19
305.2	2.282e-19
305.3	2.058e-19
305.4	1.827e-19
305.5	1.677e-19
305.6	1.733e-19
305.7	1.890e-19
305.8	2.095e-19
305.9	2.513e-19
306.0	3.190e-19
306.1	3.854e-19
306.2	4.679e-19
306.3	5.458e-19
306.4	6.287e-19
306.5	6.766e-19
306.6	6.388e-19
306.7	5.256e-19
306.8	4.304e-19
306.9	3.632e-19
307.0	3.284e-19
307.1	2.954e-19
307.2	2.723e-19
307.3	2.418e-19
307.4	2.107e-19
307.5	1.940e-19
307.6	1.859e-19
307.7	1.873e-19
307.8	1.928e-19
307.9	1.872e-19
308.0	1.884e-19
308.1	2.206e-19
308.2	2.649e-19
308.3	2.646e-19
308.4	3.229e-19
308.5	4.287e-19
308.6	5.244e-19
308.7	5.213e-19
308.8	4.505e-19
308.9	3.836e-19
309.0	3.240e-19
309.1	2.718e-19
309.2	2.371e-19
309.3	2.130e-19
309.4	1.925e-19
309.5	1.787e-19
309.6	1.800e-19
309.7	1.870e-19
309.8	1.894e-19
309.9	1.837e-19
310.0	1.772e-19
310.1	1.957e-19
310.2	2.093e-19
310.3	2.073e-19
310.4	2.096e-19
310.5	2.622e-19
310.6	3.243e-19
310.7	3.672e-19
310.8	3.451e-19
310.9	2.944e-19
311.0	2.707e-19
311.1	2.609e-19
311.2	2.372e-19
311.3	2.186e-19
311.4	1.884e-19
311.5	1.616e-19
311.6	1.399e-19
311.7	1.273e-19
311.8	1.222e-19
311.9	1.249e-19
312.0	1.371e-19
312.1	1.393e-19
312.2	1.357e-19
312.3	1.301e-19
312.4	1.314e-19
312.5	1.410e-19
312.6	1.561e-19
312.7	1.540e-19
312.8	1.688e-19
312.9	2.039e-19
313.0	2.361e-19
313.1	2.608e-19
313.2	2.418e-19
313.3	2.188e-19
313.4	1.883e-19
313.5	1.574e-19
313.6	1.317e-19
313.7	1.148e-19
313.8	1.198e-19
313.9	1.183e-19
314.0	1.013e-19
314.1	9.188e-20
314.2	8.450e-20
314.3	8.055e-20
314.4	8.720e-20
314.5	9.826e-20
314.6	1.118e-19
314.7	1.106e-19
314.8	1.182e-19
314.9	1.171e-19
315.0	1.093e-19
315.1	1.130e-19
315.2	1.344e-19
315.3	1.485e-19
315.4	1.351e-19
315.5	1.272e-19
315.6	1.273e-19
315.7	1.368e-19
315.8	1.389e-19
315.9	1.168e-19
316.0	1.010e-19
316.1	8.806e-20
316.2	8.143e-20
316.3	7.674e-20
316.4	7.622e-20
316.5	7.626e-20
316.6	8.440e-20
316.7	9.514e-20
316.8	9.384e-20
316.9	9.231e-20
317.0	9.308e-20
317.1	9.422e-20
317.2	1.015e-19
317.3	1.022e-19
317.4	9.084e-20
317.5	8.443e-20
317.6	7.969e-20
317.7	8.158e-20
317.8	8.171e-20
317.9	8.186e-20
318.0	8.642e-20
318.1	1.003e-19
318.2	9.486e-20
318.3	8.203e-20
318.4	7.678e-20
318.5	6.866e-20
318.6	6.013e-20
318.7	5.416e-20
318.8	4.572e-20
318.9	4.099e-20
319.0	4.362e-20
319.1	4.593e-20
319.2	4.642e-20
319.3	4.699e-20
319.4	5.274e-20
319.5	5.805e-20
319.6	6.557e-20
319.7	6.479e-20
319.8	6.133e-20
319.9	6.389e-20
320.0	5.484e-20
320.1	5.166e-20
320.2	4.513e-20
320.3	4.126e-20
320.4	3.923e-20
320.5	3.819e-20
320.6	3.738e-20
320.7	3.612e-20
320.8	3.837e-20
320.9	3.992e-20
321.0	4.442e-20
321.1	4.702e-20
321.2	4.546e-20
321.3	4.148e-20
321.4	3.623e-20
321.5	3.323e-20
321.6	2.850e-20
321.7	2.458e-20
321.8	2.308e-20
321.9	2.354e-20
322.0	2.487e-20
322.1	2.631e-20
322.2	2.781e-20
322.3	2.862e-20
322.4	2.792e-20
322.5	2.735e-20
322.6	2.856e-20
322.7	3.115e-20
322.8	3.260e-20
322.9	3.058e-20
323.0	2.504e-20
323.1	1.967e-20
323.2	1.650e-20
323.3	1.431e-20
323.4	1.240e-20
323.5	1.137e-20
323.6	1.090e-20
323.7	1.113e-20
323.8	1.217e-20
323.9	1.327e-20
324.0	1.454e-20
324.1	1.581e-20
324.2	1.667e-20
324.3	1.708e-20
324.4	1.685e-20
324.5	1.569e-20
324.6	1.425e-20
324.7	1.281e-20
324.8	1.154e-20
324.9	1.137e-20
325.0	1.188e-20
325.1	1.235e-20
325.2	1.269e-20
325.3	1.160e-20
325.4	1.062e-20
325.5	1.004e-20
325.6	9.577e-21
325.7	9.692e-21
325.8	1.004e-20
325.9	1.033e-20
326.0	9.808e-21
326.1	8.885e-21
326.2	7.904e-21
326.3	7.038e-21
326.4	6.288e-21
326.5	5.769e-21
326.6	5.481e-21
326.7	5.135e-21
326.8	5.250e-21
326.9	5.538e-21
327.0	5.885e-21
327.1	6.288e-21
327.2	6.808e-21
327.3	7.096e-21
327.4	7.096e-21
327.5	6.981e-21
327.6	6.519e-21
327.7	5.827e-21
327.8	5.192e-21
327.9	4.500e-21
328.0	4.212e-21
328.1	4.038e-21
328.2	4.269e-21
328.3	4.327e-21
328.4	4.212e-21
328.5	4.038e-21
328.6	3.865e-21
328.7	3.635e-21
328.8	3.115e-21
328.9	3.231e-21
329.0	3.750e-21
329.1	4.057e-21
329.2	4.312e-21
329.3	4.332e-21
329.4	3.910e-21
329.5	3.303e-21
329.6	2.832e-21
329.7	2.519e-21
329.8	2.244e-21
329.9	2.097e-21
330.0	2.176e-21
330.1	2.421e-21
330.2	2.430e-21
330.3	2.205e-21
330.4	2.225e-21
330.5	2.430e-21
330.6	2.626e-21
330.7	2.783e-21
330.8	2.597e-21
330.9	1.833e-21
331.0	1.617e-21
331.1	1.499e-21
331.2	1.504e-21
331.3	1.548e-21
331.4	1.509e-21
331.5	1.450e-21
331.6	1.382e-21
331.7	1.308e-21
331.8	1.254e-21
331.9	1.230e-21
332.0	1.254e-21
332.1	1.294e-21
332.2	1.328e-21
332.3	1.362e-21
332.4	1.431e-21
332.5	1.529e-21
332.6	1.627e-21
332.7	1.749e-21
332.8	1.862e-21
332.9	1.705e-21
333.0	1.392e-21
333.1	1.098e-21
333.2	9.604e-22
333.3	9.800e-22
333.4	1.014e-21
333.5	9.898e-22
333.6	9.555e-22
333.7	8.967e-22
333.8	8.624e-22
333.9	8.918e-22
334.0	9.408e-22
334.1	9.800e-22
334.2	1.009e-21
334.3	9.702e-22
334.4	9.212e-22
334.5	9.065e-22
334.6	8.869e-22
334.7	8.722e-22
334.8	8.575e-22
334.9	8.428e-22
335.0	8.330e-22
335.1	8.232e-22
335.2	8.183e-22
335.3	8.183e-22
335.4	8.085e-22
335.5	8.036e-22
335.6	8.134e-22
335.7	8.232e-22
335.8	8.281e-22
335.9	8.281e-22
336.0	8.281e-22
336.1	8.428e-22
336.2	8.575e-22
336.3	8.673e-22
336.4	8.379e-22
336.5	8.330e-22
336.6	8.183e-22
336.7	8.085e-22
336.8	8.036e-22
336.9	8.036e-22
337.0	8.036e-22
337.1	8.036e-22
337.2	7.938e-22
337.3	7.840e-22
337.4	7.840e-22
337.5	7.938e-22
337.6	8.134e-22
337.7	8.281e-22
337.8	8.526e-22
337.9	8.477e-22
338.0	8.183e-22
338.1	7.840e-22
338.2	7.525e-22
338.3	7.300e-22
338.4	7.110e-22
338.5	6.900e-22
338.6	6.755e-22
338.7	6.610e-22
338.8	6.525e-22
338.9	6.075e-22
339.0	4.500e-22
339.1	3.425e-22
339.2	2.895e-22
339.3	2.480e-22
339.4	2.250e-22
339.5	2.132e-22
339.6	2.096e-22
339.7	2.079e-22
339.8	2.070e-22
339.9	2.068e-22
340.0	2.086e-22
340.1	2.137e-22
340.2	2.131e-22
340.3	2.102e-22
340.4	2.064e-22
340.5	2.023e-22
340.6	1.969e-22
340.7	1.900e-22
340.8	1.813e-22
340.9	1.716e-22
341.0	1.621e-22
341.1	1.544e-22
341.2	1.468e-22
341.3	1.404e-22
341.4	1.356e-22
341.5	1.314e-22
341.6	1.281e-22
341.7	1.256e-22
341.8	1.237e-22
341.9	1.228e-22
342.0	1.238e-22
342.1	1.272e-22
342.2	1.318e-22
342.3	1.373e-22
342.4	1.417e-22
342.5	1.416e-22
342.6	1.409e-22
342.7	1.391e-22
342.8	1.343e-22
342.9	1.276e-22
343.0	1.225e-22
343.1	1.203e-22
343.2	1.164e-22
343.3	1.121e-22
343.4	1.083e-22
343.5	1.051e-22
343.6	1.058e-22
343.7	1.077e-22
343.8	1.103e-22
343.9	1.138e-22
344.0	1.184e-22
344.1	1.239e-22
344.2	1.299e-22
344.3	1.350e-22
344.4	1.386e-22
344.5	1.411e-22
344.6	1.421e-22
344.7	1.431e-22
344.8	1.426e-22
344.9	1.401e-22
345.0	1.358e-22
345.1	1.283e-22
345.2	1.228e-22
345.3	1.172e-22
345.4	1.114e-22
345.5	1.079e-22
345.6	1.014e-22
345.7	9.656e-23
345.8	9.331e-23
345.9	9.132e-23
346.0	9.012e-23
346.1	8.889e-23
346.2	8.784e-23
346.3	8.733e-23
346.4	8.838e-23
346.5	9.272e-23
346.6	9.597e-23
346.7	1.026e-22
346.8	1.093e-22
346.9	1.161e-22
347.0	1.269e-22
347.1	1.331e-22
347.2	1.375e-22
347.3	1.418e-22
347.4	1.458e-22
347.5	1.481e-22
347.6	1.572e-22
347.7	1.549e-22
347.8	1.488e-22
347.9	1.426e-22
348.0	1.364e-22
348.1	1.317e-22
348.2	1.247e-22
348.3	1.169e-22
348.4	1.097e-22
348.5	1.041e-22
348.6	9.852e-23
348.7	9.174e-23
348.8	8.231e-23
348.9	7.551e-23
349.0	8.348e-23
349.1	9.086e-23
349.2	9.811e-23
349.3	1.052e-22
349.4	1.122e-22
349.5	1.192e-22
349.6	1.232e-22
349.7	1.284e-22
349.8	1.329e-22
349.9	1.361e-22
350.0	1.382e-22
350.1	1.368e-22
350.2	1.326e-22
350.3	1.278e-22
350.4	1.231e-22
350.5	1.179e-22
350.6	1.134e-22
350.7	1.095e-22
350.8	1.062e-22
350.9	1.032e-22
351.0	1.002e-22
351.1	9.949e-23
351.2	9.880e-23
351.3	9.774e-23
351.4	9.611e-23
351.5	9.390e-23
351.6	9.171e-23
351.7	8.955e-23
351.8	8.703e-23
351.9	8.319e-23
352.0	7.657e-23
352.1	6.762e-23
352.2	6.213e-23
352.3	5.517e-23
352.4	4.101e-23
352.5	1.319e-23
352.6	2.722e-23
352.7	3.673e-23
352.8	4.819e-23
352.9	6.046e-23
353.0	6.480e-23
353.1	6.502e-23
353.2	7.679e-23
353.3	9.009e-23
353.4	1.038e-22
353.5	1.197e-22
353.6	1.327e-22
353.7	1.691e-22
353.8	2.006e-22
353.9	2.110e-22
354.0	1.958e-22
354.1	1.760e-22
354.2	1.608e-22
354.3	1.452e-22
354.4	1.301e-22
354.5	1.220e-22
354.6	1.140e-22
354.7	1.053e-22
354.8	9.703e-23
354.9	8.960e-23
355.0	8.275e-23
355.1	7.743e-23
355.2	7.289e-23
355.3	6.869e-23
355.4	6.467e-23
355.5	6.088e-23
355.6	5.760e-23
355.7	5.582e-23
355.8	5.434e-23
355.9	5.282e-23
356.0	5.182e-23
356.1	5.105e-23
356.2	5.052e-23
356.3	5.009e-23
356.4	4.969e-23
356.5	4.929e-23
356.6	4.877e-23
356.7	4.837e-23
356.8	4.794e-23
356.9	4.776e-23
357.0	4.853e-23
357.1	4.929e-23
357.2	5.061e-23
357.3	5.327e-23
357.4	5.708e-23
357.5	6.088e-23
357.6	6.773e-23
357.7	7.401e-23
357.8	8.086e-23
357.9	8.847e-23
358.0	9.606e-23
358.1	1.021e-22
358.2	1.117e-22
358.3	1.207e-22
358.4	1.286e-22
358.5	1.384e-22
358.6	1.609e-22
358.7	1.756e-22
358.8	1.840e-22
358.9	1.876e-22
359.0	1.883e-22
359.1	1.899e-22
359.2	1.857e-22
359.3	1.792e-22
359.4	1.724e-22
359.5	1.659e-22
359.6	1.587e-22
359.7	1.543e-22
359.8	1.524e-22
359.9	1.528e-22
360.0	1.551e-22
360.1	1.733e-22
360.2	1.825e-22
360.3	1.901e-22
360.4	1.946e-22
360.5	1.855e-22
360.6	1.672e-22
360.7	1.518e-22
360.8	1.313e-22
360.9	1.084e-22
361.0	9.701e-23
361.1	9.016e-23
361.2	8.446e-23
361.3	7.990e-23
361.4	7.629e-23
361.5	7.323e-23
361.6	7.020e-23
361.7	6.944e-23
361.8	7.021e-23
361.9	7.248e-23
362.0	7.698e-23
362.1	8.154e-23
362.2	8.667e-23
362.3	9.275e-23
362.4	9.923e-23
362.5	1.045e-22
362.6	1.129e-22
362.7	1.247e-22
362.8	1.361e-22
362.9	1.458e-22
363.0	1.549e-22
363.1	1.656e-22
363.2	1.728e-22
363.3	1.804e-22
363.4	1.887e-22
363.5	1.948e-22
363.6	2.009e-22
363.7	2.058e-22
363.8	2.142e-22
363.9	2.231e-22
364.0	2.224e-22
364.1	2.224e-22
364.2	2.213e-22
364.3	2.156e-22
364.4	2.022e-22
364.5	1.787e-22
364.6	1.626e-22
364.7	1.494e-22
364.8	1.369e-22
364.9	1.251e-22
365.0	1.168e-22
365.1	1.115e-22
365.2	1.069e-22
365.3	1.023e-22
365.4	9.854e-23
365.5	9.778e-23
365.6	1.008e-22
365.7	1.050e-22
365.8	1.118e-22
365.9	1.207e-22
366.0	1.291e-22
366.1	1.329e-22
366.2	1.338e-22
366.3	1.335e-22
366.4	1.277e-22
366.5	1.063e-22
366.6	9.805e-23
366.7	9.002e-23
366.8	8.238e-23
366.9	7.559e-23
367.0	7.036e-23
367.1	6.571e-23
367.2	6.035e-23
367.3	5.579e-23
367.4	5.259e-23
367.5	5.032e-23
367.6	4.879e-23
367.7	4.784e-23
367.8	4.707e-23
367.9	4.669e-23
368.0	4.746e-23
368.1	4.926e-23
368.2	5.150e-23
368.3	5.399e-23
368.4	5.670e-23
368.5	5.973e-23
368.6	6.352e-23
368.7	6.732e-23
368.8	7.149e-23
368.9	7.700e-23
369.0	8.535e-23
369.1	9.141e-23
369.2	1.015e-22
369.3	1.121e-22
369.4	1.235e-22
369.5	1.394e-22
369.6	1.500e-22
369.7	1.903e-22
369.8	2.251e-22
369.9	2.464e-22
370.0	2.722e-22
370.1	3.086e-22
370.2	3.240e-22
370.3	3.437e-22
370.4	3.598e-22
370.5	3.310e-22
370.6	3.128e-22
370.7	2.923e-22
370.8	2.612e-22
370.9	2.202e-22
371.0	1.792e-22
371.1	1.504e-22
371.2	1.296e-22
371.3	1.140e-22
371.4	1.024e-22
371.5	9.484e-23
371.6	8.679e-23
371.7	7.757e-23
371.8	6.983e-23
371.9	6.439e-23
372.0	6.023e-23
372.1	5.793e-23
372.2	5.651e-23
372.3	5.556e-23
372.4	5.499e-23
372.5	5.499e-23
372.6	5.575e-23
372.7	5.656e-23
372.8	5.771e-23
372.9	5.919e-23
373.0	6.069e-23
373.1	6.252e-23
373.2	6.509e-23
373.3	6.719e-23
373.4	6.841e-23
373.5	6.918e-23
373.6	6.918e-23
373.7	6.918e-23
373.8	6.918e-23
373.9	6.936e-23
374.0	7.009e-23
374.1	7.315e-23
374.2	7.901e-23
374.3	8.658e-23
374.4	9.493e-23
374.5	1.033e-22
374.6	1.177e-22
374.7	1.383e-22
374.8	1.607e-22
374.9	1.827e-22
375.0	2.046e-22
375.1	2.213e-22
375.2	2.329e-22
375.3	2.450e-22
375.4	2.609e-22
375.5	2.814e-22
375.6	2.745e-22
375.7	2.660e-22
375.8	2.509e-22
375.9	2.279e-22
376.0	1.999e-22
376.1	1.817e-22
376.2	1.584e-22
376.3	1.341e-22
376.4	1.137e-22
376.5	1.023e-22
376.6	9.171e-23
376.7	8.220e-23
376.8	7.500e-23
376.9	7.022e-23
377.0	6.692e-23
377.1	6.508e-23
377.2	6.394e-23
377.3	6.386e-23
377.4	6.481e-23
377.5	6.631e-23
377.6	6.934e-23
377.7	7.466e-23
377.8	8.111e-23
377.9	8.755e-23
378.0	9.285e-23
378.1	9.967e-23
378.2	1.053e-22
378.3	1.118e-22
378.4	1.175e-22
378.5	1.175e-22
378.6	1.167e-22
378.7	1.160e-22
378.8	1.065e-22
378.9	9.038e-23
379.0	8.053e-23
379.1	7.509e-23
379.2	6.928e-23
379.3	6.328e-23
379.4	5.760e-23
379.5	5.304e-23
379.6	4.836e-23
379.7	4.388e-23
379.8	4.015e-23
379.9	3.737e-23
380.0	3.541e-23
380.1	3.388e-23
380.2	3.272e-23
380.3	3.183e-23
380.4	3.109e-23
380.5	3.032e-23
380.6	2.956e-23
380.7	2.896e-23
380.8	2.853e-23
380.9	2.830e-23
381.0	2.830e-23
381.1	2.830e-23
381.2	2.841e-23
381.3	2.866e-23
381.4	2.900e-23
381.5	2.937e-23
381.6	2.995e-23
381.7	3.062e-23
381.8	3.146e-23
381.9	3.250e-23
382.0	3.369e-23
382.1	3.657e-23
382.2	3.946e-23
382.3	4.350e-23
382.4	4.851e-23
382.5	5.304e-23
382.6	6.216e-23
382.7	7.240e-23
382.8	8.641e-23
382.9	1.036e-22
383.0	1.203e-22
383.1	1.400e-22
383.2	1.529e-22
383.3	1.650e-22
383.4	1.773e-22
383.5	1.857e-22
383.6	1.971e-22
383.7	2.118e-22
383.8	2.255e-22
383.9	2.296e-22
384.0	2.122e-22
384.1	1.841e-22
384.2	1.561e-22
384.3	1.326e-22
384.4	1.150e-22
384.5	1.014e-22
384.6	9.379e-23
384.7	8.450e-23
384.8	7.604e-23
384.9	6.895e-23
385.0	6.176e-23
385.1	5.426e-23
385.2	4.711e-23
385.3	4.069e-23
385.4	3.524e-23
385.5	3.090e-23
385.6	2.851e-23
385.7	2.649e-23
385.8	2.492e-23
385.9	2.377e-23
386.0	2.294e-23
386.1	2.218e-23
386.2	2.146e-23
386.3	2.079e-23
386.4	2.016e-23
386.5	1.958e-23
386.6	1.909e-23
386.7	1.830e-23
386.8	1.748e-23
386.9	1.674e-23
387.0	1.610e-23
387.1	1.610e-23
387.2	1.667e-23
387.3	1.773e-23
387.4	1.912e-23
387.5	2.065e-23
387.6	2.304e-23
387.7	2.590e-23
387.8	2.945e-23
387.9	3.377e-23
388.0	3.885e-23
388.1	4.414e-23
388.2	4.946e-23
388.3	5.590e-23
388.4	6.327e-23
388.5	7.009e-23
388.6	7.921e-23
388.7	8.888e-23
388.8	9.905e-23
388.9	1.095e-22
389.0	1.197e-22
389.1	1.298e-22
389.2	1.399e-22
389.3	1.537e-22
389.4	1.671e-22
389.5	1.686e-22
389.6	1.671e-22
389.7	1.582e-22
389.8	1.396e-22
389.9	1.158e-22
390.0	9.759e-23
390.1	8.471e-23
390.2	7.353e-23
390.3	6.492e-23
390.4	5.829e-23
390.5	5.162e-23
390.6	4.465e-23
390.7	3.740e-23
390.8	3.122e-23
390.9	2.632e-23
391.0	2.180e-23
391.1	1.966e-23
391.2	1.788e-23
391.3	1.635e-23
391.4	1.503e-23
391.5	1.396e-23
391.6	1.319e-23
391.7	1.254e-23
391.8	1.193e-23
391.9	1.133e-23
392.0	1.078e-23
392.1	1.029e-23
392.2	9.759e-24
392.3	9.101e-24
392.4	8.145e-24
392.5	6.616e-24
392.6	5.881e-24
392.7	5.606e-24
392.8	5.484e-24
392.9	5.384e-24
393.0	5.354e-24
393.1	5.292e-24
393.2	5.208e-24
393.3	5.086e-24
393.4	4.933e-24
393.5	4.780e-24
393.6	4.627e-24
393.7	4.474e-24
393.8	4.352e-24
393.9	4.283e-24
394.0	4.283e-24
394.1	4.283e-24
394.2	4.283e-24
394.3	4.298e-24
394.4	4.336e-24
394.5	4.398e-24
394.6	4.581e-24
394.7	4.811e-24
394.8	5.040e-24
394.9	5.262e-24
395.0	5.507e-24
395.1	5.751e-24
395.2	5.996e-24
395.3	6.241e-24
395.4	6.486e-24
395.5	6.730e-24
395.6	6.944e-24
395.7	7.181e-24
395.8	7.426e-24
395.9	7.671e-24
396.0	7.916e-24
396.1	8.160e-24
396.2	8.405e-24
396.3	8.895e-24
396.4	9.636e-24
396.5	1.040e-23
396.6	1.267e-23
396.7	1.438e-23
396.8	1.627e-23
396.9	1.836e-23
397.0	1.988e-23
397.1	1.988e-23
397.2	1.954e-23
397.3	1.878e-23
397.4	1.771e-23
397.5	1.663e-23
397.6	1.535e-23
397.7	1.390e-23
397.8	1.244e-23
397.9	1.117e-23
398.0	1.040e-23
398.1	9.912e-24
398.2	9.606e-24
398.3	9.422e-24
398.4	9.300e-24
398.5	9.178e-24
398.6	9.025e-24
398.7	8.872e-24
398.8	8.734e-24
398.9	8.612e-24
399.0	8.489e-24
399.1	8.336e-24
399.2	8.206e-24
399.3	8.069e-24
399.4	7.931e-24
399.5	7.839e-24
399.6	7.747e-24
399.7	7.656e-24
399.8	7.564e-24
399.9	7.472e-24
400.0	7.380e-24
400.1	7.258e-24
400.2	7.159e-24
400.3	7.067e-24
400.4	6.975e-24
400.5	6.883e-24
400.6	6.791e-24
400.7	6.677e-24
400.8	6.554e-24
400.9	6.432e-24
401.0	6.310e-24
401.1	6.218e-24
401.2	6.103e-24
401.3	5.981e-24
401.4	5.858e-24
401.5	5.736e-24
401.6	5.644e-24
401.7	5.507e-24
401.8	5.369e-24
401.9	5.247e-24
402.0	5.124e-24
402.1	5.002e-24
402.2	4.879e-24
402.3	4.757e-24
402.4	4.635e-24
402.5	4.512e-24
402.6	4.390e-24
402.7	4.268e-24
402.8	4.145e-24
402.9	4.023e-24
403.0	3.900e-24
403.1	3.778e-24
403.2	3.656e-24
403.3	3.518e-24
403.4	3.373e-24
403.5	3.250e-24
403.6	3.097e-24
403.7	2.967e-24
